{"deviceid":"b81e905908354542","eventtype":"calorie","timestamp":1456248706716,"userid":"vincent.planat@hpe.com","trainingMode":"SITTING","calories":18703}
{"deviceid":"b81e905908354542","eventtype":"calorie","timestamp":1456248720358,"userid":"vincent.planat@hpe.com","trainingMode":"SITTING","calories":18703}
{"deviceid":"b81e905908354542","eventtype":"calorie","timestamp":1456248721323,"userid":"vincent.planat@hpe.com","trainingMode":"SITTING","calories":18703}
{"deviceid":"b81e905908354542","eventtype":"calorie","timestamp":1456248722509,"userid":"vincent.planat@hpe.com","trainingMode":"SITTING","calories":18703}
{"deviceid":"b81e905908354542","eventtype":"calorie","timestamp":1456248700849,"userid":"vincent.planat@hpe.com","trainingMode":"SITTING","calories":18703}
{"deviceid":"b81e905908354542","eventtype":"calorie","timestamp":1456248696112,"userid":"vincent.planat@hpe.com","trainingMode":"SITTING","calories":18702}
{"deviceid":"b81e905908354542","eventtype":"calorie","timestamp":1456248707723,"userid":"vincent.planat@hpe.com","trainingMode":"SITTING","calories":18703}
{"deviceid":"b81e905908354542","eventtype":"calorie","timestamp":1456248704043,"userid":"vincent.planat@hpe.com","trainingMode":"SITTING","calories":18703}
{"deviceid":"b81e905908354542","eventtype":"calorie","timestamp":1456248689136,"userid":"vincent.planat@hpe.com","trainingMode":"SITTING","calories":18702}
{"deviceid":"b81e905908354542","eventtype":"calorie","timestamp":1456248689975,"userid":"vincent.planat@hpe.com","trainingMode":"SITTING","calories":18702}
{"deviceid":"b81e905908354542","eventtype":"calorie","timestamp":1456248698806,"userid":"vincent.planat@hpe.com","trainingMode":"SITTING","calories":18703}
{"deviceid":"b81e905908354542","eventtype":"calorie","timestamp":1456248701937,"userid":"vincent.planat@hpe.com","trainingMode":"SITTING","calories":18703}
{"deviceid":"b81e905908354542","eventtype":"calorie","timestamp":1456248687687,"userid":"vincent.planat@hpe.com","trainingMode":"SITTING","calories":18702}
{"deviceid":"b81e905908354542","eventtype":"calorie","timestamp":1456248725501,"userid":"vincent.planat@hpe.com","trainingMode":"SITTING","calories":18703}
{"deviceid":"b81e905908354542","eventtype":"calorie","timestamp":1456248691874,"userid":"vincent.planat@hpe.com","trainingMode":"SITTING","calories":18702}
{"deviceid":"b81e905908354542","eventtype":"calorie","timestamp":1456248708550,"userid":"vincent.planat@hpe.com","trainingMode":"SITTING","calories":18703}
{"deviceid":"b81e905908354542","eventtype":"calorie","timestamp":1456248692706,"userid":"vincent.planat@hpe.com","trainingMode":"SITTING","calories":18702}
{"deviceid":"b81e905908354542","eventtype":"calorie","timestamp":1456248728551,"userid":"vincent.planat@hpe.com","trainingMode":"SITTING","calories":18703}
{"deviceid":"b81e905908354542","eventtype":"calorie","timestamp":1456248705809,"userid":"vincent.planat@hpe.com","trainingMode":"SITTING","calories":18703}
{"deviceid":"b81e905908354542","eventtype":"calorie","timestamp":1456248727539,"userid":"vincent.planat@hpe.com","trainingMode":"SITTING","calories":18703}
{"deviceid":"b81e905908354542","eventtype":"calorie","timestamp":1456248690984,"userid":"vincent.planat@hpe.com","trainingMode":"SITTING","calories":18702}
{"deviceid":"b81e905908354542","eventtype":"calorie","timestamp":1456248709291,"userid":"vincent.planat@hpe.com","trainingMode":"SITTING","calories":18703}
{"deviceid":"b81e905908354542","eventtype":"calorie","timestamp":1456248727497,"userid":"vincent.planat@hpe.com","trainingMode":"SITTING","calories":18703}
{"deviceid":"b81e905908354542","eventtype":"calorie","timestamp":1456248713574,"userid":"vincent.planat@hpe.com","trainingMode":"SITTING","calories":18703}
{"deviceid":"b81e905908354542","eventtype":"calorie","timestamp":1456248686556,"userid":"vincent.planat@hpe.com","trainingMode":"SITTING","calories":18702}
{"deviceid":"b81e905908354542","eventtype":"calorie","timestamp":1456248717266,"userid":"vincent.planat@hpe.com","trainingMode":"SITTING","calories":18703}
{"deviceid":"b81e905908354542","eventtype":"calorie","timestamp":1456248707701,"userid":"vincent.planat@hpe.com","trainingMode":"SITTING","calories":18703}
{"deviceid":"b81e905908354542","eventtype":"calorie","timestamp":1456248714404,"userid":"vincent.planat@hpe.com","trainingMode":"SITTING","calories":18703}
{"deviceid":"b81e905908354542","eventtype":"calorie","timestamp":1456248697795,"userid":"vincent.planat@hpe.com","trainingMode":"SITTING","calories":18703}
{"deviceid":"b81e905908354542","eventtype":"calorie","timestamp":1456248714431,"userid":"vincent.planat@hpe.com","trainingMode":"SITTING","calories":18703}
{"deviceid":"b81e905908354542","eventtype":"calorie","timestamp":1456248692688,"userid":"vincent.planat@hpe.com","trainingMode":"SITTING","calories":18702}
{"deviceid":"b81e905908354542","eventtype":"calorie","timestamp":1456248690998,"userid":"vincent.planat@hpe.com","trainingMode":"SITTING","calories":18702}
{"deviceid":"b81e905908354542","eventtype":"calorie","timestamp":1456248699873,"userid":"vincent.planat@hpe.com","trainingMode":"SITTING","calories":18703}
{"deviceid":"b81e905908354542","eventtype":"calorie","timestamp":1456248700868,"userid":"vincent.planat@hpe.com","trainingMode":"SITTING","calories":18703}
{"deviceid":"b81e905908354542","eventtype":"calorie","timestamp":1456248712684,"userid":"vincent.planat@hpe.com","trainingMode":"SITTING","calories":18703}
{"deviceid":"b81e905908354542","eventtype":"calorie","timestamp":1456248722525,"userid":"vincent.planat@hpe.com","trainingMode":"SITTING","calories":18703}
{"deviceid":"b81e905908354542","eventtype":"calorie","timestamp":1456248687675,"userid":"vincent.planat@hpe.com","trainingMode":"SITTING","calories":18702}
{"deviceid":"b81e905908354542","eventtype":"calorie","timestamp":1456248723410,"userid":"vincent.planat@hpe.com","trainingMode":"SITTING","calories":18703}
{"deviceid":"b81e905908354542","eventtype":"calorie","timestamp":1456248716194,"userid":"vincent.planat@hpe.com","trainingMode":"SITTING","calories":18703}
{"deviceid":"b81e905908354542","eventtype":"calorie","timestamp":1456248698805,"userid":"vincent.planat@hpe.com","trainingMode":"SITTING","calories":18703}
{"deviceid":"b81e905908354542","eventtype":"calorie","timestamp":1456248708528,"userid":"vincent.planat@hpe.com","trainingMode":"SITTING","calories":18703}
{"deviceid":"b81e905908354542","eventtype":"calorie","timestamp":1456248724406,"userid":"vincent.planat@hpe.com","trainingMode":"SITTING","calories":18703}
{"deviceid":"b81e905908354542","eventtype":"calorie","timestamp":1456248717255,"userid":"vincent.planat@hpe.com","trainingMode":"SITTING","calories":18703}
{"deviceid":"b81e905908354542","eventtype":"calorie","timestamp":1456248685531,"userid":"vincent.planat@hpe.com","trainingMode":"SITTING","calories":18702}
{"deviceid":"b81e905908354542","eventtype":"calorie","timestamp":1456248718514,"userid":"vincent.planat@hpe.com","trainingMode":"SITTING","calories":18703}
{"deviceid":"b81e905908354542","eventtype":"calorie","timestamp":1456248689954,"userid":"vincent.planat@hpe.com","trainingMode":"SITTING","calories":18702}
{"deviceid":"b81e905908354542","eventtype":"calorie","timestamp":1456248719432,"userid":"vincent.planat@hpe.com","trainingMode":"SITTING","calories":18703}
{"deviceid":"b81e905908354542","eventtype":"calorie","timestamp":1456248719422,"userid":"vincent.planat@hpe.com","trainingMode":"SITTING","calories":18703}
{"deviceid":"b81e905908354542","eventtype":"calorie","timestamp":1456248715188,"userid":"vincent.planat@hpe.com","trainingMode":"SITTING","calories":18703}
{"deviceid":"b81e905908354542","eventtype":"calorie","timestamp":1456248693706,"userid":"vincent.planat@hpe.com","trainingMode":"SITTING","calories":18702}
{"deviceid":"b81e905908354542","eventtype":"calorie","timestamp":1456248696932,"userid":"vincent.planat@hpe.com","trainingMode":"SITTING","calories":18703}
{"deviceid":"b81e905908354542","eventtype":"calorie","timestamp":1456248725515,"userid":"vincent.planat@hpe.com","trainingMode":"SITTING","calories":18703}
{"deviceid":"b81e905908354542","eventtype":"calorie","timestamp":1456248715189,"userid":"vincent.planat@hpe.com","trainingMode":"SITTING","calories":18703}
{"deviceid":"b81e905908354542","eventtype":"calorie","timestamp":1456248721344,"userid":"vincent.planat@hpe.com","trainingMode":"SITTING","calories":18703}
{"deviceid":"b81e905908354542","eventtype":"calorie","timestamp":1456248726494,"userid":"vincent.planat@hpe.com","trainingMode":"SITTING","calories":18703}
{"deviceid":"b81e905908354542","eventtype":"calorie","timestamp":1456248695091,"userid":"vincent.planat@hpe.com","trainingMode":"SITTING","calories":18702}
{"deviceid":"b81e905908354542","eventtype":"calorie","timestamp":1456248702894,"userid":"vincent.planat@hpe.com","trainingMode":"SITTING","calories":18703}
{"deviceid":"b81e905908354542","eventtype":"calorie","timestamp":1456248685507,"userid":"vincent.planat@hpe.com","trainingMode":"SITTING","calories":18702}
{"deviceid":"b81e905908354542","eventtype":"calorie","timestamp":1456248712699,"userid":"vincent.planat@hpe.com","trainingMode":"SITTING","calories":18703}
{"deviceid":"b81e905908354542","eventtype":"calorie","timestamp":1456248702912,"userid":"vincent.planat@hpe.com","trainingMode":"SITTING","calories":18703}
{"deviceid":"b81e905908354542","eventtype":"calorie","timestamp":1456248686570,"userid":"vincent.planat@hpe.com","trainingMode":"SITTING","calories":18702}
{"deviceid":"b81e905908354542","eventtype":"calorie","timestamp":1456248718529,"userid":"vincent.planat@hpe.com","trainingMode":"SITTING","calories":18703}
{"deviceid":"b81e905908354542","eventtype":"calorie","timestamp":1456248699887,"userid":"vincent.planat@hpe.com","trainingMode":"SITTING","calories":18703}
{"deviceid":"b81e905908354542","eventtype":"calorie","timestamp":1456248710132,"userid":"vincent.planat@hpe.com","trainingMode":"SITTING","calories":18703}
{"deviceid":"b81e905908354542","eventtype":"calorie","timestamp":1456248695105,"userid":"vincent.planat@hpe.com","trainingMode":"SITTING","calories":18702}
{"deviceid":"b81e905908354542","eventtype":"calorie","timestamp":1456248710147,"userid":"vincent.planat@hpe.com","trainingMode":"SITTING","calories":18703}
{"deviceid":"b81e905908354542","eventtype":"calorie","timestamp":1456248693702,"userid":"vincent.planat@hpe.com","trainingMode":"SITTING","calories":18702}
{"deviceid":"b81e905908354542","eventtype":"calorie","timestamp":1456248689121,"userid":"vincent.planat@hpe.com","trainingMode":"SITTING","calories":18702}
{"deviceid":"b81e905908354542","eventtype":"calorie","timestamp":1456248696165,"userid":"vincent.planat@hpe.com","trainingMode":"SITTING","calories":18702}
{"deviceid":"b81e905908354542","eventtype":"calorie","timestamp":1456248720372,"userid":"vincent.planat@hpe.com","trainingMode":"SITTING","calories":18703}
{"deviceid":"b81e905908354542","eventtype":"calorie","timestamp":1456248723438,"userid":"vincent.planat@hpe.com","trainingMode":"SITTING","calories":18703}
{"deviceid":"b81e905908354542","eventtype":"calorie","timestamp":1456248697015,"userid":"vincent.planat@hpe.com","trainingMode":"SITTING","calories":18703}
{"deviceid":"b81e905908354542","eventtype":"calorie","timestamp":1456248724408,"userid":"vincent.planat@hpe.com","trainingMode":"SITTING","calories":18703}
{"deviceid":"b81e905908354542","eventtype":"calorie","timestamp":1456248706729,"userid":"vincent.planat@hpe.com","trainingMode":"SITTING","calories":18703}
{"deviceid":"b81e905908354542","eventtype":"calorie","timestamp":1456248713555,"userid":"vincent.planat@hpe.com","trainingMode":"SITTING","calories":18703}
{"deviceid":"b81e905908354542","eventtype":"calorie","timestamp":1456248716193,"userid":"vincent.planat@hpe.com","trainingMode":"SITTING","calories":18703}
{"deviceid":"b81e905908354542","eventtype":"calorie","timestamp":1456248728533,"userid":"vincent.planat@hpe.com","trainingMode":"SITTING","calories":18703}
{"deviceid":"b81e905908354542","eventtype":"calorie","timestamp":1456248726477,"userid":"vincent.planat@hpe.com","trainingMode":"SITTING","calories":18703}
{"deviceid":"b81e905908354542","eventtype":"calorie","timestamp":1456248704027,"userid":"vincent.planat@hpe.com","trainingMode":"SITTING","calories":18703}
{"deviceid":"b81e905908354542","eventtype":"calorie","timestamp":1456248691889,"userid":"vincent.planat@hpe.com","trainingMode":"SITTING","calories":18702}
{"deviceid":"b81e905908354542","eventtype":"calorie","timestamp":1456248709306,"userid":"vincent.planat@hpe.com","trainingMode":"SITTING","calories":18703}
{"deviceid":"b81e905908354542","eventtype":"calorie","timestamp":1456248705793,"userid":"vincent.planat@hpe.com","trainingMode":"SITTING","calories":18703}
{"deviceid":"b81e905908354542","eventtype":"calorie","timestamp":1456248701918,"userid":"vincent.planat@hpe.com","trainingMode":"SITTING","calories":18703}
{"deviceid":"b81e905908354542","eventtype":"calorie","timestamp":1456248711147,"userid":"vincent.planat@hpe.com","trainingMode":"SITTING","calories":18703}
{"deviceid":"b81e905908354542","eventtype":"calorie","timestamp":1456248711163,"userid":"vincent.planat@hpe.com","trainingMode":"SITTING","calories":18703}
{"deviceid":"b81e905908354542","eventtype":"calorie","timestamp":1456248697784,"userid":"vincent.planat@hpe.com","trainingMode":"SITTING","calories":18703}
