{"deviceid":"b81e905908354542","eventtype":"altimeter","timestamp":1456247954906,"userid":"vincent.planat@hpe.com","trainingMode":"NONE","flightsAscended":13,"flightsDescended":8,"rate":2.0,"steppingGain":3805,"steppingLoss":2957,"stepsAscended":682,"stepsDescended":632,"totalGain":17038,"totalLoss":15195}
{"deviceid":"b81e905908354542","eventtype":"altimeter","timestamp":1456247909330,"userid":"vincent.planat@hpe.com","trainingMode":"NONE","flightsAscended":13,"flightsDescended":8,"rate":-6.0,"steppingGain":3805,"steppingLoss":2957,"stepsAscended":682,"stepsDescended":632,"totalGain":17038,"totalLoss":15195}
{"deviceid":"b81e905908354542","eventtype":"altimeter","timestamp":1456247913876,"userid":"vincent.planat@hpe.com","trainingMode":"NONE","flightsAscended":13,"flightsDescended":8,"rate":3.0,"steppingGain":3805,"steppingLoss":2957,"stepsAscended":682,"stepsDescended":632,"totalGain":17038,"totalLoss":15195}
{"deviceid":"b81e905908354542","eventtype":"altimeter","timestamp":1456247932870,"userid":"vincent.planat@hpe.com","trainingMode":"NONE","flightsAscended":13,"flightsDescended":8,"rate":4.0,"steppingGain":3805,"steppingLoss":2957,"stepsAscended":682,"stepsDescended":632,"totalGain":17038,"totalLoss":15195}
{"deviceid":"b81e905908354542","eventtype":"altimeter","timestamp":1456247928877,"userid":"vincent.planat@hpe.com","trainingMode":"NONE","flightsAscended":13,"flightsDescended":8,"rate":-3.0,"steppingGain":3805,"steppingLoss":2957,"stepsAscended":682,"stepsDescended":632,"totalGain":17038,"totalLoss":15195}
{"deviceid":"b81e905908354542","eventtype":"altimeter","timestamp":1456247930865,"userid":"vincent.planat@hpe.com","trainingMode":"NONE","flightsAscended":13,"flightsDescended":8,"rate":1.0,"steppingGain":3805,"steppingLoss":2957,"stepsAscended":682,"stepsDescended":632,"totalGain":17038,"totalLoss":15195}
{"deviceid":"b81e905908354542","eventtype":"altimeter","timestamp":1456247935832,"userid":"vincent.planat@hpe.com","trainingMode":"NONE","flightsAscended":13,"flightsDescended":8,"rate":2.0,"steppingGain":3805,"steppingLoss":2957,"stepsAscended":682,"stepsDescended":632,"totalGain":17038,"totalLoss":15195}
{"deviceid":"b81e905908354542","eventtype":"altimeter","timestamp":1456247921856,"userid":"vincent.planat@hpe.com","trainingMode":"NONE","flightsAscended":13,"flightsDescended":8,"rate":-1.0,"steppingGain":3805,"steppingLoss":2957,"stepsAscended":682,"stepsDescended":632,"totalGain":17038,"totalLoss":15195}
{"deviceid":"b81e905908354542","eventtype":"altimeter","timestamp":1456247951848,"userid":"vincent.planat@hpe.com","trainingMode":"NONE","flightsAscended":13,"flightsDescended":8,"rate":7.0,"steppingGain":3805,"steppingLoss":2957,"stepsAscended":682,"stepsDescended":632,"totalGain":17038,"totalLoss":15195}
{"deviceid":"b81e905908354542","eventtype":"altimeter","timestamp":1456247917862,"userid":"vincent.planat@hpe.com","trainingMode":"NONE","flightsAscended":13,"flightsDescended":8,"rate":-2.0,"steppingGain":3805,"steppingLoss":2957,"stepsAscended":682,"stepsDescended":632,"totalGain":17038,"totalLoss":15195}
{"deviceid":"b81e905908354542","eventtype":"altimeter","timestamp":1456247912873,"userid":"vincent.planat@hpe.com","trainingMode":"NONE","flightsAscended":13,"flightsDescended":8,"rate":6.0,"steppingGain":3805,"steppingLoss":2957,"stepsAscended":682,"stepsDescended":632,"totalGain":17038,"totalLoss":15195}
{"deviceid":"b81e905908354542","eventtype":"altimeter","timestamp":1456247957861,"userid":"vincent.planat@hpe.com","trainingMode":"NONE","flightsAscended":13,"flightsDescended":8,"rate":1.0,"steppingGain":3805,"steppingLoss":2957,"stepsAscended":682,"stepsDescended":632,"totalGain":17038,"totalLoss":15195}
{"deviceid":"b81e905908354542","eventtype":"altimeter","timestamp":1456247925892,"userid":"vincent.planat@hpe.com","trainingMode":"NONE","flightsAscended":13,"flightsDescended":8,"rate":-2.0,"steppingGain":3805,"steppingLoss":2957,"stepsAscended":682,"stepsDescended":632,"totalGain":17038,"totalLoss":15195}
{"deviceid":"b81e905908354542","eventtype":"altimeter","timestamp":1456247940854,"userid":"vincent.planat@hpe.com","trainingMode":"NONE","flightsAscended":13,"flightsDescended":8,"rate":-2.0,"steppingGain":3805,"steppingLoss":2957,"stepsAscended":682,"stepsDescended":632,"totalGain":17038,"totalLoss":15195}
{"deviceid":"b81e905908354542","eventtype":"altimeter","timestamp":1456247927873,"userid":"vincent.planat@hpe.com","trainingMode":"NONE","flightsAscended":13,"flightsDescended":8,"rate":-3.0,"steppingGain":3805,"steppingLoss":2957,"stepsAscended":682,"stepsDescended":632,"totalGain":17038,"totalLoss":15195}
{"deviceid":"b81e905908354542","eventtype":"altimeter","timestamp":1456247929891,"userid":"vincent.planat@hpe.com","trainingMode":"NONE","flightsAscended":13,"flightsDescended":8,"rate":-3.0,"steppingGain":3805,"steppingLoss":2957,"stepsAscended":682,"stepsDescended":632,"totalGain":17038,"totalLoss":15195}
{"deviceid":"b81e905908354542","eventtype":"altimeter","timestamp":1456247950013,"userid":"vincent.planat@hpe.com","trainingMode":"NONE","flightsAscended":13,"flightsDescended":8,"rate":7.0,"steppingGain":3805,"steppingLoss":2957,"stepsAscended":682,"stepsDescended":632,"totalGain":17038,"totalLoss":15195}
{"deviceid":"b81e905908354542","eventtype":"altimeter","timestamp":1456247958865,"userid":"vincent.planat@hpe.com","trainingMode":"NONE","flightsAscended":13,"flightsDescended":8,"rate":2.0,"steppingGain":3805,"steppingLoss":2957,"stepsAscended":682,"stepsDescended":632,"totalGain":17038,"totalLoss":15195}
{"deviceid":"b81e905908354542","eventtype":"altimeter","timestamp":1456247943853,"userid":"vincent.planat@hpe.com","trainingMode":"NONE","flightsAscended":13,"flightsDescended":8,"rate":-5.0,"steppingGain":3805,"steppingLoss":2957,"stepsAscended":682,"stepsDescended":632,"totalGain":17038,"totalLoss":15195}
{"deviceid":"b81e905908354542","eventtype":"altimeter","timestamp":1456247914851,"userid":"vincent.planat@hpe.com","trainingMode":"NONE","flightsAscended":13,"flightsDescended":8,"rate":1.0,"steppingGain":3805,"steppingLoss":2957,"stepsAscended":682,"stepsDescended":632,"totalGain":17038,"totalLoss":15195}
{"deviceid":"b81e905908354542","eventtype":"altimeter","timestamp":1456247950836,"userid":"vincent.planat@hpe.com","trainingMode":"NONE","flightsAscended":13,"flightsDescended":8,"rate":9.0,"steppingGain":3805,"steppingLoss":2957,"stepsAscended":682,"stepsDescended":632,"totalGain":17038,"totalLoss":15195}
{"deviceid":"b81e905908354542","eventtype":"altimeter","timestamp":1456247946897,"userid":"vincent.planat@hpe.com","trainingMode":"NONE","flightsAscended":13,"flightsDescended":8,"rate":2.0,"steppingGain":3805,"steppingLoss":2957,"stepsAscended":682,"stepsDescended":632,"totalGain":17038,"totalLoss":15195}
{"deviceid":"b81e905908354542","eventtype":"altimeter","timestamp":1456247952869,"userid":"vincent.planat@hpe.com","trainingMode":"NONE","flightsAscended":13,"flightsDescended":8,"rate":2.0,"steppingGain":3805,"steppingLoss":2957,"stepsAscended":682,"stepsDescended":632,"totalGain":17038,"totalLoss":15195}
{"deviceid":"b81e905908354542","eventtype":"altimeter","timestamp":1456247944891,"userid":"vincent.planat@hpe.com","trainingMode":"NONE","flightsAscended":13,"flightsDescended":8,"rate":-1.0,"steppingGain":3805,"steppingLoss":2957,"stepsAscended":682,"stepsDescended":632,"totalGain":17038,"totalLoss":15195}
{"deviceid":"b81e905908354542","eventtype":"altimeter","timestamp":1456247942858,"userid":"vincent.planat@hpe.com","trainingMode":"NONE","flightsAscended":13,"flightsDescended":8,"rate":-9.0,"steppingGain":3805,"steppingLoss":2957,"stepsAscended":682,"stepsDescended":632,"totalGain":17038,"totalLoss":15195}
{"deviceid":"b81e905908354542","eventtype":"altimeter","timestamp":1456247916905,"userid":"vincent.planat@hpe.com","trainingMode":"NONE","flightsAscended":13,"flightsDescended":8,"rate":-1.0,"steppingGain":3805,"steppingLoss":2957,"stepsAscended":682,"stepsDescended":632,"totalGain":17038,"totalLoss":15195}
{"deviceid":"b81e905908354542","eventtype":"altimeter","timestamp":1456247933863,"userid":"vincent.planat@hpe.com","trainingMode":"NONE","flightsAscended":13,"flightsDescended":8,"rate":6.0,"steppingGain":3805,"steppingLoss":2957,"stepsAscended":682,"stepsDescended":632,"totalGain":17038,"totalLoss":15195}
{"deviceid":"b81e905908354542","eventtype":"altimeter","timestamp":1456247924935,"userid":"vincent.planat@hpe.com","trainingMode":"NONE","flightsAscended":13,"flightsDescended":8,"rate":1.0,"steppingGain":3805,"steppingLoss":2957,"stepsAscended":682,"stepsDescended":632,"totalGain":17038,"totalLoss":15195}
{"deviceid":"b81e905908354542","eventtype":"altimeter","timestamp":1456247923883,"userid":"vincent.planat@hpe.com","trainingMode":"NONE","flightsAscended":13,"flightsDescended":8,"rate":1.0,"steppingGain":3805,"steppingLoss":2957,"stepsAscended":682,"stepsDescended":632,"totalGain":17038,"totalLoss":15195}
{"deviceid":"b81e905908354542","eventtype":"altimeter","timestamp":1456247956317,"userid":"vincent.planat@hpe.com","trainingMode":"NONE","flightsAscended":13,"flightsDescended":8,"rate":0.0,"steppingGain":3805,"steppingLoss":2957,"stepsAscended":682,"stepsDescended":632,"totalGain":17038,"totalLoss":15195}
{"deviceid":"b81e905908354542","eventtype":"altimeter","timestamp":1456247936921,"userid":"vincent.planat@hpe.com","trainingMode":"NONE","flightsAscended":13,"flightsDescended":8,"rate":-4.0,"steppingGain":3805,"steppingLoss":2957,"stepsAscended":682,"stepsDescended":632,"totalGain":17038,"totalLoss":15195}
{"deviceid":"b81e905908354542","eventtype":"altimeter","timestamp":1456247922884,"userid":"vincent.planat@hpe.com","trainingMode":"NONE","flightsAscended":13,"flightsDescended":8,"rate":0.0,"steppingGain":3805,"steppingLoss":2957,"stepsAscended":682,"stepsDescended":632,"totalGain":17038,"totalLoss":15195}
{"deviceid":"b81e905908354542","eventtype":"altimeter","timestamp":1456247947851,"userid":"vincent.planat@hpe.com","trainingMode":"NONE","flightsAscended":13,"flightsDescended":8,"rate":3.0,"steppingGain":3805,"steppingLoss":2957,"stepsAscended":682,"stepsDescended":632,"totalGain":17038,"totalLoss":15195}
{"deviceid":"b81e905908354542","eventtype":"altimeter","timestamp":1456247910875,"userid":"vincent.planat@hpe.com","trainingMode":"NONE","flightsAscended":13,"flightsDescended":8,"rate":0.0,"steppingGain":3805,"steppingLoss":2957,"stepsAscended":682,"stepsDescended":632,"totalGain":17038,"totalLoss":15195}
{"deviceid":"b81e905908354542","eventtype":"altimeter","timestamp":1456247945863,"userid":"vincent.planat@hpe.com","trainingMode":"NONE","flightsAscended":13,"flightsDescended":8,"rate":-1.0,"steppingGain":3805,"steppingLoss":2957,"stepsAscended":682,"stepsDescended":632,"totalGain":17038,"totalLoss":15195}
{"deviceid":"b81e905908354542","eventtype":"altimeter","timestamp":1456247937835,"userid":"vincent.planat@hpe.com","trainingMode":"NONE","flightsAscended":13,"flightsDescended":8,"rate":-5.0,"steppingGain":3805,"steppingLoss":2957,"stepsAscended":682,"stepsDescended":632,"totalGain":17038,"totalLoss":15195}
{"deviceid":"b81e905908354542","eventtype":"altimeter","timestamp":1456247911903,"userid":"vincent.planat@hpe.com","trainingMode":"NONE","flightsAscended":13,"flightsDescended":8,"rate":4.0,"steppingGain":3805,"steppingLoss":2957,"stepsAscended":682,"stepsDescended":632,"totalGain":17038,"totalLoss":15195}
{"deviceid":"b81e905908354542","eventtype":"altimeter","timestamp":1456247938857,"userid":"vincent.planat@hpe.com","trainingMode":"NONE","flightsAscended":13,"flightsDescended":8,"rate":-5.0,"steppingGain":3805,"steppingLoss":2957,"stepsAscended":682,"stepsDescended":632,"totalGain":17038,"totalLoss":15195}
{"deviceid":"b81e905908354542","eventtype":"altimeter","timestamp":1456247956958,"userid":"vincent.planat@hpe.com","trainingMode":"NONE","flightsAscended":13,"flightsDescended":8,"rate":-2.0,"steppingGain":3805,"steppingLoss":2957,"stepsAscended":682,"stepsDescended":632,"totalGain":17038,"totalLoss":15195}
{"deviceid":"b81e905908354542","eventtype":"altimeter","timestamp":1456247940151,"userid":"vincent.planat@hpe.com","trainingMode":"NONE","flightsAscended":13,"flightsDescended":8,"rate":-3.0,"steppingGain":3805,"steppingLoss":2957,"stepsAscended":682,"stepsDescended":632,"totalGain":17038,"totalLoss":15195}
{"deviceid":"b81e905908354542","eventtype":"altimeter","timestamp":1456247919970,"userid":"vincent.planat@hpe.com","trainingMode":"NONE","flightsAscended":13,"flightsDescended":8,"rate":-2.0,"steppingGain":3805,"steppingLoss":2957,"stepsAscended":682,"stepsDescended":632,"totalGain":17038,"totalLoss":15195}
{"deviceid":"b81e905908354542","eventtype":"altimeter","timestamp":1456247934865,"userid":"vincent.planat@hpe.com","trainingMode":"NONE","flightsAscended":13,"flightsDescended":8,"rate":6.0,"steppingGain":3805,"steppingLoss":2957,"stepsAscended":682,"stepsDescended":632,"totalGain":17038,"totalLoss":15195}
{"deviceid":"b81e905908354542","eventtype":"altimeter","timestamp":1456247959877,"userid":"vincent.planat@hpe.com","trainingMode":"NONE","flightsAscended":13,"flightsDescended":8,"rate":2.0,"steppingGain":3805,"steppingLoss":2957,"stepsAscended":682,"stepsDescended":632,"totalGain":17038,"totalLoss":15195}
{"deviceid":"b81e905908354542","eventtype":"altimeter","timestamp":1456247910151,"userid":"vincent.planat@hpe.com","trainingMode":"NONE","flightsAscended":13,"flightsDescended":8,"rate":-5.0,"steppingGain":3805,"steppingLoss":2957,"stepsAscended":682,"stepsDescended":632,"totalGain":17038,"totalLoss":15195}
{"deviceid":"b81e905908354542","eventtype":"altimeter","timestamp":1456247931967,"userid":"vincent.planat@hpe.com","trainingMode":"NONE","flightsAscended":13,"flightsDescended":8,"rate":5.0,"steppingGain":3805,"steppingLoss":2957,"stepsAscended":682,"stepsDescended":632,"totalGain":17038,"totalLoss":15195}
{"deviceid":"b81e905908354542","eventtype":"altimeter","timestamp":1456247915881,"userid":"vincent.planat@hpe.com","trainingMode":"NONE","flightsAscended":13,"flightsDescended":8,"rate":-1.0,"steppingGain":3805,"steppingLoss":2957,"stepsAscended":682,"stepsDescended":632,"totalGain":17038,"totalLoss":15195}
{"deviceid":"b81e905908354542","eventtype":"altimeter","timestamp":1456247919165,"userid":"vincent.planat@hpe.com","trainingMode":"NONE","flightsAscended":13,"flightsDescended":8,"rate":0.0,"steppingGain":3805,"steppingLoss":2957,"stepsAscended":682,"stepsDescended":632,"totalGain":17038,"totalLoss":15195}
{"deviceid":"b81e905908354542","eventtype":"altimeter","timestamp":1456247948862,"userid":"vincent.planat@hpe.com","trainingMode":"NONE","flightsAscended":13,"flightsDescended":8,"rate":4.0,"steppingGain":3805,"steppingLoss":2957,"stepsAscended":682,"stepsDescended":632,"totalGain":17038,"totalLoss":15195}
{"deviceid":"b81e905908354542","eventtype":"altimeter","timestamp":1456247926898,"userid":"vincent.planat@hpe.com","trainingMode":"NONE","flightsAscended":13,"flightsDescended":8,"rate":-3.0,"steppingGain":3805,"steppingLoss":2957,"stepsAscended":682,"stepsDescended":632,"totalGain":17038,"totalLoss":15195}
{"deviceid":"b81e905908354542","eventtype":"altimeter","timestamp":1456247920894,"userid":"vincent.planat@hpe.com","trainingMode":"NONE","flightsAscended":13,"flightsDescended":8,"rate":-1.0,"steppingGain":3805,"steppingLoss":2957,"stepsAscended":682,"stepsDescended":632,"totalGain":17038,"totalLoss":15195}
{"deviceid":"b81e905908354542","eventtype":"altimeter","timestamp":1456247941914,"userid":"vincent.planat@hpe.com","trainingMode":"NONE","flightsAscended":13,"flightsDescended":8,"rate":-7.0,"steppingGain":3805,"steppingLoss":2957,"stepsAscended":682,"stepsDescended":632,"totalGain":17038,"totalLoss":15195}
{"deviceid":"b81e905908354542","eventtype":"altimeter","timestamp":1456247907895,"userid":"vincent.planat@hpe.com","trainingMode":"NONE","flightsAscended":13,"flightsDescended":8,"rate":-3.0,"steppingGain":3805,"steppingLoss":2957,"stepsAscended":682,"stepsDescended":632,"totalGain":17038,"totalLoss":15195}
{"deviceid":"b81e905908354542","eventtype":"altimeter","timestamp":1456247953881,"userid":"vincent.planat@hpe.com","trainingMode":"NONE","flightsAscended":13,"flightsDescended":8,"rate":4.0,"steppingGain":3805,"steppingLoss":2957,"stepsAscended":682,"stepsDescended":632,"totalGain":17038,"totalLoss":15195}
