{"deviceid":"b81e905908354542","eventtype":"barometer","timestamp":1456248725016,"userid":"vincent.planat@hpe.com","trainingMode":"SITTING","airPressure":990.526855,"temperature":32.7}
{"deviceid":"b81e905908354542","eventtype":"barometer","timestamp":1456248702958,"userid":"vincent.planat@hpe.com","trainingMode":"SITTING","airPressure":990.404297,"temperature":32.71875}
{"deviceid":"b81e905908354542","eventtype":"barometer","timestamp":1456248719184,"userid":"vincent.planat@hpe.com","trainingMode":"SITTING","airPressure":990.606445,"temperature":32.660417}
{"deviceid":"b81e905908354542","eventtype":"barometer","timestamp":1456248691342,"userid":"vincent.planat@hpe.com","trainingMode":"SITTING","airPressure":990.429932,"temperature":32.666667}
{"deviceid":"b81e905908354542","eventtype":"barometer","timestamp":1456248706581,"userid":"vincent.planat@hpe.com","trainingMode":"SITTING","airPressure":990.394531,"temperature":32.735417}
{"deviceid":"b81e905908354542","eventtype":"barometer","timestamp":1456248694019,"userid":"vincent.planat@hpe.com","trainingMode":"SITTING","airPressure":990.393066,"temperature":32.675}
{"deviceid":"b81e905908354542","eventtype":"barometer","timestamp":1456248685964,"userid":"vincent.planat@hpe.com","trainingMode":"SITTING","airPressure":990.422363,"temperature":32.652083}
{"deviceid":"b81e905908354542","eventtype":"barometer","timestamp":1456248694003,"userid":"vincent.planat@hpe.com","trainingMode":"SITTING","airPressure":990.393066,"temperature":32.675}
{"deviceid":"b81e905908354542","eventtype":"barometer","timestamp":1456248726986,"userid":"vincent.planat@hpe.com","trainingMode":"SITTING","airPressure":990.49707,"temperature":32.7125}
{"deviceid":"b81e905908354542","eventtype":"barometer","timestamp":1456248708463,"userid":"vincent.planat@hpe.com","trainingMode":"SITTING","airPressure":990.377441,"temperature":32.741667}
{"deviceid":"b81e905908354542","eventtype":"barometer","timestamp":1456248723006,"userid":"vincent.planat@hpe.com","trainingMode":"SITTING","airPressure":990.515137,"temperature":32.685417}
{"deviceid":"b81e905908354542","eventtype":"barometer","timestamp":1456248727987,"userid":"vincent.planat@hpe.com","trainingMode":"SITTING","airPressure":990.481934,"temperature":32.716667}
{"deviceid":"b81e905908354542","eventtype":"barometer","timestamp":1456248707638,"userid":"vincent.planat@hpe.com","trainingMode":"SITTING","airPressure":990.418945,"temperature":32.7375}
{"deviceid":"b81e905908354542","eventtype":"barometer","timestamp":1456248692222,"userid":"vincent.planat@hpe.com","trainingMode":"SITTING","airPressure":990.39917,"temperature":32.664583}
{"deviceid":"b81e905908354542","eventtype":"barometer","timestamp":1456248713349,"userid":"vincent.planat@hpe.com","trainingMode":"SITTING","airPressure":990.567627,"temperature":32.672917}
{"deviceid":"b81e905908354542","eventtype":"barometer","timestamp":1456248698023,"userid":"vincent.planat@hpe.com","trainingMode":"SITTING","airPressure":990.408936,"temperature":32.69375}
{"deviceid":"b81e905908354542","eventtype":"barometer","timestamp":1456248700023,"userid":"vincent.planat@hpe.com","trainingMode":"SITTING","airPressure":990.457031,"temperature":32.70625}
{"deviceid":"b81e905908354542","eventtype":"barometer","timestamp":1456248715972,"userid":"vincent.planat@hpe.com","trainingMode":"SITTING","airPressure":990.591797,"temperature":32.652083}
{"deviceid":"b81e905908354542","eventtype":"barometer","timestamp":1456248721036,"userid":"vincent.planat@hpe.com","trainingMode":"SITTING","airPressure":990.603271,"temperature":32.675}
{"deviceid":"b81e905908354542","eventtype":"barometer","timestamp":1456248688702,"userid":"vincent.planat@hpe.com","trainingMode":"SITTING","airPressure":990.450195,"temperature":32.654167}
{"deviceid":"b81e905908354542","eventtype":"barometer","timestamp":1456248695427,"userid":"vincent.planat@hpe.com","trainingMode":"SITTING","airPressure":990.44873,"temperature":32.68125}
{"deviceid":"b81e905908354542","eventtype":"barometer","timestamp":1456248696245,"userid":"vincent.planat@hpe.com","trainingMode":"SITTING","airPressure":990.482666,"temperature":32.685417}
{"deviceid":"b81e905908354542","eventtype":"barometer","timestamp":1456248689478,"userid":"vincent.planat@hpe.com","trainingMode":"SITTING","airPressure":990.409912,"temperature":32.660417}
{"deviceid":"b81e905908354542","eventtype":"barometer","timestamp":1456248720058,"userid":"vincent.planat@hpe.com","trainingMode":"SITTING","airPressure":990.575684,"temperature":32.664583}
{"deviceid":"b81e905908354542","eventtype":"barometer","timestamp":1456248722101,"userid":"vincent.planat@hpe.com","trainingMode":"SITTING","airPressure":990.504639,"temperature":32.68125}
{"deviceid":"b81e905908354542","eventtype":"barometer","timestamp":1456248705823,"userid":"vincent.planat@hpe.com","trainingMode":"SITTING","airPressure":990.436035,"temperature":32.73125}
{"deviceid":"b81e905908354542","eventtype":"barometer","timestamp":1456248715037,"userid":"vincent.planat@hpe.com","trainingMode":"SITTING","airPressure":990.607666,"temperature":32.65625}
{"deviceid":"b81e905908354542","eventtype":"barometer","timestamp":1456248689497,"userid":"vincent.planat@hpe.com","trainingMode":"SITTING","airPressure":990.409912,"temperature":32.660417}
{"deviceid":"b81e905908354542","eventtype":"barometer","timestamp":1456248701005,"userid":"vincent.planat@hpe.com","trainingMode":"SITTING","airPressure":990.425049,"temperature":32.716667}
{"deviceid":"b81e905908354542","eventtype":"barometer","timestamp":1456248726996,"userid":"vincent.planat@hpe.com","trainingMode":"SITTING","airPressure":990.49707,"temperature":32.7125}
{"deviceid":"b81e905908354542","eventtype":"barometer","timestamp":1456248685960,"userid":"vincent.planat@hpe.com","trainingMode":"SITTING","airPressure":990.422363,"temperature":32.652083}
{"deviceid":"b81e905908354542","eventtype":"barometer","timestamp":1456248708442,"userid":"vincent.planat@hpe.com","trainingMode":"SITTING","airPressure":990.377441,"temperature":32.741667}
{"deviceid":"b81e905908354542","eventtype":"barometer","timestamp":1456248709167,"userid":"vincent.planat@hpe.com","trainingMode":"SITTING","airPressure":990.377441,"temperature":32.741667}
{"deviceid":"b81e905908354542","eventtype":"barometer","timestamp":1456248695444,"userid":"vincent.planat@hpe.com","trainingMode":"SITTING","airPressure":990.44873,"temperature":32.68125}
{"deviceid":"b81e905908354542","eventtype":"barometer","timestamp":1456248729016,"userid":"vincent.planat@hpe.com","trainingMode":"SITTING","airPressure":990.47168,"temperature":32.729167}
{"deviceid":"b81e905908354542","eventtype":"barometer","timestamp":1456248698039,"userid":"vincent.planat@hpe.com","trainingMode":"SITTING","airPressure":990.408936,"temperature":32.69375}
{"deviceid":"b81e905908354542","eventtype":"barometer","timestamp":1456248709972,"userid":"vincent.planat@hpe.com","trainingMode":"SITTING","airPressure":990.418213,"temperature":32.733333}
{"deviceid":"b81e905908354542","eventtype":"barometer","timestamp":1456248700990,"userid":"vincent.planat@hpe.com","trainingMode":"SITTING","airPressure":990.425049,"temperature":32.716667}
{"deviceid":"b81e905908354542","eventtype":"barometer","timestamp":1456248712569,"userid":"vincent.planat@hpe.com","trainingMode":"SITTING","airPressure":990.529541,"temperature":32.691667}
{"deviceid":"b81e905908354542","eventtype":"barometer","timestamp":1456248688726,"userid":"vincent.planat@hpe.com","trainingMode":"SITTING","airPressure":990.450195,"temperature":32.654167}
{"deviceid":"b81e905908354542","eventtype":"barometer","timestamp":1456248725969,"userid":"vincent.planat@hpe.com","trainingMode":"SITTING","airPressure":990.507324,"temperature":32.704167}
{"deviceid":"b81e905908354542","eventtype":"barometer","timestamp":1456248691365,"userid":"vincent.planat@hpe.com","trainingMode":"SITTING","airPressure":990.429932,"temperature":32.666667}
{"deviceid":"b81e905908354542","eventtype":"barometer","timestamp":1456248697098,"userid":"vincent.planat@hpe.com","trainingMode":"SITTING","airPressure":990.445068,"temperature":32.689583}
{"deviceid":"b81e905908354542","eventtype":"barometer","timestamp":1456248712554,"userid":"vincent.planat@hpe.com","trainingMode":"SITTING","airPressure":990.529541,"temperature":32.691667}
{"deviceid":"b81e905908354542","eventtype":"barometer","timestamp":1456248715021,"userid":"vincent.planat@hpe.com","trainingMode":"SITTING","airPressure":990.607666,"temperature":32.65625}
{"deviceid":"b81e905908354542","eventtype":"barometer","timestamp":1456248711015,"userid":"vincent.planat@hpe.com","trainingMode":"SITTING","airPressure":990.452393,"temperature":32.704167}
{"deviceid":"b81e905908354542","eventtype":"barometer","timestamp":1456248700009,"userid":"vincent.planat@hpe.com","trainingMode":"SITTING","airPressure":990.457031,"temperature":32.70625}
{"deviceid":"b81e905908354542","eventtype":"barometer","timestamp":1456248717033,"userid":"vincent.planat@hpe.com","trainingMode":"SITTING","airPressure":990.637695,"temperature":32.652083}
{"deviceid":"b81e905908354542","eventtype":"barometer","timestamp":1456248702973,"userid":"vincent.planat@hpe.com","trainingMode":"SITTING","airPressure":990.404297,"temperature":32.71875}
{"deviceid":"b81e905908354542","eventtype":"barometer","timestamp":1456248709185,"userid":"vincent.planat@hpe.com","trainingMode":"SITTING","airPressure":990.377441,"temperature":32.741667}
{"deviceid":"b81e905908354542","eventtype":"barometer","timestamp":1456248696296,"userid":"vincent.planat@hpe.com","trainingMode":"SITTING","airPressure":990.482666,"temperature":32.685417}
{"deviceid":"b81e905908354542","eventtype":"barometer","timestamp":1456248699091,"userid":"vincent.planat@hpe.com","trainingMode":"SITTING","airPressure":990.456787,"temperature":32.708333}
{"deviceid":"b81e905908354542","eventtype":"barometer","timestamp":1456248705841,"userid":"vincent.planat@hpe.com","trainingMode":"SITTING","airPressure":990.436035,"temperature":32.73125}
{"deviceid":"b81e905908354542","eventtype":"barometer","timestamp":1456248723018,"userid":"vincent.planat@hpe.com","trainingMode":"SITTING","airPressure":990.515137,"temperature":32.685417}
{"deviceid":"b81e905908354542","eventtype":"barometer","timestamp":1456248707659,"userid":"vincent.planat@hpe.com","trainingMode":"SITTING","airPressure":990.418945,"temperature":32.7375}
{"deviceid":"b81e905908354542","eventtype":"barometer","timestamp":1456248725033,"userid":"vincent.planat@hpe.com","trainingMode":"SITTING","airPressure":990.526855,"temperature":32.7}
{"deviceid":"b81e905908354542","eventtype":"barometer","timestamp":1456248692238,"userid":"vincent.planat@hpe.com","trainingMode":"SITTING","airPressure":990.39917,"temperature":32.664583}
{"deviceid":"b81e905908354542","eventtype":"barometer","timestamp":1456248722090,"userid":"vincent.planat@hpe.com","trainingMode":"SITTING","airPressure":990.504639,"temperature":32.68125}
{"deviceid":"b81e905908354542","eventtype":"barometer","timestamp":1456248704068,"userid":"vincent.planat@hpe.com","trainingMode":"SITTING","airPressure":990.52002,"temperature":32.727083}
{"deviceid":"b81e905908354542","eventtype":"barometer","timestamp":1456248729001,"userid":"vincent.planat@hpe.com","trainingMode":"SITTING","airPressure":990.47168,"temperature":32.729167}
{"deviceid":"b81e905908354542","eventtype":"barometer","timestamp":1456248718091,"userid":"vincent.planat@hpe.com","trainingMode":"SITTING","airPressure":990.572998,"temperature":32.65625}
{"deviceid":"b81e905908354542","eventtype":"barometer","timestamp":1456248690332,"userid":"vincent.planat@hpe.com","trainingMode":"SITTING","airPressure":990.431152,"temperature":32.664583}
{"deviceid":"b81e905908354542","eventtype":"barometer","timestamp":1456248699071,"userid":"vincent.planat@hpe.com","trainingMode":"SITTING","airPressure":990.456787,"temperature":32.708333}
{"deviceid":"b81e905908354542","eventtype":"barometer","timestamp":1456248709987,"userid":"vincent.planat@hpe.com","trainingMode":"SITTING","airPressure":990.418213,"temperature":32.733333}
{"deviceid":"b81e905908354542","eventtype":"barometer","timestamp":1456248711032,"userid":"vincent.planat@hpe.com","trainingMode":"SITTING","airPressure":990.452393,"temperature":32.704167}
{"deviceid":"b81e905908354542","eventtype":"barometer","timestamp":1456248713331,"userid":"vincent.planat@hpe.com","trainingMode":"SITTING","airPressure":990.567627,"temperature":32.672917}
{"deviceid":"b81e905908354542","eventtype":"barometer","timestamp":1456248725967,"userid":"vincent.planat@hpe.com","trainingMode":"SITTING","airPressure":990.507324,"temperature":32.704167}
{"deviceid":"b81e905908354542","eventtype":"barometer","timestamp":1456248704081,"userid":"vincent.planat@hpe.com","trainingMode":"SITTING","airPressure":990.52002,"temperature":32.727083}
{"deviceid":"b81e905908354542","eventtype":"barometer","timestamp":1456248690306,"userid":"vincent.planat@hpe.com","trainingMode":"SITTING","airPressure":990.431152,"temperature":32.664583}
{"deviceid":"b81e905908354542","eventtype":"barometer","timestamp":1456248702047,"userid":"vincent.planat@hpe.com","trainingMode":"SITTING","airPressure":990.415527,"temperature":32.71875}
{"deviceid":"b81e905908354542","eventtype":"barometer","timestamp":1456248702075,"userid":"vincent.planat@hpe.com","trainingMode":"SITTING","airPressure":990.415527,"temperature":32.71875}
{"deviceid":"b81e905908354542","eventtype":"barometer","timestamp":1456248724005,"userid":"vincent.planat@hpe.com","trainingMode":"SITTING","airPressure":990.537842,"temperature":32.695833}
{"deviceid":"b81e905908354542","eventtype":"barometer","timestamp":1456248720041,"userid":"vincent.planat@hpe.com","trainingMode":"SITTING","airPressure":990.575684,"temperature":32.664583}
{"deviceid":"b81e905908354542","eventtype":"barometer","timestamp":1456248687002,"userid":"vincent.planat@hpe.com","trainingMode":"SITTING","airPressure":990.404053,"temperature":32.65}
{"deviceid":"b81e905908354542","eventtype":"barometer","timestamp":1456248714171,"userid":"vincent.planat@hpe.com","trainingMode":"SITTING","airPressure":990.558838,"temperature":32.664583}
{"deviceid":"b81e905908354542","eventtype":"barometer","timestamp":1456248686989,"userid":"vincent.planat@hpe.com","trainingMode":"SITTING","airPressure":990.404053,"temperature":32.65}
{"deviceid":"b81e905908354542","eventtype":"barometer","timestamp":1456248692962,"userid":"vincent.planat@hpe.com","trainingMode":"SITTING","airPressure":990.45459,"temperature":32.675}
{"deviceid":"b81e905908354542","eventtype":"barometer","timestamp":1456248692947,"userid":"vincent.planat@hpe.com","trainingMode":"SITTING","airPressure":990.45459,"temperature":32.675}
{"deviceid":"b81e905908354542","eventtype":"barometer","timestamp":1456248697185,"userid":"vincent.planat@hpe.com","trainingMode":"SITTING","airPressure":990.445068,"temperature":32.689583}
{"deviceid":"b81e905908354542","eventtype":"barometer","timestamp":1456248706614,"userid":"vincent.planat@hpe.com","trainingMode":"SITTING","airPressure":990.394531,"temperature":32.735417}
{"deviceid":"b81e905908354542","eventtype":"barometer","timestamp":1456248719208,"userid":"vincent.planat@hpe.com","trainingMode":"SITTING","airPressure":990.606445,"temperature":32.660417}
{"deviceid":"b81e905908354542","eventtype":"barometer","timestamp":1456248715989,"userid":"vincent.planat@hpe.com","trainingMode":"SITTING","airPressure":990.591797,"temperature":32.652083}
{"deviceid":"b81e905908354542","eventtype":"barometer","timestamp":1456248721052,"userid":"vincent.planat@hpe.com","trainingMode":"SITTING","airPressure":990.603271,"temperature":32.675}
{"deviceid":"b81e905908354542","eventtype":"barometer","timestamp":1456248723990,"userid":"vincent.planat@hpe.com","trainingMode":"SITTING","airPressure":990.537842,"temperature":32.695833}
{"deviceid":"b81e905908354542","eventtype":"barometer","timestamp":1456248717012,"userid":"vincent.planat@hpe.com","trainingMode":"SITTING","airPressure":990.637695,"temperature":32.652083}
{"deviceid":"b81e905908354542","eventtype":"barometer","timestamp":1456248714205,"userid":"vincent.planat@hpe.com","trainingMode":"SITTING","airPressure":990.558838,"temperature":32.664583}
{"deviceid":"b81e905908354542","eventtype":"barometer","timestamp":1456248718074,"userid":"vincent.planat@hpe.com","trainingMode":"SITTING","airPressure":990.572998,"temperature":32.65625}
{"deviceid":"b81e905908354542","eventtype":"barometer","timestamp":1456248728001,"userid":"vincent.planat@hpe.com","trainingMode":"SITTING","airPressure":990.481934,"temperature":32.716667}
