{"deviceid":"b81e905908354542","eventtype":"distance","timestamp":1456248386436,"userid":"vincent.planat@hpe.com","trainingMode":"WALKING","currentMotion":1,"pace":0.0,"speed":0.0,"totalDistance":2844528}
{"deviceid":"b81e905908354542","eventtype":"distance","timestamp":1456248422674,"userid":"vincent.planat@hpe.com","trainingMode":"WALKING","currentMotion":2,"pace":675.0,"speed":148.0,"totalDistance":2849566}
{"deviceid":"b81e905908354542","eventtype":"distance","timestamp":1456248402522,"userid":"vincent.planat@hpe.com","trainingMode":"WALKING","currentMotion":2,"pace":746.0,"speed":134.0,"totalDistance":2846530}
{"deviceid":"b81e905908354542","eventtype":"distance","timestamp":1456248401653,"userid":"vincent.planat@hpe.com","trainingMode":"WALKING","currentMotion":2,"pace":775.0,"speed":129.0,"totalDistance":2846376}
{"deviceid":"b81e905908354542","eventtype":"distance","timestamp":1456248414690,"userid":"vincent.planat@hpe.com","trainingMode":"WALKING","currentMotion":2,"pace":666.0,"speed":150.0,"totalDistance":2848378}
{"deviceid":"b81e905908354542","eventtype":"distance","timestamp":1456248408416,"userid":"vincent.planat@hpe.com","trainingMode":"WALKING","currentMotion":2,"pace":671.0,"speed":149.0,"totalDistance":2847454}
{"deviceid":"b81e905908354542","eventtype":"distance","timestamp":1456248393363,"userid":"vincent.planat@hpe.com","trainingMode":"WALKING","currentMotion":1,"pace":0.0,"speed":0.0,"totalDistance":2844528}
{"deviceid":"b81e905908354542","eventtype":"distance","timestamp":1456248419245,"userid":"vincent.planat@hpe.com","trainingMode":"WALKING","currentMotion":2,"pace":666.0,"speed":150.0,"totalDistance":2848982}
{"deviceid":"b81e905908354542","eventtype":"distance","timestamp":1456248427635,"userid":"vincent.planat@hpe.com","trainingMode":"WALKING","currentMotion":2,"pace":694.0,"speed":144.0,"totalDistance":2850296}
{"deviceid":"b81e905908354542","eventtype":"distance","timestamp":1456248405459,"userid":"vincent.planat@hpe.com","trainingMode":"WALKING","currentMotion":2,"pace":689.0,"speed":145.0,"totalDistance":2846992}
{"deviceid":"b81e905908354542","eventtype":"distance","timestamp":1456248413029,"userid":"vincent.planat@hpe.com","trainingMode":"WALKING","currentMotion":2,"pace":666.0,"speed":150.0,"totalDistance":2848070}
{"deviceid":"b81e905908354542","eventtype":"distance","timestamp":1456248408402,"userid":"vincent.planat@hpe.com","trainingMode":"WALKING","currentMotion":2,"pace":671.0,"speed":149.0,"totalDistance":2847454}
{"deviceid":"b81e905908354542","eventtype":"distance","timestamp":1456248391284,"userid":"vincent.planat@hpe.com","trainingMode":"WALKING","currentMotion":1,"pace":0.0,"speed":0.0,"totalDistance":2844528}
{"deviceid":"b81e905908354542","eventtype":"distance","timestamp":1456248380500,"userid":"vincent.planat@hpe.com","trainingMode":"WALKING","currentMotion":1,"pace":0.0,"speed":1.0,"totalDistance":2844528}
{"deviceid":"b81e905908354542","eventtype":"distance","timestamp":1456248416479,"userid":"vincent.planat@hpe.com","trainingMode":"WALKING","currentMotion":2,"pace":666.0,"speed":150.0,"totalDistance":2848686}
{"deviceid":"b81e905908354542","eventtype":"distance","timestamp":1456248392324,"userid":"vincent.planat@hpe.com","trainingMode":"WALKING","currentMotion":1,"pace":0.0,"speed":0.0,"totalDistance":2844528}
{"deviceid":"b81e905908354542","eventtype":"distance","timestamp":1456248404397,"userid":"vincent.planat@hpe.com","trainingMode":"WALKING","currentMotion":2,"pace":704.0,"speed":142.0,"totalDistance":2846838}
{"deviceid":"b81e905908354542","eventtype":"distance","timestamp":1456248397592,"userid":"vincent.planat@hpe.com","trainingMode":"WALKING","currentMotion":2,"pace":1041.0,"speed":96.0,"totalDistance":2845760}
{"deviceid":"b81e905908354542","eventtype":"distance","timestamp":1456248385647,"userid":"vincent.planat@hpe.com","trainingMode":"WALKING","currentMotion":1,"pace":0.0,"speed":0.0,"totalDistance":2844528}
{"deviceid":"b81e905908354542","eventtype":"distance","timestamp":1456248400375,"userid":"vincent.planat@hpe.com","trainingMode":"WALKING","currentMotion":2,"pace":813.0,"speed":123.0,"totalDistance":2846222}
{"deviceid":"b81e905908354542","eventtype":"distance","timestamp":1456248406481,"userid":"vincent.planat@hpe.com","trainingMode":"WALKING","currentMotion":2,"pace":680.0,"speed":147.0,"totalDistance":2847146}
{"deviceid":"b81e905908354542","eventtype":"distance","timestamp":1456248415476,"userid":"vincent.planat@hpe.com","trainingMode":"WALKING","currentMotion":2,"pace":666.0,"speed":150.0,"totalDistance":2848532}
{"deviceid":"b81e905908354542","eventtype":"distance","timestamp":1456248387297,"userid":"vincent.planat@hpe.com","trainingMode":"WALKING","currentMotion":1,"pace":0.0,"speed":0.0,"totalDistance":2844528}
{"deviceid":"b81e905908354542","eventtype":"distance","timestamp":1456248387278,"userid":"vincent.planat@hpe.com","trainingMode":"WALKING","currentMotion":1,"pace":0.0,"speed":0.0,"totalDistance":2844528}
{"deviceid":"b81e905908354542","eventtype":"distance","timestamp":1456248413870,"userid":"vincent.planat@hpe.com","trainingMode":"WALKING","currentMotion":2,"pace":666.0,"speed":150.0,"totalDistance":2848224}
{"deviceid":"b81e905908354542","eventtype":"distance","timestamp":1456248390288,"userid":"vincent.planat@hpe.com","trainingMode":"WALKING","currentMotion":1,"pace":0.0,"speed":0.0,"totalDistance":2844528}
{"deviceid":"b81e905908354542","eventtype":"distance","timestamp":1456248396717,"userid":"vincent.planat@hpe.com","trainingMode":"WALKING","currentMotion":2,"pace":1234.0,"speed":81.0,"totalDistance":2845606}
{"deviceid":"b81e905908354542","eventtype":"distance","timestamp":1456248399337,"userid":"vincent.planat@hpe.com","trainingMode":"WALKING","currentMotion":2,"pace":862.0,"speed":116.0,"totalDistance":2846068}
{"deviceid":"b81e905908354542","eventtype":"distance","timestamp":1456248426665,"userid":"vincent.planat@hpe.com","trainingMode":"WALKING","currentMotion":2,"pace":689.0,"speed":145.0,"totalDistance":2850150}
{"deviceid":"b81e905908354542","eventtype":"distance","timestamp":1456248412131,"userid":"vincent.planat@hpe.com","trainingMode":"WALKING","currentMotion":2,"pace":666.0,"speed":150.0,"totalDistance":2847916}
{"deviceid":"b81e905908354542","eventtype":"distance","timestamp":1456248409492,"userid":"vincent.planat@hpe.com","trainingMode":"WALKING","currentMotion":2,"pace":666.0,"speed":150.0,"totalDistance":2847608}
{"deviceid":"b81e905908354542","eventtype":"distance","timestamp":1456248420055,"userid":"vincent.planat@hpe.com","trainingMode":"WALKING","currentMotion":2,"pace":666.0,"speed":150.0,"totalDistance":2849128}
{"deviceid":"b81e905908354542","eventtype":"distance","timestamp":1456248423614,"userid":"vincent.planat@hpe.com","trainingMode":"WALKING","currentMotion":2,"pace":675.0,"speed":148.0,"totalDistance":2849712}
{"deviceid":"b81e905908354542","eventtype":"distance","timestamp":1456248415474,"userid":"vincent.planat@hpe.com","trainingMode":"WALKING","currentMotion":2,"pace":666.0,"speed":150.0,"totalDistance":2848532}
{"deviceid":"b81e905908354542","eventtype":"distance","timestamp":1456248414707,"userid":"vincent.planat@hpe.com","trainingMode":"WALKING","currentMotion":2,"pace":666.0,"speed":150.0,"totalDistance":2848378}
{"deviceid":"b81e905908354542","eventtype":"distance","timestamp":1456248423633,"userid":"vincent.planat@hpe.com","trainingMode":"WALKING","currentMotion":2,"pace":675.0,"speed":148.0,"totalDistance":2849712}
{"deviceid":"b81e905908354542","eventtype":"distance","timestamp":1456248424530,"userid":"vincent.planat@hpe.com","trainingMode":"WALKING","currentMotion":2,"pace":680.0,"speed":147.0,"totalDistance":2849858}
{"deviceid":"b81e905908354542","eventtype":"distance","timestamp":1456248379652,"userid":"vincent.planat@hpe.com","trainingMode":"WALKING","currentMotion":1,"pace":0.0,"speed":2.0,"totalDistance":2844528}
{"deviceid":"b81e905908354542","eventtype":"distance","timestamp":1456248383796,"userid":"vincent.planat@hpe.com","trainingMode":"WALKING","currentMotion":1,"pace":0.0,"speed":0.0,"totalDistance":2844528}
{"deviceid":"b81e905908354542","eventtype":"distance","timestamp":1456248392313,"userid":"vincent.planat@hpe.com","trainingMode":"WALKING","currentMotion":1,"pace":0.0,"speed":0.0,"totalDistance":2844528}
{"deviceid":"b81e905908354542","eventtype":"distance","timestamp":1456248388330,"userid":"vincent.planat@hpe.com","trainingMode":"WALKING","currentMotion":1,"pace":0.0,"speed":0.0,"totalDistance":2844528}
{"deviceid":"b81e905908354542","eventtype":"distance","timestamp":1456248389336,"userid":"vincent.planat@hpe.com","trainingMode":"WALKING","currentMotion":1,"pace":0.0,"speed":0.0,"totalDistance":2844528}
{"deviceid":"b81e905908354542","eventtype":"distance","timestamp":1456248402500,"userid":"vincent.planat@hpe.com","trainingMode":"WALKING","currentMotion":2,"pace":746.0,"speed":134.0,"totalDistance":2846530}
{"deviceid":"b81e905908354542","eventtype":"distance","timestamp":1456248412101,"userid":"vincent.planat@hpe.com","trainingMode":"WALKING","currentMotion":2,"pace":666.0,"speed":150.0,"totalDistance":2847916}
{"deviceid":"b81e905908354542","eventtype":"distance","timestamp":1456248404416,"userid":"vincent.planat@hpe.com","trainingMode":"WALKING","currentMotion":2,"pace":704.0,"speed":142.0,"totalDistance":2846838}
{"deviceid":"b81e905908354542","eventtype":"distance","timestamp":1456248426647,"userid":"vincent.planat@hpe.com","trainingMode":"WALKING","currentMotion":2,"pace":689.0,"speed":145.0,"totalDistance":2850150}
{"deviceid":"b81e905908354542","eventtype":"distance","timestamp":1456248379635,"userid":"vincent.planat@hpe.com","trainingMode":"WALKING","currentMotion":1,"pace":0.0,"speed":2.0,"totalDistance":2844528}
{"deviceid":"b81e905908354542","eventtype":"distance","timestamp":1456248425827,"userid":"vincent.planat@hpe.com","trainingMode":"WALKING","currentMotion":2,"pace":684.0,"speed":146.0,"totalDistance":2850004}
{"deviceid":"b81e905908354542","eventtype":"distance","timestamp":1456248400391,"userid":"vincent.planat@hpe.com","trainingMode":"WALKING","currentMotion":2,"pace":813.0,"speed":123.0,"totalDistance":2846222}
{"deviceid":"b81e905908354542","eventtype":"distance","timestamp":1456248382949,"userid":"vincent.planat@hpe.com","trainingMode":"WALKING","currentMotion":1,"pace":0.0,"speed":0.0,"totalDistance":2844528}
{"deviceid":"b81e905908354542","eventtype":"distance","timestamp":1456248428559,"userid":"vincent.planat@hpe.com","trainingMode":"WALKING","currentMotion":2,"pace":694.0,"speed":144.0,"totalDistance":2850442}
{"deviceid":"b81e905908354542","eventtype":"distance","timestamp":1456248381364,"userid":"vincent.planat@hpe.com","trainingMode":"WALKING","currentMotion":1,"pace":0.0,"speed":0.0,"totalDistance":2844528}
{"deviceid":"b81e905908354542","eventtype":"distance","timestamp":1456248407419,"userid":"vincent.planat@hpe.com","trainingMode":"WALKING","currentMotion":2,"pace":675.0,"speed":148.0,"totalDistance":2847300}
{"deviceid":"b81e905908354542","eventtype":"distance","timestamp":1456248407433,"userid":"vincent.planat@hpe.com","trainingMode":"WALKING","currentMotion":2,"pace":675.0,"speed":148.0,"totalDistance":2847300}
{"deviceid":"b81e905908354542","eventtype":"distance","timestamp":1456248421064,"userid":"vincent.planat@hpe.com","trainingMode":"WALKING","currentMotion":2,"pace":666.0,"speed":150.0,"totalDistance":2849274}
{"deviceid":"b81e905908354542","eventtype":"distance","timestamp":1456248420078,"userid":"vincent.planat@hpe.com","trainingMode":"WALKING","currentMotion":2,"pace":666.0,"speed":150.0,"totalDistance":2849128}
{"deviceid":"b81e905908354542","eventtype":"distance","timestamp":1456248410506,"userid":"vincent.planat@hpe.com","trainingMode":"WALKING","currentMotion":2,"pace":666.0,"speed":150.0,"totalDistance":2847762}
{"deviceid":"b81e905908354542","eventtype":"distance","timestamp":1456248395842,"userid":"vincent.planat@hpe.com","trainingMode":"WALKING","currentMotion":2,"pace":1612.0,"speed":62.0,"totalDistance":2845452}
{"deviceid":"b81e905908354542","eventtype":"distance","timestamp":1456248394333,"userid":"vincent.planat@hpe.com","trainingMode":"WALKING","currentMotion":2,"pace":2777.0,"speed":36.0,"totalDistance":2845298}
{"deviceid":"b81e905908354542","eventtype":"distance","timestamp":1456248405444,"userid":"vincent.planat@hpe.com","trainingMode":"WALKING","currentMotion":2,"pace":689.0,"speed":145.0,"totalDistance":2846992}
{"deviceid":"b81e905908354542","eventtype":"distance","timestamp":1456248391286,"userid":"vincent.planat@hpe.com","trainingMode":"WALKING","currentMotion":1,"pace":0.0,"speed":0.0,"totalDistance":2844528}
{"deviceid":"b81e905908354542","eventtype":"distance","timestamp":1456248419270,"userid":"vincent.planat@hpe.com","trainingMode":"WALKING","currentMotion":2,"pace":666.0,"speed":150.0,"totalDistance":2848982}
{"deviceid":"b81e905908354542","eventtype":"distance","timestamp":1456248403394,"userid":"vincent.planat@hpe.com","trainingMode":"WALKING","currentMotion":2,"pace":724.0,"speed":138.0,"totalDistance":2846684}
{"deviceid":"b81e905908354542","eventtype":"distance","timestamp":1456248383781,"userid":"vincent.planat@hpe.com","trainingMode":"WALKING","currentMotion":1,"pace":0.0,"speed":0.0,"totalDistance":2844528}
{"deviceid":"b81e905908354542","eventtype":"distance","timestamp":1456248382139,"userid":"vincent.planat@hpe.com","trainingMode":"WALKING","currentMotion":1,"pace":0.0,"speed":0.0,"totalDistance":2844528}
{"deviceid":"b81e905908354542","eventtype":"distance","timestamp":1456248425850,"userid":"vincent.planat@hpe.com","trainingMode":"WALKING","currentMotion":2,"pace":684.0,"speed":146.0,"totalDistance":2850004}
{"deviceid":"b81e905908354542","eventtype":"distance","timestamp":1456248385628,"userid":"vincent.planat@hpe.com","trainingMode":"WALKING","currentMotion":1,"pace":0.0,"speed":0.0,"totalDistance":2844528}
{"deviceid":"b81e905908354542","eventtype":"distance","timestamp":1456248384597,"userid":"vincent.planat@hpe.com","trainingMode":"WALKING","currentMotion":1,"pace":0.0,"speed":0.0,"totalDistance":2844528}
{"deviceid":"b81e905908354542","eventtype":"distance","timestamp":1456248381344,"userid":"vincent.planat@hpe.com","trainingMode":"WALKING","currentMotion":1,"pace":0.0,"speed":0.0,"totalDistance":2844528}
{"deviceid":"b81e905908354542","eventtype":"distance","timestamp":1456248395862,"userid":"vincent.planat@hpe.com","trainingMode":"WALKING","currentMotion":2,"pace":1612.0,"speed":62.0,"totalDistance":2845452}
{"deviceid":"b81e905908354542","eventtype":"distance","timestamp":1456248417499,"userid":"vincent.planat@hpe.com","trainingMode":"WALKING","currentMotion":2,"pace":666.0,"speed":150.0,"totalDistance":2848840}
{"deviceid":"b81e905908354542","eventtype":"distance","timestamp":1456248382963,"userid":"vincent.planat@hpe.com","trainingMode":"WALKING","currentMotion":1,"pace":0.0,"speed":0.0,"totalDistance":2844528}
{"deviceid":"b81e905908354542","eventtype":"distance","timestamp":1456248421116,"userid":"vincent.planat@hpe.com","trainingMode":"WALKING","currentMotion":2,"pace":666.0,"speed":150.0,"totalDistance":2849274}
{"deviceid":"b81e905908354542","eventtype":"distance","timestamp":1456248406488,"userid":"vincent.planat@hpe.com","trainingMode":"WALKING","currentMotion":2,"pace":680.0,"speed":147.0,"totalDistance":2847146}
{"deviceid":"b81e905908354542","eventtype":"distance","timestamp":1456248398461,"userid":"vincent.planat@hpe.com","trainingMode":"WALKING","currentMotion":2,"pace":934.0,"speed":107.0,"totalDistance":2845914}
{"deviceid":"b81e905908354542","eventtype":"distance","timestamp":1456248394321,"userid":"vincent.planat@hpe.com","trainingMode":"WALKING","currentMotion":2,"pace":2777.0,"speed":36.0,"totalDistance":2845298}
{"deviceid":"b81e905908354542","eventtype":"distance","timestamp":1456248397578,"userid":"vincent.planat@hpe.com","trainingMode":"WALKING","currentMotion":2,"pace":1041.0,"speed":96.0,"totalDistance":2845760}
{"deviceid":"b81e905908354542","eventtype":"distance","timestamp":1456248413045,"userid":"vincent.planat@hpe.com","trainingMode":"WALKING","currentMotion":2,"pace":666.0,"speed":150.0,"totalDistance":2848070}
{"deviceid":"b81e905908354542","eventtype":"distance","timestamp":1456248393378,"userid":"vincent.planat@hpe.com","trainingMode":"WALKING","currentMotion":1,"pace":0.0,"speed":0.0,"totalDistance":2844528}
{"deviceid":"b81e905908354542","eventtype":"distance","timestamp":1456248388306,"userid":"vincent.planat@hpe.com","trainingMode":"WALKING","currentMotion":1,"pace":0.0,"speed":0.0,"totalDistance":2844528}
{"deviceid":"b81e905908354542","eventtype":"distance","timestamp":1456248417498,"userid":"vincent.planat@hpe.com","trainingMode":"WALKING","currentMotion":2,"pace":666.0,"speed":150.0,"totalDistance":2848840}
{"deviceid":"b81e905908354542","eventtype":"distance","timestamp":1456248389374,"userid":"vincent.planat@hpe.com","trainingMode":"WALKING","currentMotion":1,"pace":0.0,"speed":0.0,"totalDistance":2844528}
{"deviceid":"b81e905908354542","eventtype":"distance","timestamp":1456248413888,"userid":"vincent.planat@hpe.com","trainingMode":"WALKING","currentMotion":2,"pace":666.0,"speed":150.0,"totalDistance":2848224}
{"deviceid":"b81e905908354542","eventtype":"distance","timestamp":1456248386412,"userid":"vincent.planat@hpe.com","trainingMode":"WALKING","currentMotion":1,"pace":0.0,"speed":0.0,"totalDistance":2844528}
{"deviceid":"b81e905908354542","eventtype":"distance","timestamp":1456248380484,"userid":"vincent.planat@hpe.com","trainingMode":"WALKING","currentMotion":1,"pace":0.0,"speed":1.0,"totalDistance":2844528}
{"deviceid":"b81e905908354542","eventtype":"distance","timestamp":1456248396733,"userid":"vincent.planat@hpe.com","trainingMode":"WALKING","currentMotion":2,"pace":1234.0,"speed":81.0,"totalDistance":2845606}
{"deviceid":"b81e905908354542","eventtype":"distance","timestamp":1456248384577,"userid":"vincent.planat@hpe.com","trainingMode":"WALKING","currentMotion":1,"pace":0.0,"speed":0.0,"totalDistance":2844528}
{"deviceid":"b81e905908354542","eventtype":"distance","timestamp":1456248390285,"userid":"vincent.planat@hpe.com","trainingMode":"WALKING","currentMotion":1,"pace":0.0,"speed":0.0,"totalDistance":2844528}
{"deviceid":"b81e905908354542","eventtype":"distance","timestamp":1456248421878,"userid":"vincent.planat@hpe.com","trainingMode":"WALKING","currentMotion":2,"pace":671.0,"speed":149.0,"totalDistance":2849420}
{"deviceid":"b81e905908354542","eventtype":"distance","timestamp":1456248399345,"userid":"vincent.planat@hpe.com","trainingMode":"WALKING","currentMotion":2,"pace":862.0,"speed":116.0,"totalDistance":2846068}
{"deviceid":"b81e905908354542","eventtype":"distance","timestamp":1456248428558,"userid":"vincent.planat@hpe.com","trainingMode":"WALKING","currentMotion":2,"pace":694.0,"speed":144.0,"totalDistance":2850442}
{"deviceid":"b81e905908354542","eventtype":"distance","timestamp":1456248401670,"userid":"vincent.planat@hpe.com","trainingMode":"WALKING","currentMotion":2,"pace":775.0,"speed":129.0,"totalDistance":2846376}
{"deviceid":"b81e905908354542","eventtype":"distance","timestamp":1456248382120,"userid":"vincent.planat@hpe.com","trainingMode":"WALKING","currentMotion":1,"pace":0.0,"speed":0.0,"totalDistance":2844528}
{"deviceid":"b81e905908354542","eventtype":"distance","timestamp":1456248403393,"userid":"vincent.planat@hpe.com","trainingMode":"WALKING","currentMotion":2,"pace":724.0,"speed":138.0,"totalDistance":2846684}
{"deviceid":"b81e905908354542","eventtype":"distance","timestamp":1456248416483,"userid":"vincent.planat@hpe.com","trainingMode":"WALKING","currentMotion":2,"pace":666.0,"speed":150.0,"totalDistance":2848686}
{"deviceid":"b81e905908354542","eventtype":"distance","timestamp":1456248424540,"userid":"vincent.planat@hpe.com","trainingMode":"WALKING","currentMotion":2,"pace":680.0,"speed":147.0,"totalDistance":2849858}
{"deviceid":"b81e905908354542","eventtype":"distance","timestamp":1456248427619,"userid":"vincent.planat@hpe.com","trainingMode":"WALKING","currentMotion":2,"pace":694.0,"speed":144.0,"totalDistance":2850296}
{"deviceid":"b81e905908354542","eventtype":"distance","timestamp":1456248410489,"userid":"vincent.planat@hpe.com","trainingMode":"WALKING","currentMotion":2,"pace":666.0,"speed":150.0,"totalDistance":2847762}
{"deviceid":"b81e905908354542","eventtype":"distance","timestamp":1456248422718,"userid":"vincent.planat@hpe.com","trainingMode":"WALKING","currentMotion":2,"pace":675.0,"speed":148.0,"totalDistance":2849566}
{"deviceid":"b81e905908354542","eventtype":"distance","timestamp":1456248421923,"userid":"vincent.planat@hpe.com","trainingMode":"WALKING","currentMotion":2,"pace":671.0,"speed":149.0,"totalDistance":2849420}
{"deviceid":"b81e905908354542","eventtype":"distance","timestamp":1456248409512,"userid":"vincent.planat@hpe.com","trainingMode":"WALKING","currentMotion":2,"pace":666.0,"speed":150.0,"totalDistance":2847608}
{"deviceid":"b81e905908354542","eventtype":"distance","timestamp":1456248398475,"userid":"vincent.planat@hpe.com","trainingMode":"WALKING","currentMotion":2,"pace":934.0,"speed":107.0,"totalDistance":2845914}
