{"deviceid":"b81e905908354542","eventtype":"distance","timestamp":1456248350483,"userid":"vincent.planat@hpe.com","trainingMode":"WALKING_UP","currentMotion":2,"pace":813.0,"speed":123.0,"totalDistance":2842942}
{"deviceid":"b81e905908354542","eventtype":"distance","timestamp":1456248355160,"userid":"vincent.planat@hpe.com","trainingMode":"WALKING_UP","currentMotion":2,"pace":699.0,"speed":143.0,"totalDistance":2843798}
{"deviceid":"b81e905908354542","eventtype":"distance","timestamp":1456248363213,"userid":"vincent.planat@hpe.com","trainingMode":"WALKING_UP","currentMotion":1,"pace":862.0,"speed":116.0,"totalDistance":2844374}
{"deviceid":"b81e905908354542","eventtype":"distance","timestamp":1456248363199,"userid":"vincent.planat@hpe.com","trainingMode":"WALKING_UP","currentMotion":1,"pace":862.0,"speed":116.0,"totalDistance":2844374}
{"deviceid":"b81e905908354542","eventtype":"distance","timestamp":1456248361098,"userid":"vincent.planat@hpe.com","trainingMode":"WALKING_UP","currentMotion":2,"pace":729.0,"speed":137.0,"totalDistance":2844374}
{"deviceid":"b81e905908354542","eventtype":"distance","timestamp":1456248356058,"userid":"vincent.planat@hpe.com","trainingMode":"WALKING_UP","currentMotion":2,"pace":684.0,"speed":146.0,"totalDistance":2843940}
{"deviceid":"b81e905908354542","eventtype":"distance","timestamp":1456248366703,"userid":"vincent.planat@hpe.com","trainingMode":"WALKING_UP","currentMotion":1,"pace":1190.0,"speed":84.0,"totalDistance":2844528}
{"deviceid":"b81e905908354542","eventtype":"distance","timestamp":1456248346992,"userid":"vincent.planat@hpe.com","trainingMode":"WALKING_UP","currentMotion":2,"pace":909.0,"speed":110.0,"totalDistance":2842508}
{"deviceid":"b81e905908354542","eventtype":"distance","timestamp":1456248351345,"userid":"vincent.planat@hpe.com","trainingMode":"WALKING_UP","currentMotion":2,"pace":787.0,"speed":127.0,"totalDistance":2843088}
{"deviceid":"b81e905908354542","eventtype":"distance","timestamp":1456248351327,"userid":"vincent.planat@hpe.com","trainingMode":"WALKING_UP","currentMotion":2,"pace":787.0,"speed":127.0,"totalDistance":2843088}
{"deviceid":"b81e905908354542","eventtype":"distance","timestamp":1456248339994,"userid":"vincent.planat@hpe.com","trainingMode":"WALKING_UP","currentMotion":1,"pace":1315.0,"speed":76.0,"totalDistance":2841222}
{"deviceid":"b81e905908354542","eventtype":"distance","timestamp":1456248344320,"userid":"vincent.planat@hpe.com","trainingMode":"WALKING_UP","currentMotion":2,"pace":1136.0,"speed":88.0,"totalDistance":2842224}
{"deviceid":"b81e905908354542","eventtype":"distance","timestamp":1456248340921,"userid":"vincent.planat@hpe.com","trainingMode":"WALKING_UP","currentMotion":1,"pace":1612.0,"speed":62.0,"totalDistance":2841222}
{"deviceid":"b81e905908354542","eventtype":"distance","timestamp":1456248358237,"userid":"vincent.planat@hpe.com","trainingMode":"WALKING_UP","currentMotion":2,"pace":699.0,"speed":143.0,"totalDistance":2844086}
{"deviceid":"b81e905908354542","eventtype":"distance","timestamp":1456248354025,"userid":"vincent.planat@hpe.com","trainingMode":"WALKING_UP","currentMotion":2,"pace":724.0,"speed":138.0,"totalDistance":2843644}
{"deviceid":"b81e905908354542","eventtype":"distance","timestamp":1456248337180,"userid":"vincent.planat@hpe.com","trainingMode":"WALKING_UP","currentMotion":1,"pace":869.0,"speed":115.0,"totalDistance":2841222}
{"deviceid":"b81e905908354542","eventtype":"distance","timestamp":1456248365872,"userid":"vincent.planat@hpe.com","trainingMode":"WALKING_UP","currentMotion":2,"pace":1041.0,"speed":96.0,"totalDistance":2844528}
{"deviceid":"b81e905908354542","eventtype":"distance","timestamp":1456248359121,"userid":"vincent.planat@hpe.com","trainingMode":"WALKING_UP","currentMotion":2,"pace":704.0,"speed":142.0,"totalDistance":2844232}
{"deviceid":"b81e905908354542","eventtype":"distance","timestamp":1456248355177,"userid":"vincent.planat@hpe.com","trainingMode":"WALKING_UP","currentMotion":2,"pace":699.0,"speed":143.0,"totalDistance":2843798}
{"deviceid":"b81e905908354542","eventtype":"distance","timestamp":1456248347007,"userid":"vincent.planat@hpe.com","trainingMode":"WALKING_UP","currentMotion":2,"pace":909.0,"speed":110.0,"totalDistance":2842508}
{"deviceid":"b81e905908354542","eventtype":"distance","timestamp":1456248364183,"userid":"vincent.planat@hpe.com","trainingMode":"WALKING_UP","currentMotion":2,"pace":934.0,"speed":107.0,"totalDistance":2844528}
{"deviceid":"b81e905908354542","eventtype":"distance","timestamp":1456248354012,"userid":"vincent.planat@hpe.com","trainingMode":"WALKING_UP","currentMotion":2,"pace":724.0,"speed":138.0,"totalDistance":2843644}
{"deviceid":"b81e905908354542","eventtype":"distance","timestamp":1456248358173,"userid":"vincent.planat@hpe.com","trainingMode":"WALKING_UP","currentMotion":2,"pace":699.0,"speed":143.0,"totalDistance":2844086}
{"deviceid":"b81e905908354542","eventtype":"distance","timestamp":1456248348661,"userid":"vincent.planat@hpe.com","trainingMode":"WALKING_UP","currentMotion":2,"pace":869.0,"speed":115.0,"totalDistance":2842654}
{"deviceid":"b81e905908354542","eventtype":"distance","timestamp":1456248349604,"userid":"vincent.planat@hpe.com","trainingMode":"WALKING_UP","currentMotion":2,"pace":840.0,"speed":119.0,"totalDistance":2842800}
{"deviceid":"b81e905908354542","eventtype":"distance","timestamp":1456248345136,"userid":"vincent.planat@hpe.com","trainingMode":"WALKING_UP","currentMotion":2,"pace":1030.0,"speed":97.0,"totalDistance":2842224}
{"deviceid":"b81e905908354542","eventtype":"distance","timestamp":1456248368344,"userid":"vincent.planat@hpe.com","trainingMode":"WALKING_UP","currentMotion":1,"pace":1515.0,"speed":66.0,"totalDistance":2844528}
{"deviceid":"b81e905908354542","eventtype":"distance","timestamp":1456248345120,"userid":"vincent.planat@hpe.com","trainingMode":"WALKING_UP","currentMotion":2,"pace":1030.0,"speed":97.0,"totalDistance":2842224}
{"deviceid":"b81e905908354542","eventtype":"distance","timestamp":1456248368324,"userid":"vincent.planat@hpe.com","trainingMode":"WALKING_UP","currentMotion":1,"pace":1515.0,"speed":66.0,"totalDistance":2844528}
{"deviceid":"b81e905908354542","eventtype":"distance","timestamp":1456248353000,"userid":"vincent.planat@hpe.com","trainingMode":"WALKING_UP","currentMotion":2,"pace":729.0,"speed":137.0,"totalDistance":2843498}
{"deviceid":"b81e905908354542","eventtype":"distance","timestamp":1456248359108,"userid":"vincent.planat@hpe.com","trainingMode":"WALKING_UP","currentMotion":2,"pace":704.0,"speed":142.0,"totalDistance":2844232}
{"deviceid":"b81e905908354542","eventtype":"distance","timestamp":1456248362118,"userid":"vincent.planat@hpe.com","trainingMode":"WALKING_UP","currentMotion":1,"pace":775.0,"speed":129.0,"totalDistance":2844374}
{"deviceid":"b81e905908354542","eventtype":"distance","timestamp":1456248337173,"userid":"vincent.planat@hpe.com","trainingMode":"WALKING_UP","currentMotion":1,"pace":869.0,"speed":115.0,"totalDistance":2841222}
{"deviceid":"b81e905908354542","eventtype":"distance","timestamp":1456248342725,"userid":"vincent.planat@hpe.com","trainingMode":"WALKING_UP","currentMotion":1,"pace":1923.0,"speed":52.0,"totalDistance":2841222}
{"deviceid":"b81e905908354542","eventtype":"distance","timestamp":1456248350470,"userid":"vincent.planat@hpe.com","trainingMode":"WALKING_UP","currentMotion":2,"pace":813.0,"speed":123.0,"totalDistance":2842942}
{"deviceid":"b81e905908354542","eventtype":"distance","timestamp":1456248343515,"userid":"vincent.planat@hpe.com","trainingMode":"WALKING_UP","currentMotion":2,"pace":1428.0,"speed":70.0,"totalDistance":2841932}
{"deviceid":"b81e905908354542","eventtype":"distance","timestamp":1456248367524,"userid":"vincent.planat@hpe.com","trainingMode":"WALKING_UP","currentMotion":1,"pace":1315.0,"speed":76.0,"totalDistance":2844528}
{"deviceid":"b81e905908354542","eventtype":"distance","timestamp":1456248362134,"userid":"vincent.planat@hpe.com","trainingMode":"WALKING_UP","currentMotion":1,"pace":775.0,"speed":129.0,"totalDistance":2844374}
{"deviceid":"b81e905908354542","eventtype":"distance","timestamp":1456248357108,"userid":"vincent.planat@hpe.com","trainingMode":"WALKING_UP","currentMotion":2,"pace":694.0,"speed":144.0,"totalDistance":2843940}
{"deviceid":"b81e905908354542","eventtype":"distance","timestamp":1456248340011,"userid":"vincent.planat@hpe.com","trainingMode":"WALKING_UP","currentMotion":1,"pace":1315.0,"speed":76.0,"totalDistance":2841222}
{"deviceid":"b81e905908354542","eventtype":"distance","timestamp":1456248338000,"userid":"vincent.planat@hpe.com","trainingMode":"WALKING_UP","currentMotion":1,"pace":970.0,"speed":103.0,"totalDistance":2841222}
{"deviceid":"b81e905908354542","eventtype":"distance","timestamp":1456248337985,"userid":"vincent.planat@hpe.com","trainingMode":"WALKING_UP","currentMotion":1,"pace":970.0,"speed":103.0,"totalDistance":2841222}
{"deviceid":"b81e905908354542","eventtype":"distance","timestamp":1456248360165,"userid":"vincent.planat@hpe.com","trainingMode":"WALKING_UP","currentMotion":2,"pace":704.0,"speed":142.0,"totalDistance":2844374}
{"deviceid":"b81e905908354542","eventtype":"distance","timestamp":1456248338864,"userid":"vincent.planat@hpe.com","trainingMode":"WALKING_UP","currentMotion":1,"pace":1111.0,"speed":90.0,"totalDistance":2841222}
{"deviceid":"b81e905908354542","eventtype":"distance","timestamp":1456248352055,"userid":"vincent.planat@hpe.com","trainingMode":"WALKING_UP","currentMotion":2,"pace":769.0,"speed":130.0,"totalDistance":2843230}
{"deviceid":"b81e905908354542","eventtype":"distance","timestamp":1456248344337,"userid":"vincent.planat@hpe.com","trainingMode":"WALKING_UP","currentMotion":2,"pace":1136.0,"speed":88.0,"totalDistance":2842224}
{"deviceid":"b81e905908354542","eventtype":"distance","timestamp":1456248346027,"userid":"vincent.planat@hpe.com","trainingMode":"WALKING_UP","currentMotion":2,"pace":961.0,"speed":104.0,"totalDistance":2842366}
{"deviceid":"b81e905908354542","eventtype":"distance","timestamp":1456248361110,"userid":"vincent.planat@hpe.com","trainingMode":"WALKING_UP","currentMotion":2,"pace":729.0,"speed":137.0,"totalDistance":2844374}
{"deviceid":"b81e905908354542","eventtype":"distance","timestamp":1456248360181,"userid":"vincent.planat@hpe.com","trainingMode":"WALKING_UP","currentMotion":2,"pace":704.0,"speed":142.0,"totalDistance":2844374}
{"deviceid":"b81e905908354542","eventtype":"distance","timestamp":1456248357125,"userid":"vincent.planat@hpe.com","trainingMode":"WALKING_UP","currentMotion":2,"pace":694.0,"speed":144.0,"totalDistance":2843940}
{"deviceid":"b81e905908354542","eventtype":"distance","timestamp":1456248352075,"userid":"vincent.planat@hpe.com","trainingMode":"WALKING_UP","currentMotion":2,"pace":769.0,"speed":130.0,"totalDistance":2843230}
{"deviceid":"b81e905908354542","eventtype":"distance","timestamp":1456248342702,"userid":"vincent.planat@hpe.com","trainingMode":"WALKING_UP","currentMotion":1,"pace":1923.0,"speed":52.0,"totalDistance":2841222}
{"deviceid":"b81e905908354542","eventtype":"distance","timestamp":1456248343533,"userid":"vincent.planat@hpe.com","trainingMode":"WALKING_UP","currentMotion":2,"pace":1428.0,"speed":70.0,"totalDistance":2841932}
{"deviceid":"b81e905908354542","eventtype":"distance","timestamp":1456248346008,"userid":"vincent.planat@hpe.com","trainingMode":"WALKING_UP","currentMotion":2,"pace":961.0,"speed":104.0,"totalDistance":2842366}
{"deviceid":"b81e905908354542","eventtype":"distance","timestamp":1456248340907,"userid":"vincent.planat@hpe.com","trainingMode":"WALKING_UP","currentMotion":1,"pace":1612.0,"speed":62.0,"totalDistance":2841222}
{"deviceid":"b81e905908354542","eventtype":"distance","timestamp":1456248353013,"userid":"vincent.planat@hpe.com","trainingMode":"WALKING_UP","currentMotion":2,"pace":729.0,"speed":137.0,"totalDistance":2843498}
{"deviceid":"b81e905908354542","eventtype":"distance","timestamp":1456248366720,"userid":"vincent.planat@hpe.com","trainingMode":"WALKING_UP","currentMotion":1,"pace":1190.0,"speed":84.0,"totalDistance":2844528}
{"deviceid":"b81e905908354542","eventtype":"distance","timestamp":1456248364200,"userid":"vincent.planat@hpe.com","trainingMode":"WALKING_UP","currentMotion":2,"pace":934.0,"speed":107.0,"totalDistance":2844528}
{"deviceid":"b81e905908354542","eventtype":"distance","timestamp":1456248356076,"userid":"vincent.planat@hpe.com","trainingMode":"WALKING_UP","currentMotion":2,"pace":684.0,"speed":146.0,"totalDistance":2843940}
{"deviceid":"b81e905908354542","eventtype":"distance","timestamp":1456248367538,"userid":"vincent.planat@hpe.com","trainingMode":"WALKING_UP","currentMotion":1,"pace":1315.0,"speed":76.0,"totalDistance":2844528}
{"deviceid":"b81e905908354542","eventtype":"distance","timestamp":1456248349622,"userid":"vincent.planat@hpe.com","trainingMode":"WALKING_UP","currentMotion":2,"pace":840.0,"speed":119.0,"totalDistance":2842800}
{"deviceid":"b81e905908354542","eventtype":"distance","timestamp":1456248338867,"userid":"vincent.planat@hpe.com","trainingMode":"WALKING_UP","currentMotion":1,"pace":1111.0,"speed":90.0,"totalDistance":2841222}
{"deviceid":"b81e905908354542","eventtype":"distance","timestamp":1456248365849,"userid":"vincent.planat@hpe.com","trainingMode":"WALKING_UP","currentMotion":2,"pace":1041.0,"speed":96.0,"totalDistance":2844528}
{"deviceid":"b81e905908354542","eventtype":"distance","timestamp":1456248348692,"userid":"vincent.planat@hpe.com","trainingMode":"WALKING_UP","currentMotion":2,"pace":869.0,"speed":115.0,"totalDistance":2842654}
