{"deviceid":"b81e905908354542","eventtype":"distance","timestamp":1456248581325,"userid":"vincent.planat@hpe.com","trainingMode":"WALKING","currentMotion":1,"pace":0.0,"speed":6.0,"totalDistance":2864586}
{"deviceid":"b81e905908354542","eventtype":"distance","timestamp":1456248609161,"userid":"vincent.planat@hpe.com","trainingMode":"WALKING","currentMotion":2,"pace":714.0,"speed":140.0,"totalDistance":2868670}
{"deviceid":"b81e905908354542","eventtype":"distance","timestamp":1456248583897,"userid":"vincent.planat@hpe.com","trainingMode":"WALKING","currentMotion":1,"pace":0.0,"speed":1.0,"totalDistance":2864586}
{"deviceid":"b81e905908354542","eventtype":"distance","timestamp":1456248594976,"userid":"vincent.planat@hpe.com","trainingMode":"WALKING","currentMotion":2,"pace":813.0,"speed":123.0,"totalDistance":2866662}
{"deviceid":"b81e905908354542","eventtype":"distance","timestamp":1456248587948,"userid":"vincent.planat@hpe.com","trainingMode":"WALKING","currentMotion":2,"pace":1041.0,"speed":96.0,"totalDistance":2865794}
{"deviceid":"b81e905908354542","eventtype":"distance","timestamp":1456248569714,"userid":"vincent.planat@hpe.com","trainingMode":"WALKING_UP","currentMotion":1,"pace":952.0,"speed":105.0,"totalDistance":2864586}
{"deviceid":"b81e905908354542","eventtype":"distance","timestamp":1456248575823,"userid":"vincent.planat@hpe.com","trainingMode":"WALKING","currentMotion":1,"pace":2439.0,"speed":41.0,"totalDistance":2864586}
{"deviceid":"b81e905908354542","eventtype":"distance","timestamp":1456248577779,"userid":"vincent.planat@hpe.com","trainingMode":"WALKING","currentMotion":1,"pace":0.0,"speed":19.0,"totalDistance":2864586}
{"deviceid":"b81e905908354542","eventtype":"distance","timestamp":1456248593030,"userid":"vincent.planat@hpe.com","trainingMode":"WALKING","currentMotion":2,"pace":854.0,"speed":117.0,"totalDistance":2866378}
{"deviceid":"b81e905908354542","eventtype":"distance","timestamp":1456248564973,"userid":"vincent.planat@hpe.com","trainingMode":"WALKING_UP","currentMotion":2,"pace":854.0,"speed":117.0,"totalDistance":2864278}
{"deviceid":"b81e905908354542","eventtype":"distance","timestamp":1456248583044,"userid":"vincent.planat@hpe.com","trainingMode":"WALKING","currentMotion":1,"pace":0.0,"speed":2.0,"totalDistance":2864586}
{"deviceid":"b81e905908354542","eventtype":"distance","timestamp":1456248596028,"userid":"vincent.planat@hpe.com","trainingMode":"WALKING","currentMotion":2,"pace":806.0,"speed":124.0,"totalDistance":2866804}
{"deviceid":"b81e905908354542","eventtype":"distance","timestamp":1456248597099,"userid":"vincent.planat@hpe.com","trainingMode":"WALKING","currentMotion":2,"pace":800.0,"speed":125.0,"totalDistance":2866946}
{"deviceid":"b81e905908354542","eventtype":"distance","timestamp":1456248571737,"userid":"vincent.planat@hpe.com","trainingMode":"WALKING_UP","currentMotion":1,"pace":1190.0,"speed":84.0,"totalDistance":2864586}
{"deviceid":"b81e905908354542","eventtype":"distance","timestamp":1456248566691,"userid":"vincent.planat@hpe.com","trainingMode":"WALKING_UP","currentMotion":2,"pace":819.0,"speed":122.0,"totalDistance":2864586}
{"deviceid":"b81e905908354542","eventtype":"distance","timestamp":1456248608069,"userid":"vincent.planat@hpe.com","trainingMode":"WALKING","currentMotion":2,"pace":719.0,"speed":139.0,"totalDistance":2868524}
{"deviceid":"b81e905908354542","eventtype":"distance","timestamp":1456248574848,"userid":"vincent.planat@hpe.com","trainingMode":"WALKING","currentMotion":1,"pace":1886.0,"speed":53.0,"totalDistance":2864586}
{"deviceid":"b81e905908354542","eventtype":"distance","timestamp":1456248587902,"userid":"vincent.planat@hpe.com","trainingMode":"WALKING","currentMotion":2,"pace":1041.0,"speed":96.0,"totalDistance":2865794}
{"deviceid":"b81e905908354542","eventtype":"distance","timestamp":1456248585848,"userid":"vincent.planat@hpe.com","trainingMode":"WALKING","currentMotion":2,"pace":1587.0,"speed":63.0,"totalDistance":2865502}
{"deviceid":"b81e905908354542","eventtype":"distance","timestamp":1456248566714,"userid":"vincent.planat@hpe.com","trainingMode":"WALKING_UP","currentMotion":2,"pace":819.0,"speed":122.0,"totalDistance":2864586}
{"deviceid":"b81e905908354542","eventtype":"distance","timestamp":1456248565767,"userid":"vincent.planat@hpe.com","trainingMode":"WALKING_UP","currentMotion":2,"pace":840.0,"speed":119.0,"totalDistance":2864432}
{"deviceid":"b81e905908354542","eventtype":"distance","timestamp":1456248572733,"userid":"vincent.planat@hpe.com","trainingMode":"WALKING_UP","currentMotion":1,"pace":1388.0,"speed":72.0,"totalDistance":2864586}
{"deviceid":"b81e905908354542","eventtype":"distance","timestamp":1456248584904,"userid":"vincent.planat@hpe.com","trainingMode":"WALKING","currentMotion":2,"pace":2702.0,"speed":37.0,"totalDistance":2865356}
{"deviceid":"b81e905908354542","eventtype":"distance","timestamp":1456248606217,"userid":"vincent.planat@hpe.com","trainingMode":"WALKING","currentMotion":2,"pace":719.0,"speed":139.0,"totalDistance":2868232}
{"deviceid":"b81e905908354542","eventtype":"distance","timestamp":1456248575841,"userid":"vincent.planat@hpe.com","trainingMode":"WALKING","currentMotion":1,"pace":2439.0,"speed":41.0,"totalDistance":2864586}
{"deviceid":"b81e905908354542","eventtype":"distance","timestamp":1456248592011,"userid":"vincent.planat@hpe.com","trainingMode":"WALKING","currentMotion":2,"pace":877.0,"speed":114.0,"totalDistance":2866232}
{"deviceid":"b81e905908354542","eventtype":"distance","timestamp":1456248564959,"userid":"vincent.planat@hpe.com","trainingMode":"WALKING_UP","currentMotion":2,"pace":854.0,"speed":117.0,"totalDistance":2864278}
{"deviceid":"b81e905908354542","eventtype":"distance","timestamp":1456248579805,"userid":"vincent.planat@hpe.com","trainingMode":"WALKING","currentMotion":1,"pace":0.0,"speed":9.0,"totalDistance":2864586}
{"deviceid":"b81e905908354542","eventtype":"distance","timestamp":1456248569709,"userid":"vincent.planat@hpe.com","trainingMode":"WALKING_UP","currentMotion":1,"pace":952.0,"speed":105.0,"totalDistance":2864586}
{"deviceid":"b81e905908354542","eventtype":"distance","timestamp":1456248601072,"userid":"vincent.planat@hpe.com","trainingMode":"WALKING","currentMotion":2,"pace":719.0,"speed":139.0,"totalDistance":2867656}
{"deviceid":"b81e905908354542","eventtype":"distance","timestamp":1456248586855,"userid":"vincent.planat@hpe.com","trainingMode":"WALKING","currentMotion":2,"pace":1219.0,"speed":82.0,"totalDistance":2865648}
{"deviceid":"b81e905908354542","eventtype":"distance","timestamp":1456248606161,"userid":"vincent.planat@hpe.com","trainingMode":"WALKING","currentMotion":2,"pace":719.0,"speed":139.0,"totalDistance":2868232}
{"deviceid":"b81e905908354542","eventtype":"distance","timestamp":1456248579818,"userid":"vincent.planat@hpe.com","trainingMode":"WALKING","currentMotion":1,"pace":0.0,"speed":9.0,"totalDistance":2864586}
{"deviceid":"b81e905908354542","eventtype":"distance","timestamp":1456248602101,"userid":"vincent.planat@hpe.com","trainingMode":"WALKING","currentMotion":2,"pace":719.0,"speed":139.0,"totalDistance":2867656}
{"deviceid":"b81e905908354542","eventtype":"distance","timestamp":1456248585849,"userid":"vincent.planat@hpe.com","trainingMode":"WALKING","currentMotion":2,"pace":1587.0,"speed":63.0,"totalDistance":2865502}
{"deviceid":"b81e905908354542","eventtype":"distance","timestamp":1456248573886,"userid":"vincent.planat@hpe.com","trainingMode":"WALKING","currentMotion":1,"pace":1587.0,"speed":63.0,"totalDistance":2864586}
{"deviceid":"b81e905908354542","eventtype":"distance","timestamp":1456248597114,"userid":"vincent.planat@hpe.com","trainingMode":"WALKING","currentMotion":2,"pace":800.0,"speed":125.0,"totalDistance":2866946}
{"deviceid":"b81e905908354542","eventtype":"distance","timestamp":1456248600256,"userid":"vincent.planat@hpe.com","trainingMode":"WALKING","currentMotion":2,"pace":751.0,"speed":133.0,"totalDistance":2867372}
{"deviceid":"b81e905908354542","eventtype":"distance","timestamp":1456248582147,"userid":"vincent.planat@hpe.com","trainingMode":"WALKING","currentMotion":1,"pace":0.0,"speed":4.0,"totalDistance":2864586}
{"deviceid":"b81e905908354542","eventtype":"distance","timestamp":1456248593972,"userid":"vincent.planat@hpe.com","trainingMode":"WALKING","currentMotion":2,"pace":833.0,"speed":120.0,"totalDistance":2866520}
{"deviceid":"b81e905908354542","eventtype":"distance","timestamp":1456248589875,"userid":"vincent.planat@hpe.com","trainingMode":"WALKING","currentMotion":2,"pace":934.0,"speed":107.0,"totalDistance":2865940}
{"deviceid":"b81e905908354542","eventtype":"distance","timestamp":1456248598577,"userid":"vincent.planat@hpe.com","trainingMode":"WALKING","currentMotion":2,"pace":800.0,"speed":125.0,"totalDistance":2867088}
{"deviceid":"b81e905908354542","eventtype":"distance","timestamp":1456248576811,"userid":"vincent.planat@hpe.com","trainingMode":"WALKING","currentMotion":1,"pace":0.0,"speed":28.0,"totalDistance":2864586}
{"deviceid":"b81e905908354542","eventtype":"distance","timestamp":1456248570739,"userid":"vincent.planat@hpe.com","trainingMode":"WALKING_UP","currentMotion":1,"pace":1052.0,"speed":95.0,"totalDistance":2864586}
{"deviceid":"b81e905908354542","eventtype":"distance","timestamp":1456248588893,"userid":"vincent.planat@hpe.com","trainingMode":"WALKING","currentMotion":2,"pace":980.0,"speed":102.0,"totalDistance":2865794}
{"deviceid":"b81e905908354542","eventtype":"distance","timestamp":1456248589874,"userid":"vincent.planat@hpe.com","trainingMode":"WALKING","currentMotion":2,"pace":934.0,"speed":107.0,"totalDistance":2865940}
{"deviceid":"b81e905908354542","eventtype":"distance","timestamp":1456248605296,"userid":"vincent.planat@hpe.com","trainingMode":"WALKING","currentMotion":2,"pace":719.0,"speed":139.0,"totalDistance":2868086}
{"deviceid":"b81e905908354542","eventtype":"distance","timestamp":1456248578946,"userid":"vincent.planat@hpe.com","trainingMode":"WALKING","currentMotion":1,"pace":0.0,"speed":13.0,"totalDistance":2864586}
{"deviceid":"b81e905908354542","eventtype":"distance","timestamp":1456248574830,"userid":"vincent.planat@hpe.com","trainingMode":"WALKING","currentMotion":1,"pace":1886.0,"speed":53.0,"totalDistance":2864586}
{"deviceid":"b81e905908354542","eventtype":"distance","timestamp":1456248586857,"userid":"vincent.planat@hpe.com","trainingMode":"WALKING","currentMotion":2,"pace":1219.0,"speed":82.0,"totalDistance":2865648}
{"deviceid":"b81e905908354542","eventtype":"distance","timestamp":1456248568703,"userid":"vincent.planat@hpe.com","trainingMode":"WALKING_UP","currentMotion":1,"pace":877.0,"speed":114.0,"totalDistance":2864586}
{"deviceid":"b81e905908354542","eventtype":"distance","timestamp":1456248593003,"userid":"vincent.planat@hpe.com","trainingMode":"WALKING","currentMotion":2,"pace":854.0,"speed":117.0,"totalDistance":2866378}
{"deviceid":"b81e905908354542","eventtype":"distance","timestamp":1456248583915,"userid":"vincent.planat@hpe.com","trainingMode":"WALKING","currentMotion":1,"pace":0.0,"speed":1.0,"totalDistance":2864586}
{"deviceid":"b81e905908354542","eventtype":"distance","timestamp":1456248576826,"userid":"vincent.planat@hpe.com","trainingMode":"WALKING","currentMotion":1,"pace":0.0,"speed":28.0,"totalDistance":2864586}
{"deviceid":"b81e905908354542","eventtype":"distance","timestamp":1456248604424,"userid":"vincent.planat@hpe.com","trainingMode":"WALKING","currentMotion":2,"pace":719.0,"speed":139.0,"totalDistance":2867940}
{"deviceid":"b81e905908354542","eventtype":"distance","timestamp":1456248590919,"userid":"vincent.planat@hpe.com","trainingMode":"WALKING","currentMotion":2,"pace":900.0,"speed":111.0,"totalDistance":2866086}
{"deviceid":"b81e905908354542","eventtype":"distance","timestamp":1456248567825,"userid":"vincent.planat@hpe.com","trainingMode":"WALKING_UP","currentMotion":2,"pace":833.0,"speed":120.0,"totalDistance":2864586}
{"deviceid":"b81e905908354542","eventtype":"distance","timestamp":1456248600278,"userid":"vincent.planat@hpe.com","trainingMode":"WALKING","currentMotion":2,"pace":751.0,"speed":133.0,"totalDistance":2867372}
{"deviceid":"b81e905908354542","eventtype":"distance","timestamp":1456248567841,"userid":"vincent.planat@hpe.com","trainingMode":"WALKING_UP","currentMotion":2,"pace":833.0,"speed":120.0,"totalDistance":2864586}
{"deviceid":"b81e905908354542","eventtype":"distance","timestamp":1456248604394,"userid":"vincent.planat@hpe.com","trainingMode":"WALKING","currentMotion":2,"pace":719.0,"speed":139.0,"totalDistance":2867940}
{"deviceid":"b81e905908354542","eventtype":"distance","timestamp":1456248605281,"userid":"vincent.planat@hpe.com","trainingMode":"WALKING","currentMotion":2,"pace":719.0,"speed":139.0,"totalDistance":2868086}
{"deviceid":"b81e905908354542","eventtype":"distance","timestamp":1456248582162,"userid":"vincent.planat@hpe.com","trainingMode":"WALKING","currentMotion":1,"pace":0.0,"speed":4.0,"totalDistance":2864586}
{"deviceid":"b81e905908354542","eventtype":"distance","timestamp":1456248609138,"userid":"vincent.planat@hpe.com","trainingMode":"WALKING","currentMotion":2,"pace":714.0,"speed":140.0,"totalDistance":2868670}
{"deviceid":"b81e905908354542","eventtype":"distance","timestamp":1456248570722,"userid":"vincent.planat@hpe.com","trainingMode":"WALKING_UP","currentMotion":1,"pace":1052.0,"speed":95.0,"totalDistance":2864586}
{"deviceid":"b81e905908354542","eventtype":"distance","timestamp":1456248581342,"userid":"vincent.planat@hpe.com","trainingMode":"WALKING","currentMotion":1,"pace":0.0,"speed":6.0,"totalDistance":2864586}
{"deviceid":"b81e905908354542","eventtype":"distance","timestamp":1456248591984,"userid":"vincent.planat@hpe.com","trainingMode":"WALKING","currentMotion":2,"pace":877.0,"speed":114.0,"totalDistance":2866232}
{"deviceid":"b81e905908354542","eventtype":"distance","timestamp":1456248598561,"userid":"vincent.planat@hpe.com","trainingMode":"WALKING","currentMotion":2,"pace":800.0,"speed":125.0,"totalDistance":2867088}
{"deviceid":"b81e905908354542","eventtype":"distance","timestamp":1456248601059,"userid":"vincent.planat@hpe.com","trainingMode":"WALKING","currentMotion":2,"pace":719.0,"speed":139.0,"totalDistance":2867656}
{"deviceid":"b81e905908354542","eventtype":"distance","timestamp":1456248602086,"userid":"vincent.planat@hpe.com","trainingMode":"WALKING","currentMotion":2,"pace":719.0,"speed":139.0,"totalDistance":2867656}
{"deviceid":"b81e905908354542","eventtype":"distance","timestamp":1456248571756,"userid":"vincent.planat@hpe.com","trainingMode":"WALKING_UP","currentMotion":1,"pace":1190.0,"speed":84.0,"totalDistance":2864586}
{"deviceid":"b81e905908354542","eventtype":"distance","timestamp":1456248603078,"userid":"vincent.planat@hpe.com","trainingMode":"WALKING","currentMotion":2,"pace":719.0,"speed":139.0,"totalDistance":2867798}
{"deviceid":"b81e905908354542","eventtype":"distance","timestamp":1456248607179,"userid":"vincent.planat@hpe.com","trainingMode":"WALKING","currentMotion":2,"pace":719.0,"speed":139.0,"totalDistance":2868378}
{"deviceid":"b81e905908354542","eventtype":"distance","timestamp":1456248603095,"userid":"vincent.planat@hpe.com","trainingMode":"WALKING","currentMotion":2,"pace":719.0,"speed":139.0,"totalDistance":2867798}
{"deviceid":"b81e905908354542","eventtype":"distance","timestamp":1456248584918,"userid":"vincent.planat@hpe.com","trainingMode":"WALKING","currentMotion":2,"pace":2702.0,"speed":37.0,"totalDistance":2865356}
{"deviceid":"b81e905908354542","eventtype":"distance","timestamp":1456248599345,"userid":"vincent.planat@hpe.com","trainingMode":"WALKING","currentMotion":2,"pace":769.0,"speed":130.0,"totalDistance":2867230}
{"deviceid":"b81e905908354542","eventtype":"distance","timestamp":1456248588915,"userid":"vincent.planat@hpe.com","trainingMode":"WALKING","currentMotion":2,"pace":980.0,"speed":102.0,"totalDistance":2865794}
{"deviceid":"b81e905908354542","eventtype":"distance","timestamp":1456248607164,"userid":"vincent.planat@hpe.com","trainingMode":"WALKING","currentMotion":2,"pace":719.0,"speed":139.0,"totalDistance":2868378}
{"deviceid":"b81e905908354542","eventtype":"distance","timestamp":1456248573868,"userid":"vincent.planat@hpe.com","trainingMode":"WALKING","currentMotion":1,"pace":1587.0,"speed":63.0,"totalDistance":2864586}
{"deviceid":"b81e905908354542","eventtype":"distance","timestamp":1456248565745,"userid":"vincent.planat@hpe.com","trainingMode":"WALKING_UP","currentMotion":2,"pace":840.0,"speed":119.0,"totalDistance":2864432}
{"deviceid":"b81e905908354542","eventtype":"distance","timestamp":1456248599328,"userid":"vincent.planat@hpe.com","trainingMode":"WALKING","currentMotion":2,"pace":769.0,"speed":130.0,"totalDistance":2867230}
{"deviceid":"b81e905908354542","eventtype":"distance","timestamp":1456248593992,"userid":"vincent.planat@hpe.com","trainingMode":"WALKING","currentMotion":2,"pace":833.0,"speed":120.0,"totalDistance":2866520}
{"deviceid":"b81e905908354542","eventtype":"distance","timestamp":1456248578787,"userid":"vincent.planat@hpe.com","trainingMode":"WALKING","currentMotion":1,"pace":0.0,"speed":13.0,"totalDistance":2864586}
{"deviceid":"b81e905908354542","eventtype":"distance","timestamp":1456248608047,"userid":"vincent.planat@hpe.com","trainingMode":"WALKING","currentMotion":2,"pace":719.0,"speed":139.0,"totalDistance":2868524}
{"deviceid":"b81e905908354542","eventtype":"distance","timestamp":1456248590901,"userid":"vincent.planat@hpe.com","trainingMode":"WALKING","currentMotion":2,"pace":900.0,"speed":111.0,"totalDistance":2866086}
{"deviceid":"b81e905908354542","eventtype":"distance","timestamp":1456248594960,"userid":"vincent.planat@hpe.com","trainingMode":"WALKING","currentMotion":2,"pace":813.0,"speed":123.0,"totalDistance":2866662}
{"deviceid":"b81e905908354542","eventtype":"distance","timestamp":1456248596044,"userid":"vincent.planat@hpe.com","trainingMode":"WALKING","currentMotion":2,"pace":806.0,"speed":124.0,"totalDistance":2866804}
{"deviceid":"b81e905908354542","eventtype":"distance","timestamp":1456248583027,"userid":"vincent.planat@hpe.com","trainingMode":"WALKING","currentMotion":1,"pace":0.0,"speed":2.0,"totalDistance":2864586}
{"deviceid":"b81e905908354542","eventtype":"distance","timestamp":1456248572743,"userid":"vincent.planat@hpe.com","trainingMode":"WALKING_UP","currentMotion":1,"pace":1388.0,"speed":72.0,"totalDistance":2864586}
{"deviceid":"b81e905908354542","eventtype":"distance","timestamp":1456248577782,"userid":"vincent.planat@hpe.com","trainingMode":"WALKING","currentMotion":1,"pace":0.0,"speed":19.0,"totalDistance":2864586}
{"deviceid":"b81e905908354542","eventtype":"distance","timestamp":1456248568707,"userid":"vincent.planat@hpe.com","trainingMode":"WALKING_UP","currentMotion":1,"pace":877.0,"speed":114.0,"totalDistance":2864586}
