{"deviceid":"b81e905908354542","eventtype":"calorie","timestamp":1456247951192,"userid":"vincent.planat@hpe.com","trainingMode":"NONE","calories":18672}
{"deviceid":"b81e905908354542","eventtype":"calorie","timestamp":1456247955301,"userid":"vincent.planat@hpe.com","trainingMode":"NONE","calories":18672}
{"deviceid":"b81e905908354542","eventtype":"calorie","timestamp":1456247924586,"userid":"vincent.planat@hpe.com","trainingMode":"NONE","calories":18672}
{"deviceid":"b81e905908354542","eventtype":"calorie","timestamp":1456247927687,"userid":"vincent.planat@hpe.com","trainingMode":"NONE","calories":18672}
{"deviceid":"b81e905908354542","eventtype":"calorie","timestamp":1456247938953,"userid":"vincent.planat@hpe.com","trainingMode":"NONE","calories":18672}
{"deviceid":"b81e905908354542","eventtype":"calorie","timestamp":1456247933809,"userid":"vincent.planat@hpe.com","trainingMode":"NONE","calories":18672}
{"deviceid":"b81e905908354542","eventtype":"calorie","timestamp":1456247918445,"userid":"vincent.planat@hpe.com","trainingMode":"NONE","calories":18672}
{"deviceid":"b81e905908354542","eventtype":"calorie","timestamp":1456247925631,"userid":"vincent.planat@hpe.com","trainingMode":"NONE","calories":18672}
{"deviceid":"b81e905908354542","eventtype":"calorie","timestamp":1456247945061,"userid":"vincent.planat@hpe.com","trainingMode":"NONE","calories":18672}
{"deviceid":"b81e905908354542","eventtype":"calorie","timestamp":1456247909636,"userid":"vincent.planat@hpe.com","trainingMode":"NONE","calories":18672}
{"deviceid":"b81e905908354542","eventtype":"calorie","timestamp":1456247953261,"userid":"vincent.planat@hpe.com","trainingMode":"NONE","calories":18672}
{"deviceid":"b81e905908354542","eventtype":"calorie","timestamp":1456247952251,"userid":"vincent.planat@hpe.com","trainingMode":"NONE","calories":18672}
{"deviceid":"b81e905908354542","eventtype":"calorie","timestamp":1456247946089,"userid":"vincent.planat@hpe.com","trainingMode":"NONE","calories":18672}
{"deviceid":"b81e905908354542","eventtype":"calorie","timestamp":1456247940214,"userid":"vincent.planat@hpe.com","trainingMode":"NONE","calories":18672}
{"deviceid":"b81e905908354542","eventtype":"calorie","timestamp":1456247947126,"userid":"vincent.planat@hpe.com","trainingMode":"NONE","calories":18672}
{"deviceid":"b81e905908354542","eventtype":"calorie","timestamp":1456247934896,"userid":"vincent.planat@hpe.com","trainingMode":"NONE","calories":18672}
{"deviceid":"b81e905908354542","eventtype":"calorie","timestamp":1456247936965,"userid":"vincent.planat@hpe.com","trainingMode":"NONE","calories":18672}
{"deviceid":"b81e905908354542","eventtype":"calorie","timestamp":1456247943019,"userid":"vincent.planat@hpe.com","trainingMode":"NONE","calories":18672}
{"deviceid":"b81e905908354542","eventtype":"calorie","timestamp":1456247917426,"userid":"vincent.planat@hpe.com","trainingMode":"NONE","calories":18672}
{"deviceid":"b81e905908354542","eventtype":"calorie","timestamp":1456247935851,"userid":"vincent.planat@hpe.com","trainingMode":"NONE","calories":18672}
{"deviceid":"b81e905908354542","eventtype":"calorie","timestamp":1456247913360,"userid":"vincent.planat@hpe.com","trainingMode":"NONE","calories":18672}
{"deviceid":"b81e905908354542","eventtype":"calorie","timestamp":1456247928713,"userid":"vincent.planat@hpe.com","trainingMode":"NONE","calories":18672}
{"deviceid":"b81e905908354542","eventtype":"calorie","timestamp":1456247914332,"userid":"vincent.planat@hpe.com","trainingMode":"NONE","calories":18672}
{"deviceid":"b81e905908354542","eventtype":"calorie","timestamp":1456247908196,"userid":"vincent.planat@hpe.com","trainingMode":"NONE","calories":18671}
{"deviceid":"b81e905908354542","eventtype":"calorie","timestamp":1456247916388,"userid":"vincent.planat@hpe.com","trainingMode":"NONE","calories":18672}
{"deviceid":"b81e905908354542","eventtype":"calorie","timestamp":1456247940964,"userid":"vincent.planat@hpe.com","trainingMode":"NONE","calories":18672}
{"deviceid":"b81e905908354542","eventtype":"calorie","timestamp":1456247920515,"userid":"vincent.planat@hpe.com","trainingMode":"NONE","calories":18672}
{"deviceid":"b81e905908354542","eventtype":"calorie","timestamp":1456247944053,"userid":"vincent.planat@hpe.com","trainingMode":"NONE","calories":18672}
{"deviceid":"b81e905908354542","eventtype":"calorie","timestamp":1456247931842,"userid":"vincent.planat@hpe.com","trainingMode":"NONE","calories":18672}
{"deviceid":"b81e905908354542","eventtype":"calorie","timestamp":1456247915356,"userid":"vincent.planat@hpe.com","trainingMode":"NONE","calories":18672}
{"deviceid":"b81e905908354542","eventtype":"calorie","timestamp":1456247919669,"userid":"vincent.planat@hpe.com","trainingMode":"NONE","calories":18672}
{"deviceid":"b81e905908354542","eventtype":"calorie","timestamp":1456247912362,"userid":"vincent.planat@hpe.com","trainingMode":"NONE","calories":18672}
{"deviceid":"b81e905908354542","eventtype":"calorie","timestamp":1456247930770,"userid":"vincent.planat@hpe.com","trainingMode":"NONE","calories":18672}
{"deviceid":"b81e905908354542","eventtype":"calorie","timestamp":1456247950184,"userid":"vincent.planat@hpe.com","trainingMode":"NONE","calories":18672}
{"deviceid":"b81e905908354542","eventtype":"calorie","timestamp":1456247923556,"userid":"vincent.planat@hpe.com","trainingMode":"NONE","calories":18672}
{"deviceid":"b81e905908354542","eventtype":"calorie","timestamp":1456247957359,"userid":"vincent.planat@hpe.com","trainingMode":"NONE","calories":18673}
{"deviceid":"b81e905908354542","eventtype":"calorie","timestamp":1456247949211,"userid":"vincent.planat@hpe.com","trainingMode":"NONE","calories":18672}
{"deviceid":"b81e905908354542","eventtype":"calorie","timestamp":1456247941996,"userid":"vincent.planat@hpe.com","trainingMode":"NONE","calories":18672}
{"deviceid":"b81e905908354542","eventtype":"calorie","timestamp":1456247937908,"userid":"vincent.planat@hpe.com","trainingMode":"NONE","calories":18672}
{"deviceid":"b81e905908354542","eventtype":"calorie","timestamp":1456247948185,"userid":"vincent.planat@hpe.com","trainingMode":"NONE","calories":18672}
{"deviceid":"b81e905908354542","eventtype":"calorie","timestamp":1456247929738,"userid":"vincent.planat@hpe.com","trainingMode":"NONE","calories":18672}
{"deviceid":"b81e905908354542","eventtype":"calorie","timestamp":1456247956623,"userid":"vincent.planat@hpe.com","trainingMode":"NONE","calories":18673}
{"deviceid":"b81e905908354542","eventtype":"calorie","timestamp":1456247911319,"userid":"vincent.planat@hpe.com","trainingMode":"NONE","calories":18672}
{"deviceid":"b81e905908354542","eventtype":"calorie","timestamp":1456247922622,"userid":"vincent.planat@hpe.com","trainingMode":"NONE","calories":18672}
{"deviceid":"b81e905908354542","eventtype":"calorie","timestamp":1456247921588,"userid":"vincent.planat@hpe.com","trainingMode":"NONE","calories":18672}
{"deviceid":"b81e905908354542","eventtype":"calorie","timestamp":1456247910452,"userid":"vincent.planat@hpe.com","trainingMode":"NONE","calories":18672}
{"deviceid":"b81e905908354542","eventtype":"calorie","timestamp":1456247932760,"userid":"vincent.planat@hpe.com","trainingMode":"NONE","calories":18672}
{"deviceid":"b81e905908354542","eventtype":"calorie","timestamp":1456247958371,"userid":"vincent.planat@hpe.com","trainingMode":"NONE","calories":18673}
{"deviceid":"b81e905908354542","eventtype":"calorie","timestamp":1456247959385,"userid":"vincent.planat@hpe.com","trainingMode":"NONE","calories":18673}
{"deviceid":"b81e905908354542","eventtype":"calorie","timestamp":1456247954266,"userid":"vincent.planat@hpe.com","trainingMode":"NONE","calories":18672}
{"deviceid":"b81e905908354542","eventtype":"calorie","timestamp":1456247926617,"userid":"vincent.planat@hpe.com","trainingMode":"NONE","calories":18672}
