{"deviceid":"b81e905908354542","eventtype":"calorie","timestamp":1456248147914,"userid":"vincent.planat@hpe.com","trainingMode":"WALKING","calories":18677}
{"deviceid":"b81e905908354542","eventtype":"calorie","timestamp":1456248182932,"userid":"vincent.planat@hpe.com","trainingMode":"WALKING","calories":18679}
{"deviceid":"b81e905908354542","eventtype":"calorie","timestamp":1456248177801,"userid":"vincent.planat@hpe.com","trainingMode":"WALKING","calories":18678}
{"deviceid":"b81e905908354542","eventtype":"calorie","timestamp":1456248166315,"userid":"vincent.planat@hpe.com","trainingMode":"WALKING","calories":18678}
{"deviceid":"b81e905908354542","eventtype":"calorie","timestamp":1456248178621,"userid":"vincent.planat@hpe.com","trainingMode":"WALKING","calories":18678}
{"deviceid":"b81e905908354542","eventtype":"calorie","timestamp":1456248174495,"userid":"vincent.planat@hpe.com","trainingMode":"WALKING","calories":18678}
{"deviceid":"b81e905908354542","eventtype":"calorie","timestamp":1456248182951,"userid":"vincent.planat@hpe.com","trainingMode":"WALKING","calories":18679}
{"deviceid":"b81e905908354542","eventtype":"calorie","timestamp":1456248160745,"userid":"vincent.planat@hpe.com","trainingMode":"WALKING","calories":18678}
{"deviceid":"b81e905908354542","eventtype":"calorie","timestamp":1456248173476,"userid":"vincent.planat@hpe.com","trainingMode":"WALKING","calories":18678}
{"deviceid":"b81e905908354542","eventtype":"calorie","timestamp":1456248183805,"userid":"vincent.planat@hpe.com","trainingMode":"WALKING","calories":18679}
{"deviceid":"b81e905908354542","eventtype":"calorie","timestamp":1456248146902,"userid":"vincent.planat@hpe.com","trainingMode":"WALKING","calories":18677}
{"deviceid":"b81e905908354542","eventtype":"calorie","timestamp":1456248181733,"userid":"vincent.planat@hpe.com","trainingMode":"WALKING","calories":18679}
{"deviceid":"b81e905908354542","eventtype":"calorie","timestamp":1456248163606,"userid":"vincent.planat@hpe.com","trainingMode":"WALKING","calories":18678}
{"deviceid":"b81e905908354542","eventtype":"calorie","timestamp":1456248165475,"userid":"vincent.planat@hpe.com","trainingMode":"WALKING","calories":18678}
{"deviceid":"b81e905908354542","eventtype":"calorie","timestamp":1456248171429,"userid":"vincent.planat@hpe.com","trainingMode":"WALKING","calories":18678}
{"deviceid":"b81e905908354542","eventtype":"calorie","timestamp":1456248150739,"userid":"vincent.planat@hpe.com","trainingMode":"WALKING","calories":18677}
{"deviceid":"b81e905908354542","eventtype":"calorie","timestamp":1456248169768,"userid":"vincent.planat@hpe.com","trainingMode":"WALKING","calories":18678}
{"deviceid":"b81e905908354542","eventtype":"calorie","timestamp":1456248143808,"userid":"vincent.planat@hpe.com","trainingMode":"WALKING","calories":18677}
{"deviceid":"b81e905908354542","eventtype":"calorie","timestamp":1456248185850,"userid":"vincent.planat@hpe.com","trainingMode":"WALKING","calories":18679}
{"deviceid":"b81e905908354542","eventtype":"calorie","timestamp":1456248164577,"userid":"vincent.planat@hpe.com","trainingMode":"WALKING","calories":18678}
{"deviceid":"b81e905908354542","eventtype":"calorie","timestamp":1456248183791,"userid":"vincent.planat@hpe.com","trainingMode":"WALKING","calories":18679}
{"deviceid":"b81e905908354542","eventtype":"calorie","timestamp":1456248169752,"userid":"vincent.planat@hpe.com","trainingMode":"WALKING","calories":18678}
{"deviceid":"b81e905908354542","eventtype":"calorie","timestamp":1456248159848,"userid":"vincent.planat@hpe.com","trainingMode":"WALKING","calories":18678}
{"deviceid":"b81e905908354542","eventtype":"calorie","timestamp":1456248152723,"userid":"vincent.planat@hpe.com","trainingMode":"WALKING","calories":18677}
{"deviceid":"b81e905908354542","eventtype":"calorie","timestamp":1456248186915,"userid":"vincent.planat@hpe.com","trainingMode":"WALKING","calories":18679}
{"deviceid":"b81e905908354542","eventtype":"calorie","timestamp":1456248184762,"userid":"vincent.planat@hpe.com","trainingMode":"WALKING","calories":18679}
{"deviceid":"b81e905908354542","eventtype":"calorie","timestamp":1456248165452,"userid":"vincent.planat@hpe.com","trainingMode":"WALKING","calories":18678}
{"deviceid":"b81e905908354542","eventtype":"calorie","timestamp":1456248168380,"userid":"vincent.planat@hpe.com","trainingMode":"WALKING","calories":18678}
{"deviceid":"b81e905908354542","eventtype":"calorie","timestamp":1456248149626,"userid":"vincent.planat@hpe.com","trainingMode":"WALKING","calories":18677}
{"deviceid":"b81e905908354542","eventtype":"calorie","timestamp":1456248152737,"userid":"vincent.planat@hpe.com","trainingMode":"WALKING","calories":18677}
{"deviceid":"b81e905908354542","eventtype":"calorie","timestamp":1456248167317,"userid":"vincent.planat@hpe.com","trainingMode":"WALKING","calories":18678}
{"deviceid":"b81e905908354542","eventtype":"calorie","timestamp":1456248162755,"userid":"vincent.planat@hpe.com","trainingMode":"WALKING","calories":18678}
{"deviceid":"b81e905908354542","eventtype":"calorie","timestamp":1456248149611,"userid":"vincent.planat@hpe.com","trainingMode":"WALKING","calories":18677}
{"deviceid":"b81e905908354542","eventtype":"calorie","timestamp":1456248155303,"userid":"vincent.planat@hpe.com","trainingMode":"WALKING","calories":18677}
{"deviceid":"b81e905908354542","eventtype":"calorie","timestamp":1456248157951,"userid":"vincent.planat@hpe.com","trainingMode":"WALKING","calories":18677}
{"deviceid":"b81e905908354542","eventtype":"calorie","timestamp":1456248160732,"userid":"vincent.planat@hpe.com","trainingMode":"WALKING","calories":18678}
{"deviceid":"b81e905908354542","eventtype":"calorie","timestamp":1456248142763,"userid":"vincent.planat@hpe.com","trainingMode":"WALKING","calories":18677}
{"deviceid":"b81e905908354542","eventtype":"calorie","timestamp":1456248179665,"userid":"vincent.planat@hpe.com","trainingMode":"WALKING","calories":18678}
{"deviceid":"b81e905908354542","eventtype":"calorie","timestamp":1456248168350,"userid":"vincent.planat@hpe.com","trainingMode":"WALKING","calories":18678}
{"deviceid":"b81e905908354542","eventtype":"calorie","timestamp":1456248153553,"userid":"vincent.planat@hpe.com","trainingMode":"WALKING","calories":18677}
{"deviceid":"b81e905908354542","eventtype":"calorie","timestamp":1456248151853,"userid":"vincent.planat@hpe.com","trainingMode":"WALKING","calories":18677}
{"deviceid":"b81e905908354542","eventtype":"calorie","timestamp":1456248176029,"userid":"vincent.planat@hpe.com","trainingMode":"WALKING","calories":18678}
{"deviceid":"b81e905908354542","eventtype":"calorie","timestamp":1456248159866,"userid":"vincent.planat@hpe.com","trainingMode":"WALKING","calories":18678}
{"deviceid":"b81e905908354542","eventtype":"calorie","timestamp":1456248157926,"userid":"vincent.planat@hpe.com","trainingMode":"WALKING","calories":18677}
{"deviceid":"b81e905908354542","eventtype":"calorie","timestamp":1456248167305,"userid":"vincent.planat@hpe.com","trainingMode":"WALKING","calories":18678}
{"deviceid":"b81e905908354542","eventtype":"calorie","timestamp":1456248180658,"userid":"vincent.planat@hpe.com","trainingMode":"WALKING","calories":18679}
{"deviceid":"b81e905908354542","eventtype":"calorie","timestamp":1456248186896,"userid":"vincent.planat@hpe.com","trainingMode":"WALKING","calories":18679}
{"deviceid":"b81e905908354542","eventtype":"calorie","timestamp":1456248179645,"userid":"vincent.planat@hpe.com","trainingMode":"WALKING","calories":18678}
{"deviceid":"b81e905908354542","eventtype":"calorie","timestamp":1456248161608,"userid":"vincent.planat@hpe.com","trainingMode":"WALKING","calories":18678}
{"deviceid":"b81e905908354542","eventtype":"calorie","timestamp":1456248174500,"userid":"vincent.planat@hpe.com","trainingMode":"WALKING","calories":18678}
{"deviceid":"b81e905908354542","eventtype":"calorie","timestamp":1456248171412,"userid":"vincent.planat@hpe.com","trainingMode":"WALKING","calories":18678}
{"deviceid":"b81e905908354542","eventtype":"calorie","timestamp":1456248158847,"userid":"vincent.planat@hpe.com","trainingMode":"WALKING","calories":18677}
{"deviceid":"b81e905908354542","eventtype":"calorie","timestamp":1456248176976,"userid":"vincent.planat@hpe.com","trainingMode":"WALKING","calories":18678}
{"deviceid":"b81e905908354542","eventtype":"calorie","timestamp":1456248176956,"userid":"vincent.planat@hpe.com","trainingMode":"WALKING","calories":18678}
{"deviceid":"b81e905908354542","eventtype":"calorie","timestamp":1456248187888,"userid":"vincent.planat@hpe.com","trainingMode":"WALKING","calories":18679}
{"deviceid":"b81e905908354542","eventtype":"calorie","timestamp":1456248154416,"userid":"vincent.planat@hpe.com","trainingMode":"WALKING","calories":18677}
{"deviceid":"b81e905908354542","eventtype":"calorie","timestamp":1456248181746,"userid":"vincent.planat@hpe.com","trainingMode":"WALKING","calories":18679}
{"deviceid":"b81e905908354542","eventtype":"calorie","timestamp":1456248157106,"userid":"vincent.planat@hpe.com","trainingMode":"WALKING","calories":18677}
{"deviceid":"b81e905908354542","eventtype":"calorie","timestamp":1456248153566,"userid":"vincent.planat@hpe.com","trainingMode":"WALKING","calories":18677}
{"deviceid":"b81e905908354542","eventtype":"calorie","timestamp":1456248154402,"userid":"vincent.planat@hpe.com","trainingMode":"WALKING","calories":18677}
{"deviceid":"b81e905908354542","eventtype":"calorie","timestamp":1456248187903,"userid":"vincent.planat@hpe.com","trainingMode":"WALKING","calories":18679}
{"deviceid":"b81e905908354542","eventtype":"calorie","timestamp":1456248162772,"userid":"vincent.planat@hpe.com","trainingMode":"WALKING","calories":18678}
{"deviceid":"b81e905908354542","eventtype":"calorie","timestamp":1456248185878,"userid":"vincent.planat@hpe.com","trainingMode":"WALKING","calories":18679}
{"deviceid":"b81e905908354542","eventtype":"calorie","timestamp":1456248172465,"userid":"vincent.planat@hpe.com","trainingMode":"WALKING","calories":18678}
{"deviceid":"b81e905908354542","eventtype":"calorie","timestamp":1456248158826,"userid":"vincent.planat@hpe.com","trainingMode":"WALKING","calories":18677}
{"deviceid":"b81e905908354542","eventtype":"calorie","timestamp":1456248164594,"userid":"vincent.planat@hpe.com","trainingMode":"WALKING","calories":18678}
{"deviceid":"b81e905908354542","eventtype":"calorie","timestamp":1456248176056,"userid":"vincent.planat@hpe.com","trainingMode":"WALKING","calories":18678}
{"deviceid":"b81e905908354542","eventtype":"calorie","timestamp":1456248151836,"userid":"vincent.planat@hpe.com","trainingMode":"WALKING","calories":18677}
{"deviceid":"b81e905908354542","eventtype":"calorie","timestamp":1456248184747,"userid":"vincent.planat@hpe.com","trainingMode":"WALKING","calories":18679}
{"deviceid":"b81e905908354542","eventtype":"calorie","timestamp":1456248145830,"userid":"vincent.planat@hpe.com","trainingMode":"WALKING","calories":18677}
{"deviceid":"b81e905908354542","eventtype":"calorie","timestamp":1456248178638,"userid":"vincent.planat@hpe.com","trainingMode":"WALKING","calories":18678}
{"deviceid":"b81e905908354542","eventtype":"calorie","timestamp":1456248166329,"userid":"vincent.planat@hpe.com","trainingMode":"WALKING","calories":18678}
{"deviceid":"b81e905908354542","eventtype":"calorie","timestamp":1456248161592,"userid":"vincent.planat@hpe.com","trainingMode":"WALKING","calories":18678}
{"deviceid":"b81e905908354542","eventtype":"calorie","timestamp":1456248155318,"userid":"vincent.planat@hpe.com","trainingMode":"WALKING","calories":18677}
{"deviceid":"b81e905908354542","eventtype":"calorie","timestamp":1456248170587,"userid":"vincent.planat@hpe.com","trainingMode":"WALKING","calories":18678}
{"deviceid":"b81e905908354542","eventtype":"calorie","timestamp":1456248180645,"userid":"vincent.planat@hpe.com","trainingMode":"WALKING","calories":18679}
{"deviceid":"b81e905908354542","eventtype":"calorie","timestamp":1456248172487,"userid":"vincent.planat@hpe.com","trainingMode":"WALKING","calories":18678}
{"deviceid":"b81e905908354542","eventtype":"calorie","timestamp":1456248147932,"userid":"vincent.planat@hpe.com","trainingMode":"WALKING","calories":18677}
{"deviceid":"b81e905908354542","eventtype":"calorie","timestamp":1456248145876,"userid":"vincent.planat@hpe.com","trainingMode":"WALKING","calories":18677}
{"deviceid":"b81e905908354542","eventtype":"calorie","timestamp":1456248177789,"userid":"vincent.planat@hpe.com","trainingMode":"WALKING","calories":18678}
{"deviceid":"b81e905908354542","eventtype":"calorie","timestamp":1456248150750,"userid":"vincent.planat@hpe.com","trainingMode":"WALKING","calories":18677}
{"deviceid":"b81e905908354542","eventtype":"calorie","timestamp":1456248173493,"userid":"vincent.planat@hpe.com","trainingMode":"WALKING","calories":18678}
{"deviceid":"b81e905908354542","eventtype":"calorie","timestamp":1456248144836,"userid":"vincent.planat@hpe.com","trainingMode":"WALKING","calories":18677}
{"deviceid":"b81e905908354542","eventtype":"calorie","timestamp":1456248157090,"userid":"vincent.planat@hpe.com","trainingMode":"WALKING","calories":18677}
{"deviceid":"b81e905908354542","eventtype":"calorie","timestamp":1456248163622,"userid":"vincent.planat@hpe.com","trainingMode":"WALKING","calories":18678}
{"deviceid":"b81e905908354542","eventtype":"calorie","timestamp":1456248146959,"userid":"vincent.planat@hpe.com","trainingMode":"WALKING","calories":18677}
{"deviceid":"b81e905908354542","eventtype":"calorie","timestamp":1456248170606,"userid":"vincent.planat@hpe.com","trainingMode":"WALKING","calories":18678}
{"deviceid":"b81e905908354542","eventtype":"calorie","timestamp":1456248144814,"userid":"vincent.planat@hpe.com","trainingMode":"WALKING","calories":18677}
{"deviceid":"b81e905908354542","eventtype":"calorie","timestamp":1456248142811,"userid":"vincent.planat@hpe.com","trainingMode":"WALKING","calories":18677}
{"deviceid":"b81e905908354542","eventtype":"calorie","timestamp":1456248143822,"userid":"vincent.planat@hpe.com","trainingMode":"WALKING","calories":18677}
