{"deviceid":"b81e905908354542","eventtype":"ambientLight","timestamp":1456248267026,"userid":"vincent.planat@hpe.com","trainingMode":"WALKING_DOWN","brightness":0}
{"deviceid":"b81e905908354542","eventtype":"ambientLight","timestamp":1456248289740,"userid":"vincent.planat@hpe.com","trainingMode":"WALKING_DOWN","brightness":65}
{"deviceid":"b81e905908354542","eventtype":"ambientLight","timestamp":1456248308401,"userid":"vincent.planat@hpe.com","trainingMode":"WALKING","brightness":38}
{"deviceid":"b81e905908354542","eventtype":"ambientLight","timestamp":1456248307311,"userid":"vincent.planat@hpe.com","trainingMode":"WALKING","brightness":52}
{"deviceid":"b81e905908354542","eventtype":"ambientLight","timestamp":1456248293827,"userid":"vincent.planat@hpe.com","trainingMode":"WALKING_DOWN","brightness":75}
{"deviceid":"b81e905908354542","eventtype":"ambientLight","timestamp":1456248300167,"userid":"vincent.planat@hpe.com","trainingMode":"WALKING","brightness":202}
{"deviceid":"b81e905908354542","eventtype":"ambientLight","timestamp":1456248275755,"userid":"vincent.planat@hpe.com","trainingMode":"WALKING_DOWN","brightness":0}
{"deviceid":"b81e905908354542","eventtype":"ambientLight","timestamp":1456248298971,"userid":"vincent.planat@hpe.com","trainingMode":"WALKING","brightness":25}
{"deviceid":"b81e905908354542","eventtype":"ambientLight","timestamp":1456248303298,"userid":"vincent.planat@hpe.com","trainingMode":"WALKING","brightness":40}
{"deviceid":"b81e905908354542","eventtype":"ambientLight","timestamp":1456248285060,"userid":"vincent.planat@hpe.com","trainingMode":"WALKING_DOWN","brightness":59}
{"deviceid":"b81e905908354542","eventtype":"ambientLight","timestamp":1456248282185,"userid":"vincent.planat@hpe.com","trainingMode":"WALKING_DOWN","brightness":0}
{"deviceid":"b81e905908354542","eventtype":"ambientLight","timestamp":1456248307791,"userid":"vincent.planat@hpe.com","trainingMode":"WALKING","brightness":56}
{"deviceid":"b81e905908354542","eventtype":"ambientLight","timestamp":1456248287511,"userid":"vincent.planat@hpe.com","trainingMode":"WALKING_DOWN","brightness":80}
{"deviceid":"b81e905908354542","eventtype":"ambientLight","timestamp":1456248297881,"userid":"vincent.planat@hpe.com","trainingMode":"WALKING","brightness":61}
{"deviceid":"b81e905908354542","eventtype":"ambientLight","timestamp":1456248269792,"userid":"vincent.planat@hpe.com","trainingMode":"WALKING_DOWN","brightness":0}
{"deviceid":"b81e905908354542","eventtype":"ambientLight","timestamp":1456248287458,"userid":"vincent.planat@hpe.com","trainingMode":"WALKING_DOWN","brightness":80}
{"deviceid":"b81e905908354542","eventtype":"ambientLight","timestamp":1456248293319,"userid":"vincent.planat@hpe.com","trainingMode":"WALKING_DOWN","brightness":88}
{"deviceid":"b81e905908354542","eventtype":"ambientLight","timestamp":1456248302767,"userid":"vincent.planat@hpe.com","trainingMode":"WALKING","brightness":37}
{"deviceid":"b81e905908354542","eventtype":"ambientLight","timestamp":1456248285615,"userid":"vincent.planat@hpe.com","trainingMode":"WALKING_DOWN","brightness":58}
{"deviceid":"b81e905908354542","eventtype":"ambientLight","timestamp":1456248291849,"userid":"vincent.planat@hpe.com","trainingMode":"WALKING_DOWN","brightness":61}
{"deviceid":"b81e905908354542","eventtype":"ambientLight","timestamp":1456248295798,"userid":"vincent.planat@hpe.com","trainingMode":"WALKING_DOWN","brightness":69}
{"deviceid":"b81e905908354542","eventtype":"ambientLight","timestamp":1456248281614,"userid":"vincent.planat@hpe.com","trainingMode":"WALKING_DOWN","brightness":0}
{"deviceid":"b81e905908354542","eventtype":"ambientLight","timestamp":1456248300642,"userid":"vincent.planat@hpe.com","trainingMode":"WALKING","brightness":43}
{"deviceid":"b81e905908354542","eventtype":"ambientLight","timestamp":1456248272924,"userid":"vincent.planat@hpe.com","trainingMode":"WALKING_DOWN","brightness":0}
{"deviceid":"b81e905908354542","eventtype":"ambientLight","timestamp":1456248295812,"userid":"vincent.planat@hpe.com","trainingMode":"WALKING_DOWN","brightness":69}
{"deviceid":"b81e905908354542","eventtype":"ambientLight","timestamp":1456248305873,"userid":"vincent.planat@hpe.com","trainingMode":"WALKING","brightness":68}
{"deviceid":"b81e905908354542","eventtype":"ambientLight","timestamp":1456248283834,"userid":"vincent.planat@hpe.com","trainingMode":"WALKING_DOWN","brightness":16}
{"deviceid":"b81e905908354542","eventtype":"ambientLight","timestamp":1456248305415,"userid":"vincent.planat@hpe.com","trainingMode":"WALKING","brightness":69}
{"deviceid":"b81e905908354542","eventtype":"ambientLight","timestamp":1456248289262,"userid":"vincent.planat@hpe.com","trainingMode":"WALKING_DOWN","brightness":138}
{"deviceid":"b81e905908354542","eventtype":"ambientLight","timestamp":1456248288796,"userid":"vincent.planat@hpe.com","trainingMode":"WALKING_DOWN","brightness":194}
{"deviceid":"b81e905908354542","eventtype":"ambientLight","timestamp":1456248276062,"userid":"vincent.planat@hpe.com","trainingMode":"WALKING_DOWN","brightness":0}
{"deviceid":"b81e905908354542","eventtype":"ambientLight","timestamp":1456248279449,"userid":"vincent.planat@hpe.com","trainingMode":"WALKING_DOWN","brightness":0}
{"deviceid":"b81e905908354542","eventtype":"ambientLight","timestamp":1456248269231,"userid":"vincent.planat@hpe.com","trainingMode":"WALKING_DOWN","brightness":0}
{"deviceid":"b81e905908354542","eventtype":"ambientLight","timestamp":1456248288811,"userid":"vincent.planat@hpe.com","trainingMode":"WALKING_DOWN","brightness":194}
{"deviceid":"b81e905908354542","eventtype":"ambientLight","timestamp":1456248276832,"userid":"vincent.planat@hpe.com","trainingMode":"WALKING_DOWN","brightness":0}
{"deviceid":"b81e905908354542","eventtype":"ambientLight","timestamp":1456248277797,"userid":"vincent.planat@hpe.com","trainingMode":"WALKING_DOWN","brightness":0}
{"deviceid":"b81e905908354542","eventtype":"ambientLight","timestamp":1456248287921,"userid":"vincent.planat@hpe.com","trainingMode":"WALKING_DOWN","brightness":70}
{"deviceid":"b81e905908354542","eventtype":"ambientLight","timestamp":1456248286095,"userid":"vincent.planat@hpe.com","trainingMode":"WALKING_DOWN","brightness":15}
{"deviceid":"b81e905908354542","eventtype":"ambientLight","timestamp":1456248292748,"userid":"vincent.planat@hpe.com","trainingMode":"WALKING_DOWN","brightness":74}
{"deviceid":"b81e905908354542","eventtype":"ambientLight","timestamp":1456248301864,"userid":"vincent.planat@hpe.com","trainingMode":"WALKING","brightness":37}
{"deviceid":"b81e905908354542","eventtype":"ambientLight","timestamp":1456248282982,"userid":"vincent.planat@hpe.com","trainingMode":"WALKING_DOWN","brightness":130}
{"deviceid":"b81e905908354542","eventtype":"ambientLight","timestamp":1456248268547,"userid":"vincent.planat@hpe.com","trainingMode":"WALKING_DOWN","brightness":0}
{"deviceid":"b81e905908354542","eventtype":"ambientLight","timestamp":1456248272924,"userid":"vincent.planat@hpe.com","trainingMode":"WALKING_DOWN","brightness":0}
{"deviceid":"b81e905908354542","eventtype":"ambientLight","timestamp":1456248284288,"userid":"vincent.planat@hpe.com","trainingMode":"WALKING_DOWN","brightness":128}
{"deviceid":"b81e905908354542","eventtype":"ambientLight","timestamp":1456248301463,"userid":"vincent.planat@hpe.com","trainingMode":"WALKING","brightness":26}
{"deviceid":"b81e905908354542","eventtype":"ambientLight","timestamp":1456248286075,"userid":"vincent.planat@hpe.com","trainingMode":"WALKING_DOWN","brightness":15}
{"deviceid":"b81e905908354542","eventtype":"ambientLight","timestamp":1456248305019,"userid":"vincent.planat@hpe.com","trainingMode":"WALKING","brightness":75}
{"deviceid":"b81e905908354542","eventtype":"ambientLight","timestamp":1456248299857,"userid":"vincent.planat@hpe.com","trainingMode":"WALKING","brightness":107}
{"deviceid":"b81e905908354542","eventtype":"ambientLight","timestamp":1456248295320,"userid":"vincent.planat@hpe.com","trainingMode":"WALKING_DOWN","brightness":92}
{"deviceid":"b81e905908354542","eventtype":"ambientLight","timestamp":1456248288396,"userid":"vincent.planat@hpe.com","trainingMode":"WALKING_DOWN","brightness":173}
{"deviceid":"b81e905908354542","eventtype":"ambientLight","timestamp":1456248273824,"userid":"vincent.planat@hpe.com","trainingMode":"WALKING_DOWN","brightness":0}
{"deviceid":"b81e905908354542","eventtype":"ambientLight","timestamp":1456248303750,"userid":"vincent.planat@hpe.com","trainingMode":"WALKING","brightness":145}
{"deviceid":"b81e905908354542","eventtype":"ambientLight","timestamp":1456248288349,"userid":"vincent.planat@hpe.com","trainingMode":"WALKING_DOWN","brightness":173}
{"deviceid":"b81e905908354542","eventtype":"ambientLight","timestamp":1456248290801,"userid":"vincent.planat@hpe.com","trainingMode":"WALKING_DOWN","brightness":73}
{"deviceid":"b81e905908354542","eventtype":"ambientLight","timestamp":1456248306274,"userid":"vincent.planat@hpe.com","trainingMode":"WALKING","brightness":53}
{"deviceid":"b81e905908354542","eventtype":"ambientLight","timestamp":1456248285093,"userid":"vincent.planat@hpe.com","trainingMode":"WALKING_DOWN","brightness":59}
{"deviceid":"b81e905908354542","eventtype":"ambientLight","timestamp":1456248282517,"userid":"vincent.planat@hpe.com","trainingMode":"WALKING_DOWN","brightness":3}
{"deviceid":"b81e905908354542","eventtype":"ambientLight","timestamp":1456248277322,"userid":"vincent.planat@hpe.com","trainingMode":"WALKING_DOWN","brightness":0}
{"deviceid":"b81e905908354542","eventtype":"ambientLight","timestamp":1456248299436,"userid":"vincent.planat@hpe.com","trainingMode":"WALKING","brightness":39}
{"deviceid":"b81e905908354542","eventtype":"ambientLight","timestamp":1456248271277,"userid":"vincent.planat@hpe.com","trainingMode":"WALKING_DOWN","brightness":0}
{"deviceid":"b81e905908354542","eventtype":"ambientLight","timestamp":1456248286865,"userid":"vincent.planat@hpe.com","trainingMode":"WALKING_DOWN","brightness":89}
{"deviceid":"b81e905908354542","eventtype":"ambientLight","timestamp":1456248274226,"userid":"vincent.planat@hpe.com","trainingMode":"WALKING_DOWN","brightness":0}
{"deviceid":"b81e905908354542","eventtype":"ambientLight","timestamp":1456248268785,"userid":"vincent.planat@hpe.com","trainingMode":"WALKING_DOWN","brightness":0}
{"deviceid":"b81e905908354542","eventtype":"ambientLight","timestamp":1456248267054,"userid":"vincent.planat@hpe.com","trainingMode":"WALKING_DOWN","brightness":0}
{"deviceid":"b81e905908354542","eventtype":"ambientLight","timestamp":1456248291457,"userid":"vincent.planat@hpe.com","trainingMode":"WALKING_DOWN","brightness":27}
{"deviceid":"b81e905908354542","eventtype":"ambientLight","timestamp":1456248304372,"userid":"vincent.planat@hpe.com","trainingMode":"WALKING","brightness":146}
{"deviceid":"b81e905908354542","eventtype":"ambientLight","timestamp":1456248281868,"userid":"vincent.planat@hpe.com","trainingMode":"WALKING_DOWN","brightness":0}
{"deviceid":"b81e905908354542","eventtype":"ambientLight","timestamp":1456248280787,"userid":"vincent.planat@hpe.com","trainingMode":"WALKING_DOWN","brightness":0}
{"deviceid":"b81e905908354542","eventtype":"ambientLight","timestamp":1456248307294,"userid":"vincent.planat@hpe.com","trainingMode":"WALKING","brightness":52}
{"deviceid":"b81e905908354542","eventtype":"ambientLight","timestamp":1456248305432,"userid":"vincent.planat@hpe.com","trainingMode":"WALKING","brightness":69}
{"deviceid":"b81e905908354542","eventtype":"ambientLight","timestamp":1456248268493,"userid":"vincent.planat@hpe.com","trainingMode":"WALKING_DOWN","brightness":0}
{"deviceid":"b81e905908354542","eventtype":"ambientLight","timestamp":1456248305857,"userid":"vincent.planat@hpe.com","trainingMode":"WALKING","brightness":68}
{"deviceid":"b81e905908354542","eventtype":"ambientLight","timestamp":1456248282226,"userid":"vincent.planat@hpe.com","trainingMode":"WALKING_DOWN","brightness":0}
{"deviceid":"b81e905908354542","eventtype":"ambientLight","timestamp":1456248276484,"userid":"vincent.planat@hpe.com","trainingMode":"WALKING_DOWN","brightness":0}
{"deviceid":"b81e905908354542","eventtype":"ambientLight","timestamp":1456248284271,"userid":"vincent.planat@hpe.com","trainingMode":"WALKING_DOWN","brightness":128}
{"deviceid":"b81e905908354542","eventtype":"ambientLight","timestamp":1456248274246,"userid":"vincent.planat@hpe.com","trainingMode":"WALKING_DOWN","brightness":0}
{"deviceid":"b81e905908354542","eventtype":"ambientLight","timestamp":1456248270816,"userid":"vincent.planat@hpe.com","trainingMode":"WALKING_DOWN","brightness":0}
{"deviceid":"b81e905908354542","eventtype":"ambientLight","timestamp":1456248296762,"userid":"vincent.planat@hpe.com","trainingMode":"WALKING_DOWN","brightness":59}
{"deviceid":"b81e905908354542","eventtype":"ambientLight","timestamp":1456248273808,"userid":"vincent.planat@hpe.com","trainingMode":"WALKING_DOWN","brightness":0}
{"deviceid":"b81e905908354542","eventtype":"ambientLight","timestamp":1456248304361,"userid":"vincent.planat@hpe.com","trainingMode":"WALKING","brightness":146}
{"deviceid":"b81e905908354542","eventtype":"ambientLight","timestamp":1456248276075,"userid":"vincent.planat@hpe.com","trainingMode":"WALKING_DOWN","brightness":0}
{"deviceid":"b81e905908354542","eventtype":"ambientLight","timestamp":1456248274775,"userid":"vincent.planat@hpe.com","trainingMode":"WALKING_DOWN","brightness":0}
{"deviceid":"b81e905908354542","eventtype":"ambientLight","timestamp":1456248272480,"userid":"vincent.planat@hpe.com","trainingMode":"WALKING_DOWN","brightness":0}
{"deviceid":"b81e905908354542","eventtype":"ambientLight","timestamp":1456248306271,"userid":"vincent.planat@hpe.com","trainingMode":"WALKING","brightness":53}
{"deviceid":"b81e905908354542","eventtype":"ambientLight","timestamp":1456248291835,"userid":"vincent.planat@hpe.com","trainingMode":"WALKING_DOWN","brightness":61}
{"deviceid":"b81e905908354542","eventtype":"ambientLight","timestamp":1456248282586,"userid":"vincent.planat@hpe.com","trainingMode":"WALKING_DOWN","brightness":3}
{"deviceid":"b81e905908354542","eventtype":"ambientLight","timestamp":1456248280273,"userid":"vincent.planat@hpe.com","trainingMode":"WALKING_DOWN","brightness":0}
{"deviceid":"b81e905908354542","eventtype":"ambientLight","timestamp":1456248282920,"userid":"vincent.planat@hpe.com","trainingMode":"WALKING_DOWN","brightness":130}
{"deviceid":"b81e905908354542","eventtype":"ambientLight","timestamp":1456248275740,"userid":"vincent.planat@hpe.com","trainingMode":"WALKING_DOWN","brightness":0}
{"deviceid":"b81e905908354542","eventtype":"ambientLight","timestamp":1456248268832,"userid":"vincent.planat@hpe.com","trainingMode":"WALKING_DOWN","brightness":0}
{"deviceid":"b81e905908354542","eventtype":"ambientLight","timestamp":1456248277302,"userid":"vincent.planat@hpe.com","trainingMode":"WALKING_DOWN","brightness":0}
{"deviceid":"b81e905908354542","eventtype":"ambientLight","timestamp":1456248303313,"userid":"vincent.planat@hpe.com","trainingMode":"WALKING","brightness":40}
{"deviceid":"b81e905908354542","eventtype":"ambientLight","timestamp":1456248281192,"userid":"vincent.planat@hpe.com","trainingMode":"WALKING_DOWN","brightness":0}
{"deviceid":"b81e905908354542","eventtype":"ambientLight","timestamp":1456248299842,"userid":"vincent.planat@hpe.com","trainingMode":"WALKING","brightness":107}
{"deviceid":"b81e905908354542","eventtype":"ambientLight","timestamp":1456248270254,"userid":"vincent.planat@hpe.com","trainingMode":"WALKING_DOWN","brightness":0}
{"deviceid":"b81e905908354542","eventtype":"ambientLight","timestamp":1456248276471,"userid":"vincent.planat@hpe.com","trainingMode":"WALKING_DOWN","brightness":0}
{"deviceid":"b81e905908354542","eventtype":"ambientLight","timestamp":1456248294342,"userid":"vincent.planat@hpe.com","trainingMode":"WALKING_DOWN","brightness":15}
{"deviceid":"b81e905908354542","eventtype":"ambientLight","timestamp":1456248283486,"userid":"vincent.planat@hpe.com","trainingMode":"WALKING_DOWN","brightness":183}
{"deviceid":"b81e905908354542","eventtype":"ambientLight","timestamp":1456248275298,"userid":"vincent.planat@hpe.com","trainingMode":"WALKING_DOWN","brightness":0}
{"deviceid":"b81e905908354542","eventtype":"ambientLight","timestamp":1456248302360,"userid":"vincent.planat@hpe.com","trainingMode":"WALKING","brightness":34}
{"deviceid":"b81e905908354542","eventtype":"ambientLight","timestamp":1456248281140,"userid":"vincent.planat@hpe.com","trainingMode":"WALKING_DOWN","brightness":0}
{"deviceid":"b81e905908354542","eventtype":"ambientLight","timestamp":1456248298990,"userid":"vincent.planat@hpe.com","trainingMode":"WALKING","brightness":25}
{"deviceid":"b81e905908354542","eventtype":"ambientLight","timestamp":1456248293784,"userid":"vincent.planat@hpe.com","trainingMode":"WALKING_DOWN","brightness":75}
{"deviceid":"b81e905908354542","eventtype":"ambientLight","timestamp":1456248292386,"userid":"vincent.planat@hpe.com","trainingMode":"WALKING_DOWN","brightness":68}
{"deviceid":"b81e905908354542","eventtype":"ambientLight","timestamp":1456248293305,"userid":"vincent.planat@hpe.com","trainingMode":"WALKING_DOWN","brightness":88}
{"deviceid":"b81e905908354542","eventtype":"ambientLight","timestamp":1456248300198,"userid":"vincent.planat@hpe.com","trainingMode":"WALKING","brightness":202}
{"deviceid":"b81e905908354542","eventtype":"ambientLight","timestamp":1456248294781,"userid":"vincent.planat@hpe.com","trainingMode":"WALKING_DOWN","brightness":245}
{"deviceid":"b81e905908354542","eventtype":"ambientLight","timestamp":1456248275277,"userid":"vincent.planat@hpe.com","trainingMode":"WALKING_DOWN","brightness":0}
{"deviceid":"b81e905908354542","eventtype":"ambientLight","timestamp":1456248268202,"userid":"vincent.planat@hpe.com","trainingMode":"WALKING_DOWN","brightness":0}
{"deviceid":"b81e905908354542","eventtype":"ambientLight","timestamp":1456248278941,"userid":"vincent.planat@hpe.com","trainingMode":"WALKING_DOWN","brightness":0}
{"deviceid":"b81e905908354542","eventtype":"ambientLight","timestamp":1456248287866,"userid":"vincent.planat@hpe.com","trainingMode":"WALKING_DOWN","brightness":70}
{"deviceid":"b81e905908354542","eventtype":"ambientLight","timestamp":1456248307812,"userid":"vincent.planat@hpe.com","trainingMode":"WALKING","brightness":56}
{"deviceid":"b81e905908354542","eventtype":"ambientLight","timestamp":1456248294768,"userid":"vincent.planat@hpe.com","trainingMode":"WALKING_DOWN","brightness":245}
{"deviceid":"b81e905908354542","eventtype":"ambientLight","timestamp":1456248306785,"userid":"vincent.planat@hpe.com","trainingMode":"WALKING","brightness":53}
{"deviceid":"b81e905908354542","eventtype":"ambientLight","timestamp":1456248270792,"userid":"vincent.planat@hpe.com","trainingMode":"WALKING_DOWN","brightness":0}
{"deviceid":"b81e905908354542","eventtype":"ambientLight","timestamp":1456248280256,"userid":"vincent.planat@hpe.com","trainingMode":"WALKING_DOWN","brightness":0}
{"deviceid":"b81e905908354542","eventtype":"ambientLight","timestamp":1456248300988,"userid":"vincent.planat@hpe.com","trainingMode":"WALKING","brightness":43}
{"deviceid":"b81e905908354542","eventtype":"ambientLight","timestamp":1456248285631,"userid":"vincent.planat@hpe.com","trainingMode":"WALKING_DOWN","brightness":58}
{"deviceid":"b81e905908354542","eventtype":"ambientLight","timestamp":1456248301486,"userid":"vincent.planat@hpe.com","trainingMode":"WALKING","brightness":26}
{"deviceid":"b81e905908354542","eventtype":"ambientLight","timestamp":1456248301002,"userid":"vincent.planat@hpe.com","trainingMode":"WALKING","brightness":43}
{"deviceid":"b81e905908354542","eventtype":"ambientLight","timestamp":1456248290834,"userid":"vincent.planat@hpe.com","trainingMode":"WALKING_DOWN","brightness":73}
{"deviceid":"b81e905908354542","eventtype":"ambientLight","timestamp":1456248297439,"userid":"vincent.planat@hpe.com","trainingMode":"WALKING","brightness":43}
{"deviceid":"b81e905908354542","eventtype":"ambientLight","timestamp":1456248286475,"userid":"vincent.planat@hpe.com","trainingMode":"WALKING_DOWN","brightness":95}
{"deviceid":"b81e905908354542","eventtype":"ambientLight","timestamp":1456248289264,"userid":"vincent.planat@hpe.com","trainingMode":"WALKING_DOWN","brightness":138}
{"deviceid":"b81e905908354542","eventtype":"ambientLight","timestamp":1456248297897,"userid":"vincent.planat@hpe.com","trainingMode":"WALKING","brightness":61}
{"deviceid":"b81e905908354542","eventtype":"ambientLight","timestamp":1456248273365,"userid":"vincent.planat@hpe.com","trainingMode":"WALKING_DOWN","brightness":0}
{"deviceid":"b81e905908354542","eventtype":"ambientLight","timestamp":1456248267658,"userid":"vincent.planat@hpe.com","trainingMode":"WALKING_DOWN","brightness":0}
{"deviceid":"b81e905908354542","eventtype":"ambientLight","timestamp":1456248306762,"userid":"vincent.planat@hpe.com","trainingMode":"WALKING","brightness":53}
{"deviceid":"b81e905908354542","eventtype":"ambientLight","timestamp":1456248294358,"userid":"vincent.planat@hpe.com","trainingMode":"WALKING_DOWN","brightness":15}
{"deviceid":"b81e905908354542","eventtype":"ambientLight","timestamp":1456248283441,"userid":"vincent.planat@hpe.com","trainingMode":"WALKING_DOWN","brightness":183}
{"deviceid":"b81e905908354542","eventtype":"ambientLight","timestamp":1456248276856,"userid":"vincent.planat@hpe.com","trainingMode":"WALKING_DOWN","brightness":0}
{"deviceid":"b81e905908354542","eventtype":"ambientLight","timestamp":1456248279850,"userid":"vincent.planat@hpe.com","trainingMode":"WALKING_DOWN","brightness":0}
{"deviceid":"b81e905908354542","eventtype":"ambientLight","timestamp":1456248302376,"userid":"vincent.planat@hpe.com","trainingMode":"WALKING","brightness":34}
{"deviceid":"b81e905908354542","eventtype":"ambientLight","timestamp":1456248280738,"userid":"vincent.planat@hpe.com","trainingMode":"WALKING_DOWN","brightness":0}
{"deviceid":"b81e905908354542","eventtype":"ambientLight","timestamp":1456248267588,"userid":"vincent.planat@hpe.com","trainingMode":"WALKING_DOWN","brightness":0}
{"deviceid":"b81e905908354542","eventtype":"ambientLight","timestamp":1456248308429,"userid":"vincent.planat@hpe.com","trainingMode":"WALKING","brightness":38}
{"deviceid":"b81e905908354542","eventtype":"ambientLight","timestamp":1456248272454,"userid":"vincent.planat@hpe.com","trainingMode":"WALKING_DOWN","brightness":0}
{"deviceid":"b81e905908354542","eventtype":"ambientLight","timestamp":1456248273345,"userid":"vincent.planat@hpe.com","trainingMode":"WALKING_DOWN","brightness":0}
{"deviceid":"b81e905908354542","eventtype":"ambientLight","timestamp":1456248286929,"userid":"vincent.planat@hpe.com","trainingMode":"WALKING_DOWN","brightness":89}
{"deviceid":"b81e905908354542","eventtype":"ambientLight","timestamp":1456248270241,"userid":"vincent.planat@hpe.com","trainingMode":"WALKING_DOWN","brightness":0}
{"deviceid":"b81e905908354542","eventtype":"ambientLight","timestamp":1456248292741,"userid":"vincent.planat@hpe.com","trainingMode":"WALKING_DOWN","brightness":74}
{"deviceid":"b81e905908354542","eventtype":"ambientLight","timestamp":1456248305005,"userid":"vincent.planat@hpe.com","trainingMode":"WALKING","brightness":75}
{"deviceid":"b81e905908354542","eventtype":"ambientLight","timestamp":1456248295335,"userid":"vincent.planat@hpe.com","trainingMode":"WALKING_DOWN","brightness":92}
{"deviceid":"b81e905908354542","eventtype":"ambientLight","timestamp":1456248279462,"userid":"vincent.planat@hpe.com","trainingMode":"WALKING_DOWN","brightness":0}
{"deviceid":"b81e905908354542","eventtype":"ambientLight","timestamp":1456248290295,"userid":"vincent.planat@hpe.com","trainingMode":"WALKING_DOWN","brightness":34}
{"deviceid":"b81e905908354542","eventtype":"ambientLight","timestamp":1456248274800,"userid":"vincent.planat@hpe.com","trainingMode":"WALKING_DOWN","brightness":0}
{"deviceid":"b81e905908354542","eventtype":"ambientLight","timestamp":1456248303751,"userid":"vincent.planat@hpe.com","trainingMode":"WALKING","brightness":145}
{"deviceid":"b81e905908354542","eventtype":"ambientLight","timestamp":1456248302776,"userid":"vincent.planat@hpe.com","trainingMode":"WALKING","brightness":37}
{"deviceid":"b81e905908354542","eventtype":"ambientLight","timestamp":1456248269777,"userid":"vincent.planat@hpe.com","trainingMode":"WALKING_DOWN","brightness":0}
{"deviceid":"b81e905908354542","eventtype":"ambientLight","timestamp":1456248289739,"userid":"vincent.planat@hpe.com","trainingMode":"WALKING_DOWN","brightness":65}
{"deviceid":"b81e905908354542","eventtype":"ambientLight","timestamp":1456248283876,"userid":"vincent.planat@hpe.com","trainingMode":"WALKING_DOWN","brightness":16}
{"deviceid":"b81e905908354542","eventtype":"ambientLight","timestamp":1456248278920,"userid":"vincent.planat@hpe.com","trainingMode":"WALKING_DOWN","brightness":0}
{"deviceid":"b81e905908354542","eventtype":"ambientLight","timestamp":1456248269232,"userid":"vincent.planat@hpe.com","trainingMode":"WALKING_DOWN","brightness":0}
{"deviceid":"b81e905908354542","eventtype":"ambientLight","timestamp":1456248296320,"userid":"vincent.planat@hpe.com","trainingMode":"WALKING_DOWN","brightness":68}
{"deviceid":"b81e905908354542","eventtype":"ambientLight","timestamp":1456248296761,"userid":"vincent.planat@hpe.com","trainingMode":"WALKING_DOWN","brightness":59}
{"deviceid":"b81e905908354542","eventtype":"ambientLight","timestamp":1456248297457,"userid":"vincent.planat@hpe.com","trainingMode":"WALKING","brightness":43}
{"deviceid":"b81e905908354542","eventtype":"ambientLight","timestamp":1456248292365,"userid":"vincent.planat@hpe.com","trainingMode":"WALKING_DOWN","brightness":68}
{"deviceid":"b81e905908354542","eventtype":"ambientLight","timestamp":1456248291485,"userid":"vincent.planat@hpe.com","trainingMode":"WALKING_DOWN","brightness":27}
{"deviceid":"b81e905908354542","eventtype":"ambientLight","timestamp":1456248290308,"userid":"vincent.planat@hpe.com","trainingMode":"WALKING_DOWN","brightness":34}
{"deviceid":"b81e905908354542","eventtype":"ambientLight","timestamp":1456248277810,"userid":"vincent.planat@hpe.com","trainingMode":"WALKING_DOWN","brightness":0}
{"deviceid":"b81e905908354542","eventtype":"ambientLight","timestamp":1456248299421,"userid":"vincent.planat@hpe.com","trainingMode":"WALKING","brightness":39}
{"deviceid":"b81e905908354542","eventtype":"ambientLight","timestamp":1456248271291,"userid":"vincent.planat@hpe.com","trainingMode":"WALKING_DOWN","brightness":0}
{"deviceid":"b81e905908354542","eventtype":"ambientLight","timestamp":1456248279835,"userid":"vincent.planat@hpe.com","trainingMode":"WALKING_DOWN","brightness":0}
{"deviceid":"b81e905908354542","eventtype":"ambientLight","timestamp":1456248300628,"userid":"vincent.planat@hpe.com","trainingMode":"WALKING","brightness":43}
{"deviceid":"b81e905908354542","eventtype":"ambientLight","timestamp":1456248301836,"userid":"vincent.planat@hpe.com","trainingMode":"WALKING","brightness":37}
{"deviceid":"b81e905908354542","eventtype":"ambientLight","timestamp":1456248286461,"userid":"vincent.planat@hpe.com","trainingMode":"WALKING_DOWN","brightness":95}
{"deviceid":"b81e905908354542","eventtype":"ambientLight","timestamp":1456248268126,"userid":"vincent.planat@hpe.com","trainingMode":"WALKING_DOWN","brightness":0}
{"deviceid":"b81e905908354542","eventtype":"ambientLight","timestamp":1456248296349,"userid":"vincent.planat@hpe.com","trainingMode":"WALKING_DOWN","brightness":68}
