{"deviceid":"b81e905908354542","eventtype":"altimeter","timestamp":1456248359933,"userid":"vincent.planat@hpe.com","trainingMode":"WALKING_UP","flightsAscended":16,"flightsDescended":10,"rate":39.0,"steppingGain":4588,"steppingLoss":3381,"stepsAscended":774,"stepsDescended":666,"totalGain":18081,"totalLoss":16264}
{"deviceid":"b81e905908354542","eventtype":"altimeter","timestamp":1456248367309,"userid":"vincent.planat@hpe.com","trainingMode":"WALKING_UP","flightsAscended":16,"flightsDescended":10,"rate":6.0,"steppingGain":4588,"steppingLoss":3381,"stepsAscended":774,"stepsDescended":666,"totalGain":18208,"totalLoss":16264}
{"deviceid":"b81e905908354542","eventtype":"altimeter","timestamp":1456248337234,"userid":"vincent.planat@hpe.com","trainingMode":"WALKING_UP","flightsAscended":14,"flightsDescended":10,"rate":-1.0,"steppingGain":3926,"steppingLoss":3381,"stepsAscended":708,"stepsDescended":666,"totalGain":17419,"totalLoss":16264}
{"deviceid":"b81e905908354542","eventtype":"altimeter","timestamp":1456248338050,"userid":"vincent.planat@hpe.com","trainingMode":"WALKING_UP","flightsAscended":14,"flightsDescended":10,"rate":-4.0,"steppingGain":3926,"steppingLoss":3381,"stepsAscended":708,"stepsDescended":666,"totalGain":17419,"totalLoss":16264}
{"deviceid":"b81e905908354542","eventtype":"altimeter","timestamp":1456248344305,"userid":"vincent.planat@hpe.com","trainingMode":"WALKING_UP","flightsAscended":14,"flightsDescended":10,"rate":13.0,"steppingGain":3926,"steppingLoss":3381,"stepsAscended":708,"stepsDescended":666,"totalGain":17419,"totalLoss":16264}
{"deviceid":"b81e905908354542","eventtype":"altimeter","timestamp":1456248351249,"userid":"vincent.planat@hpe.com","trainingMode":"WALKING_UP","flightsAscended":15,"flightsDescended":10,"rate":32.0,"steppingGain":4186,"steppingLoss":3381,"stepsAscended":758,"stepsDescended":666,"totalGain":17679,"totalLoss":16264}
{"deviceid":"b81e905908354542","eventtype":"altimeter","timestamp":1456248338063,"userid":"vincent.planat@hpe.com","trainingMode":"WALKING_UP","flightsAscended":14,"flightsDescended":10,"rate":-4.0,"steppingGain":3926,"steppingLoss":3381,"stepsAscended":708,"stepsDescended":666,"totalGain":17419,"totalLoss":16264}
{"deviceid":"b81e905908354542","eventtype":"altimeter","timestamp":1456248363937,"userid":"vincent.planat@hpe.com","trainingMode":"WALKING_UP","flightsAscended":16,"flightsDescended":10,"rate":22.0,"steppingGain":4588,"steppingLoss":3381,"stepsAscended":774,"stepsDescended":666,"totalGain":18081,"totalLoss":16264}
{"deviceid":"b81e905908354542","eventtype":"altimeter","timestamp":1456248349571,"userid":"vincent.planat@hpe.com","trainingMode":"WALKING_UP","flightsAscended":14,"flightsDescended":10,"rate":30.0,"steppingGain":4054,"steppingLoss":3381,"stepsAscended":750,"stepsDescended":666,"totalGain":17547,"totalLoss":16264}
{"deviceid":"b81e905908354542","eventtype":"altimeter","timestamp":1456248345091,"userid":"vincent.planat@hpe.com","trainingMode":"WALKING_UP","flightsAscended":14,"flightsDescended":10,"rate":17.0,"steppingGain":3926,"steppingLoss":3381,"stepsAscended":708,"stepsDescended":666,"totalGain":17419,"totalLoss":16264}
{"deviceid":"b81e905908354542","eventtype":"altimeter","timestamp":1456248350372,"userid":"vincent.planat@hpe.com","trainingMode":"WALKING_UP","flightsAscended":15,"flightsDescended":10,"rate":31.0,"steppingGain":4054,"steppingLoss":3381,"stepsAscended":750,"stepsDescended":666,"totalGain":17547,"totalLoss":16264}
{"deviceid":"b81e905908354542","eventtype":"altimeter","timestamp":1456248355928,"userid":"vincent.planat@hpe.com","trainingMode":"WALKING_UP","flightsAscended":16,"flightsDescended":10,"rate":46.0,"steppingGain":4319,"steppingLoss":3381,"stepsAscended":764,"stepsDescended":666,"totalGain":17812,"totalLoss":16264}
{"deviceid":"b81e905908354542","eventtype":"altimeter","timestamp":1456248345929,"userid":"vincent.planat@hpe.com","trainingMode":"WALKING_UP","flightsAscended":14,"flightsDescended":10,"rate":19.0,"steppingGain":3926,"steppingLoss":3381,"stepsAscended":708,"stepsDescended":666,"totalGain":17419,"totalLoss":16264}
{"deviceid":"b81e905908354542","eventtype":"altimeter","timestamp":1456248347939,"userid":"vincent.planat@hpe.com","trainingMode":"WALKING_UP","flightsAscended":14,"flightsDescended":10,"rate":28.0,"steppingGain":4054,"steppingLoss":3381,"stepsAscended":750,"stepsDescended":666,"totalGain":17547,"totalLoss":16264}
{"deviceid":"b81e905908354542","eventtype":"altimeter","timestamp":1456248345916,"userid":"vincent.planat@hpe.com","trainingMode":"WALKING_UP","flightsAscended":14,"flightsDescended":10,"rate":19.0,"steppingGain":3926,"steppingLoss":3381,"stepsAscended":708,"stepsDescended":666,"totalGain":17419,"totalLoss":16264}
{"deviceid":"b81e905908354542","eventtype":"altimeter","timestamp":1456248358005,"userid":"vincent.planat@hpe.com","trainingMode":"WALKING_UP","flightsAscended":16,"flightsDescended":10,"rate":48.0,"steppingGain":4463,"steppingLoss":3381,"stepsAscended":770,"stepsDescended":666,"totalGain":17956,"totalLoss":16264}
{"deviceid":"b81e905908354542","eventtype":"altimeter","timestamp":1456248358962,"userid":"vincent.planat@hpe.com","trainingMode":"WALKING_UP","flightsAscended":16,"flightsDescended":10,"rate":45.0,"steppingGain":4463,"steppingLoss":3381,"stepsAscended":770,"stepsDescended":666,"totalGain":17956,"totalLoss":16264}
{"deviceid":"b81e905908354542","eventtype":"altimeter","timestamp":1456248355911,"userid":"vincent.planat@hpe.com","trainingMode":"WALKING_UP","flightsAscended":16,"flightsDescended":10,"rate":46.0,"steppingGain":4319,"steppingLoss":3381,"stepsAscended":764,"stepsDescended":666,"totalGain":17812,"totalLoss":16264}
{"deviceid":"b81e905908354542","eventtype":"altimeter","timestamp":1456248360983,"userid":"vincent.planat@hpe.com","trainingMode":"WALKING_UP","flightsAscended":16,"flightsDescended":10,"rate":40.0,"steppingGain":4588,"steppingLoss":3381,"stepsAscended":774,"stepsDescended":666,"totalGain":18081,"totalLoss":16264}
{"deviceid":"b81e905908354542","eventtype":"altimeter","timestamp":1456248361985,"userid":"vincent.planat@hpe.com","trainingMode":"WALKING_UP","flightsAscended":16,"flightsDescended":10,"rate":35.0,"steppingGain":4588,"steppingLoss":3381,"stepsAscended":774,"stepsDescended":666,"totalGain":18081,"totalLoss":16264}
{"deviceid":"b81e905908354542","eventtype":"altimeter","timestamp":1456248342687,"userid":"vincent.planat@hpe.com","trainingMode":"WALKING_UP","flightsAscended":14,"flightsDescended":10,"rate":1.0,"steppingGain":3926,"steppingLoss":3381,"stepsAscended":708,"stepsDescended":666,"totalGain":17419,"totalLoss":16264}
{"deviceid":"b81e905908354542","eventtype":"altimeter","timestamp":1456248352907,"userid":"vincent.planat@hpe.com","trainingMode":"WALKING_UP","flightsAscended":15,"flightsDescended":10,"rate":41.0,"steppingGain":4186,"steppingLoss":3381,"stepsAscended":758,"stepsDescended":666,"totalGain":17679,"totalLoss":16264}
{"deviceid":"b81e905908354542","eventtype":"altimeter","timestamp":1456248368123,"userid":"vincent.planat@hpe.com","trainingMode":"WALKING_UP","flightsAscended":16,"flightsDescended":10,"rate":3.0,"steppingGain":4588,"steppingLoss":3381,"stepsAscended":774,"stepsDescended":666,"totalGain":18208,"totalLoss":16264}
{"deviceid":"b81e905908354542","eventtype":"altimeter","timestamp":1456248350387,"userid":"vincent.planat@hpe.com","trainingMode":"WALKING_UP","flightsAscended":15,"flightsDescended":10,"rate":31.0,"steppingGain":4054,"steppingLoss":3381,"stepsAscended":750,"stepsDescended":666,"totalGain":17547,"totalLoss":16264}
{"deviceid":"b81e905908354542","eventtype":"altimeter","timestamp":1456248358992,"userid":"vincent.planat@hpe.com","trainingMode":"WALKING_UP","flightsAscended":16,"flightsDescended":10,"rate":45.0,"steppingGain":4463,"steppingLoss":3381,"stepsAscended":770,"stepsDescended":666,"totalGain":17956,"totalLoss":16264}
{"deviceid":"b81e905908354542","eventtype":"altimeter","timestamp":1456248366511,"userid":"vincent.planat@hpe.com","trainingMode":"WALKING_UP","flightsAscended":16,"flightsDescended":10,"rate":11.0,"steppingGain":4588,"steppingLoss":3381,"stepsAscended":774,"stepsDescended":666,"totalGain":18208,"totalLoss":16264}
{"deviceid":"b81e905908354542","eventtype":"altimeter","timestamp":1456248352029,"userid":"vincent.planat@hpe.com","trainingMode":"WALKING_UP","flightsAscended":15,"flightsDescended":10,"rate":37.0,"steppingGain":4186,"steppingLoss":3381,"stepsAscended":758,"stepsDescended":666,"totalGain":17679,"totalLoss":16264}
{"deviceid":"b81e905908354542","eventtype":"altimeter","timestamp":1456248349589,"userid":"vincent.planat@hpe.com","trainingMode":"WALKING_UP","flightsAscended":14,"flightsDescended":10,"rate":30.0,"steppingGain":4054,"steppingLoss":3381,"stepsAscended":750,"stepsDescended":666,"totalGain":17547,"totalLoss":16264}
{"deviceid":"b81e905908354542","eventtype":"altimeter","timestamp":1456248346902,"userid":"vincent.planat@hpe.com","trainingMode":"WALKING_UP","flightsAscended":14,"flightsDescended":10,"rate":24.0,"steppingGain":4054,"steppingLoss":3381,"stepsAscended":750,"stepsDescended":666,"totalGain":17547,"totalLoss":16264}
{"deviceid":"b81e905908354542","eventtype":"altimeter","timestamp":1456248359947,"userid":"vincent.planat@hpe.com","trainingMode":"WALKING_UP","flightsAscended":16,"flightsDescended":10,"rate":39.0,"steppingGain":4588,"steppingLoss":3381,"stepsAscended":774,"stepsDescended":666,"totalGain":18081,"totalLoss":16264}
{"deviceid":"b81e905908354542","eventtype":"altimeter","timestamp":1456248365690,"userid":"vincent.planat@hpe.com","trainingMode":"WALKING_UP","flightsAscended":16,"flightsDescended":10,"rate":16.0,"steppingGain":4588,"steppingLoss":3381,"stepsAscended":774,"stepsDescended":666,"totalGain":18081,"totalLoss":16264}
{"deviceid":"b81e905908354542","eventtype":"altimeter","timestamp":1456248342678,"userid":"vincent.planat@hpe.com","trainingMode":"WALKING_UP","flightsAscended":14,"flightsDescended":10,"rate":1.0,"steppingGain":3926,"steppingLoss":3381,"stepsAscended":708,"stepsDescended":666,"totalGain":17419,"totalLoss":16264}
{"deviceid":"b81e905908354542","eventtype":"altimeter","timestamp":1456248352035,"userid":"vincent.planat@hpe.com","trainingMode":"WALKING_UP","flightsAscended":15,"flightsDescended":10,"rate":37.0,"steppingGain":4186,"steppingLoss":3381,"stepsAscended":758,"stepsDescended":666,"totalGain":17679,"totalLoss":16264}
{"deviceid":"b81e905908354542","eventtype":"altimeter","timestamp":1456248365704,"userid":"vincent.planat@hpe.com","trainingMode":"WALKING_UP","flightsAscended":16,"flightsDescended":10,"rate":16.0,"steppingGain":4588,"steppingLoss":3381,"stepsAscended":774,"stepsDescended":666,"totalGain":18081,"totalLoss":16264}
{"deviceid":"b81e905908354542","eventtype":"altimeter","timestamp":1456248355077,"userid":"vincent.planat@hpe.com","trainingMode":"WALKING_UP","flightsAscended":15,"flightsDescended":10,"rate":46.0,"steppingGain":4319,"steppingLoss":3381,"stepsAscended":764,"stepsDescended":666,"totalGain":17812,"totalLoss":16264}
{"deviceid":"b81e905908354542","eventtype":"altimeter","timestamp":1456248366529,"userid":"vincent.planat@hpe.com","trainingMode":"WALKING_UP","flightsAscended":16,"flightsDescended":10,"rate":11.0,"steppingGain":4588,"steppingLoss":3381,"stepsAscended":774,"stepsDescended":666,"totalGain":18208,"totalLoss":16264}
{"deviceid":"b81e905908354542","eventtype":"altimeter","timestamp":1456248339002,"userid":"vincent.planat@hpe.com","trainingMode":"WALKING_UP","flightsAscended":14,"flightsDescended":10,"rate":-8.0,"steppingGain":3926,"steppingLoss":3381,"stepsAscended":708,"stepsDescended":666,"totalGain":17419,"totalLoss":16264}
{"deviceid":"b81e905908354542","eventtype":"altimeter","timestamp":1456248367290,"userid":"vincent.planat@hpe.com","trainingMode":"WALKING_UP","flightsAscended":16,"flightsDescended":10,"rate":6.0,"steppingGain":4588,"steppingLoss":3381,"stepsAscended":774,"stepsDescended":666,"totalGain":18208,"totalLoss":16264}
{"deviceid":"b81e905908354542","eventtype":"altimeter","timestamp":1456248348327,"userid":"vincent.planat@hpe.com","trainingMode":"WALKING_UP","flightsAscended":14,"flightsDescended":10,"rate":28.0,"steppingGain":4054,"steppingLoss":3381,"stepsAscended":750,"stepsDescended":666,"totalGain":17547,"totalLoss":16264}
{"deviceid":"b81e905908354542","eventtype":"altimeter","timestamp":1456248340969,"userid":"vincent.planat@hpe.com","trainingMode":"WALKING_UP","flightsAscended":14,"flightsDescended":10,"rate":-3.0,"steppingGain":3926,"steppingLoss":3381,"stepsAscended":708,"stepsDescended":666,"totalGain":17419,"totalLoss":16264}
{"deviceid":"b81e905908354542","eventtype":"altimeter","timestamp":1456248362906,"userid":"vincent.planat@hpe.com","trainingMode":"WALKING_UP","flightsAscended":16,"flightsDescended":10,"rate":28.0,"steppingGain":4588,"steppingLoss":3381,"stepsAscended":774,"stepsDescended":666,"totalGain":18081,"totalLoss":16264}
{"deviceid":"b81e905908354542","eventtype":"altimeter","timestamp":1456248345112,"userid":"vincent.planat@hpe.com","trainingMode":"WALKING_UP","flightsAscended":14,"flightsDescended":10,"rate":17.0,"steppingGain":3926,"steppingLoss":3381,"stepsAscended":708,"stepsDescended":666,"totalGain":17419,"totalLoss":16264}
{"deviceid":"b81e905908354542","eventtype":"altimeter","timestamp":1456248358048,"userid":"vincent.planat@hpe.com","trainingMode":"WALKING_UP","flightsAscended":16,"flightsDescended":10,"rate":48.0,"steppingGain":4463,"steppingLoss":3381,"stepsAscended":770,"stepsDescended":666,"totalGain":17956,"totalLoss":16264}
{"deviceid":"b81e905908354542","eventtype":"altimeter","timestamp":1456248338984,"userid":"vincent.planat@hpe.com","trainingMode":"WALKING_UP","flightsAscended":14,"flightsDescended":10,"rate":-8.0,"steppingGain":3926,"steppingLoss":3381,"stepsAscended":708,"stepsDescended":666,"totalGain":17419,"totalLoss":16264}
{"deviceid":"b81e905908354542","eventtype":"altimeter","timestamp":1456248356952,"userid":"vincent.planat@hpe.com","trainingMode":"WALKING_UP","flightsAscended":16,"flightsDescended":10,"rate":47.0,"steppingGain":4463,"steppingLoss":3381,"stepsAscended":770,"stepsDescended":666,"totalGain":17956,"totalLoss":16264}
{"deviceid":"b81e905908354542","eventtype":"altimeter","timestamp":1456248346920,"userid":"vincent.planat@hpe.com","trainingMode":"WALKING_UP","flightsAscended":14,"flightsDescended":10,"rate":24.0,"steppingGain":4054,"steppingLoss":3381,"stepsAscended":750,"stepsDescended":666,"totalGain":17547,"totalLoss":16264}
{"deviceid":"b81e905908354542","eventtype":"altimeter","timestamp":1456248343426,"userid":"vincent.planat@hpe.com","trainingMode":"WALKING_UP","flightsAscended":14,"flightsDescended":10,"rate":8.0,"steppingGain":3926,"steppingLoss":3381,"stepsAscended":708,"stepsDescended":666,"totalGain":17419,"totalLoss":16264}
{"deviceid":"b81e905908354542","eventtype":"altimeter","timestamp":1456248368106,"userid":"vincent.planat@hpe.com","trainingMode":"WALKING_UP","flightsAscended":16,"flightsDescended":10,"rate":3.0,"steppingGain":4588,"steppingLoss":3381,"stepsAscended":774,"stepsDescended":666,"totalGain":18208,"totalLoss":16264}
{"deviceid":"b81e905908354542","eventtype":"altimeter","timestamp":1456248339966,"userid":"vincent.planat@hpe.com","trainingMode":"WALKING_UP","flightsAscended":14,"flightsDescended":10,"rate":-8.0,"steppingGain":3926,"steppingLoss":3381,"stepsAscended":708,"stepsDescended":666,"totalGain":17419,"totalLoss":16264}
{"deviceid":"b81e905908354542","eventtype":"altimeter","timestamp":1456248363913,"userid":"vincent.planat@hpe.com","trainingMode":"WALKING_UP","flightsAscended":16,"flightsDescended":10,"rate":22.0,"steppingGain":4588,"steppingLoss":3381,"stepsAscended":774,"stepsDescended":666,"totalGain":18081,"totalLoss":16264}
{"deviceid":"b81e905908354542","eventtype":"altimeter","timestamp":1456248344292,"userid":"vincent.planat@hpe.com","trainingMode":"WALKING_UP","flightsAscended":14,"flightsDescended":10,"rate":13.0,"steppingGain":3926,"steppingLoss":3381,"stepsAscended":708,"stepsDescended":666,"totalGain":17419,"totalLoss":16264}
{"deviceid":"b81e905908354542","eventtype":"altimeter","timestamp":1456248337251,"userid":"vincent.planat@hpe.com","trainingMode":"WALKING_UP","flightsAscended":14,"flightsDescended":10,"rate":-1.0,"steppingGain":3926,"steppingLoss":3381,"stepsAscended":708,"stepsDescended":666,"totalGain":17419,"totalLoss":16264}
{"deviceid":"b81e905908354542","eventtype":"altimeter","timestamp":1456248353931,"userid":"vincent.planat@hpe.com","trainingMode":"WALKING_UP","flightsAscended":15,"flightsDescended":10,"rate":43.0,"steppingGain":4319,"steppingLoss":3381,"stepsAscended":764,"stepsDescended":666,"totalGain":17812,"totalLoss":16264}
{"deviceid":"b81e905908354542","eventtype":"altimeter","timestamp":1456248360965,"userid":"vincent.planat@hpe.com","trainingMode":"WALKING_UP","flightsAscended":16,"flightsDescended":10,"rate":40.0,"steppingGain":4588,"steppingLoss":3381,"stepsAscended":774,"stepsDescended":666,"totalGain":18081,"totalLoss":16264}
{"deviceid":"b81e905908354542","eventtype":"altimeter","timestamp":1456248339979,"userid":"vincent.planat@hpe.com","trainingMode":"WALKING_UP","flightsAscended":14,"flightsDescended":10,"rate":-8.0,"steppingGain":3926,"steppingLoss":3381,"stepsAscended":708,"stepsDescended":666,"totalGain":17419,"totalLoss":16264}
{"deviceid":"b81e905908354542","eventtype":"altimeter","timestamp":1456248353916,"userid":"vincent.planat@hpe.com","trainingMode":"WALKING_UP","flightsAscended":15,"flightsDescended":10,"rate":43.0,"steppingGain":4319,"steppingLoss":3381,"stepsAscended":764,"stepsDescended":666,"totalGain":17812,"totalLoss":16264}
{"deviceid":"b81e905908354542","eventtype":"altimeter","timestamp":1456248362931,"userid":"vincent.planat@hpe.com","trainingMode":"WALKING_UP","flightsAscended":16,"flightsDescended":10,"rate":28.0,"steppingGain":4588,"steppingLoss":3381,"stepsAscended":774,"stepsDescended":666,"totalGain":18081,"totalLoss":16264}
{"deviceid":"b81e905908354542","eventtype":"altimeter","timestamp":1456248361999,"userid":"vincent.planat@hpe.com","trainingMode":"WALKING_UP","flightsAscended":16,"flightsDescended":10,"rate":35.0,"steppingGain":4588,"steppingLoss":3381,"stepsAscended":774,"stepsDescended":666,"totalGain":18081,"totalLoss":16264}
{"deviceid":"b81e905908354542","eventtype":"altimeter","timestamp":1456248356969,"userid":"vincent.planat@hpe.com","trainingMode":"WALKING_UP","flightsAscended":16,"flightsDescended":10,"rate":47.0,"steppingGain":4463,"steppingLoss":3381,"stepsAscended":770,"stepsDescended":666,"totalGain":17956,"totalLoss":16264}
{"deviceid":"b81e905908354542","eventtype":"altimeter","timestamp":1456248352922,"userid":"vincent.planat@hpe.com","trainingMode":"WALKING_UP","flightsAscended":15,"flightsDescended":10,"rate":41.0,"steppingGain":4186,"steppingLoss":3381,"stepsAscended":758,"stepsDescended":666,"totalGain":17679,"totalLoss":16264}
{"deviceid":"b81e905908354542","eventtype":"altimeter","timestamp":1456248343411,"userid":"vincent.planat@hpe.com","trainingMode":"WALKING_UP","flightsAscended":14,"flightsDescended":10,"rate":8.0,"steppingGain":3926,"steppingLoss":3381,"stepsAscended":708,"stepsDescended":666,"totalGain":17419,"totalLoss":16264}
{"deviceid":"b81e905908354542","eventtype":"altimeter","timestamp":1456248355063,"userid":"vincent.planat@hpe.com","trainingMode":"WALKING_UP","flightsAscended":15,"flightsDescended":10,"rate":46.0,"steppingGain":4319,"steppingLoss":3381,"stepsAscended":764,"stepsDescended":666,"totalGain":17812,"totalLoss":16264}
{"deviceid":"b81e905908354542","eventtype":"altimeter","timestamp":1456248340985,"userid":"vincent.planat@hpe.com","trainingMode":"WALKING_UP","flightsAscended":14,"flightsDescended":10,"rate":-3.0,"steppingGain":3926,"steppingLoss":3381,"stepsAscended":708,"stepsDescended":666,"totalGain":17419,"totalLoss":16264}
{"deviceid":"b81e905908354542","eventtype":"altimeter","timestamp":1456248351233,"userid":"vincent.planat@hpe.com","trainingMode":"WALKING_UP","flightsAscended":15,"flightsDescended":10,"rate":32.0,"steppingGain":4186,"steppingLoss":3381,"stepsAscended":758,"stepsDescended":666,"totalGain":17679,"totalLoss":16264}
