{"deviceid":"b81e905908354542","eventtype":"altimeter","timestamp":1456248729031,"userid":"vincent.planat@hpe.com","trainingMode":"SITTING","flightsAscended":19,"flightsDescended":12,"rate":8.0,"steppingGain":5412,"steppingLoss":4408,"stepsAscended":870,"stepsDescended":938,"totalGain":19441,"totalLoss":17670}
{"deviceid":"b81e905908354542","eventtype":"altimeter","timestamp":1456248706643,"userid":"vincent.planat@hpe.com","trainingMode":"SITTING","flightsAscended":19,"flightsDescended":12,"rate":1.0,"steppingGain":5412,"steppingLoss":4408,"stepsAscended":870,"stepsDescended":938,"totalGain":19441,"totalLoss":17547}
{"deviceid":"b81e905908354542","eventtype":"altimeter","timestamp":1456248687016,"userid":"vincent.planat@hpe.com","trainingMode":"SITTING","flightsAscended":19,"flightsDescended":12,"rate":-5.0,"steppingGain":5412,"steppingLoss":4408,"stepsAscended":870,"stepsDescended":938,"totalGain":19441,"totalLoss":17547}
{"deviceid":"b81e905908354542","eventtype":"altimeter","timestamp":1456248721067,"userid":"vincent.planat@hpe.com","trainingMode":"SITTING","flightsAscended":19,"flightsDescended":12,"rate":-6.0,"steppingGain":5412,"steppingLoss":4408,"stepsAscended":870,"stepsDescended":938,"totalGain":19441,"totalLoss":17670}
{"deviceid":"b81e905908354542","eventtype":"altimeter","timestamp":1456248729045,"userid":"vincent.planat@hpe.com","trainingMode":"SITTING","flightsAscended":19,"flightsDescended":12,"rate":8.0,"steppingGain":5412,"steppingLoss":4408,"stepsAscended":870,"stepsDescended":938,"totalGain":19441,"totalLoss":17670}
{"deviceid":"b81e905908354542","eventtype":"altimeter","timestamp":1456248707686,"userid":"vincent.planat@hpe.com","trainingMode":"SITTING","flightsAscended":19,"flightsDescended":12,"rate":2.0,"steppingGain":5412,"steppingLoss":4408,"stepsAscended":870,"stepsDescended":938,"totalGain":19441,"totalLoss":17547}
{"deviceid":"b81e905908354542","eventtype":"altimeter","timestamp":1456248716006,"userid":"vincent.planat@hpe.com","trainingMode":"SITTING","flightsAscended":19,"flightsDescended":12,"rate":-20.0,"steppingGain":5412,"steppingLoss":4408,"stepsAscended":870,"stepsDescended":938,"totalGain":19441,"totalLoss":17547}
{"deviceid":"b81e905908354542","eventtype":"altimeter","timestamp":1456248718124,"userid":"vincent.planat@hpe.com","trainingMode":"SITTING","flightsAscended":19,"flightsDescended":12,"rate":-15.0,"steppingGain":5412,"steppingLoss":4408,"stepsAscended":870,"stepsDescended":938,"totalGain":19441,"totalLoss":17670}
{"deviceid":"b81e905908354542","eventtype":"altimeter","timestamp":1456248726016,"userid":"vincent.planat@hpe.com","trainingMode":"SITTING","flightsAscended":19,"flightsDescended":12,"rate":6.0,"steppingGain":5412,"steppingLoss":4408,"stepsAscended":870,"stepsDescended":938,"totalGain":19441,"totalLoss":17670}
{"deviceid":"b81e905908354542","eventtype":"altimeter","timestamp":1456248704097,"userid":"vincent.planat@hpe.com","trainingMode":"SITTING","flightsAscended":19,"flightsDescended":12,"rate":-3.0,"steppingGain":5412,"steppingLoss":4408,"stepsAscended":870,"stepsDescended":938,"totalGain":19441,"totalLoss":17547}
{"deviceid":"b81e905908354542","eventtype":"altimeter","timestamp":1456248709212,"userid":"vincent.planat@hpe.com","trainingMode":"SITTING","flightsAscended":19,"flightsDescended":12,"rate":7.0,"steppingGain":5412,"steppingLoss":4408,"stepsAscended":870,"stepsDescended":938,"totalGain":19441,"totalLoss":17547}
{"deviceid":"b81e905908354542","eventtype":"altimeter","timestamp":1456248717055,"userid":"vincent.planat@hpe.com","trainingMode":"SITTING","flightsAscended":19,"flightsDescended":12,"rate":-20.0,"steppingGain":5412,"steppingLoss":4408,"stepsAscended":870,"stepsDescended":938,"totalGain":19441,"totalLoss":17670}
{"deviceid":"b81e905908354542","eventtype":"altimeter","timestamp":1456248703010,"userid":"vincent.planat@hpe.com","trainingMode":"SITTING","flightsAscended":19,"flightsDescended":12,"rate":3.0,"steppingGain":5412,"steppingLoss":4408,"stepsAscended":870,"stepsDescended":938,"totalGain":19441,"totalLoss":17547}
{"deviceid":"b81e905908354542","eventtype":"altimeter","timestamp":1456248727011,"userid":"vincent.planat@hpe.com","trainingMode":"SITTING","flightsAscended":19,"flightsDescended":12,"rate":7.0,"steppingGain":5412,"steppingLoss":4408,"stepsAscended":870,"stepsDescended":938,"totalGain":19441,"totalLoss":17670}
{"deviceid":"b81e905908354542","eventtype":"altimeter","timestamp":1456248717067,"userid":"vincent.planat@hpe.com","trainingMode":"SITTING","flightsAscended":19,"flightsDescended":12,"rate":-20.0,"steppingGain":5412,"steppingLoss":4408,"stepsAscended":870,"stepsDescended":938,"totalGain":19441,"totalLoss":17670}
{"deviceid":"b81e905908354542","eventtype":"altimeter","timestamp":1456248725995,"userid":"vincent.planat@hpe.com","trainingMode":"SITTING","flightsAscended":19,"flightsDescended":12,"rate":6.0,"steppingGain":5412,"steppingLoss":4408,"stepsAscended":870,"stepsDescended":938,"totalGain":19441,"totalLoss":17670}
{"deviceid":"b81e905908354542","eventtype":"altimeter","timestamp":1456248728014,"userid":"vincent.planat@hpe.com","trainingMode":"SITTING","flightsAscended":19,"flightsDescended":12,"rate":8.0,"steppingGain":5412,"steppingLoss":4408,"stepsAscended":870,"stepsDescended":938,"totalGain":19441,"totalLoss":17670}
{"deviceid":"b81e905908354542","eventtype":"altimeter","timestamp":1456248690346,"userid":"vincent.planat@hpe.com","trainingMode":"SITTING","flightsAscended":19,"flightsDescended":12,"rate":-7.0,"steppingGain":5412,"steppingLoss":4408,"stepsAscended":870,"stepsDescended":938,"totalGain":19441,"totalLoss":17547}
{"deviceid":"b81e905908354542","eventtype":"altimeter","timestamp":1456248691378,"userid":"vincent.planat@hpe.com","trainingMode":"SITTING","flightsAscended":19,"flightsDescended":12,"rate":-6.0,"steppingGain":5412,"steppingLoss":4408,"stepsAscended":870,"stepsDescended":938,"totalGain":19441,"totalLoss":17547}
{"deviceid":"b81e905908354542","eventtype":"altimeter","timestamp":1456248724034,"userid":"vincent.planat@hpe.com","trainingMode":"SITTING","flightsAscended":19,"flightsDescended":12,"rate":6.0,"steppingGain":5412,"steppingLoss":4408,"stepsAscended":870,"stepsDescended":938,"totalGain":19441,"totalLoss":17670}
{"deviceid":"b81e905908354542","eventtype":"altimeter","timestamp":1456248689538,"userid":"vincent.planat@hpe.com","trainingMode":"SITTING","flightsAscended":19,"flightsDescended":12,"rate":-7.0,"steppingGain":5412,"steppingLoss":4408,"stepsAscended":870,"stepsDescended":938,"totalGain":19441,"totalLoss":17547}
{"deviceid":"b81e905908354542","eventtype":"altimeter","timestamp":1456248720111,"userid":"vincent.planat@hpe.com","trainingMode":"SITTING","flightsAscended":19,"flightsDescended":12,"rate":-8.0,"steppingGain":5412,"steppingLoss":4408,"stepsAscended":870,"stepsDescended":938,"totalGain":19441,"totalLoss":17670}
{"deviceid":"b81e905908354542","eventtype":"altimeter","timestamp":1456248690365,"userid":"vincent.planat@hpe.com","trainingMode":"SITTING","flightsAscended":19,"flightsDescended":12,"rate":-7.0,"steppingGain":5412,"steppingLoss":4408,"stepsAscended":870,"stepsDescended":938,"totalGain":19441,"totalLoss":17547}
{"deviceid":"b81e905908354542","eventtype":"altimeter","timestamp":1456248722298,"userid":"vincent.planat@hpe.com","trainingMode":"SITTING","flightsAscended":19,"flightsDescended":12,"rate":1.0,"steppingGain":5412,"steppingLoss":4408,"stepsAscended":870,"stepsDescended":938,"totalGain":19441,"totalLoss":17670}
{"deviceid":"b81e905908354542","eventtype":"altimeter","timestamp":1456248698062,"userid":"vincent.planat@hpe.com","trainingMode":"SITTING","flightsAscended":19,"flightsDescended":12,"rate":-2.0,"steppingGain":5412,"steppingLoss":4408,"stepsAscended":870,"stepsDescended":938,"totalGain":19441,"totalLoss":17547}
{"deviceid":"b81e905908354542","eventtype":"altimeter","timestamp":1456248689520,"userid":"vincent.planat@hpe.com","trainingMode":"SITTING","flightsAscended":19,"flightsDescended":12,"rate":-7.0,"steppingGain":5412,"steppingLoss":4408,"stepsAscended":870,"stepsDescended":938,"totalGain":19441,"totalLoss":17547}
{"deviceid":"b81e905908354542","eventtype":"altimeter","timestamp":1456248701021,"userid":"vincent.planat@hpe.com","trainingMode":"SITTING","flightsAscended":19,"flightsDescended":12,"rate":-1.0,"steppingGain":5412,"steppingLoss":4408,"stepsAscended":870,"stepsDescended":938,"totalGain":19441,"totalLoss":17547}
{"deviceid":"b81e905908354542","eventtype":"altimeter","timestamp":1456248692980,"userid":"vincent.planat@hpe.com","trainingMode":"SITTING","flightsAscended":19,"flightsDescended":12,"rate":-4.0,"steppingGain":5412,"steppingLoss":4408,"stepsAscended":870,"stepsDescended":938,"totalGain":19441,"totalLoss":17547}
{"deviceid":"b81e905908354542","eventtype":"altimeter","timestamp":1456248711062,"userid":"vincent.planat@hpe.com","trainingMode":"SITTING","flightsAscended":19,"flightsDescended":12,"rate":-1.0,"steppingGain":5412,"steppingLoss":4408,"stepsAscended":870,"stepsDescended":938,"totalGain":19441,"totalLoss":17547}
{"deviceid":"b81e905908354542","eventtype":"altimeter","timestamp":1456248701038,"userid":"vincent.planat@hpe.com","trainingMode":"SITTING","flightsAscended":19,"flightsDescended":12,"rate":-1.0,"steppingGain":5412,"steppingLoss":4408,"stepsAscended":870,"stepsDescended":938,"totalGain":19441,"totalLoss":17547}
{"deviceid":"b81e905908354542","eventtype":"altimeter","timestamp":1456248725042,"userid":"vincent.planat@hpe.com","trainingMode":"SITTING","flightsAscended":19,"flightsDescended":12,"rate":6.0,"steppingGain":5412,"steppingLoss":4408,"stepsAscended":870,"stepsDescended":938,"totalGain":19441,"totalLoss":17670}
{"deviceid":"b81e905908354542","eventtype":"altimeter","timestamp":1456248698077,"userid":"vincent.planat@hpe.com","trainingMode":"SITTING","flightsAscended":19,"flightsDescended":12,"rate":-2.0,"steppingGain":5412,"steppingLoss":4408,"stepsAscended":870,"stepsDescended":938,"totalGain":19441,"totalLoss":17547}
{"deviceid":"b81e905908354542","eventtype":"altimeter","timestamp":1456248715052,"userid":"vincent.planat@hpe.com","trainingMode":"SITTING","flightsAscended":19,"flightsDescended":12,"rate":-21.0,"steppingGain":5412,"steppingLoss":4408,"stepsAscended":870,"stepsDescended":938,"totalGain":19441,"totalLoss":17547}
{"deviceid":"b81e905908354542","eventtype":"altimeter","timestamp":1456248692275,"userid":"vincent.planat@hpe.com","trainingMode":"SITTING","flightsAscended":19,"flightsDescended":12,"rate":-3.0,"steppingGain":5412,"steppingLoss":4408,"stepsAscended":870,"stepsDescended":938,"totalGain":19441,"totalLoss":17547}
{"deviceid":"b81e905908354542","eventtype":"altimeter","timestamp":1456248704111,"userid":"vincent.planat@hpe.com","trainingMode":"SITTING","flightsAscended":19,"flightsDescended":12,"rate":-3.0,"steppingGain":5412,"steppingLoss":4408,"stepsAscended":870,"stepsDescended":938,"totalGain":19441,"totalLoss":17547}
{"deviceid":"b81e905908354542","eventtype":"altimeter","timestamp":1456248706622,"userid":"vincent.planat@hpe.com","trainingMode":"SITTING","flightsAscended":19,"flightsDescended":12,"rate":1.0,"steppingGain":5412,"steppingLoss":4408,"stepsAscended":870,"stepsDescended":938,"totalGain":19441,"totalLoss":17547}
{"deviceid":"b81e905908354542","eventtype":"altimeter","timestamp":1456248712610,"userid":"vincent.planat@hpe.com","trainingMode":"SITTING","flightsAscended":19,"flightsDescended":12,"rate":-9.0,"steppingGain":5412,"steppingLoss":4408,"stepsAscended":870,"stepsDescended":938,"totalGain":19441,"totalLoss":17547}
{"deviceid":"b81e905908354542","eventtype":"altimeter","timestamp":1456248694057,"userid":"vincent.planat@hpe.com","trainingMode":"SITTING","flightsAscended":19,"flightsDescended":12,"rate":-2.0,"steppingGain":5412,"steppingLoss":4408,"stepsAscended":870,"stepsDescended":938,"totalGain":19441,"totalLoss":17547}
{"deviceid":"b81e905908354542","eventtype":"altimeter","timestamp":1456248691410,"userid":"vincent.planat@hpe.com","trainingMode":"SITTING","flightsAscended":19,"flightsDescended":12,"rate":-6.0,"steppingGain":5412,"steppingLoss":4408,"stepsAscended":870,"stepsDescended":938,"totalGain":19441,"totalLoss":17547}
{"deviceid":"b81e905908354542","eventtype":"altimeter","timestamp":1456248728029,"userid":"vincent.planat@hpe.com","trainingMode":"SITTING","flightsAscended":19,"flightsDescended":12,"rate":8.0,"steppingGain":5412,"steppingLoss":4408,"stepsAscended":870,"stepsDescended":938,"totalGain":19441,"totalLoss":17670}
{"deviceid":"b81e905908354542","eventtype":"altimeter","timestamp":1456248708492,"userid":"vincent.planat@hpe.com","trainingMode":"SITTING","flightsAscended":19,"flightsDescended":12,"rate":5.0,"steppingGain":5412,"steppingLoss":4408,"stepsAscended":870,"stepsDescended":938,"totalGain":19441,"totalLoss":17547}
{"deviceid":"b81e905908354542","eventtype":"altimeter","timestamp":1456248710002,"userid":"vincent.planat@hpe.com","trainingMode":"SITTING","flightsAscended":19,"flightsDescended":12,"rate":4.0,"steppingGain":5412,"steppingLoss":4408,"stepsAscended":870,"stepsDescended":938,"totalGain":19441,"totalLoss":17547}
{"deviceid":"b81e905908354542","eventtype":"altimeter","timestamp":1456248695476,"userid":"vincent.planat@hpe.com","trainingMode":"SITTING","flightsAscended":19,"flightsDescended":12,"rate":-3.0,"steppingGain":5412,"steppingLoss":4408,"stepsAscended":870,"stepsDescended":938,"totalGain":19441,"totalLoss":17547}
{"deviceid":"b81e905908354542","eventtype":"altimeter","timestamp":1456248697130,"userid":"vincent.planat@hpe.com","trainingMode":"SITTING","flightsAscended":19,"flightsDescended":12,"rate":-6.0,"steppingGain":5412,"steppingLoss":4408,"stepsAscended":870,"stepsDescended":938,"totalGain":19441,"totalLoss":17547}
{"deviceid":"b81e905908354542","eventtype":"altimeter","timestamp":1456248727027,"userid":"vincent.planat@hpe.com","trainingMode":"SITTING","flightsAscended":19,"flightsDescended":12,"rate":7.0,"steppingGain":5412,"steppingLoss":4408,"stepsAscended":870,"stepsDescended":938,"totalGain":19441,"totalLoss":17670}
{"deviceid":"b81e905908354542","eventtype":"altimeter","timestamp":1456248714217,"userid":"vincent.planat@hpe.com","trainingMode":"SITTING","flightsAscended":19,"flightsDescended":12,"rate":-19.0,"steppingGain":5412,"steppingLoss":4408,"stepsAscended":870,"stepsDescended":938,"totalGain":19441,"totalLoss":17547}
{"deviceid":"b81e905908354542","eventtype":"altimeter","timestamp":1456248694036,"userid":"vincent.planat@hpe.com","trainingMode":"SITTING","flightsAscended":19,"flightsDescended":12,"rate":-2.0,"steppingGain":5412,"steppingLoss":4408,"stepsAscended":870,"stepsDescended":938,"totalGain":19441,"totalLoss":17547}
{"deviceid":"b81e905908354542","eventtype":"altimeter","timestamp":1456248720103,"userid":"vincent.planat@hpe.com","trainingMode":"SITTING","flightsAscended":19,"flightsDescended":12,"rate":-8.0,"steppingGain":5412,"steppingLoss":4408,"stepsAscended":870,"stepsDescended":938,"totalGain":19441,"totalLoss":17670}
{"deviceid":"b81e905908354542","eventtype":"altimeter","timestamp":1456248719230,"userid":"vincent.planat@hpe.com","trainingMode":"SITTING","flightsAscended":19,"flightsDescended":12,"rate":-12.0,"steppingGain":5412,"steppingLoss":4408,"stepsAscended":870,"stepsDescended":938,"totalGain":19441,"totalLoss":17670}
{"deviceid":"b81e905908354542","eventtype":"altimeter","timestamp":1456248702103,"userid":"vincent.planat@hpe.com","trainingMode":"SITTING","flightsAscended":19,"flightsDescended":12,"rate":1.0,"steppingGain":5412,"steppingLoss":4408,"stepsAscended":870,"stepsDescended":938,"totalGain":19441,"totalLoss":17547}
{"deviceid":"b81e905908354542","eventtype":"altimeter","timestamp":1456248722298,"userid":"vincent.planat@hpe.com","trainingMode":"SITTING","flightsAscended":19,"flightsDescended":12,"rate":1.0,"steppingGain":5412,"steppingLoss":4408,"stepsAscended":870,"stepsDescended":938,"totalGain":19441,"totalLoss":17670}
{"deviceid":"b81e905908354542","eventtype":"altimeter","timestamp":1456248688744,"userid":"vincent.planat@hpe.com","trainingMode":"SITTING","flightsAscended":19,"flightsDescended":12,"rate":-8.0,"steppingGain":5412,"steppingLoss":4408,"stepsAscended":870,"stepsDescended":938,"totalGain":19441,"totalLoss":17547}
{"deviceid":"b81e905908354542","eventtype":"altimeter","timestamp":1456248708515,"userid":"vincent.planat@hpe.com","trainingMode":"SITTING","flightsAscended":19,"flightsDescended":12,"rate":5.0,"steppingGain":5412,"steppingLoss":4408,"stepsAscended":870,"stepsDescended":938,"totalGain":19441,"totalLoss":17547}
{"deviceid":"b81e905908354542","eventtype":"altimeter","timestamp":1456248695461,"userid":"vincent.planat@hpe.com","trainingMode":"SITTING","flightsAscended":19,"flightsDescended":12,"rate":-3.0,"steppingGain":5412,"steppingLoss":4408,"stepsAscended":870,"stepsDescended":938,"totalGain":19441,"totalLoss":17547}
{"deviceid":"b81e905908354542","eventtype":"altimeter","timestamp":1456248699134,"userid":"vincent.planat@hpe.com","trainingMode":"SITTING","flightsAscended":19,"flightsDescended":12,"rate":-2.0,"steppingGain":5412,"steppingLoss":4408,"stepsAscended":870,"stepsDescended":938,"totalGain":19441,"totalLoss":17547}
{"deviceid":"b81e905908354542","eventtype":"altimeter","timestamp":1456248713396,"userid":"vincent.planat@hpe.com","trainingMode":"SITTING","flightsAscended":19,"flightsDescended":12,"rate":-16.0,"steppingGain":5412,"steppingLoss":4408,"stepsAscended":870,"stepsDescended":938,"totalGain":19441,"totalLoss":17547}
{"deviceid":"b81e905908354542","eventtype":"altimeter","timestamp":1456248709197,"userid":"vincent.planat@hpe.com","trainingMode":"SITTING","flightsAscended":19,"flightsDescended":12,"rate":7.0,"steppingGain":5412,"steppingLoss":4408,"stepsAscended":870,"stepsDescended":938,"totalGain":19441,"totalLoss":17547}
{"deviceid":"b81e905908354542","eventtype":"altimeter","timestamp":1456248725055,"userid":"vincent.planat@hpe.com","trainingMode":"SITTING","flightsAscended":19,"flightsDescended":12,"rate":6.0,"steppingGain":5412,"steppingLoss":4408,"stepsAscended":870,"stepsDescended":938,"totalGain":19441,"totalLoss":17670}
{"deviceid":"b81e905908354542","eventtype":"altimeter","timestamp":1456248714231,"userid":"vincent.planat@hpe.com","trainingMode":"SITTING","flightsAscended":19,"flightsDescended":12,"rate":-19.0,"steppingGain":5412,"steppingLoss":4408,"stepsAscended":870,"stepsDescended":938,"totalGain":19441,"totalLoss":17547}
{"deviceid":"b81e905908354542","eventtype":"altimeter","timestamp":1456248702988,"userid":"vincent.planat@hpe.com","trainingMode":"SITTING","flightsAscended":19,"flightsDescended":12,"rate":3.0,"steppingGain":5412,"steppingLoss":4408,"stepsAscended":870,"stepsDescended":938,"totalGain":19441,"totalLoss":17547}
{"deviceid":"b81e905908354542","eventtype":"altimeter","timestamp":1456248719250,"userid":"vincent.planat@hpe.com","trainingMode":"SITTING","flightsAscended":19,"flightsDescended":12,"rate":-12.0,"steppingGain":5412,"steppingLoss":4408,"stepsAscended":870,"stepsDescended":938,"totalGain":19441,"totalLoss":17670}
{"deviceid":"b81e905908354542","eventtype":"altimeter","timestamp":1456248685989,"userid":"vincent.planat@hpe.com","trainingMode":"SITTING","flightsAscended":19,"flightsDescended":12,"rate":-4.0,"steppingGain":5412,"steppingLoss":4408,"stepsAscended":870,"stepsDescended":938,"totalGain":19441,"totalLoss":17547}
{"deviceid":"b81e905908354542","eventtype":"altimeter","timestamp":1456248712586,"userid":"vincent.planat@hpe.com","trainingMode":"SITTING","flightsAscended":19,"flightsDescended":12,"rate":-9.0,"steppingGain":5412,"steppingLoss":4408,"stepsAscended":870,"stepsDescended":938,"totalGain":19441,"totalLoss":17547}
{"deviceid":"b81e905908354542","eventtype":"altimeter","timestamp":1456248707672,"userid":"vincent.planat@hpe.com","trainingMode":"SITTING","flightsAscended":19,"flightsDescended":12,"rate":2.0,"steppingGain":5412,"steppingLoss":4408,"stepsAscended":870,"stepsDescended":938,"totalGain":19441,"totalLoss":17547}
{"deviceid":"b81e905908354542","eventtype":"altimeter","timestamp":1456248716020,"userid":"vincent.planat@hpe.com","trainingMode":"SITTING","flightsAscended":19,"flightsDescended":12,"rate":-20.0,"steppingGain":5412,"steppingLoss":4408,"stepsAscended":870,"stepsDescended":938,"totalGain":19441,"totalLoss":17547}
{"deviceid":"b81e905908354542","eventtype":"altimeter","timestamp":1456248705872,"userid":"vincent.planat@hpe.com","trainingMode":"SITTING","flightsAscended":19,"flightsDescended":12,"rate":-3.0,"steppingGain":5412,"steppingLoss":4408,"stepsAscended":870,"stepsDescended":938,"totalGain":19441,"totalLoss":17547}
{"deviceid":"b81e905908354542","eventtype":"altimeter","timestamp":1456248718109,"userid":"vincent.planat@hpe.com","trainingMode":"SITTING","flightsAscended":19,"flightsDescended":12,"rate":-15.0,"steppingGain":5412,"steppingLoss":4408,"stepsAscended":870,"stepsDescended":938,"totalGain":19441,"totalLoss":17670}
{"deviceid":"b81e905908354542","eventtype":"altimeter","timestamp":1456248702092,"userid":"vincent.planat@hpe.com","trainingMode":"SITTING","flightsAscended":19,"flightsDescended":12,"rate":1.0,"steppingGain":5412,"steppingLoss":4408,"stepsAscended":870,"stepsDescended":938,"totalGain":19441,"totalLoss":17547}
{"deviceid":"b81e905908354542","eventtype":"altimeter","timestamp":1456248696335,"userid":"vincent.planat@hpe.com","trainingMode":"SITTING","flightsAscended":19,"flightsDescended":12,"rate":-6.0,"steppingGain":5412,"steppingLoss":4408,"stepsAscended":870,"stepsDescended":938,"totalGain":19441,"totalLoss":17547}
{"deviceid":"b81e905908354542","eventtype":"altimeter","timestamp":1456248692996,"userid":"vincent.planat@hpe.com","trainingMode":"SITTING","flightsAscended":19,"flightsDescended":12,"rate":-4.0,"steppingGain":5412,"steppingLoss":4408,"stepsAscended":870,"stepsDescended":938,"totalGain":19441,"totalLoss":17547}
{"deviceid":"b81e905908354542","eventtype":"altimeter","timestamp":1456248710025,"userid":"vincent.planat@hpe.com","trainingMode":"SITTING","flightsAscended":19,"flightsDescended":12,"rate":4.0,"steppingGain":5412,"steppingLoss":4408,"stepsAscended":870,"stepsDescended":938,"totalGain":19441,"totalLoss":17547}
{"deviceid":"b81e905908354542","eventtype":"altimeter","timestamp":1456248713373,"userid":"vincent.planat@hpe.com","trainingMode":"SITTING","flightsAscended":19,"flightsDescended":12,"rate":-16.0,"steppingGain":5412,"steppingLoss":4408,"stepsAscended":870,"stepsDescended":938,"totalGain":19441,"totalLoss":17547}
{"deviceid":"b81e905908354542","eventtype":"altimeter","timestamp":1456248715070,"userid":"vincent.planat@hpe.com","trainingMode":"SITTING","flightsAscended":19,"flightsDescended":12,"rate":-21.0,"steppingGain":5412,"steppingLoss":4408,"stepsAscended":870,"stepsDescended":938,"totalGain":19441,"totalLoss":17547}
{"deviceid":"b81e905908354542","eventtype":"altimeter","timestamp":1456248696277,"userid":"vincent.planat@hpe.com","trainingMode":"SITTING","flightsAscended":19,"flightsDescended":12,"rate":-6.0,"steppingGain":5412,"steppingLoss":4408,"stepsAscended":870,"stepsDescended":938,"totalGain":19441,"totalLoss":17547}
{"deviceid":"b81e905908354542","eventtype":"altimeter","timestamp":1456248700057,"userid":"vincent.planat@hpe.com","trainingMode":"SITTING","flightsAscended":19,"flightsDescended":12,"rate":-3.0,"steppingGain":5412,"steppingLoss":4408,"stepsAscended":870,"stepsDescended":938,"totalGain":19441,"totalLoss":17547}
{"deviceid":"b81e905908354542","eventtype":"altimeter","timestamp":1456248692258,"userid":"vincent.planat@hpe.com","trainingMode":"SITTING","flightsAscended":19,"flightsDescended":12,"rate":-3.0,"steppingGain":5412,"steppingLoss":4408,"stepsAscended":870,"stepsDescended":938,"totalGain":19441,"totalLoss":17547}
{"deviceid":"b81e905908354542","eventtype":"altimeter","timestamp":1456248721082,"userid":"vincent.planat@hpe.com","trainingMode":"SITTING","flightsAscended":19,"flightsDescended":12,"rate":-6.0,"steppingGain":5412,"steppingLoss":4408,"stepsAscended":870,"stepsDescended":938,"totalGain":19441,"totalLoss":17670}
{"deviceid":"b81e905908354542","eventtype":"altimeter","timestamp":1456248724018,"userid":"vincent.planat@hpe.com","trainingMode":"SITTING","flightsAscended":19,"flightsDescended":12,"rate":6.0,"steppingGain":5412,"steppingLoss":4408,"stepsAscended":870,"stepsDescended":938,"totalGain":19441,"totalLoss":17670}
{"deviceid":"b81e905908354542","eventtype":"altimeter","timestamp":1456248686005,"userid":"vincent.planat@hpe.com","trainingMode":"SITTING","flightsAscended":19,"flightsDescended":12,"rate":-4.0,"steppingGain":5412,"steppingLoss":4408,"stepsAscended":870,"stepsDescended":938,"totalGain":19441,"totalLoss":17547}
{"deviceid":"b81e905908354542","eventtype":"altimeter","timestamp":1456248687036,"userid":"vincent.planat@hpe.com","trainingMode":"SITTING","flightsAscended":19,"flightsDescended":12,"rate":-5.0,"steppingGain":5412,"steppingLoss":4408,"stepsAscended":870,"stepsDescended":938,"totalGain":19441,"totalLoss":17547}
{"deviceid":"b81e905908354542","eventtype":"altimeter","timestamp":1456248688759,"userid":"vincent.planat@hpe.com","trainingMode":"SITTING","flightsAscended":19,"flightsDescended":12,"rate":-8.0,"steppingGain":5412,"steppingLoss":4408,"stepsAscended":870,"stepsDescended":938,"totalGain":19441,"totalLoss":17547}
{"deviceid":"b81e905908354542","eventtype":"altimeter","timestamp":1456248697216,"userid":"vincent.planat@hpe.com","trainingMode":"SITTING","flightsAscended":19,"flightsDescended":12,"rate":-6.0,"steppingGain":5412,"steppingLoss":4408,"stepsAscended":870,"stepsDescended":938,"totalGain":19441,"totalLoss":17547}
{"deviceid":"b81e905908354542","eventtype":"altimeter","timestamp":1456248699112,"userid":"vincent.planat@hpe.com","trainingMode":"SITTING","flightsAscended":19,"flightsDescended":12,"rate":-2.0,"steppingGain":5412,"steppingLoss":4408,"stepsAscended":870,"stepsDescended":938,"totalGain":19441,"totalLoss":17547}
{"deviceid":"b81e905908354542","eventtype":"altimeter","timestamp":1456248723031,"userid":"vincent.planat@hpe.com","trainingMode":"SITTING","flightsAscended":19,"flightsDescended":12,"rate":6.0,"steppingGain":5412,"steppingLoss":4408,"stepsAscended":870,"stepsDescended":938,"totalGain":19441,"totalLoss":17670}
{"deviceid":"b81e905908354542","eventtype":"altimeter","timestamp":1456248705858,"userid":"vincent.planat@hpe.com","trainingMode":"SITTING","flightsAscended":19,"flightsDescended":12,"rate":-3.0,"steppingGain":5412,"steppingLoss":4408,"stepsAscended":870,"stepsDescended":938,"totalGain":19441,"totalLoss":17547}
{"deviceid":"b81e905908354542","eventtype":"altimeter","timestamp":1456248711047,"userid":"vincent.planat@hpe.com","trainingMode":"SITTING","flightsAscended":19,"flightsDescended":12,"rate":-1.0,"steppingGain":5412,"steppingLoss":4408,"stepsAscended":870,"stepsDescended":938,"totalGain":19441,"totalLoss":17547}
{"deviceid":"b81e905908354542","eventtype":"altimeter","timestamp":1456248700039,"userid":"vincent.planat@hpe.com","trainingMode":"SITTING","flightsAscended":19,"flightsDescended":12,"rate":-3.0,"steppingGain":5412,"steppingLoss":4408,"stepsAscended":870,"stepsDescended":938,"totalGain":19441,"totalLoss":17547}
{"deviceid":"b81e905908354542","eventtype":"altimeter","timestamp":1456248723046,"userid":"vincent.planat@hpe.com","trainingMode":"SITTING","flightsAscended":19,"flightsDescended":12,"rate":6.0,"steppingGain":5412,"steppingLoss":4408,"stepsAscended":870,"stepsDescended":938,"totalGain":19441,"totalLoss":17670}
