{"deviceid":"b81e905908354542","eventtype":"gyroscope","timestamp":1456247950722,"userid":"vincent.planat@hpe.com","trainingMode":"NONE","x":1.006098,"y":8.445122,"z":-57.439026}
{"deviceid":"b81e905908354542","eventtype":"gyroscope","timestamp":1456247914402,"userid":"vincent.planat@hpe.com","trainingMode":"NONE","x":-3.597561,"y":-1.189024,"z":2.469512}
{"deviceid":"b81e905908354542","eventtype":"gyroscope","timestamp":1456247943137,"userid":"vincent.planat@hpe.com","trainingMode":"NONE","x":-5.518293,"y":9.603659,"z":-3.109756}
{"deviceid":"b81e905908354542","eventtype":"gyroscope","timestamp":1456247935514,"userid":"vincent.planat@hpe.com","trainingMode":"NONE","x":38.353661,"y":-39.085365,"z":-195.609756}
{"deviceid":"b81e905908354542","eventtype":"gyroscope","timestamp":1456247920356,"userid":"vincent.planat@hpe.com","trainingMode":"NONE","x":-2.408537,"y":0.70122,"z":-0.579268}
{"deviceid":"b81e905908354542","eventtype":"gyroscope","timestamp":1456247917647,"userid":"vincent.planat@hpe.com","trainingMode":"NONE","x":-1.067073,"y":1.067073,"z":-0.731707}
{"deviceid":"b81e905908354542","eventtype":"gyroscope","timestamp":1456247928023,"userid":"vincent.planat@hpe.com","trainingMode":"NONE","x":-0.335366,"y":0.243902,"z":-0.152439}
{"deviceid":"b81e905908354542","eventtype":"gyroscope","timestamp":1456247951768,"userid":"vincent.planat@hpe.com","trainingMode":"NONE","x":0.365854,"y":0.243902,"z":-4.878049}
{"deviceid":"b81e905908354542","eventtype":"gyroscope","timestamp":1456247936447,"userid":"vincent.planat@hpe.com","trainingMode":"NONE","x":3.079268,"y":-2.77439,"z":-1.52439}
{"deviceid":"b81e905908354542","eventtype":"gyroscope","timestamp":1456247918823,"userid":"vincent.planat@hpe.com","trainingMode":"NONE","x":2.134146,"y":1.310976,"z":-0.335366}
{"deviceid":"b81e905908354542","eventtype":"gyroscope","timestamp":1456247913946,"userid":"vincent.planat@hpe.com","trainingMode":"NONE","x":-7.591464,"y":0.152439,"z":-0.426829}
{"deviceid":"b81e905908354542","eventtype":"gyroscope","timestamp":1456247916460,"userid":"vincent.planat@hpe.com","trainingMode":"NONE","x":0.152439,"y":0.365854,"z":-0.243902}
{"deviceid":"b81e905908354542","eventtype":"gyroscope","timestamp":1456247921093,"userid":"vincent.planat@hpe.com","trainingMode":"NONE","x":2.591464,"y":1.341463,"z":-0.457317}
{"deviceid":"b81e905908354542","eventtype":"gyroscope","timestamp":1456247950986,"userid":"vincent.planat@hpe.com","trainingMode":"NONE","x":3.353659,"y":6.067073,"z":-4.054878}
{"deviceid":"b81e905908354542","eventtype":"gyroscope","timestamp":1456247927636,"userid":"vincent.planat@hpe.com","trainingMode":"NONE","x":5.640244,"y":0.27439,"z":0.091463}
{"deviceid":"b81e905908354542","eventtype":"gyroscope","timestamp":1456247930922,"userid":"vincent.planat@hpe.com","trainingMode":"NONE","x":31.067074,"y":-8.689025,"z":-15.792684}
{"deviceid":"b81e905908354542","eventtype":"gyroscope","timestamp":1456247957642,"userid":"vincent.planat@hpe.com","trainingMode":"NONE","x":14.29878,"y":-2.22561,"z":-0.304878}
{"deviceid":"b81e905908354542","eventtype":"gyroscope","timestamp":1456247936864,"userid":"vincent.planat@hpe.com","trainingMode":"NONE","x":2.195122,"y":-2.256098,"z":2.042683}
{"deviceid":"b81e905908354542","eventtype":"gyroscope","timestamp":1456247958792,"userid":"vincent.planat@hpe.com","trainingMode":"NONE","x":-10.213415,"y":0.579268,"z":-1.097561}
{"deviceid":"b81e905908354542","eventtype":"gyroscope","timestamp":1456247953322,"userid":"vincent.planat@hpe.com","trainingMode":"NONE","x":-26.768293,"y":-72.926834,"z":-47.164635}
{"deviceid":"b81e905908354542","eventtype":"gyroscope","timestamp":1456247946181,"userid":"vincent.planat@hpe.com","trainingMode":"NONE","x":2.164634,"y":0.335366,"z":0.365854}
{"deviceid":"b81e905908354542","eventtype":"gyroscope","timestamp":1456247926971,"userid":"vincent.planat@hpe.com","trainingMode":"NONE","x":-1.463415,"y":4.756098,"z":-2.073171}
{"deviceid":"b81e905908354542","eventtype":"gyroscope","timestamp":1456247945152,"userid":"vincent.planat@hpe.com","trainingMode":"NONE","x":-20.914635,"y":-7.378049,"z":4.420732}
{"deviceid":"b81e905908354542","eventtype":"gyroscope","timestamp":1456247922179,"userid":"vincent.planat@hpe.com","trainingMode":"NONE","x":0.396341,"y":0.426829,"z":-0.213415}
{"deviceid":"b81e905908354542","eventtype":"gyroscope","timestamp":1456247935925,"userid":"vincent.planat@hpe.com","trainingMode":"NONE","x":14.817074,"y":15.853659,"z":-17.896341}
{"deviceid":"b81e905908354542","eventtype":"gyroscope","timestamp":1456247937214,"userid":"vincent.planat@hpe.com","trainingMode":"NONE","x":-1.463415,"y":-1.128049,"z":0.304878}
{"deviceid":"b81e905908354542","eventtype":"gyroscope","timestamp":1456247917762,"userid":"vincent.planat@hpe.com","trainingMode":"NONE","x":-4.29878,"y":-1.463415,"z":0.335366}
{"deviceid":"b81e905908354542","eventtype":"gyroscope","timestamp":1456247907809,"userid":"vincent.planat@hpe.com","trainingMode":"NONE","x":1.219512,"y":0.0,"z":-0.091463}
{"deviceid":"b81e905908354542","eventtype":"gyroscope","timestamp":1456247924640,"userid":"vincent.planat@hpe.com","trainingMode":"NONE","x":-1.615854,"y":-0.152439,"z":-0.030488}
{"deviceid":"b81e905908354542","eventtype":"gyroscope","timestamp":1456247938800,"userid":"vincent.planat@hpe.com","trainingMode":"NONE","x":8.506098,"y":-18.323172,"z":-106.524391}
{"deviceid":"b81e905908354542","eventtype":"gyroscope","timestamp":1456247955023,"userid":"vincent.planat@hpe.com","trainingMode":"NONE","x":240.884155,"y":147.042679,"z":5.121951}
{"deviceid":"b81e905908354542","eventtype":"gyroscope","timestamp":1456247921789,"userid":"vincent.planat@hpe.com","trainingMode":"NONE","x":1.402439,"y":0.640244,"z":-0.182927}
{"deviceid":"b81e905908354542","eventtype":"gyroscope","timestamp":1456247924363,"userid":"vincent.planat@hpe.com","trainingMode":"NONE","x":1.768293,"y":2.439024,"z":-0.457317}
{"deviceid":"b81e905908354542","eventtype":"gyroscope","timestamp":1456247915097,"userid":"vincent.planat@hpe.com","trainingMode":"NONE","x":-1.097561,"y":0.792683,"z":-0.365854}
{"deviceid":"b81e905908354542","eventtype":"gyroscope","timestamp":1456247948952,"userid":"vincent.planat@hpe.com","trainingMode":"NONE","x":-4.268293,"y":-4.847561,"z":1.52439}
{"deviceid":"b81e905908354542","eventtype":"gyroscope","timestamp":1456247931027,"userid":"vincent.planat@hpe.com","trainingMode":"NONE","x":0.579268,"y":-4.786585,"z":2.926829}
{"deviceid":"b81e905908354542","eventtype":"gyroscope","timestamp":1456247910242,"userid":"vincent.planat@hpe.com","trainingMode":"NONE","x":-0.182927,"y":27.621952,"z":71.310974}
{"deviceid":"b81e905908354542","eventtype":"gyroscope","timestamp":1456247918414,"userid":"vincent.planat@hpe.com","trainingMode":"NONE","x":0.97561,"y":0.640244,"z":-0.213415}
{"deviceid":"b81e905908354542","eventtype":"gyroscope","timestamp":1456247913517,"userid":"vincent.planat@hpe.com","trainingMode":"NONE","x":-10.030488,"y":4.969512,"z":-4.72561}
{"deviceid":"b81e905908354542","eventtype":"gyroscope","timestamp":1456247951920,"userid":"vincent.planat@hpe.com","trainingMode":"NONE","x":-5.457317,"y":0.884146,"z":-6.189024}
{"deviceid":"b81e905908354542","eventtype":"gyroscope","timestamp":1456247944777,"userid":"vincent.planat@hpe.com","trainingMode":"NONE","x":13.079268,"y":5.335366,"z":-2.804878}
{"deviceid":"b81e905908354542","eventtype":"gyroscope","timestamp":1456247954232,"userid":"vincent.planat@hpe.com","trainingMode":"NONE","x":0.853659,"y":9.847561,"z":11.280488}
{"deviceid":"b81e905908354542","eventtype":"gyroscope","timestamp":1456247949320,"userid":"vincent.planat@hpe.com","trainingMode":"NONE","x":1.158537,"y":3.658537,"z":-1.646342}
{"deviceid":"b81e905908354542","eventtype":"gyroscope","timestamp":1456247926588,"userid":"vincent.planat@hpe.com","trainingMode":"NONE","x":3.018293,"y":1.036585,"z":-0.365854}
{"deviceid":"b81e905908354542","eventtype":"gyroscope","timestamp":1456247908137,"userid":"vincent.planat@hpe.com","trainingMode":"NONE","x":-3.628049,"y":1.219512,"z":-0.70122}
{"deviceid":"b81e905908354542","eventtype":"gyroscope","timestamp":1456247936754,"userid":"vincent.planat@hpe.com","trainingMode":"NONE","x":-1.371951,"y":2.652439,"z":1.280488}
{"deviceid":"b81e905908354542","eventtype":"gyroscope","timestamp":1456247921161,"userid":"vincent.planat@hpe.com","trainingMode":"NONE","x":-0.27439,"y":0.548781,"z":-0.426829}
{"deviceid":"b81e905908354542","eventtype":"gyroscope","timestamp":1456247938016,"userid":"vincent.planat@hpe.com","trainingMode":"NONE","x":0.731707,"y":0.97561,"z":-0.487805}
{"deviceid":"b81e905908354542","eventtype":"gyroscope","timestamp":1456247914772,"userid":"vincent.planat@hpe.com","trainingMode":"NONE","x":3.262195,"y":-0.27439,"z":-0.609756}
{"deviceid":"b81e905908354542","eventtype":"gyroscope","timestamp":1456247918760,"userid":"vincent.planat@hpe.com","trainingMode":"NONE","x":-1.219512,"y":-0.792683,"z":-0.121951}
{"deviceid":"b81e905908354542","eventtype":"gyroscope","timestamp":1456247919571,"userid":"vincent.planat@hpe.com","trainingMode":"NONE","x":14.847561,"y":-16.371952,"z":11.067074}
{"deviceid":"b81e905908354542","eventtype":"gyroscope","timestamp":1456247911027,"userid":"vincent.planat@hpe.com","trainingMode":"NONE","x":121.707321,"y":10.914635,"z":87.774391}
{"deviceid":"b81e905908354542","eventtype":"gyroscope","timestamp":1456247959442,"userid":"vincent.planat@hpe.com","trainingMode":"NONE","x":3.445122,"y":-0.487805,"z":-2.560976}
{"deviceid":"b81e905908354542","eventtype":"gyroscope","timestamp":1456247957104,"userid":"vincent.planat@hpe.com","trainingMode":"NONE","x":-22.530489,"y":6.036585,"z":-10.152439}
{"deviceid":"b81e905908354542","eventtype":"gyroscope","timestamp":1456247939906,"userid":"vincent.planat@hpe.com","trainingMode":"NONE","x":-1.798781,"y":-2.713415,"z":7.012195}
{"deviceid":"b81e905908354542","eventtype":"gyroscope","timestamp":1456247957266,"userid":"vincent.planat@hpe.com","trainingMode":"NONE","x":9.786586,"y":-4.29878,"z":6.859756}
{"deviceid":"b81e905908354542","eventtype":"gyroscope","timestamp":1456247927348,"userid":"vincent.planat@hpe.com","trainingMode":"NONE","x":6.737805,"y":-4.146341,"z":-3.04878}
{"deviceid":"b81e905908354542","eventtype":"gyroscope","timestamp":1456247912702,"userid":"vincent.planat@hpe.com","trainingMode":"NONE","x":1.554878,"y":-20.945122,"z":-12.073171}
{"deviceid":"b81e905908354542","eventtype":"gyroscope","timestamp":1456247937003,"userid":"vincent.planat@hpe.com","trainingMode":"NONE","x":5.579268,"y":4.085366,"z":-0.823171}
{"deviceid":"b81e905908354542","eventtype":"gyroscope","timestamp":1456247925124,"userid":"vincent.planat@hpe.com","trainingMode":"NONE","x":1.554878,"y":1.006098,"z":-0.396341}
{"deviceid":"b81e905908354542","eventtype":"gyroscope","timestamp":1456247931384,"userid":"vincent.planat@hpe.com","trainingMode":"NONE","x":-3.902439,"y":1.646342,"z":-1.189024}
{"deviceid":"b81e905908354542","eventtype":"gyroscope","timestamp":1456247946317,"userid":"vincent.planat@hpe.com","trainingMode":"NONE","x":0.365854,"y":2.042683,"z":0.487805}
{"deviceid":"b81e905908354542","eventtype":"gyroscope","timestamp":1456247950343,"userid":"vincent.planat@hpe.com","trainingMode":"NONE","x":1.920732,"y":-3.018293,"z":-11.79878}
{"deviceid":"b81e905908354542","eventtype":"gyroscope","timestamp":1456247949186,"userid":"vincent.planat@hpe.com","trainingMode":"NONE","x":5.579268,"y":4.481708,"z":-3.719512}
{"deviceid":"b81e905908354542","eventtype":"gyroscope","timestamp":1456247915684,"userid":"vincent.planat@hpe.com","trainingMode":"NONE","x":7.621952,"y":3.079268,"z":-0.823171}
{"deviceid":"b81e905908354542","eventtype":"gyroscope","timestamp":1456247915830,"userid":"vincent.planat@hpe.com","trainingMode":"NONE","x":8.109756,"y":1.615854,"z":-2.103659}
{"deviceid":"b81e905908354542","eventtype":"gyroscope","timestamp":1456247924121,"userid":"vincent.planat@hpe.com","trainingMode":"NONE","x":-3.262195,"y":0.060976,"z":-1.067073}
{"deviceid":"b81e905908354542","eventtype":"gyroscope","timestamp":1456247929696,"userid":"vincent.planat@hpe.com","trainingMode":"NONE","x":30.0,"y":32.347561,"z":171.493912}
{"deviceid":"b81e905908354542","eventtype":"gyroscope","timestamp":1456247910301,"userid":"vincent.planat@hpe.com","trainingMode":"NONE","x":-50.670734,"y":-53.628052,"z":-50.609756}
{"deviceid":"b81e905908354542","eventtype":"gyroscope","timestamp":1456247938287,"userid":"vincent.planat@hpe.com","trainingMode":"NONE","x":-18.445122,"y":-12.926829,"z":18.963415}
{"deviceid":"b81e905908354542","eventtype":"gyroscope","timestamp":1456247957337,"userid":"vincent.planat@hpe.com","trainingMode":"NONE","x":12.22561,"y":-1.707317,"z":7.103659}
{"deviceid":"b81e905908354542","eventtype":"gyroscope","timestamp":1456247958133,"userid":"vincent.planat@hpe.com","trainingMode":"NONE","x":-7.987805,"y":-6.097561,"z":0.182927}
{"deviceid":"b81e905908354542","eventtype":"gyroscope","timestamp":1456247954479,"userid":"vincent.planat@hpe.com","trainingMode":"NONE","x":-2.987805,"y":8.689025,"z":28.689026}
{"deviceid":"b81e905908354542","eventtype":"gyroscope","timestamp":1456247937102,"userid":"vincent.planat@hpe.com","trainingMode":"NONE","x":2.652439,"y":-0.030488,"z":0.396341}
{"deviceid":"b81e905908354542","eventtype":"gyroscope","timestamp":1456247950227,"userid":"vincent.planat@hpe.com","trainingMode":"NONE","x":-0.243902,"y":-7.713415,"z":-1.768293}
{"deviceid":"b81e905908354542","eventtype":"gyroscope","timestamp":1456247959812,"userid":"vincent.planat@hpe.com","trainingMode":"NONE","x":1.615854,"y":1.128049,"z":-0.091463}
{"deviceid":"b81e905908354542","eventtype":"gyroscope","timestamp":1456247944107,"userid":"vincent.planat@hpe.com","trainingMode":"NONE","x":-5.945122,"y":-4.390244,"z":-11.768293}
{"deviceid":"b81e905908354542","eventtype":"gyroscope","timestamp":1456247911289,"userid":"vincent.planat@hpe.com","trainingMode":"NONE","x":128.628052,"y":3.353659,"z":8.628049}
{"deviceid":"b81e905908354542","eventtype":"gyroscope","timestamp":1456247954777,"userid":"vincent.planat@hpe.com","trainingMode":"NONE","x":71.189026,"y":64.939026,"z":74.481712}
{"deviceid":"b81e905908354542","eventtype":"gyroscope","timestamp":1456247945804,"userid":"vincent.planat@hpe.com","trainingMode":"NONE","x":-10.060976,"y":8.993902,"z":8.780488}
{"deviceid":"b81e905908354542","eventtype":"gyroscope","timestamp":1456247956181,"userid":"vincent.planat@hpe.com","trainingMode":"NONE","x":15.182927,"y":-13.506098,"z":-14.359756}
{"deviceid":"b81e905908354542","eventtype":"gyroscope","timestamp":1456247940030,"userid":"vincent.planat@hpe.com","trainingMode":"NONE","x":-2.408537,"y":-12.469513,"z":112.896347}
{"deviceid":"b81e905908354542","eventtype":"gyroscope","timestamp":1456247942438,"userid":"vincent.planat@hpe.com","trainingMode":"NONE","x":1.676829,"y":2.530488,"z":-0.670732}
{"deviceid":"b81e905908354542","eventtype":"gyroscope","timestamp":1456247948525,"userid":"vincent.planat@hpe.com","trainingMode":"NONE","x":3.47561,"y":3.20122,"z":-2.378049}
{"deviceid":"b81e905908354542","eventtype":"gyroscope","timestamp":1456247951522,"userid":"vincent.planat@hpe.com","trainingMode":"NONE","x":11.52439,"y":5.182927,"z":-1.920732}
{"deviceid":"b81e905908354542","eventtype":"gyroscope","timestamp":1456247909994,"userid":"vincent.planat@hpe.com","trainingMode":"NONE","x":-13.414635,"y":-1.067073,"z":180.487808}
{"deviceid":"b81e905908354542","eventtype":"gyroscope","timestamp":1456247956721,"userid":"vincent.planat@hpe.com","trainingMode":"NONE","x":-15.304878,"y":0.97561,"z":-2.134146}
{"deviceid":"b81e905908354542","eventtype":"gyroscope","timestamp":1456247909432,"userid":"vincent.planat@hpe.com","trainingMode":"NONE","x":-1.52439,"y":0.365854,"z":-0.518293}
{"deviceid":"b81e905908354542","eventtype":"gyroscope","timestamp":1456247947494,"userid":"vincent.planat@hpe.com","trainingMode":"NONE","x":-15.335366,"y":1.219512,"z":-0.945122}
{"deviceid":"b81e905908354542","eventtype":"gyroscope","timestamp":1456247909865,"userid":"vincent.planat@hpe.com","trainingMode":"NONE","x":-20.396341,"y":-28.506098,"z":73.841469}
{"deviceid":"b81e905908354542","eventtype":"gyroscope","timestamp":1456247916851,"userid":"vincent.planat@hpe.com","trainingMode":"NONE","x":0.945122,"y":1.219512,"z":-0.426829}
{"deviceid":"b81e905908354542","eventtype":"gyroscope","timestamp":1456247950887,"userid":"vincent.planat@hpe.com","trainingMode":"NONE","x":6.859756,"y":-10.457317,"z":-30.091465}
{"deviceid":"b81e905908354542","eventtype":"gyroscope","timestamp":1456247911139,"userid":"vincent.planat@hpe.com","trainingMode":"NONE","x":44.054878,"y":20.884148,"z":35.82317}
{"deviceid":"b81e905908354542","eventtype":"gyroscope","timestamp":1456247923839,"userid":"vincent.planat@hpe.com","trainingMode":"NONE","x":-2.195122,"y":-1.981707,"z":0.182927}
{"deviceid":"b81e905908354542","eventtype":"gyroscope","timestamp":1456247917989,"userid":"vincent.planat@hpe.com","trainingMode":"NONE","x":-1.798781,"y":2.012195,"z":-1.067073}
{"deviceid":"b81e905908354542","eventtype":"gyroscope","timestamp":1456247947101,"userid":"vincent.planat@hpe.com","trainingMode":"NONE","x":4.847561,"y":2.804878,"z":-0.457317}
{"deviceid":"b81e905908354542","eventtype":"gyroscope","timestamp":1456247951383,"userid":"vincent.planat@hpe.com","trainingMode":"NONE","x":18.810976,"y":6.585366,"z":-0.518293}
{"deviceid":"b81e905908354542","eventtype":"gyroscope","timestamp":1456247910663,"userid":"vincent.planat@hpe.com","trainingMode":"NONE","x":12.652439,"y":-2.591464,"z":5.731708}
{"deviceid":"b81e905908354542","eventtype":"gyroscope","timestamp":1456247929189,"userid":"vincent.planat@hpe.com","trainingMode":"NONE","x":-6.768293,"y":-0.426829,"z":-0.70122}
{"deviceid":"b81e905908354542","eventtype":"gyroscope","timestamp":1456247948397,"userid":"vincent.planat@hpe.com","trainingMode":"NONE","x":7.591464,"y":7.591464,"z":-2.926829}
{"deviceid":"b81e905908354542","eventtype":"gyroscope","timestamp":1456247920160,"userid":"vincent.planat@hpe.com","trainingMode":"NONE","x":0.640244,"y":-0.823171,"z":0.27439}
{"deviceid":"b81e905908354542","eventtype":"gyroscope","timestamp":1456247923072,"userid":"vincent.planat@hpe.com","trainingMode":"NONE","x":0.70122,"y":-0.060976,"z":0.060976}
{"deviceid":"b81e905908354542","eventtype":"gyroscope","timestamp":1456247920974,"userid":"vincent.planat@hpe.com","trainingMode":"NONE","x":-1.371951,"y":0.060976,"z":-0.182927}
{"deviceid":"b81e905908354542","eventtype":"gyroscope","timestamp":1456247945542,"userid":"vincent.planat@hpe.com","trainingMode":"NONE","x":17.286585,"y":12.195122,"z":-2.347561}
{"deviceid":"b81e905908354542","eventtype":"gyroscope","timestamp":1456247949871,"userid":"vincent.planat@hpe.com","trainingMode":"NONE","x":-1.310976,"y":5.121951,"z":1.006098}
{"deviceid":"b81e905908354542","eventtype":"gyroscope","timestamp":1456247958656,"userid":"vincent.planat@hpe.com","trainingMode":"NONE","x":0.457317,"y":0.365854,"z":0.304878}
{"deviceid":"b81e905908354542","eventtype":"gyroscope","timestamp":1456247907251,"userid":"vincent.planat@hpe.com","trainingMode":"NONE","x":1.493902,"y":-0.457317,"z":0.121951}
{"deviceid":"b81e905908354542","eventtype":"gyroscope","timestamp":1456247933449,"userid":"vincent.planat@hpe.com","trainingMode":"NONE","x":-61.067074,"y":-11.493903,"z":-6.189024}
{"deviceid":"b81e905908354542","eventtype":"gyroscope","timestamp":1456247934004,"userid":"vincent.planat@hpe.com","trainingMode":"NONE","x":-19.268293,"y":-33.597561,"z":-38.780487}
{"deviceid":"b81e905908354542","eventtype":"gyroscope","timestamp":1456247957763,"userid":"vincent.planat@hpe.com","trainingMode":"NONE","x":2.469512,"y":-1.189024,"z":4.542683}
{"deviceid":"b81e905908354542","eventtype":"gyroscope","timestamp":1456247919757,"userid":"vincent.planat@hpe.com","trainingMode":"NONE","x":0.213415,"y":1.737805,"z":-1.006098}
{"deviceid":"b81e905908354542","eventtype":"gyroscope","timestamp":1456247933338,"userid":"vincent.planat@hpe.com","trainingMode":"NONE","x":62.073174,"y":74.268295,"z":15.640244}
{"deviceid":"b81e905908354542","eventtype":"gyroscope","timestamp":1456247926838,"userid":"vincent.planat@hpe.com","trainingMode":"NONE","x":-0.762195,"y":0.945122,"z":-0.548781}
{"deviceid":"b81e905908354542","eventtype":"gyroscope","timestamp":1456247918139,"userid":"vincent.planat@hpe.com","trainingMode":"NONE","x":-0.670732,"y":0.579268,"z":-0.335366}
{"deviceid":"b81e905908354542","eventtype":"gyroscope","timestamp":1456247941965,"userid":"vincent.planat@hpe.com","trainingMode":"NONE","x":6.128049,"y":2.5,"z":2.073171}
{"deviceid":"b81e905908354542","eventtype":"gyroscope","timestamp":1456247954118,"userid":"vincent.planat@hpe.com","trainingMode":"NONE","x":-11.79878,"y":9.359756,"z":9.02439}
{"deviceid":"b81e905908354542","eventtype":"gyroscope","timestamp":1456247947797,"userid":"vincent.planat@hpe.com","trainingMode":"NONE","x":14.908537,"y":2.865854,"z":-11.493903}
{"deviceid":"b81e905908354542","eventtype":"gyroscope","timestamp":1456247946056,"userid":"vincent.planat@hpe.com","trainingMode":"NONE","x":-1.432927,"y":1.432927,"z":3.628049}
{"deviceid":"b81e905908354542","eventtype":"gyroscope","timestamp":1456247921532,"userid":"vincent.planat@hpe.com","trainingMode":"NONE","x":-0.243902,"y":0.487805,"z":-0.335366}
{"deviceid":"b81e905908354542","eventtype":"gyroscope","timestamp":1456247934113,"userid":"vincent.planat@hpe.com","trainingMode":"NONE","x":-5.97561,"y":18.109756,"z":-44.329269}
{"deviceid":"b81e905908354542","eventtype":"gyroscope","timestamp":1456247939667,"userid":"vincent.planat@hpe.com","trainingMode":"NONE","x":21.097561,"y":20.457317,"z":-13.628049}
{"deviceid":"b81e905908354542","eventtype":"gyroscope","timestamp":1456247916081,"userid":"vincent.planat@hpe.com","trainingMode":"NONE","x":1.768293,"y":-1.310976,"z":7.560976}
{"deviceid":"b81e905908354542","eventtype":"gyroscope","timestamp":1456247932164,"userid":"vincent.planat@hpe.com","trainingMode":"NONE","x":-6.493903,"y":13.993903,"z":-0.792683}
{"deviceid":"b81e905908354542","eventtype":"gyroscope","timestamp":1456247930631,"userid":"vincent.planat@hpe.com","trainingMode":"NONE","x":1.402439,"y":12.987805,"z":-6.585366}
{"deviceid":"b81e905908354542","eventtype":"gyroscope","timestamp":1456247927490,"userid":"vincent.planat@hpe.com","trainingMode":"NONE","x":0.182927,"y":4.329268,"z":-0.792683}
{"deviceid":"b81e905908354542","eventtype":"gyroscope","timestamp":1456247949615,"userid":"vincent.planat@hpe.com","trainingMode":"NONE","x":1.280488,"y":1.585366,"z":-0.365854}
{"deviceid":"b81e905908354542","eventtype":"gyroscope","timestamp":1456247923485,"userid":"vincent.planat@hpe.com","trainingMode":"NONE","x":1.646342,"y":1.585366,"z":-0.27439}
{"deviceid":"b81e905908354542","eventtype":"gyroscope","timestamp":1456247942164,"userid":"vincent.planat@hpe.com","trainingMode":"NONE","x":6.981708,"y":1.737805,"z":2.073171}
{"deviceid":"b81e905908354542","eventtype":"gyroscope","timestamp":1456247942808,"userid":"vincent.planat@hpe.com","trainingMode":"NONE","x":-0.97561,"y":-1.097561,"z":0.335366}
{"deviceid":"b81e905908354542","eventtype":"gyroscope","timestamp":1456247910432,"userid":"vincent.planat@hpe.com","trainingMode":"NONE","x":-87.378052,"y":-90.213417,"z":-183.353668}
{"deviceid":"b81e905908354542","eventtype":"gyroscope","timestamp":1456247908055,"userid":"vincent.planat@hpe.com","trainingMode":"NONE","x":-4.054878,"y":-2.286585,"z":0.792683}
{"deviceid":"b81e905908354542","eventtype":"gyroscope","timestamp":1456247940193,"userid":"vincent.planat@hpe.com","trainingMode":"NONE","x":48.658539,"y":-15.609756,"z":-25.152439}
{"deviceid":"b81e905908354542","eventtype":"gyroscope","timestamp":1456247932441,"userid":"vincent.planat@hpe.com","trainingMode":"NONE","x":-9.268293,"y":-43.170734,"z":25.396341}
{"deviceid":"b81e905908354542","eventtype":"gyroscope","timestamp":1456247955279,"userid":"vincent.planat@hpe.com","trainingMode":"NONE","x":48.201221,"y":-6.707317,"z":10.792684}
{"deviceid":"b81e905908354542","eventtype":"gyroscope","timestamp":1456247943336,"userid":"vincent.planat@hpe.com","trainingMode":"NONE","x":-3.140244,"y":0.335366,"z":-0.609756}
{"deviceid":"b81e905908354542","eventtype":"gyroscope","timestamp":1456247947648,"userid":"vincent.planat@hpe.com","trainingMode":"NONE","x":7.865854,"y":3.932927,"z":-4.817073}
{"deviceid":"b81e905908354542","eventtype":"gyroscope","timestamp":1456247910074,"userid":"vincent.planat@hpe.com","trainingMode":"NONE","x":18.384148,"y":51.280491,"z":188.231705}
{"deviceid":"b81e905908354542","eventtype":"gyroscope","timestamp":1456247927215,"userid":"vincent.planat@hpe.com","trainingMode":"NONE","x":-0.792683,"y":1.310976,"z":-0.97561}
{"deviceid":"b81e905908354542","eventtype":"gyroscope","timestamp":1456247940076,"userid":"vincent.planat@hpe.com","trainingMode":"NONE","x":0.670732,"y":32.317074,"z":125.152443}
{"deviceid":"b81e905908354542","eventtype":"gyroscope","timestamp":1456247933712,"userid":"vincent.planat@hpe.com","trainingMode":"NONE","x":-35.518295,"y":2.865854,"z":-36.0061}
{"deviceid":"b81e905908354542","eventtype":"gyroscope","timestamp":1456247919923,"userid":"vincent.planat@hpe.com","trainingMode":"NONE","x":0.182927,"y":4.329268,"z":-2.652439}
{"deviceid":"b81e905908354542","eventtype":"gyroscope","timestamp":1456247914622,"userid":"vincent.planat@hpe.com","trainingMode":"NONE","x":-8.292683,"y":-0.70122,"z":0.762195}
{"deviceid":"b81e905908354542","eventtype":"gyroscope","timestamp":1456247959193,"userid":"vincent.planat@hpe.com","trainingMode":"NONE","x":-0.670732,"y":1.097561,"z":0.091463}
{"deviceid":"b81e905908354542","eventtype":"gyroscope","timestamp":1456247950472,"userid":"vincent.planat@hpe.com","trainingMode":"NONE","x":-6.067073,"y":8.841464,"z":-1.707317}
{"deviceid":"b81e905908354542","eventtype":"gyroscope","timestamp":1456247921395,"userid":"vincent.planat@hpe.com","trainingMode":"NONE","x":-0.457317,"y":0.304878,"z":-0.213415}
{"deviceid":"b81e905908354542","eventtype":"gyroscope","timestamp":1456247938397,"userid":"vincent.planat@hpe.com","trainingMode":"NONE","x":-45.365856,"y":-5.0,"z":103.506104}
{"deviceid":"b81e905908354542","eventtype":"gyroscope","timestamp":1456247934940,"userid":"vincent.planat@hpe.com","trainingMode":"NONE","x":-2.77439,"y":4.054878,"z":53.810978}
{"deviceid":"b81e905908354542","eventtype":"gyroscope","timestamp":1456247909482,"userid":"vincent.planat@hpe.com","trainingMode":"NONE","x":1.128049,"y":-0.792683,"z":0.121951}
{"deviceid":"b81e905908354542","eventtype":"gyroscope","timestamp":1456247919517,"userid":"vincent.planat@hpe.com","trainingMode":"NONE","x":-0.091463,"y":0.914634,"z":-0.457317}
{"deviceid":"b81e905908354542","eventtype":"gyroscope","timestamp":1456247946826,"userid":"vincent.planat@hpe.com","trainingMode":"NONE","x":0.731707,"y":0.030488,"z":1.707317}
{"deviceid":"b81e905908354542","eventtype":"gyroscope","timestamp":1456247943898,"userid":"vincent.planat@hpe.com","trainingMode":"NONE","x":-0.518293,"y":12.012196,"z":3.170732}
{"deviceid":"b81e905908354542","eventtype":"gyroscope","timestamp":1456247952038,"userid":"vincent.planat@hpe.com","trainingMode":"NONE","x":8.445122,"y":-3.292683,"z":0.304878}
{"deviceid":"b81e905908354542","eventtype":"gyroscope","timestamp":1456247935694,"userid":"vincent.planat@hpe.com","trainingMode":"NONE","x":31.280489,"y":7.926829,"z":-75.457321}
{"deviceid":"b81e905908354542","eventtype":"gyroscope","timestamp":1456247945023,"userid":"vincent.planat@hpe.com","trainingMode":"NONE","x":-20.304878,"y":-10.213415,"z":11.432927}
{"deviceid":"b81e905908354542","eventtype":"gyroscope","timestamp":1456247937483,"userid":"vincent.planat@hpe.com","trainingMode":"NONE","x":-13.323171,"y":-3.292683,"z":-0.609756}
{"deviceid":"b81e905908354542","eventtype":"gyroscope","timestamp":1456247931910,"userid":"vincent.planat@hpe.com","trainingMode":"NONE","x":0.152439,"y":-0.182927,"z":0.0}
{"deviceid":"b81e905908354542","eventtype":"gyroscope","timestamp":1456247928921,"userid":"vincent.planat@hpe.com","trainingMode":"NONE","x":-8.993902,"y":-3.628049,"z":6.128049}
{"deviceid":"b81e905908354542","eventtype":"gyroscope","timestamp":1456247913336,"userid":"vincent.planat@hpe.com","trainingMode":"NONE","x":-3.170732,"y":3.170732,"z":2.103659}
{"deviceid":"b81e905908354542","eventtype":"gyroscope","timestamp":1456247957039,"userid":"vincent.planat@hpe.com","trainingMode":"NONE","x":11.036586,"y":0.182927,"z":1.006098}
{"deviceid":"b81e905908354542","eventtype":"gyroscope","timestamp":1456247912086,"userid":"vincent.planat@hpe.com","trainingMode":"NONE","x":1.95122,"y":-3.719512,"z":3.018293}
{"deviceid":"b81e905908354542","eventtype":"gyroscope","timestamp":1456247926081,"userid":"vincent.planat@hpe.com","trainingMode":"NONE","x":-1.158537,"y":-0.365854,"z":0.182927}
{"deviceid":"b81e905908354542","eventtype":"gyroscope","timestamp":1456247910494,"userid":"vincent.planat@hpe.com","trainingMode":"NONE","x":-38.628048,"y":-39.786587,"z":-84.054878}
{"deviceid":"b81e905908354542","eventtype":"gyroscope","timestamp":1456247958279,"userid":"vincent.planat@hpe.com","trainingMode":"NONE","x":-4.359756,"y":-5.396342,"z":6.189024}
{"deviceid":"b81e905908354542","eventtype":"gyroscope","timestamp":1456247945918,"userid":"vincent.planat@hpe.com","trainingMode":"NONE","x":4.176829,"y":-1.920732,"z":0.518293}
{"deviceid":"b81e905908354542","eventtype":"gyroscope","timestamp":1456247916995,"userid":"vincent.planat@hpe.com","trainingMode":"NONE","x":-2.804878,"y":0.213415,"z":-0.426829}
{"deviceid":"b81e905908354542","eventtype":"gyroscope","timestamp":1456247951653,"userid":"vincent.planat@hpe.com","trainingMode":"NONE","x":-0.609756,"y":0.487805,"z":3.445122}
{"deviceid":"b81e905908354542","eventtype":"gyroscope","timestamp":1456247926464,"userid":"vincent.planat@hpe.com","trainingMode":"NONE","x":-3.506098,"y":1.707317,"z":-0.823171}
{"deviceid":"b81e905908354542","eventtype":"gyroscope","timestamp":1456247956463,"userid":"vincent.planat@hpe.com","trainingMode":"NONE","x":-2.408537,"y":1.067073,"z":0.030488}
{"deviceid":"b81e905908354542","eventtype":"gyroscope","timestamp":1456247936053,"userid":"vincent.planat@hpe.com","trainingMode":"NONE","x":7.286585,"y":8.384147,"z":-6.981708}
{"deviceid":"b81e905908354542","eventtype":"gyroscope","timestamp":1456247922027,"userid":"vincent.planat@hpe.com","trainingMode":"NONE","x":0.365854,"y":0.823171,"z":-0.365854}
{"deviceid":"b81e905908354542","eventtype":"gyroscope","timestamp":1456247925420,"userid":"vincent.planat@hpe.com","trainingMode":"NONE","x":-0.426829,"y":0.518293,"z":-0.030488}
{"deviceid":"b81e905908354542","eventtype":"gyroscope","timestamp":1456247940593,"userid":"vincent.planat@hpe.com","trainingMode":"NONE","x":0.030488,"y":10.365854,"z":-4.268293}
{"deviceid":"b81e905908354542","eventtype":"gyroscope","timestamp":1456247938923,"userid":"vincent.planat@hpe.com","trainingMode":"NONE","x":47.682926,"y":23.993902,"z":-74.725609}
{"deviceid":"b81e905908354542","eventtype":"gyroscope","timestamp":1456247935410,"userid":"vincent.planat@hpe.com","trainingMode":"NONE","x":-100.914635,"y":-164.390244,"z":-231.707321}
{"deviceid":"b81e905908354542","eventtype":"gyroscope","timestamp":1456247928284,"userid":"vincent.planat@hpe.com","trainingMode":"NONE","x":0.518293,"y":0.853659,"z":-0.487805}
{"deviceid":"b81e905908354542","eventtype":"gyroscope","timestamp":1456247932955,"userid":"vincent.planat@hpe.com","trainingMode":"NONE","x":29.634148,"y":-45.274391,"z":7.682927}
{"deviceid":"b81e905908354542","eventtype":"gyroscope","timestamp":1456247920755,"userid":"vincent.planat@hpe.com","trainingMode":"NONE","x":-0.70122,"y":-0.152439,"z":-0.121951}
{"deviceid":"b81e905908354542","eventtype":"gyroscope","timestamp":1456247935797,"userid":"vincent.planat@hpe.com","trainingMode":"NONE","x":-15.304878,"y":6.707317,"z":-8.810976}
{"deviceid":"b81e905908354542","eventtype":"gyroscope","timestamp":1456247922590,"userid":"vincent.planat@hpe.com","trainingMode":"NONE","x":-0.640244,"y":0.518293,"z":-0.426829}
{"deviceid":"b81e905908354542","eventtype":"gyroscope","timestamp":1456247929374,"userid":"vincent.planat@hpe.com","trainingMode":"NONE","x":-17.682928,"y":7.22561,"z":4.481708}
{"deviceid":"b81e905908354542","eventtype":"gyroscope","timestamp":1456247941384,"userid":"vincent.planat@hpe.com","trainingMode":"NONE","x":-14.908537,"y":-9.542684,"z":-6.219512}
{"deviceid":"b81e905908354542","eventtype":"gyroscope","timestamp":1456247942702,"userid":"vincent.planat@hpe.com","trainingMode":"NONE","x":-0.70122,"y":-1.219512,"z":0.121951}
{"deviceid":"b81e905908354542","eventtype":"gyroscope","timestamp":1456247949059,"userid":"vincent.planat@hpe.com","trainingMode":"NONE","x":0.335366,"y":3.20122,"z":-2.195122}
{"deviceid":"b81e905908354542","eventtype":"gyroscope","timestamp":1456247952682,"userid":"vincent.planat@hpe.com","trainingMode":"NONE","x":0.27439,"y":1.280488,"z":0.670732}
{"deviceid":"b81e905908354542","eventtype":"gyroscope","timestamp":1456247937881,"userid":"vincent.planat@hpe.com","trainingMode":"NONE","x":1.493902,"y":0.457317,"z":-0.152439}
{"deviceid":"b81e905908354542","eventtype":"gyroscope","timestamp":1456247926743,"userid":"vincent.planat@hpe.com","trainingMode":"NONE","x":0.030488,"y":0.823171,"z":-0.426829}
{"deviceid":"b81e905908354542","eventtype":"gyroscope","timestamp":1456247932574,"userid":"vincent.planat@hpe.com","trainingMode":"NONE","x":-187.439026,"y":0.762195,"z":118.475609}
{"deviceid":"b81e905908354542","eventtype":"gyroscope","timestamp":1456247944242,"userid":"vincent.planat@hpe.com","trainingMode":"NONE","x":-7.042683,"y":12.22561,"z":-6.341464}
{"deviceid":"b81e905908354542","eventtype":"gyroscope","timestamp":1456247920486,"userid":"vincent.planat@hpe.com","trainingMode":"NONE","x":-0.243902,"y":-1.402439,"z":0.548781}
{"deviceid":"b81e905908354542","eventtype":"gyroscope","timestamp":1456247938550,"userid":"vincent.planat@hpe.com","trainingMode":"NONE","x":-10.213415,"y":22.408537,"z":89.451225}
{"deviceid":"b81e905908354542","eventtype":"gyroscope","timestamp":1456247933911,"userid":"vincent.planat@hpe.com","trainingMode":"NONE","x":-66.189026,"y":-52.012196,"z":-38.445122}
{"deviceid":"b81e905908354542","eventtype":"gyroscope","timestamp":1456247927766,"userid":"vincent.planat@hpe.com","trainingMode":"NONE","x":2.652439,"y":0.426829,"z":0.030488}
{"deviceid":"b81e905908354542","eventtype":"gyroscope","timestamp":1456247928400,"userid":"vincent.planat@hpe.com","trainingMode":"NONE","x":-0.487805,"y":-0.182927,"z":-0.060976}
{"deviceid":"b81e905908354542","eventtype":"gyroscope","timestamp":1456247952937,"userid":"vincent.planat@hpe.com","trainingMode":"NONE","x":-0.060976,"y":-1.097561,"z":-0.060976}
{"deviceid":"b81e905908354542","eventtype":"gyroscope","timestamp":1456247919844,"userid":"vincent.planat@hpe.com","trainingMode":"NONE","x":0.945122,"y":-0.335366,"z":0.213415}
{"deviceid":"b81e905908354542","eventtype":"gyroscope","timestamp":1456247942298,"userid":"vincent.planat@hpe.com","trainingMode":"NONE","x":8.384147,"y":2.591464,"z":0.884146}
{"deviceid":"b81e905908354542","eventtype":"gyroscope","timestamp":1456247956064,"userid":"vincent.planat@hpe.com","trainingMode":"NONE","x":14.420732,"y":-25.060976,"z":-11.006098}
{"deviceid":"b81e905908354542","eventtype":"gyroscope","timestamp":1456247936586,"userid":"vincent.planat@hpe.com","trainingMode":"NONE","x":3.414634,"y":5.030488,"z":-6.768293}
{"deviceid":"b81e905908354542","eventtype":"gyroscope","timestamp":1456247957503,"userid":"vincent.planat@hpe.com","trainingMode":"NONE","x":24.207317,"y":-6.067073,"z":-5.304878}
{"deviceid":"b81e905908354542","eventtype":"gyroscope","timestamp":1456247936207,"userid":"vincent.planat@hpe.com","trainingMode":"NONE","x":-30.731709,"y":1.158537,"z":-2.926829}
{"deviceid":"b81e905908354542","eventtype":"gyroscope","timestamp":1456247935155,"userid":"vincent.planat@hpe.com","trainingMode":"NONE","x":-4.634147,"y":-30.091465,"z":27.37805}
{"deviceid":"b81e905908354542","eventtype":"gyroscope","timestamp":1456247938132,"userid":"vincent.planat@hpe.com","trainingMode":"NONE","x":0.823171,"y":0.396341,"z":-0.121951}
{"deviceid":"b81e905908354542","eventtype":"gyroscope","timestamp":1456247937625,"userid":"vincent.planat@hpe.com","trainingMode":"NONE","x":13.140244,"y":-0.670732,"z":1.097561}
{"deviceid":"b81e905908354542","eventtype":"gyroscope","timestamp":1456247946708,"userid":"vincent.planat@hpe.com","trainingMode":"NONE","x":-0.823171,"y":0.945122,"z":0.243902}
{"deviceid":"b81e905908354542","eventtype":"gyroscope","timestamp":1456247915938,"userid":"vincent.planat@hpe.com","trainingMode":"NONE","x":-4.329268,"y":1.006098,"z":2.591464}
{"deviceid":"b81e905908354542","eventtype":"gyroscope","timestamp":1456247956911,"userid":"vincent.planat@hpe.com","trainingMode":"NONE","x":-6.036585,"y":6.341464,"z":-8.810976}
{"deviceid":"b81e905908354542","eventtype":"gyroscope","timestamp":1456247929576,"userid":"vincent.planat@hpe.com","trainingMode":"NONE","x":-32.012196,"y":-19.817074,"z":29.237806}
{"deviceid":"b81e905908354542","eventtype":"gyroscope","timestamp":1456247915538,"userid":"vincent.planat@hpe.com","trainingMode":"NONE","x":4.573171,"y":0.731707,"z":-0.060976}
{"deviceid":"b81e905908354542","eventtype":"gyroscope","timestamp":1456247930214,"userid":"vincent.planat@hpe.com","trainingMode":"NONE","x":59.17683,"y":4.908537,"z":-11.341464}
{"deviceid":"b81e905908354542","eventtype":"gyroscope","timestamp":1456247922302,"userid":"vincent.planat@hpe.com","trainingMode":"NONE","x":0.70122,"y":0.518293,"z":-0.213415}
{"deviceid":"b81e905908354542","eventtype":"gyroscope","timestamp":1456247909605,"userid":"vincent.planat@hpe.com","trainingMode":"NONE","x":0.030488,"y":0.182927,"z":-0.091463}
{"deviceid":"b81e905908354542","eventtype":"gyroscope","timestamp":1456247953837,"userid":"vincent.planat@hpe.com","trainingMode":"NONE","x":-3.506098,"y":-4.939024,"z":3.658537}
{"deviceid":"b81e905908354542","eventtype":"gyroscope","timestamp":1456247936341,"userid":"vincent.planat@hpe.com","trainingMode":"NONE","x":14.268293,"y":1.52439,"z":-6.768293}
{"deviceid":"b81e905908354542","eventtype":"gyroscope","timestamp":1456247930744,"userid":"vincent.planat@hpe.com","trainingMode":"NONE","x":40.42683,"y":11.189025,"z":-25.54878}
{"deviceid":"b81e905908354542","eventtype":"gyroscope","timestamp":1456247948161,"userid":"vincent.planat@hpe.com","trainingMode":"NONE","x":-1.890244,"y":2.073171,"z":3.323171}
{"deviceid":"b81e905908354542","eventtype":"gyroscope","timestamp":1456247913608,"userid":"vincent.planat@hpe.com","trainingMode":"NONE","x":1.341463,"y":0.97561,"z":-0.365854}
{"deviceid":"b81e905908354542","eventtype":"gyroscope","timestamp":1456247952299,"userid":"vincent.planat@hpe.com","trainingMode":"NONE","x":9.878049,"y":2.77439,"z":0.213415}
{"deviceid":"b81e905908354542","eventtype":"gyroscope","timestamp":1456247909728,"userid":"vincent.planat@hpe.com","trainingMode":"NONE","x":1.554878,"y":0.518293,"z":-0.243902}
{"deviceid":"b81e905908354542","eventtype":"gyroscope","timestamp":1456247947236,"userid":"vincent.planat@hpe.com","trainingMode":"NONE","x":2.164634,"y":2.804878,"z":-0.27439}
{"deviceid":"b81e905908354542","eventtype":"gyroscope","timestamp":1456247934504,"userid":"vincent.planat@hpe.com","trainingMode":"NONE","x":-3.841464,"y":18.079269,"z":-40.518295}
{"deviceid":"b81e905908354542","eventtype":"gyroscope","timestamp":1456247922820,"userid":"vincent.planat@hpe.com","trainingMode":"NONE","x":0.304878,"y":0.670732,"z":-0.304878}
{"deviceid":"b81e905908354542","eventtype":"gyroscope","timestamp":1456247916211,"userid":"vincent.planat@hpe.com","trainingMode":"NONE","x":-4.939024,"y":-0.121951,"z":-0.762195}
{"deviceid":"b81e905908354542","eventtype":"gyroscope","timestamp":1456247907725,"userid":"vincent.planat@hpe.com","trainingMode":"NONE","x":2.012195,"y":0.396341,"z":-0.365854}
{"deviceid":"b81e905908354542","eventtype":"gyroscope","timestamp":1456247934760,"userid":"vincent.planat@hpe.com","trainingMode":"NONE","x":15.762196,"y":-1.737805,"z":-1.189024}
{"deviceid":"b81e905908354542","eventtype":"gyroscope","timestamp":1456247925833,"userid":"vincent.planat@hpe.com","trainingMode":"NONE","x":0.640244,"y":1.768293,"z":-0.579268}
{"deviceid":"b81e905908354542","eventtype":"gyroscope","timestamp":1456247930362,"userid":"vincent.planat@hpe.com","trainingMode":"NONE","x":62.835369,"y":0.518293,"z":-16.79878}
{"deviceid":"b81e905908354542","eventtype":"gyroscope","timestamp":1456247934375,"userid":"vincent.planat@hpe.com","trainingMode":"NONE","x":-17.073172,"y":17.5,"z":-39.268295}
{"deviceid":"b81e905908354542","eventtype":"gyroscope","timestamp":1456247956597,"userid":"vincent.planat@hpe.com","trainingMode":"NONE","x":-16.097561,"y":0.823171,"z":-3.47561}
{"deviceid":"b81e905908354542","eventtype":"gyroscope","timestamp":1456247929960,"userid":"vincent.planat@hpe.com","trainingMode":"NONE","x":175.823181,"y":105.243904,"z":30.853659}
{"deviceid":"b81e905908354542","eventtype":"gyroscope","timestamp":1456247935283,"userid":"vincent.planat@hpe.com","trainingMode":"NONE","x":-15.579268,"y":-113.201225,"z":-107.195122}
{"deviceid":"b81e905908354542","eventtype":"gyroscope","timestamp":1456247960094,"userid":"vincent.planat@hpe.com","trainingMode":"NONE","x":-1.646342,"y":0.914634,"z":-0.365854}
{"deviceid":"b81e905908354542","eventtype":"gyroscope","timestamp":1456247953455,"userid":"vincent.planat@hpe.com","trainingMode":"NONE","x":33.048782,"y":-30.42683,"z":-110.396347}
{"deviceid":"b81e905908354542","eventtype":"gyroscope","timestamp":1456247920078,"userid":"vincent.planat@hpe.com","trainingMode":"NONE","x":-0.426829,"y":-1.310976,"z":-0.518293}
{"deviceid":"b81e905908354542","eventtype":"gyroscope","timestamp":1456247946449,"userid":"vincent.planat@hpe.com","trainingMode":"NONE","x":0.121951,"y":1.920732,"z":0.27439}
{"deviceid":"b81e905908354542","eventtype":"gyroscope","timestamp":1456247941293,"userid":"vincent.planat@hpe.com","trainingMode":"NONE","x":-2.164634,"y":-3.323171,"z":-0.548781}
{"deviceid":"b81e905908354542","eventtype":"gyroscope","timestamp":1456247912331,"userid":"vincent.planat@hpe.com","trainingMode":"NONE","x":1.859756,"y":-0.70122,"z":0.97561}
{"deviceid":"b81e905908354542","eventtype":"gyroscope","timestamp":1456247945404,"userid":"vincent.planat@hpe.com","trainingMode":"NONE","x":1.981707,"y":-0.97561,"z":-3.109756}
{"deviceid":"b81e905908354542","eventtype":"gyroscope","timestamp":1456247925298,"userid":"vincent.planat@hpe.com","trainingMode":"NONE","x":-0.853659,"y":1.585366,"z":-0.762195}
{"deviceid":"b81e905908354542","eventtype":"gyroscope","timestamp":1456247909141,"userid":"vincent.planat@hpe.com","trainingMode":"NONE","x":0.0,"y":0.27439,"z":-0.121951}
{"deviceid":"b81e905908354542","eventtype":"gyroscope","timestamp":1456247939800,"userid":"vincent.planat@hpe.com","trainingMode":"NONE","x":3.506098,"y":4.603659,"z":-2.256098}
{"deviceid":"b81e905908354542","eventtype":"gyroscope","timestamp":1456247937344,"userid":"vincent.planat@hpe.com","trainingMode":"NONE","x":0.97561,"y":-0.091463,"z":0.152439}
{"deviceid":"b81e905908354542","eventtype":"gyroscope","timestamp":1456247929443,"userid":"vincent.planat@hpe.com","trainingMode":"NONE","x":3.689024,"y":0.487805,"z":0.0}
{"deviceid":"b81e905908354542","eventtype":"gyroscope","timestamp":1456247916590,"userid":"vincent.planat@hpe.com","trainingMode":"NONE","x":-1.219512,"y":-0.335366,"z":-0.030488}
{"deviceid":"b81e905908354542","eventtype":"gyroscope","timestamp":1456247927101,"userid":"vincent.planat@hpe.com","trainingMode":"NONE","x":0.548781,"y":0.823171,"z":-0.060976}
{"deviceid":"b81e905908354542","eventtype":"gyroscope","timestamp":1456247912601,"userid":"vincent.planat@hpe.com","trainingMode":"NONE","x":0.213415,"y":-2.621951,"z":-2.896342}
{"deviceid":"b81e905908354542","eventtype":"gyroscope","timestamp":1456247950101,"userid":"vincent.planat@hpe.com","trainingMode":"NONE","x":-2.713415,"y":-7.164634,"z":8.689025}
{"deviceid":"b81e905908354542","eventtype":"gyroscope","timestamp":1456247932005,"userid":"vincent.planat@hpe.com","trainingMode":"NONE","x":-1.737805,"y":2.134146,"z":-0.27439}
{"deviceid":"b81e905908354542","eventtype":"gyroscope","timestamp":1456247925763,"userid":"vincent.planat@hpe.com","trainingMode":"NONE","x":0.335366,"y":-2.317073,"z":0.762195}
{"deviceid":"b81e905908354542","eventtype":"gyroscope","timestamp":1456247922694,"userid":"vincent.planat@hpe.com","trainingMode":"NONE","x":0.0,"y":0.213415,"z":-0.121951}
{"deviceid":"b81e905908354542","eventtype":"gyroscope","timestamp":1456247946968,"userid":"vincent.planat@hpe.com","trainingMode":"NONE","x":-2.256098,"y":-0.670732,"z":0.548781}
{"deviceid":"b81e905908354542","eventtype":"gyroscope","timestamp":1456247958426,"userid":"vincent.planat@hpe.com","trainingMode":"NONE","x":6.067073,"y":-6.128049,"z":4.176829}
{"deviceid":"b81e905908354542","eventtype":"gyroscope","timestamp":1456247910944,"userid":"vincent.planat@hpe.com","trainingMode":"NONE","x":172.469513,"y":-15.0,"z":13.292684}
{"deviceid":"b81e905908354542","eventtype":"gyroscope","timestamp":1456247915282,"userid":"vincent.planat@hpe.com","trainingMode":"NONE","x":-4.542683,"y":-2.103659,"z":1.067073}
{"deviceid":"b81e905908354542","eventtype":"gyroscope","timestamp":1456247959682,"userid":"vincent.planat@hpe.com","trainingMode":"NONE","x":0.091463,"y":0.426829,"z":-0.335366}
{"deviceid":"b81e905908354542","eventtype":"gyroscope","timestamp":1456247945267,"userid":"vincent.planat@hpe.com","trainingMode":"NONE","x":4.939024,"y":10.487805,"z":-1.219512}
{"deviceid":"b81e905908354542","eventtype":"gyroscope","timestamp":1456247953582,"userid":"vincent.planat@hpe.com","trainingMode":"NONE","x":26.615854,"y":0.579268,"z":-55.609756}
{"deviceid":"b81e905908354542","eventtype":"gyroscope","timestamp":1456247940917,"userid":"vincent.planat@hpe.com","trainingMode":"NONE","x":0.579268,"y":2.286585,"z":-0.579268}
{"deviceid":"b81e905908354542","eventtype":"gyroscope","timestamp":1456247931677,"userid":"vincent.planat@hpe.com","trainingMode":"NONE","x":0.335366,"y":-1.25,"z":3.719512}
{"deviceid":"b81e905908354542","eventtype":"gyroscope","timestamp":1456247952425,"userid":"vincent.planat@hpe.com","trainingMode":"NONE","x":7.560976,"y":0.426829,"z":1.95122}
{"deviceid":"b81e905908354542","eventtype":"gyroscope","timestamp":1456247909810,"userid":"vincent.planat@hpe.com","trainingMode":"NONE","x":-3.292683,"y":2.134146,"z":-0.060976}
{"deviceid":"b81e905908354542","eventtype":"gyroscope","timestamp":1456247933080,"userid":"vincent.planat@hpe.com","trainingMode":"NONE","x":104.268295,"y":17.92683,"z":-71.646339}
{"deviceid":"b81e905908354542","eventtype":"gyroscope","timestamp":1456247931113,"userid":"vincent.planat@hpe.com","trainingMode":"NONE","x":-3.140244,"y":-2.560976,"z":6.676829}
{"deviceid":"b81e905908354542","eventtype":"gyroscope","timestamp":1456247928130,"userid":"vincent.planat@hpe.com","trainingMode":"NONE","x":-0.396341,"y":0.213415,"z":-0.182927}
{"deviceid":"b81e905908354542","eventtype":"gyroscope","timestamp":1456247916713,"userid":"vincent.planat@hpe.com","trainingMode":"NONE","x":-1.829268,"y":0.213415,"z":-0.304878}
{"deviceid":"b81e905908354542","eventtype":"gyroscope","timestamp":1456247919243,"userid":"vincent.planat@hpe.com","trainingMode":"NONE","x":2.439024,"y":1.737805,"z":-0.457317}
{"deviceid":"b81e905908354542","eventtype":"gyroscope","timestamp":1456247948780,"userid":"vincent.planat@hpe.com","trainingMode":"NONE","x":-18.231709,"y":-18.323172,"z":17.317074}
{"deviceid":"b81e905908354542","eventtype":"gyroscope","timestamp":1456247958933,"userid":"vincent.planat@hpe.com","trainingMode":"NONE","x":-1.95122,"y":-0.27439,"z":-0.487805}
{"deviceid":"b81e905908354542","eventtype":"gyroscope","timestamp":1456247949968,"userid":"vincent.planat@hpe.com","trainingMode":"NONE","x":5.823171,"y":14.481708,"z":11.920732}
{"deviceid":"b81e905908354542","eventtype":"gyroscope","timestamp":1456247945659,"userid":"vincent.planat@hpe.com","trainingMode":"NONE","x":-2.835366,"y":-0.823171,"z":7.926829}
{"deviceid":"b81e905908354542","eventtype":"gyroscope","timestamp":1456247917395,"userid":"vincent.planat@hpe.com","trainingMode":"NONE","x":3.353659,"y":0.091463,"z":0.335366}
{"deviceid":"b81e905908354542","eventtype":"gyroscope","timestamp":1456247948000,"userid":"vincent.planat@hpe.com","trainingMode":"NONE","x":2.164634,"y":-0.914634,"z":2.408537}
{"deviceid":"b81e905908354542","eventtype":"gyroscope","timestamp":1456247915172,"userid":"vincent.planat@hpe.com","trainingMode":"NONE","x":0.457317,"y":-0.396341,"z":-0.396341}
{"deviceid":"b81e905908354542","eventtype":"gyroscope","timestamp":1456247917232,"userid":"vincent.planat@hpe.com","trainingMode":"NONE","x":2.77439,"y":-4.207317,"z":1.859756}
{"deviceid":"b81e905908354542","eventtype":"gyroscope","timestamp":1456247923742,"userid":"vincent.planat@hpe.com","trainingMode":"NONE","x":-1.829268,"y":-0.853659,"z":-0.365854}
{"deviceid":"b81e905908354542","eventtype":"gyroscope","timestamp":1456247925197,"userid":"vincent.planat@hpe.com","trainingMode":"NONE","x":2.134146,"y":1.371951,"z":-0.70122}
{"deviceid":"b81e905908354542","eventtype":"gyroscope","timestamp":1456247956230,"userid":"vincent.planat@hpe.com","trainingMode":"NONE","x":20.335367,"y":-2.469512,"z":-12.621951}
{"deviceid":"b81e905908354542","eventtype":"gyroscope","timestamp":1456247948645,"userid":"vincent.planat@hpe.com","trainingMode":"NONE","x":-5.304878,"y":-14.207317,"z":6.859756}
{"deviceid":"b81e905908354542","eventtype":"gyroscope","timestamp":1456247939756,"userid":"vincent.planat@hpe.com","trainingMode":"NONE","x":-0.670732,"y":4.02439,"z":-4.664634}
{"deviceid":"b81e905908354542","eventtype":"gyroscope","timestamp":1456247910754,"userid":"vincent.planat@hpe.com","trainingMode":"NONE","x":15.609756,"y":0.152439,"z":-2.469512}
{"deviceid":"b81e905908354542","eventtype":"gyroscope","timestamp":1456247958047,"userid":"vincent.planat@hpe.com","trainingMode":"NONE","x":-1.615854,"y":3.292683,"z":-5.945122}
{"deviceid":"b81e905908354542","eventtype":"gyroscope","timestamp":1456247932298,"userid":"vincent.planat@hpe.com","trainingMode":"NONE","x":-32.164635,"y":17.012196,"z":10.670732}
{"deviceid":"b81e905908354542","eventtype":"gyroscope","timestamp":1456247925571,"userid":"vincent.planat@hpe.com","trainingMode":"NONE","x":2.042683,"y":0.548781,"z":-0.213415}
{"deviceid":"b81e905908354542","eventtype":"gyroscope","timestamp":1456247933205,"userid":"vincent.planat@hpe.com","trainingMode":"NONE","x":72.042686,"y":116.798782,"z":-7.408537}
{"deviceid":"b81e905908354542","eventtype":"gyroscope","timestamp":1456247953738,"userid":"vincent.planat@hpe.com","trainingMode":"NONE","x":13.079268,"y":4.817073,"z":-7.469512}
{"deviceid":"b81e905908354542","eventtype":"gyroscope","timestamp":1456247912944,"userid":"vincent.planat@hpe.com","trainingMode":"NONE","x":-242.560974,"y":39.542683,"z":-166.890244}
{"deviceid":"b81e905908354542","eventtype":"gyroscope","timestamp":1456247909031,"userid":"vincent.planat@hpe.com","trainingMode":"NONE","x":0.152439,"y":0.670732,"z":-0.640244}
{"deviceid":"b81e905908354542","eventtype":"gyroscope","timestamp":1456247944621,"userid":"vincent.planat@hpe.com","trainingMode":"NONE","x":25.304878,"y":3.018293,"z":-1.158537}
{"deviceid":"b81e905908354542","eventtype":"gyroscope","timestamp":1456247953052,"userid":"vincent.planat@hpe.com","trainingMode":"NONE","x":-3.109756,"y":-1.310976,"z":0.213415}
{"deviceid":"b81e905908354542","eventtype":"gyroscope","timestamp":1456247928520,"userid":"vincent.planat@hpe.com","trainingMode":"NONE","x":-0.731707,"y":0.335366,"z":-0.121951}
{"deviceid":"b81e905908354542","eventtype":"gyroscope","timestamp":1456247910580,"userid":"vincent.planat@hpe.com","trainingMode":"NONE","x":11.189025,"y":-12.042684,"z":-17.164635}
{"deviceid":"b81e905908354542","eventtype":"gyroscope","timestamp":1456247918283,"userid":"vincent.planat@hpe.com","trainingMode":"NONE","x":1.310976,"y":-0.152439,"z":0.091463}
{"deviceid":"b81e905908354542","eventtype":"gyroscope","timestamp":1456247947366,"userid":"vincent.planat@hpe.com","trainingMode":"NONE","x":1.067073,"y":-0.304878,"z":-0.487805}
{"deviceid":"b81e905908354542","eventtype":"gyroscope","timestamp":1456247951250,"userid":"vincent.planat@hpe.com","trainingMode":"NONE","x":11.585366,"y":-3.018293,"z":-0.548781}
{"deviceid":"b81e905908354542","eventtype":"gyroscope","timestamp":1456247921259,"userid":"vincent.planat@hpe.com","trainingMode":"NONE","x":-1.707317,"y":0.670732,"z":-0.396341}
{"deviceid":"b81e905908354542","eventtype":"gyroscope","timestamp":1456247940477,"userid":"vincent.planat@hpe.com","trainingMode":"NONE","x":23.932928,"y":11.615854,"z":-10.182927}
{"deviceid":"b81e905908354542","eventtype":"gyroscope","timestamp":1456247957963,"userid":"vincent.planat@hpe.com","trainingMode":"NONE","x":6.920732,"y":-5.54878,"z":6.859756}
{"deviceid":"b81e905908354542","eventtype":"gyroscope","timestamp":1456247942050,"userid":"vincent.planat@hpe.com","trainingMode":"NONE","x":6.981708,"y":6.432927,"z":-0.27439}
{"deviceid":"b81e905908354542","eventtype":"gyroscope","timestamp":1456247911841,"userid":"vincent.planat@hpe.com","trainingMode":"NONE","x":1.463415,"y":2.347561,"z":1.371951}
{"deviceid":"b81e905908354542","eventtype":"gyroscope","timestamp":1456247956830,"userid":"vincent.planat@hpe.com","trainingMode":"NONE","x":-2.073171,"y":-0.335366,"z":2.439024}
{"deviceid":"b81e905908354542","eventtype":"gyroscope","timestamp":1456247955956,"userid":"vincent.planat@hpe.com","trainingMode":"NONE","x":-8.963415,"y":-51.585365,"z":16.95122}
{"deviceid":"b81e905908354542","eventtype":"gyroscope","timestamp":1456247950056,"userid":"vincent.planat@hpe.com","trainingMode":"NONE","x":5.396342,"y":7.896342,"z":9.817074}
{"deviceid":"b81e905908354542","eventtype":"gyroscope","timestamp":1456247924498,"userid":"vincent.planat@hpe.com","trainingMode":"NONE","x":2.256098,"y":2.012195,"z":-0.457317}
{"deviceid":"b81e905908354542","eventtype":"gyroscope","timestamp":1456247927947,"userid":"vincent.planat@hpe.com","trainingMode":"NONE","x":2.164634,"y":0.030488,"z":0.0}
{"deviceid":"b81e905908354542","eventtype":"gyroscope","timestamp":1456247909266,"userid":"vincent.planat@hpe.com","trainingMode":"NONE","x":-0.518293,"y":0.426829,"z":-0.396341}
{"deviceid":"b81e905908354542","eventtype":"gyroscope","timestamp":1456247946590,"userid":"vincent.planat@hpe.com","trainingMode":"NONE","x":0.97561,"y":0.0,"z":0.396341}
{"deviceid":"b81e905908354542","eventtype":"gyroscope","timestamp":1456247917500,"userid":"vincent.planat@hpe.com","trainingMode":"NONE","x":5.213415,"y":1.615854,"z":-0.396341}
{"deviceid":"b81e905908354542","eventtype":"gyroscope","timestamp":1456247954623,"userid":"vincent.planat@hpe.com","trainingMode":"NONE","x":21.615854,"y":27.92683,"z":41.341465}
{"deviceid":"b81e905908354542","eventtype":"gyroscope","timestamp":1456247913079,"userid":"vincent.planat@hpe.com","trainingMode":"NONE","x":-115.274391,"y":50.152439,"z":-88.75}
{"deviceid":"b81e905908354542","eventtype":"gyroscope","timestamp":1456247921912,"userid":"vincent.planat@hpe.com","trainingMode":"NONE","x":0.731707,"y":0.823171,"z":-0.365854}
{"deviceid":"b81e905908354542","eventtype":"gyroscope","timestamp":1456247944489,"userid":"vincent.planat@hpe.com","trainingMode":"NONE","x":2.134146,"y":2.652439,"z":-0.030488}
{"deviceid":"b81e905908354542","eventtype":"gyroscope","timestamp":1456247943993,"userid":"vincent.planat@hpe.com","trainingMode":"NONE","x":1.615854,"y":-7.22561,"z":-10.670732}
{"deviceid":"b81e905908354542","eventtype":"gyroscope","timestamp":1456247931464,"userid":"vincent.planat@hpe.com","trainingMode":"NONE","x":-0.97561,"y":1.128049,"z":-1.158537}
{"deviceid":"b81e905908354542","eventtype":"gyroscope","timestamp":1456247952830,"userid":"vincent.planat@hpe.com","trainingMode":"NONE","x":-0.457317,"y":0.030488,"z":0.060976}
{"deviceid":"b81e905908354542","eventtype":"gyroscope","timestamp":1456247940316,"userid":"vincent.planat@hpe.com","trainingMode":"NONE","x":9.29878,"y":-15.914635,"z":-78.018295}
{"deviceid":"b81e905908354542","eventtype":"gyroscope","timestamp":1456247930074,"userid":"vincent.planat@hpe.com","trainingMode":"NONE","x":24.054878,"y":20.396341,"z":14.146341}
{"deviceid":"b81e905908354542","eventtype":"gyroscope","timestamp":1456247942961,"userid":"vincent.planat@hpe.com","trainingMode":"NONE","x":-11.158537,"y":-14.02439,"z":6.432927}
{"deviceid":"b81e905908354542","eventtype":"gyroscope","timestamp":1456247956674,"userid":"vincent.planat@hpe.com","trainingMode":"NONE","x":-31.646341,"y":5.853659,"z":-0.487805}
{"deviceid":"b81e905908354542","eventtype":"gyroscope","timestamp":1456247944358,"userid":"vincent.planat@hpe.com","trainingMode":"NONE","x":0.945122,"y":4.573171,"z":-4.634147}
{"deviceid":"b81e905908354542","eventtype":"gyroscope","timestamp":1456247953201,"userid":"vincent.planat@hpe.com","trainingMode":"NONE","x":4.756098,"y":-17.317074,"z":24.725611}
{"deviceid":"b81e905908354542","eventtype":"gyroscope","timestamp":1456247919626,"userid":"vincent.planat@hpe.com","trainingMode":"NONE","x":-6.341464,"y":7.012195,"z":-2.408537}
{"deviceid":"b81e905908354542","eventtype":"gyroscope","timestamp":1456247908919,"userid":"vincent.planat@hpe.com","trainingMode":"NONE","x":1.067073,"y":0.182927,"z":-0.27439}
{"deviceid":"b81e905908354542","eventtype":"gyroscope","timestamp":1456247913999,"userid":"vincent.planat@hpe.com","trainingMode":"NONE","x":-2.134146,"y":0.914634,"z":-0.70122}
{"deviceid":"b81e905908354542","eventtype":"gyroscope","timestamp":1456247941846,"userid":"vincent.planat@hpe.com","trainingMode":"NONE","x":2.195122,"y":4.664634,"z":-0.914634}
{"deviceid":"b81e905908354542","eventtype":"gyroscope","timestamp":1456247912828,"userid":"vincent.planat@hpe.com","trainingMode":"NONE","x":-130.213425,"y":-35.82317,"z":-67.012199}
{"deviceid":"b81e905908354542","eventtype":"gyroscope","timestamp":1456247934232,"userid":"vincent.planat@hpe.com","trainingMode":"NONE","x":-25.823172,"y":27.012196,"z":-52.957317}
{"deviceid":"b81e905908354542","eventtype":"gyroscope","timestamp":1456247940745,"userid":"vincent.planat@hpe.com","trainingMode":"NONE","x":17.652439,"y":7.103659,"z":0.152439}
{"deviceid":"b81e905908354542","eventtype":"gyroscope","timestamp":1456247954379,"userid":"vincent.planat@hpe.com","trainingMode":"NONE","x":0.396341,"y":12.439025,"z":23.993902}
{"deviceid":"b81e905908354542","eventtype":"gyroscope","timestamp":1456247923334,"userid":"vincent.planat@hpe.com","trainingMode":"NONE","x":0.487805,"y":-2.317073,"z":0.853659}
{"deviceid":"b81e905908354542","eventtype":"gyroscope","timestamp":1456247922443,"userid":"vincent.planat@hpe.com","trainingMode":"NONE","x":0.152439,"y":0.396341,"z":-0.27439}
{"deviceid":"b81e905908354542","eventtype":"gyroscope","timestamp":1456247916350,"userid":"vincent.planat@hpe.com","trainingMode":"NONE","x":-0.640244,"y":-0.335366,"z":0.304878}
{"deviceid":"b81e905908354542","eventtype":"gyroscope","timestamp":1456247951118,"userid":"vincent.planat@hpe.com","trainingMode":"NONE","x":6.737805,"y":2.5,"z":0.640244}
{"deviceid":"b81e905908354542","eventtype":"gyroscope","timestamp":1456247934646,"userid":"vincent.planat@hpe.com","trainingMode":"NONE","x":26.585367,"y":-0.152439,"z":-34.664635}
{"deviceid":"b81e905908354542","eventtype":"gyroscope","timestamp":1456247929845,"userid":"vincent.planat@hpe.com","trainingMode":"NONE","x":199.176834,"y":174.817078,"z":165.609756}
{"deviceid":"b81e905908354542","eventtype":"gyroscope","timestamp":1456247912425,"userid":"vincent.planat@hpe.com","trainingMode":"NONE","x":2.987805,"y":-1.554878,"z":-1.737805}
{"deviceid":"b81e905908354542","eventtype":"gyroscope","timestamp":1456247941007,"userid":"vincent.planat@hpe.com","trainingMode":"NONE","x":-1.707317,"y":0.518293,"z":-1.25}
{"deviceid":"b81e905908354542","eventtype":"gyroscope","timestamp":1456247950605,"userid":"vincent.planat@hpe.com","trainingMode":"NONE","x":-32.743904,"y":-16.12805,"z":-10.182927}
{"deviceid":"b81e905908354542","eventtype":"gyroscope","timestamp":1456247959300,"userid":"vincent.planat@hpe.com","trainingMode":"NONE","x":-4.146341,"y":0.487805,"z":-0.97561}
{"deviceid":"b81e905908354542","eventtype":"gyroscope","timestamp":1456247923997,"userid":"vincent.planat@hpe.com","trainingMode":"NONE","x":0.243902,"y":0.670732,"z":-0.27439}
{"deviceid":"b81e905908354542","eventtype":"gyroscope","timestamp":1456247918557,"userid":"vincent.planat@hpe.com","trainingMode":"NONE","x":-0.426829,"y":-0.030488,"z":-0.182927}
{"deviceid":"b81e905908354542","eventtype":"gyroscope","timestamp":1456247958520,"userid":"vincent.planat@hpe.com","trainingMode":"NONE","x":0.091463,"y":-0.853659,"z":-0.243902}
{"deviceid":"b81e905908354542","eventtype":"gyroscope","timestamp":1456247928791,"userid":"vincent.planat@hpe.com","trainingMode":"NONE","x":9.603659,"y":4.085366,"z":-0.884146}
{"deviceid":"b81e905908354542","eventtype":"gyroscope","timestamp":1456247941684,"userid":"vincent.planat@hpe.com","trainingMode":"NONE","x":-13.140244,"y":-9.176829,"z":-0.243902}
{"deviceid":"b81e905908354542","eventtype":"gyroscope","timestamp":1456247924230,"userid":"vincent.planat@hpe.com","trainingMode":"NONE","x":-0.914634,"y":-1.219512,"z":0.792683}
{"deviceid":"b81e905908354542","eventtype":"gyroscope","timestamp":1456247932815,"userid":"vincent.planat@hpe.com","trainingMode":"NONE","x":-1.341463,"y":8.292683,"z":-0.27439}
{"deviceid":"b81e905908354542","eventtype":"gyroscope","timestamp":1456247911964,"userid":"vincent.planat@hpe.com","trainingMode":"NONE","x":2.896342,"y":-1.402439,"z":4.176829}
{"deviceid":"b81e905908354542","eventtype":"gyroscope","timestamp":1456247917907,"userid":"vincent.planat@hpe.com","trainingMode":"NONE","x":-2.378049,"y":-1.310976,"z":0.182927}
{"deviceid":"b81e905908354542","eventtype":"gyroscope","timestamp":1456247952561,"userid":"vincent.planat@hpe.com","trainingMode":"NONE","x":2.926829,"y":-1.128049,"z":0.670732}
{"deviceid":"b81e905908354542","eventtype":"gyroscope","timestamp":1456247940359,"userid":"vincent.planat@hpe.com","trainingMode":"NONE","x":23.719513,"y":14.390244,"z":-53.628052}
{"deviceid":"b81e905908354542","eventtype":"gyroscope","timestamp":1456247943725,"userid":"vincent.planat@hpe.com","trainingMode":"NONE","x":-55.335365,"y":59.420734,"z":83.292686}
{"deviceid":"b81e905908354542","eventtype":"gyroscope","timestamp":1456247944936,"userid":"vincent.planat@hpe.com","trainingMode":"NONE","x":11.676829,"y":-2.073171,"z":4.542683}
{"deviceid":"b81e905908354542","eventtype":"gyroscope","timestamp":1456247915406,"userid":"vincent.planat@hpe.com","trainingMode":"NONE","x":-0.579268,"y":-1.768293,"z":0.396341}
{"deviceid":"b81e905908354542","eventtype":"gyroscope","timestamp":1456247933580,"userid":"vincent.planat@hpe.com","trainingMode":"NONE","x":-160.060974,"y":10.243902,"z":-9.02439}
{"deviceid":"b81e905908354542","eventtype":"gyroscope","timestamp":1456247930475,"userid":"vincent.planat@hpe.com","trainingMode":"NONE","x":-11.25,"y":-2.682927,"z":-0.487805}
{"deviceid":"b81e905908354542","eventtype":"gyroscope","timestamp":1456247911653,"userid":"vincent.planat@hpe.com","trainingMode":"NONE","x":-2.103659,"y":-4.756098,"z":0.609756}
{"deviceid":"b81e905908354542","eventtype":"gyroscope","timestamp":1456247907983,"userid":"vincent.planat@hpe.com","trainingMode":"NONE","x":1.280488,"y":-0.97561,"z":0.335366}
{"deviceid":"b81e905908354542","eventtype":"gyroscope","timestamp":1456247929068,"userid":"vincent.planat@hpe.com","trainingMode":"NONE","x":2.987805,"y":1.219512,"z":1.981707}
{"deviceid":"b81e905908354542","eventtype":"gyroscope","timestamp":1456247953980,"userid":"vincent.planat@hpe.com","trainingMode":"NONE","x":-7.743903,"y":-4.756098,"z":11.829268}
{"deviceid":"b81e905908354542","eventtype":"gyroscope","timestamp":1456247952201,"userid":"vincent.planat@hpe.com","trainingMode":"NONE","x":9.207317,"y":-1.128049,"z":0.518293}
{"deviceid":"b81e905908354542","eventtype":"gyroscope","timestamp":1456247920236,"userid":"vincent.planat@hpe.com","trainingMode":"NONE","x":3.567073,"y":0.518293,"z":-0.152439}
{"deviceid":"b81e905908354542","eventtype":"gyroscope","timestamp":1456247947894,"userid":"vincent.planat@hpe.com","trainingMode":"NONE","x":6.25,"y":6.615854,"z":0.396341}
{"deviceid":"b81e905908354542","eventtype":"gyroscope","timestamp":1456247911438,"userid":"vincent.planat@hpe.com","trainingMode":"NONE","x":92.286591,"y":-31.219513,"z":12.012196}
{"deviceid":"b81e905908354542","eventtype":"gyroscope","timestamp":1456247922982,"userid":"vincent.planat@hpe.com","trainingMode":"NONE","x":0.884146,"y":0.396341,"z":-0.152439}
{"deviceid":"b81e905908354542","eventtype":"gyroscope","timestamp":1456247956379,"userid":"vincent.planat@hpe.com","trainingMode":"NONE","x":-5.091464,"y":1.402439,"z":-2.621951}
{"deviceid":"b81e905908354542","eventtype":"gyroscope","timestamp":1456247913205,"userid":"vincent.planat@hpe.com","trainingMode":"NONE","x":34.359756,"y":39.725609,"z":-33.841465}
{"deviceid":"b81e905908354542","eventtype":"gyroscope","timestamp":1456247926325,"userid":"vincent.planat@hpe.com","trainingMode":"NONE","x":1.859756,"y":0.548781,"z":-0.182927}
{"deviceid":"b81e905908354542","eventtype":"gyroscope","timestamp":1456247921676,"userid":"vincent.planat@hpe.com","trainingMode":"NONE","x":1.280488,"y":-0.243902,"z":0.091463}
{"deviceid":"b81e905908354542","eventtype":"gyroscope","timestamp":1456247911539,"userid":"vincent.planat@hpe.com","trainingMode":"NONE","x":2.530488,"y":-26.006098,"z":16.859756}
{"deviceid":"b81e905908354542","eventtype":"gyroscope","timestamp":1456247907523,"userid":"vincent.planat@hpe.com","trainingMode":"NONE","x":0.853659,"y":0.97561,"z":-0.426829}
{"deviceid":"b81e905908354542","eventtype":"gyroscope","timestamp":1456247943472,"userid":"vincent.planat@hpe.com","trainingMode":"NONE","x":-65.060974,"y":-21.829269,"z":48.018295}
{"deviceid":"b81e905908354542","eventtype":"gyroscope","timestamp":1456247956545,"userid":"vincent.planat@hpe.com","trainingMode":"NONE","x":-6.097561,"y":1.036585,"z":-0.426829}
{"deviceid":"b81e905908354542","eventtype":"gyroscope","timestamp":1456247931518,"userid":"vincent.planat@hpe.com","trainingMode":"NONE","x":2.591464,"y":-1.310976,"z":-1.585366}
{"deviceid":"b81e905908354542","eventtype":"gyroscope","timestamp":1456247923258,"userid":"vincent.planat@hpe.com","trainingMode":"NONE","x":0.091463,"y":0.030488,"z":-0.091463}
{"deviceid":"b81e905908354542","eventtype":"gyroscope","timestamp":1456247913740,"userid":"vincent.planat@hpe.com","trainingMode":"NONE","x":2.286585,"y":0.060976,"z":-1.036585}
{"deviceid":"b81e905908354542","eventtype":"gyroscope","timestamp":1456247925983,"userid":"vincent.planat@hpe.com","trainingMode":"NONE","x":1.859756,"y":-0.335366,"z":0.213415}
{"deviceid":"b81e905908354542","eventtype":"gyroscope","timestamp":1456247949734,"userid":"vincent.planat@hpe.com","trainingMode":"NONE","x":-2.012195,"y":0.762195,"z":0.823171}
{"deviceid":"b81e905908354542","eventtype":"gyroscope","timestamp":1456247914933,"userid":"vincent.planat@hpe.com","trainingMode":"NONE","x":4.237805,"y":-0.365854,"z":-1.097561}
{"deviceid":"b81e905908354542","eventtype":"gyroscope","timestamp":1456247920637,"userid":"vincent.planat@hpe.com","trainingMode":"NONE","x":-1.219512,"y":1.158537,"z":-0.579268}
{"deviceid":"b81e905908354542","eventtype":"gyroscope","timestamp":1456247914136,"userid":"vincent.planat@hpe.com","trainingMode":"NONE","x":-2.987805,"y":1.52439,"z":-1.52439}
{"deviceid":"b81e905908354542","eventtype":"gyroscope","timestamp":1456247932678,"userid":"vincent.planat@hpe.com","trainingMode":"NONE","x":-89.847565,"y":92.835365,"z":101.189026}
{"deviceid":"b81e905908354542","eventtype":"gyroscope","timestamp":1456247955161,"userid":"vincent.planat@hpe.com","trainingMode":"NONE","x":107.408539,"y":63.475613,"z":-26.463415}
{"deviceid":"b81e905908354542","eventtype":"gyroscope","timestamp":1456247954952,"userid":"vincent.planat@hpe.com","trainingMode":"NONE","x":215.518295,"y":136.067078,"z":80.701218}
{"deviceid":"b81e905908354542","eventtype":"gyroscope","timestamp":1456247926183,"userid":"vincent.planat@hpe.com","trainingMode":"NONE","x":1.25,"y":0.609756,"z":-0.091463}
{"deviceid":"b81e905908354542","eventtype":"gyroscope","timestamp":1456247938675,"userid":"vincent.planat@hpe.com","trainingMode":"NONE","x":4.054878,"y":-3.414634,"z":-25.060976}
{"deviceid":"b81e905908354542","eventtype":"gyroscope","timestamp":1456247937741,"userid":"vincent.planat@hpe.com","trainingMode":"NONE","x":3.292683,"y":0.304878,"z":-0.060976}
{"deviceid":"b81e905908354542","eventtype":"gyroscope","timestamp":1456247942583,"userid":"vincent.planat@hpe.com","trainingMode":"NONE","x":-4.237805,"y":-1.615854,"z":3.810976}
{"deviceid":"b81e905908354542","eventtype":"gyroscope","timestamp":1456247959955,"userid":"vincent.planat@hpe.com","trainingMode":"NONE","x":-3.231707,"y":0.426829,"z":-0.548781}
{"deviceid":"b81e905908354542","eventtype":"gyroscope","timestamp":1456247914248,"userid":"vincent.planat@hpe.com","trainingMode":"NONE","x":-4.512195,"y":0.762195,"z":1.067073}
{"deviceid":"b81e905908354542","eventtype":"gyroscope","timestamp":1456247908818,"userid":"vincent.planat@hpe.com","trainingMode":"NONE","x":-1.646342,"y":0.243902,"z":-0.457317}
{"deviceid":"b81e905908354542","eventtype":"gyroscope","timestamp":1456247943586,"userid":"vincent.planat@hpe.com","trainingMode":"NONE","x":-35.304878,"y":61.951221,"z":132.042679}
{"deviceid":"b81e905908354542","eventtype":"gyroscope","timestamp":1456247959574,"userid":"vincent.planat@hpe.com","trainingMode":"NONE","x":-1.829268,"y":0.70122,"z":-0.518293}
{"deviceid":"b81e905908354542","eventtype":"gyroscope","timestamp":1456247943269,"userid":"vincent.planat@hpe.com","trainingMode":"NONE","x":-2.256098,"y":0.609756,"z":-0.121951}
{"deviceid":"b81e905908354542","eventtype":"gyroscope","timestamp":1456247941126,"userid":"vincent.planat@hpe.com","trainingMode":"NONE","x":1.737805,"y":-0.97561,"z":-2.743902}
{"deviceid":"b81e905908354542","eventtype":"gyroscope","timestamp":1456247914510,"userid":"vincent.planat@hpe.com","trainingMode":"NONE","x":1.615854,"y":0.27439,"z":-0.030488}
{"deviceid":"b81e905908354542","eventtype":"gyroscope","timestamp":1456247948278,"userid":"vincent.planat@hpe.com","trainingMode":"NONE","x":-0.243902,"y":-3.902439,"z":0.121951}
{"deviceid":"b81e905908354542","eventtype":"gyroscope","timestamp":1456247941518,"userid":"vincent.planat@hpe.com","trainingMode":"NONE","x":-20.579269,"y":-16.310976,"z":-13.810976}
{"deviceid":"b81e905908354542","eventtype":"gyroscope","timestamp":1456247939857,"userid":"vincent.planat@hpe.com","trainingMode":"NONE","x":-7.591464,"y":1.646342,"z":-2.256098}
{"deviceid":"b81e905908354542","eventtype":"gyroscope","timestamp":1456247924882,"userid":"vincent.planat@hpe.com","trainingMode":"NONE","x":-6.432927,"y":1.646342,"z":1.707317}
{"deviceid":"b81e905908354542","eventtype":"gyroscope","timestamp":1456247919363,"userid":"vincent.planat@hpe.com","trainingMode":"NONE","x":-1.341463,"y":1.097561,"z":-0.853659}
{"deviceid":"b81e905908354542","eventtype":"gyroscope","timestamp":1456247959056,"userid":"vincent.planat@hpe.com","trainingMode":"NONE","x":-0.945122,"y":0.97561,"z":-0.121951}
{"deviceid":"b81e905908354542","eventtype":"gyroscope","timestamp":1456247928674,"userid":"vincent.planat@hpe.com","trainingMode":"NONE","x":-5.152439,"y":-12.256098,"z":5.487805}
{"deviceid":"b81e905908354542","eventtype":"gyroscope","timestamp":1456247907598,"userid":"vincent.planat@hpe.com","trainingMode":"NONE","x":-1.036585,"y":0.182927,"z":-0.182927}
{"deviceid":"b81e905908354542","eventtype":"gyroscope","timestamp":1456247923607,"userid":"vincent.planat@hpe.com","trainingMode":"NONE","x":0.060976,"y":-0.426829,"z":-0.182927}
{"deviceid":"b81e905908354542","eventtype":"gyroscope","timestamp":1456247917114,"userid":"vincent.planat@hpe.com","trainingMode":"NONE","x":-0.579268,"y":0.213415,"z":0.0}
{"deviceid":"b81e905908354542","eventtype":"gyroscope","timestamp":1456247925037,"userid":"vincent.planat@hpe.com","trainingMode":"NONE","x":7.164634,"y":1.097561,"z":-0.914634}
{"deviceid":"b81e905908354542","eventtype":"gyroscope","timestamp":1456247932041,"userid":"vincent.planat@hpe.com","trainingMode":"NONE","x":-2.164634,"y":2.987805,"z":-0.030488}
{"deviceid":"b81e905908354542","eventtype":"gyroscope","timestamp":1456247912191,"userid":"vincent.planat@hpe.com","trainingMode":"NONE","x":0.945122,"y":-0.091463,"z":-0.335366}
{"deviceid":"b81e905908354542","eventtype":"gyroscope","timestamp":1456247935016,"userid":"vincent.planat@hpe.com","trainingMode":"NONE","x":-17.347561,"y":14.390244,"z":83.048782}
{"deviceid":"b81e905908354542","eventtype":"gyroscope","timestamp":1456247940256,"userid":"vincent.planat@hpe.com","trainingMode":"NONE","x":-4.72561,"y":-39.359756,"z":-77.317078}
