{"deviceid":"b81e905908354542","eventtype":"barometer","timestamp":1456248387936,"userid":"vincent.planat@hpe.com","trainingMode":"WALKING","airPressure":990.275635,"temperature":33.779167}
{"deviceid":"b81e905908354542","eventtype":"barometer","timestamp":1456248395551,"userid":"vincent.planat@hpe.com","trainingMode":"WALKING","airPressure":990.233398,"temperature":33.760417}
{"deviceid":"b81e905908354542","eventtype":"barometer","timestamp":1456248419603,"userid":"vincent.planat@hpe.com","trainingMode":"WALKING","airPressure":990.260742,"temperature":33.59375}
{"deviceid":"b81e905908354542","eventtype":"barometer","timestamp":1456248414200,"userid":"vincent.planat@hpe.com","trainingMode":"WALKING","airPressure":990.21167,"temperature":33.63125}
{"deviceid":"b81e905908354542","eventtype":"barometer","timestamp":1456248400963,"userid":"vincent.planat@hpe.com","trainingMode":"WALKING","airPressure":990.216309,"temperature":33.733333}
{"deviceid":"b81e905908354542","eventtype":"barometer","timestamp":1456248417909,"userid":"vincent.planat@hpe.com","trainingMode":"WALKING","airPressure":990.237793,"temperature":33.6}
{"deviceid":"b81e905908354542","eventtype":"barometer","timestamp":1456248404990,"userid":"vincent.planat@hpe.com","trainingMode":"WALKING","airPressure":990.223389,"temperature":33.697917}
{"deviceid":"b81e905908354542","eventtype":"barometer","timestamp":1456248384277,"userid":"vincent.planat@hpe.com","trainingMode":"WALKING","airPressure":990.346924,"temperature":33.770833}
{"deviceid":"b81e905908354542","eventtype":"barometer","timestamp":1456248413336,"userid":"vincent.planat@hpe.com","trainingMode":"WALKING","airPressure":990.279053,"temperature":33.633333}
{"deviceid":"b81e905908354542","eventtype":"barometer","timestamp":1456248392893,"userid":"vincent.planat@hpe.com","trainingMode":"WALKING","airPressure":990.223633,"temperature":33.7625}
{"deviceid":"b81e905908354542","eventtype":"barometer","timestamp":1456248402994,"userid":"vincent.planat@hpe.com","trainingMode":"WALKING","airPressure":990.204102,"temperature":33.7125}
{"deviceid":"b81e905908354542","eventtype":"barometer","timestamp":1456248399011,"userid":"vincent.planat@hpe.com","trainingMode":"WALKING","airPressure":990.217529,"temperature":33.747917}
{"deviceid":"b81e905908354542","eventtype":"barometer","timestamp":1456248381032,"userid":"vincent.planat@hpe.com","trainingMode":"WALKING","airPressure":990.35791,"temperature":33.777083}
{"deviceid":"b81e905908354542","eventtype":"barometer","timestamp":1456248381888,"userid":"vincent.planat@hpe.com","trainingMode":"WALKING","airPressure":990.343018,"temperature":33.777083}
{"deviceid":"b81e905908354542","eventtype":"barometer","timestamp":1456248382688,"userid":"vincent.planat@hpe.com","trainingMode":"WALKING","airPressure":990.352051,"temperature":33.777083}
{"deviceid":"b81e905908354542","eventtype":"barometer","timestamp":1456248399937,"userid":"vincent.planat@hpe.com","trainingMode":"WALKING","airPressure":990.19751,"temperature":33.741667}
{"deviceid":"b81e905908354542","eventtype":"barometer","timestamp":1456248419617,"userid":"vincent.planat@hpe.com","trainingMode":"WALKING","airPressure":990.260742,"temperature":33.59375}
{"deviceid":"b81e905908354542","eventtype":"barometer","timestamp":1456248396393,"userid":"vincent.planat@hpe.com","trainingMode":"WALKING","airPressure":990.189453,"temperature":33.758333}
{"deviceid":"b81e905908354542","eventtype":"barometer","timestamp":1456248426162,"userid":"vincent.planat@hpe.com","trainingMode":"WALKING","airPressure":990.250488,"temperature":33.5}
{"deviceid":"b81e905908354542","eventtype":"barometer","timestamp":1456248406956,"userid":"vincent.planat@hpe.com","trainingMode":"WALKING","airPressure":990.200439,"temperature":33.683333}
{"deviceid":"b81e905908354542","eventtype":"barometer","timestamp":1456248405953,"userid":"vincent.planat@hpe.com","trainingMode":"WALKING","airPressure":990.20752,"temperature":33.6875}
{"deviceid":"b81e905908354542","eventtype":"barometer","timestamp":1456248421361,"userid":"vincent.planat@hpe.com","trainingMode":"WALKING","airPressure":990.22168,"temperature":33.575}
{"deviceid":"b81e905908354542","eventtype":"barometer","timestamp":1456248386216,"userid":"vincent.planat@hpe.com","trainingMode":"WALKING","airPressure":990.272705,"temperature":33.779167}
{"deviceid":"b81e905908354542","eventtype":"barometer","timestamp":1456248385383,"userid":"vincent.planat@hpe.com","trainingMode":"WALKING","airPressure":990.309326,"temperature":33.775}
{"deviceid":"b81e905908354542","eventtype":"barometer","timestamp":1456248398992,"userid":"vincent.planat@hpe.com","trainingMode":"WALKING","airPressure":990.217529,"temperature":33.747917}
{"deviceid":"b81e905908354542","eventtype":"barometer","timestamp":1456248389931,"userid":"vincent.planat@hpe.com","trainingMode":"WALKING","airPressure":990.203369,"temperature":33.770833}
{"deviceid":"b81e905908354542","eventtype":"barometer","timestamp":1456248427931,"userid":"vincent.planat@hpe.com","trainingMode":"WALKING","airPressure":990.239746,"temperature":33.489583}
{"deviceid":"b81e905908354542","eventtype":"barometer","timestamp":1456248402100,"userid":"vincent.planat@hpe.com","trainingMode":"WALKING","airPressure":990.190918,"temperature":33.727083}
{"deviceid":"b81e905908354542","eventtype":"barometer","timestamp":1456248415940,"userid":"vincent.planat@hpe.com","trainingMode":"WALKING","airPressure":990.242676,"temperature":33.610417}
{"deviceid":"b81e905908354542","eventtype":"barometer","timestamp":1456248407932,"userid":"vincent.planat@hpe.com","trainingMode":"WALKING","airPressure":990.230713,"temperature":33.672917}
{"deviceid":"b81e905908354542","eventtype":"barometer","timestamp":1456248380246,"userid":"vincent.planat@hpe.com","trainingMode":"WALKING","airPressure":990.353516,"temperature":33.777083}
{"deviceid":"b81e905908354542","eventtype":"barometer","timestamp":1456248415022,"userid":"vincent.planat@hpe.com","trainingMode":"WALKING","airPressure":990.256104,"temperature":33.61875}
{"deviceid":"b81e905908354542","eventtype":"barometer","timestamp":1456248395537,"userid":"vincent.planat@hpe.com","trainingMode":"WALKING","airPressure":990.233398,"temperature":33.760417}
{"deviceid":"b81e905908354542","eventtype":"barometer","timestamp":1456248417922,"userid":"vincent.planat@hpe.com","trainingMode":"WALKING","airPressure":990.237793,"temperature":33.6}
{"deviceid":"b81e905908354542","eventtype":"barometer","timestamp":1456248402979,"userid":"vincent.planat@hpe.com","trainingMode":"WALKING","airPressure":990.204102,"temperature":33.7125}
{"deviceid":"b81e905908354542","eventtype":"barometer","timestamp":1456248421406,"userid":"vincent.planat@hpe.com","trainingMode":"WALKING","airPressure":990.22168,"temperature":33.575}
{"deviceid":"b81e905908354542","eventtype":"barometer","timestamp":1456248415952,"userid":"vincent.planat@hpe.com","trainingMode":"WALKING","airPressure":990.242676,"temperature":33.610417}
{"deviceid":"b81e905908354542","eventtype":"barometer","timestamp":1456248391975,"userid":"vincent.planat@hpe.com","trainingMode":"WALKING","airPressure":990.146973,"temperature":33.764583}
{"deviceid":"b81e905908354542","eventtype":"barometer","timestamp":1456248407927,"userid":"vincent.planat@hpe.com","trainingMode":"WALKING","airPressure":990.230713,"temperature":33.672917}
{"deviceid":"b81e905908354542","eventtype":"barometer","timestamp":1456248400985,"userid":"vincent.planat@hpe.com","trainingMode":"WALKING","airPressure":990.216309,"temperature":33.733333}
{"deviceid":"b81e905908354542","eventtype":"barometer","timestamp":1456248425283,"userid":"vincent.planat@hpe.com","trainingMode":"WALKING","airPressure":990.224365,"temperature":33.520833}
{"deviceid":"b81e905908354542","eventtype":"barometer","timestamp":1456248386973,"userid":"vincent.planat@hpe.com","trainingMode":"WALKING","airPressure":990.264893,"temperature":33.78125}
{"deviceid":"b81e905908354542","eventtype":"barometer","timestamp":1456248391961,"userid":"vincent.planat@hpe.com","trainingMode":"WALKING","airPressure":990.146973,"temperature":33.764583}
{"deviceid":"b81e905908354542","eventtype":"barometer","timestamp":1456248398035,"userid":"vincent.planat@hpe.com","trainingMode":"WALKING","airPressure":990.194824,"temperature":33.752083}
{"deviceid":"b81e905908354542","eventtype":"barometer","timestamp":1456248422998,"userid":"vincent.planat@hpe.com","trainingMode":"WALKING","airPressure":990.270752,"temperature":33.554167}
{"deviceid":"b81e905908354542","eventtype":"barometer","timestamp":1456248415034,"userid":"vincent.planat@hpe.com","trainingMode":"WALKING","airPressure":990.256104,"temperature":33.61875}
{"deviceid":"b81e905908354542","eventtype":"barometer","timestamp":1456248398014,"userid":"vincent.planat@hpe.com","trainingMode":"WALKING","airPressure":990.194824,"temperature":33.752083}
{"deviceid":"b81e905908354542","eventtype":"barometer","timestamp":1456248420363,"userid":"vincent.planat@hpe.com","trainingMode":"WALKING","airPressure":990.285645,"temperature":33.58125}
{"deviceid":"b81e905908354542","eventtype":"barometer","timestamp":1456248393952,"userid":"vincent.planat@hpe.com","trainingMode":"WALKING","airPressure":990.164551,"temperature":33.760417}
{"deviceid":"b81e905908354542","eventtype":"barometer","timestamp":1456248413351,"userid":"vincent.planat@hpe.com","trainingMode":"WALKING","airPressure":990.279053,"temperature":33.633333}
{"deviceid":"b81e905908354542","eventtype":"barometer","timestamp":1456248426144,"userid":"vincent.planat@hpe.com","trainingMode":"WALKING","airPressure":990.250488,"temperature":33.5}
{"deviceid":"b81e905908354542","eventtype":"barometer","timestamp":1456248388977,"userid":"vincent.planat@hpe.com","trainingMode":"WALKING","airPressure":990.232422,"temperature":33.770833}
{"deviceid":"b81e905908354542","eventtype":"barometer","timestamp":1456248422186,"userid":"vincent.planat@hpe.com","trainingMode":"WALKING","airPressure":990.249023,"temperature":33.5625}
{"deviceid":"b81e905908354542","eventtype":"barometer","timestamp":1456248386232,"userid":"vincent.planat@hpe.com","trainingMode":"WALKING","airPressure":990.272705,"temperature":33.779167}
{"deviceid":"b81e905908354542","eventtype":"barometer","timestamp":1456248403983,"userid":"vincent.planat@hpe.com","trainingMode":"WALKING","airPressure":990.223877,"temperature":33.708333}
{"deviceid":"b81e905908354542","eventtype":"barometer","timestamp":1456248414214,"userid":"vincent.planat@hpe.com","trainingMode":"WALKING","airPressure":990.21167,"temperature":33.63125}
{"deviceid":"b81e905908354542","eventtype":"barometer","timestamp":1456248423886,"userid":"vincent.planat@hpe.com","trainingMode":"WALKING","airPressure":990.242188,"temperature":33.53125}
{"deviceid":"b81e905908354542","eventtype":"barometer","timestamp":1456248403970,"userid":"vincent.planat@hpe.com","trainingMode":"WALKING","airPressure":990.223877,"temperature":33.708333}
{"deviceid":"b81e905908354542","eventtype":"barometer","timestamp":1456248383403,"userid":"vincent.planat@hpe.com","trainingMode":"WALKING","airPressure":990.345215,"temperature":33.779167}
{"deviceid":"b81e905908354542","eventtype":"barometer","timestamp":1456248416949,"userid":"vincent.planat@hpe.com","trainingMode":"WALKING","airPressure":990.205566,"temperature":33.60625}
{"deviceid":"b81e905908354542","eventtype":"barometer","timestamp":1456248409898,"userid":"vincent.planat@hpe.com","trainingMode":"WALKING","airPressure":990.195312,"temperature":33.654167}
{"deviceid":"b81e905908354542","eventtype":"barometer","timestamp":1456248389916,"userid":"vincent.planat@hpe.com","trainingMode":"WALKING","airPressure":990.203369,"temperature":33.770833}
{"deviceid":"b81e905908354542","eventtype":"barometer","timestamp":1456248404976,"userid":"vincent.planat@hpe.com","trainingMode":"WALKING","airPressure":990.223389,"temperature":33.697917}
{"deviceid":"b81e905908354542","eventtype":"barometer","timestamp":1456248426926,"userid":"vincent.planat@hpe.com","trainingMode":"WALKING","airPressure":990.239746,"temperature":33.489583}
{"deviceid":"b81e905908354542","eventtype":"barometer","timestamp":1456248405939,"userid":"vincent.planat@hpe.com","trainingMode":"WALKING","airPressure":990.20752,"temperature":33.6875}
{"deviceid":"b81e905908354542","eventtype":"barometer","timestamp":1456248396380,"userid":"vincent.planat@hpe.com","trainingMode":"WALKING","airPressure":990.189453,"temperature":33.758333}
{"deviceid":"b81e905908354542","eventtype":"barometer","timestamp":1456248408939,"userid":"vincent.planat@hpe.com","trainingMode":"WALKING","airPressure":990.209717,"temperature":33.6625}
{"deviceid":"b81e905908354542","eventtype":"barometer","timestamp":1456248425268,"userid":"vincent.planat@hpe.com","trainingMode":"WALKING","airPressure":990.224365,"temperature":33.520833}
{"deviceid":"b81e905908354542","eventtype":"barometer","timestamp":1456248422228,"userid":"vincent.planat@hpe.com","trainingMode":"WALKING","airPressure":990.249023,"temperature":33.5625}
{"deviceid":"b81e905908354542","eventtype":"barometer","timestamp":1456248408951,"userid":"vincent.planat@hpe.com","trainingMode":"WALKING","airPressure":990.209717,"temperature":33.6625}
{"deviceid":"b81e905908354542","eventtype":"barometer","timestamp":1456248426956,"userid":"vincent.planat@hpe.com","trainingMode":"WALKING","airPressure":990.239746,"temperature":33.489583}
{"deviceid":"b81e905908354542","eventtype":"barometer","timestamp":1456248410952,"userid":"vincent.planat@hpe.com","trainingMode":"WALKING","airPressure":990.164062,"temperature":33.652083}
{"deviceid":"b81e905908354542","eventtype":"barometer","timestamp":1456248390913,"userid":"vincent.planat@hpe.com","trainingMode":"WALKING","airPressure":990.200684,"temperature":33.76875}
{"deviceid":"b81e905908354542","eventtype":"barometer","timestamp":1456248384301,"userid":"vincent.planat@hpe.com","trainingMode":"WALKING","airPressure":990.346924,"temperature":33.770833}
{"deviceid":"b81e905908354542","eventtype":"barometer","timestamp":1456248388995,"userid":"vincent.planat@hpe.com","trainingMode":"WALKING","airPressure":990.232422,"temperature":33.770833}
{"deviceid":"b81e905908354542","eventtype":"barometer","timestamp":1456248412614,"userid":"vincent.planat@hpe.com","trainingMode":"WALKING","airPressure":990.252686,"temperature":33.639583}
{"deviceid":"b81e905908354542","eventtype":"barometer","timestamp":1456248393968,"userid":"vincent.planat@hpe.com","trainingMode":"WALKING","airPressure":990.164551,"temperature":33.760417}
{"deviceid":"b81e905908354542","eventtype":"barometer","timestamp":1456248381016,"userid":"vincent.planat@hpe.com","trainingMode":"WALKING","airPressure":990.35791,"temperature":33.777083}
{"deviceid":"b81e905908354542","eventtype":"barometer","timestamp":1456248397180,"userid":"vincent.planat@hpe.com","trainingMode":"WALKING","airPressure":990.189453,"temperature":33.758333}
{"deviceid":"b81e905908354542","eventtype":"barometer","timestamp":1456248382703,"userid":"vincent.planat@hpe.com","trainingMode":"WALKING","airPressure":990.352051,"temperature":33.777083}
{"deviceid":"b81e905908354542","eventtype":"barometer","timestamp":1456248402117,"userid":"vincent.planat@hpe.com","trainingMode":"WALKING","airPressure":990.190918,"temperature":33.727083}
{"deviceid":"b81e905908354542","eventtype":"barometer","timestamp":1456248423907,"userid":"vincent.planat@hpe.com","trainingMode":"WALKING","airPressure":990.242188,"temperature":33.53125}
{"deviceid":"b81e905908354542","eventtype":"barometer","timestamp":1456248410932,"userid":"vincent.planat@hpe.com","trainingMode":"WALKING","airPressure":990.164062,"temperature":33.652083}
{"deviceid":"b81e905908354542","eventtype":"barometer","timestamp":1456248381910,"userid":"vincent.planat@hpe.com","trainingMode":"WALKING","airPressure":990.343018,"temperature":33.777083}
{"deviceid":"b81e905908354542","eventtype":"barometer","timestamp":1456248399924,"userid":"vincent.planat@hpe.com","trainingMode":"WALKING","airPressure":990.19751,"temperature":33.741667}
{"deviceid":"b81e905908354542","eventtype":"barometer","timestamp":1456248409915,"userid":"vincent.planat@hpe.com","trainingMode":"WALKING","airPressure":990.195312,"temperature":33.654167}
{"deviceid":"b81e905908354542","eventtype":"barometer","timestamp":1456248390970,"userid":"vincent.planat@hpe.com","trainingMode":"WALKING","airPressure":990.200684,"temperature":33.76875}
{"deviceid":"b81e905908354542","eventtype":"barometer","timestamp":1456248422958,"userid":"vincent.planat@hpe.com","trainingMode":"WALKING","airPressure":990.270752,"temperature":33.554167}
{"deviceid":"b81e905908354542","eventtype":"barometer","timestamp":1456248420410,"userid":"vincent.planat@hpe.com","trainingMode":"WALKING","airPressure":990.285645,"temperature":33.58125}
{"deviceid":"b81e905908354542","eventtype":"barometer","timestamp":1456248383418,"userid":"vincent.planat@hpe.com","trainingMode":"WALKING","airPressure":990.345215,"temperature":33.779167}
{"deviceid":"b81e905908354542","eventtype":"barometer","timestamp":1456248397158,"userid":"vincent.planat@hpe.com","trainingMode":"WALKING","airPressure":990.189453,"temperature":33.758333}
{"deviceid":"b81e905908354542","eventtype":"barometer","timestamp":1456248412600,"userid":"vincent.planat@hpe.com","trainingMode":"WALKING","airPressure":990.252686,"temperature":33.639583}
{"deviceid":"b81e905908354542","eventtype":"barometer","timestamp":1456248392911,"userid":"vincent.planat@hpe.com","trainingMode":"WALKING","airPressure":990.223633,"temperature":33.7625}
{"deviceid":"b81e905908354542","eventtype":"barometer","timestamp":1456248427916,"userid":"vincent.planat@hpe.com","trainingMode":"WALKING","airPressure":990.239746,"temperature":33.489583}
{"deviceid":"b81e905908354542","eventtype":"barometer","timestamp":1456248416933,"userid":"vincent.planat@hpe.com","trainingMode":"WALKING","airPressure":990.205566,"temperature":33.60625}
{"deviceid":"b81e905908354542","eventtype":"barometer","timestamp":1456248380233,"userid":"vincent.planat@hpe.com","trainingMode":"WALKING","airPressure":990.353516,"temperature":33.777083}
{"deviceid":"b81e905908354542","eventtype":"barometer","timestamp":1456248387953,"userid":"vincent.planat@hpe.com","trainingMode":"WALKING","airPressure":990.275635,"temperature":33.779167}
{"deviceid":"b81e905908354542","eventtype":"barometer","timestamp":1456248386958,"userid":"vincent.planat@hpe.com","trainingMode":"WALKING","airPressure":990.264893,"temperature":33.78125}
{"deviceid":"b81e905908354542","eventtype":"barometer","timestamp":1456248385402,"userid":"vincent.planat@hpe.com","trainingMode":"WALKING","airPressure":990.309326,"temperature":33.775}
{"deviceid":"b81e905908354542","eventtype":"barometer","timestamp":1456248406935,"userid":"vincent.planat@hpe.com","trainingMode":"WALKING","airPressure":990.200439,"temperature":33.683333}
