{"deviceid":"b81e905908354542","eventtype":"ambientLight","timestamp":1456248339814,"userid":"vincent.planat@hpe.com","trainingMode":"WALKING_UP","brightness":77}
{"deviceid":"b81e905908354542","eventtype":"ambientLight","timestamp":1456248366890,"userid":"vincent.planat@hpe.com","trainingMode":"WALKING_UP","brightness":16}
{"deviceid":"b81e905908354542","eventtype":"ambientLight","timestamp":1456248362301,"userid":"vincent.planat@hpe.com","trainingMode":"WALKING_UP","brightness":82}
{"deviceid":"b81e905908354542","eventtype":"ambientLight","timestamp":1456248367620,"userid":"vincent.planat@hpe.com","trainingMode":"WALKING_UP","brightness":12}
{"deviceid":"b81e905908354542","eventtype":"ambientLight","timestamp":1456248355404,"userid":"vincent.planat@hpe.com","trainingMode":"WALKING_UP","brightness":50}
{"deviceid":"b81e905908354542","eventtype":"ambientLight","timestamp":1456248338803,"userid":"vincent.planat@hpe.com","trainingMode":"WALKING_UP","brightness":51}
{"deviceid":"b81e905908354542","eventtype":"ambientLight","timestamp":1456248344614,"userid":"vincent.planat@hpe.com","trainingMode":"WALKING_UP","brightness":46}
{"deviceid":"b81e905908354542","eventtype":"ambientLight","timestamp":1456248345436,"userid":"vincent.planat@hpe.com","trainingMode":"WALKING_UP","brightness":49}
{"deviceid":"b81e905908354542","eventtype":"ambientLight","timestamp":1456248367983,"userid":"vincent.planat@hpe.com","trainingMode":"WALKING_UP","brightness":22}
{"deviceid":"b81e905908354542","eventtype":"ambientLight","timestamp":1456248349886,"userid":"vincent.planat@hpe.com","trainingMode":"WALKING_UP","brightness":64}
{"deviceid":"b81e905908354542","eventtype":"ambientLight","timestamp":1456248359840,"userid":"vincent.planat@hpe.com","trainingMode":"WALKING_UP","brightness":124}
{"deviceid":"b81e905908354542","eventtype":"ambientLight","timestamp":1456248363410,"userid":"vincent.planat@hpe.com","trainingMode":"WALKING_UP","brightness":71}
{"deviceid":"b81e905908354542","eventtype":"ambientLight","timestamp":1456248344133,"userid":"vincent.planat@hpe.com","trainingMode":"WALKING_UP","brightness":43}
{"deviceid":"b81e905908354542","eventtype":"ambientLight","timestamp":1456248349868,"userid":"vincent.planat@hpe.com","trainingMode":"WALKING_UP","brightness":64}
{"deviceid":"b81e905908354542","eventtype":"ambientLight","timestamp":1456248356789,"userid":"vincent.planat@hpe.com","trainingMode":"WALKING_UP","brightness":46}
{"deviceid":"b81e905908354542","eventtype":"ambientLight","timestamp":1456248354267,"userid":"vincent.planat@hpe.com","trainingMode":"WALKING_UP","brightness":43}
{"deviceid":"b81e905908354542","eventtype":"ambientLight","timestamp":1456248366096,"userid":"vincent.planat@hpe.com","trainingMode":"WALKING_UP","brightness":25}
{"deviceid":"b81e905908354542","eventtype":"ambientLight","timestamp":1456248367636,"userid":"vincent.planat@hpe.com","trainingMode":"WALKING_UP","brightness":12}
{"deviceid":"b81e905908354542","eventtype":"ambientLight","timestamp":1456248345796,"userid":"vincent.planat@hpe.com","trainingMode":"WALKING_UP","brightness":46}
{"deviceid":"b81e905908354542","eventtype":"ambientLight","timestamp":1456248352356,"userid":"vincent.planat@hpe.com","trainingMode":"WALKING_UP","brightness":46}
{"deviceid":"b81e905908354542","eventtype":"ambientLight","timestamp":1456248346781,"userid":"vincent.planat@hpe.com","trainingMode":"WALKING_UP","brightness":56}
{"deviceid":"b81e905908354542","eventtype":"ambientLight","timestamp":1456248353316,"userid":"vincent.planat@hpe.com","trainingMode":"WALKING_UP","brightness":70}
{"deviceid":"b81e905908354542","eventtype":"ambientLight","timestamp":1456248351870,"userid":"vincent.planat@hpe.com","trainingMode":"WALKING_UP","brightness":51}
{"deviceid":"b81e905908354542","eventtype":"ambientLight","timestamp":1456248337903,"userid":"vincent.planat@hpe.com","trainingMode":"WALKING_UP","brightness":46}
{"deviceid":"b81e905908354542","eventtype":"ambientLight","timestamp":1456248347289,"userid":"vincent.planat@hpe.com","trainingMode":"WALKING_UP","brightness":45}
{"deviceid":"b81e905908354542","eventtype":"ambientLight","timestamp":1456248342115,"userid":"vincent.planat@hpe.com","trainingMode":"WALKING_UP","brightness":53}
{"deviceid":"b81e905908354542","eventtype":"ambientLight","timestamp":1456248356343,"userid":"vincent.planat@hpe.com","trainingMode":"WALKING_UP","brightness":54}
{"deviceid":"b81e905908354542","eventtype":"ambientLight","timestamp":1456248347766,"userid":"vincent.planat@hpe.com","trainingMode":"WALKING_UP","brightness":42}
{"deviceid":"b81e905908354542","eventtype":"ambientLight","timestamp":1456248342969,"userid":"vincent.planat@hpe.com","trainingMode":"WALKING_UP","brightness":35}
{"deviceid":"b81e905908354542","eventtype":"ambientLight","timestamp":1456248365567,"userid":"vincent.planat@hpe.com","trainingMode":"WALKING_UP","brightness":52}
{"deviceid":"b81e905908354542","eventtype":"ambientLight","timestamp":1456248337043,"userid":"vincent.planat@hpe.com","trainingMode":"WALKING_UP","brightness":56}
{"deviceid":"b81e905908354542","eventtype":"ambientLight","timestamp":1456248360789,"userid":"vincent.planat@hpe.com","trainingMode":"WALKING_UP","brightness":47}
{"deviceid":"b81e905908354542","eventtype":"ambientLight","timestamp":1456248368479,"userid":"vincent.planat@hpe.com","trainingMode":"WALKING_UP","brightness":13}
{"deviceid":"b81e905908354542","eventtype":"ambientLight","timestamp":1456248362316,"userid":"vincent.planat@hpe.com","trainingMode":"WALKING_UP","brightness":82}
{"deviceid":"b81e905908354542","eventtype":"ambientLight","timestamp":1456248361809,"userid":"vincent.planat@hpe.com","trainingMode":"WALKING_UP","brightness":50}
{"deviceid":"b81e905908354542","eventtype":"ambientLight","timestamp":1456248359822,"userid":"vincent.planat@hpe.com","trainingMode":"WALKING_UP","brightness":124}
{"deviceid":"b81e905908354542","eventtype":"ambientLight","timestamp":1456248343779,"userid":"vincent.planat@hpe.com","trainingMode":"WALKING_UP","brightness":40}
{"deviceid":"b81e905908354542","eventtype":"ambientLight","timestamp":1456248364307,"userid":"vincent.planat@hpe.com","trainingMode":"WALKING_UP","brightness":44}
{"deviceid":"b81e905908354542","eventtype":"ambientLight","timestamp":1456248368462,"userid":"vincent.planat@hpe.com","trainingMode":"WALKING_UP","brightness":13}
{"deviceid":"b81e905908354542","eventtype":"ambientLight","timestamp":1456248367140,"userid":"vincent.planat@hpe.com","trainingMode":"WALKING_UP","brightness":16}
{"deviceid":"b81e905908354542","eventtype":"ambientLight","timestamp":1456248356326,"userid":"vincent.planat@hpe.com","trainingMode":"WALKING_UP","brightness":54}
{"deviceid":"b81e905908354542","eventtype":"ambientLight","timestamp":1456248367124,"userid":"vincent.planat@hpe.com","trainingMode":"WALKING_UP","brightness":16}
{"deviceid":"b81e905908354542","eventtype":"ambientLight","timestamp":1456248350287,"userid":"vincent.planat@hpe.com","trainingMode":"WALKING_UP","brightness":49}
{"deviceid":"b81e905908354542","eventtype":"ambientLight","timestamp":1456248343366,"userid":"vincent.planat@hpe.com","trainingMode":"WALKING_UP","brightness":58}
{"deviceid":"b81e905908354542","eventtype":"ambientLight","timestamp":1456248339781,"userid":"vincent.planat@hpe.com","trainingMode":"WALKING_UP","brightness":77}
{"deviceid":"b81e905908354542","eventtype":"ambientLight","timestamp":1456248357843,"userid":"vincent.planat@hpe.com","trainingMode":"WALKING_UP","brightness":40}
{"deviceid":"b81e905908354542","eventtype":"ambientLight","timestamp":1456248347770,"userid":"vincent.planat@hpe.com","trainingMode":"WALKING_UP","brightness":42}
{"deviceid":"b81e905908354542","eventtype":"ambientLight","timestamp":1456248337533,"userid":"vincent.planat@hpe.com","trainingMode":"WALKING_UP","brightness":53}
{"deviceid":"b81e905908354542","eventtype":"ambientLight","timestamp":1456248367996,"userid":"vincent.planat@hpe.com","trainingMode":"WALKING_UP","brightness":22}
{"deviceid":"b81e905908354542","eventtype":"ambientLight","timestamp":1456248358783,"userid":"vincent.planat@hpe.com","trainingMode":"WALKING_UP","brightness":46}
{"deviceid":"b81e905908354542","eventtype":"ambientLight","timestamp":1456248338819,"userid":"vincent.planat@hpe.com","trainingMode":"WALKING_UP","brightness":51}
{"deviceid":"b81e905908354542","eventtype":"ambientLight","timestamp":1456248366394,"userid":"vincent.planat@hpe.com","trainingMode":"WALKING_UP","brightness":16}
{"deviceid":"b81e905908354542","eventtype":"ambientLight","timestamp":1456248346780,"userid":"vincent.planat@hpe.com","trainingMode":"WALKING_UP","brightness":56}
{"deviceid":"b81e905908354542","eventtype":"ambientLight","timestamp":1456248361790,"userid":"vincent.planat@hpe.com","trainingMode":"WALKING_UP","brightness":50}
{"deviceid":"b81e905908354542","eventtype":"ambientLight","timestamp":1456248363395,"userid":"vincent.planat@hpe.com","trainingMode":"WALKING_UP","brightness":71}
{"deviceid":"b81e905908354542","eventtype":"ambientLight","timestamp":1456248353773,"userid":"vincent.planat@hpe.com","trainingMode":"WALKING_UP","brightness":58}
{"deviceid":"b81e905908354542","eventtype":"ambientLight","timestamp":1456248340778,"userid":"vincent.planat@hpe.com","trainingMode":"WALKING_UP","brightness":59}
{"deviceid":"b81e905908354542","eventtype":"ambientLight","timestamp":1456248352864,"userid":"vincent.planat@hpe.com","trainingMode":"WALKING_UP","brightness":65}
{"deviceid":"b81e905908354542","eventtype":"ambientLight","timestamp":1456248360790,"userid":"vincent.planat@hpe.com","trainingMode":"WALKING_UP","brightness":47}
{"deviceid":"b81e905908354542","eventtype":"ambientLight","timestamp":1456248364293,"userid":"vincent.planat@hpe.com","trainingMode":"WALKING_UP","brightness":44}
{"deviceid":"b81e905908354542","eventtype":"ambientLight","timestamp":1456248350735,"userid":"vincent.planat@hpe.com","trainingMode":"WALKING_UP","brightness":41}
{"deviceid":"b81e905908354542","eventtype":"ambientLight","timestamp":1456248358408,"userid":"vincent.planat@hpe.com","trainingMode":"WALKING_UP","brightness":40}
{"deviceid":"b81e905908354542","eventtype":"ambientLight","timestamp":1456248362815,"userid":"vincent.planat@hpe.com","trainingMode":"WALKING_UP","brightness":80}
{"deviceid":"b81e905908354542","eventtype":"ambientLight","timestamp":1456248357509,"userid":"vincent.planat@hpe.com","trainingMode":"WALKING_UP","brightness":57}
{"deviceid":"b81e905908354542","eventtype":"ambientLight","timestamp":1456248340781,"userid":"vincent.planat@hpe.com","trainingMode":"WALKING_UP","brightness":59}
{"deviceid":"b81e905908354542","eventtype":"ambientLight","timestamp":1456248342576,"userid":"vincent.planat@hpe.com","trainingMode":"WALKING_UP","brightness":39}
{"deviceid":"b81e905908354542","eventtype":"ambientLight","timestamp":1456248363787,"userid":"vincent.planat@hpe.com","trainingMode":"WALKING_UP","brightness":56}
{"deviceid":"b81e905908354542","eventtype":"ambientLight","timestamp":1456248349057,"userid":"vincent.planat@hpe.com","trainingMode":"WALKING_UP","brightness":30}
{"deviceid":"b81e905908354542","eventtype":"ambientLight","timestamp":1456248355822,"userid":"vincent.planat@hpe.com","trainingMode":"WALKING_UP","brightness":61}
{"deviceid":"b81e905908354542","eventtype":"ambientLight","timestamp":1456248361281,"userid":"vincent.planat@hpe.com","trainingMode":"WALKING_UP","brightness":37}
{"deviceid":"b81e905908354542","eventtype":"ambientLight","timestamp":1456248355840,"userid":"vincent.planat@hpe.com","trainingMode":"WALKING_UP","brightness":61}
{"deviceid":"b81e905908354542","eventtype":"ambientLight","timestamp":1456248343803,"userid":"vincent.planat@hpe.com","trainingMode":"WALKING_UP","brightness":40}
{"deviceid":"b81e905908354542","eventtype":"ambientLight","timestamp":1456248357293,"userid":"vincent.planat@hpe.com","trainingMode":"WALKING_UP","brightness":57}
{"deviceid":"b81e905908354542","eventtype":"ambientLight","timestamp":1456248344626,"userid":"vincent.planat@hpe.com","trainingMode":"WALKING_UP","brightness":46}
{"deviceid":"b81e905908354542","eventtype":"ambientLight","timestamp":1456248352368,"userid":"vincent.planat@hpe.com","trainingMode":"WALKING_UP","brightness":46}
{"deviceid":"b81e905908354542","eventtype":"ambientLight","timestamp":1456248349041,"userid":"vincent.planat@hpe.com","trainingMode":"WALKING_UP","brightness":30}
{"deviceid":"b81e905908354542","eventtype":"ambientLight","timestamp":1456248360317,"userid":"vincent.planat@hpe.com","trainingMode":"WALKING_UP","brightness":149}
{"deviceid":"b81e905908354542","eventtype":"ambientLight","timestamp":1456248362799,"userid":"vincent.planat@hpe.com","trainingMode":"WALKING_UP","brightness":80}
{"deviceid":"b81e905908354542","eventtype":"ambientLight","timestamp":1456248342084,"userid":"vincent.planat@hpe.com","trainingMode":"WALKING_UP","brightness":53}
{"deviceid":"b81e905908354542","eventtype":"ambientLight","timestamp":1456248350749,"userid":"vincent.planat@hpe.com","trainingMode":"WALKING_UP","brightness":41}
{"deviceid":"b81e905908354542","eventtype":"ambientLight","timestamp":1456248338384,"userid":"vincent.planat@hpe.com","trainingMode":"WALKING_UP","brightness":36}
{"deviceid":"b81e905908354542","eventtype":"ambientLight","timestamp":1456248358427,"userid":"vincent.planat@hpe.com","trainingMode":"WALKING_UP","brightness":40}
{"deviceid":"b81e905908354542","eventtype":"ambientLight","timestamp":1456248337028,"userid":"vincent.planat@hpe.com","trainingMode":"WALKING_UP","brightness":56}
{"deviceid":"b81e905908354542","eventtype":"ambientLight","timestamp":1456248359362,"userid":"vincent.planat@hpe.com","trainingMode":"WALKING_UP","brightness":40}
{"deviceid":"b81e905908354542","eventtype":"ambientLight","timestamp":1456248359347,"userid":"vincent.planat@hpe.com","trainingMode":"WALKING_UP","brightness":40}
{"deviceid":"b81e905908354542","eventtype":"ambientLight","timestamp":1456248346388,"userid":"vincent.planat@hpe.com","trainingMode":"WALKING_UP","brightness":58}
{"deviceid":"b81e905908354542","eventtype":"ambientLight","timestamp":1456248351562,"userid":"vincent.planat@hpe.com","trainingMode":"WALKING_UP","brightness":41}
{"deviceid":"b81e905908354542","eventtype":"ambientLight","timestamp":1456248339333,"userid":"vincent.planat@hpe.com","trainingMode":"WALKING_UP","brightness":46}
{"deviceid":"b81e905908354542","eventtype":"ambientLight","timestamp":1456248366377,"userid":"vincent.planat@hpe.com","trainingMode":"WALKING_UP","brightness":16}
{"deviceid":"b81e905908354542","eventtype":"ambientLight","timestamp":1456248343352,"userid":"vincent.planat@hpe.com","trainingMode":"WALKING_UP","brightness":58}
{"deviceid":"b81e905908354542","eventtype":"ambientLight","timestamp":1456248360308,"userid":"vincent.planat@hpe.com","trainingMode":"WALKING_UP","brightness":149}
{"deviceid":"b81e905908354542","eventtype":"ambientLight","timestamp":1456248344970,"userid":"vincent.planat@hpe.com","trainingMode":"WALKING_UP","brightness":46}
{"deviceid":"b81e905908354542","eventtype":"ambientLight","timestamp":1456248349462,"userid":"vincent.planat@hpe.com","trainingMode":"WALKING_UP","brightness":46}
{"deviceid":"b81e905908354542","eventtype":"ambientLight","timestamp":1456248346363,"userid":"vincent.planat@hpe.com","trainingMode":"WALKING_UP","brightness":58}
{"deviceid":"b81e905908354542","eventtype":"ambientLight","timestamp":1456248345422,"userid":"vincent.planat@hpe.com","trainingMode":"WALKING_UP","brightness":49}
{"deviceid":"b81e905908354542","eventtype":"ambientLight","timestamp":1456248350296,"userid":"vincent.planat@hpe.com","trainingMode":"WALKING_UP","brightness":49}
{"deviceid":"b81e905908354542","eventtype":"ambientLight","timestamp":1456248351083,"userid":"vincent.planat@hpe.com","trainingMode":"WALKING_UP","brightness":42}
{"deviceid":"b81e905908354542","eventtype":"ambientLight","timestamp":1456248344985,"userid":"vincent.planat@hpe.com","trainingMode":"WALKING_UP","brightness":46}
{"deviceid":"b81e905908354542","eventtype":"ambientLight","timestamp":1456248354953,"userid":"vincent.planat@hpe.com","trainingMode":"WALKING_UP","brightness":39}
{"deviceid":"b81e905908354542","eventtype":"ambientLight","timestamp":1456248358804,"userid":"vincent.planat@hpe.com","trainingMode":"WALKING_UP","brightness":46}
{"deviceid":"b81e905908354542","eventtype":"ambientLight","timestamp":1456248344148,"userid":"vincent.planat@hpe.com","trainingMode":"WALKING_UP","brightness":43}
{"deviceid":"b81e905908354542","eventtype":"ambientLight","timestamp":1456248340318,"userid":"vincent.planat@hpe.com","trainingMode":"WALKING_UP","brightness":68}
{"deviceid":"b81e905908354542","eventtype":"ambientLight","timestamp":1456248338403,"userid":"vincent.planat@hpe.com","trainingMode":"WALKING_UP","brightness":36}
{"deviceid":"b81e905908354542","eventtype":"ambientLight","timestamp":1456248366078,"userid":"vincent.planat@hpe.com","trainingMode":"WALKING_UP","brightness":25}
{"deviceid":"b81e905908354542","eventtype":"ambientLight","timestamp":1456248352843,"userid":"vincent.planat@hpe.com","trainingMode":"WALKING_UP","brightness":65}
{"deviceid":"b81e905908354542","eventtype":"ambientLight","timestamp":1456248355382,"userid":"vincent.planat@hpe.com","trainingMode":"WALKING_UP","brightness":50}
{"deviceid":"b81e905908354542","eventtype":"ambientLight","timestamp":1456248366907,"userid":"vincent.planat@hpe.com","trainingMode":"WALKING_UP","brightness":16}
{"deviceid":"b81e905908354542","eventtype":"ambientLight","timestamp":1456248337517,"userid":"vincent.planat@hpe.com","trainingMode":"WALKING_UP","brightness":53}
{"deviceid":"b81e905908354542","eventtype":"ambientLight","timestamp":1456248351889,"userid":"vincent.planat@hpe.com","trainingMode":"WALKING_UP","brightness":51}
{"deviceid":"b81e905908354542","eventtype":"ambientLight","timestamp":1456248365548,"userid":"vincent.planat@hpe.com","trainingMode":"WALKING_UP","brightness":52}
{"deviceid":"b81e905908354542","eventtype":"ambientLight","timestamp":1456248356805,"userid":"vincent.planat@hpe.com","trainingMode":"WALKING_UP","brightness":46}
{"deviceid":"b81e905908354542","eventtype":"ambientLight","timestamp":1456248349438,"userid":"vincent.planat@hpe.com","trainingMode":"WALKING_UP","brightness":46}
{"deviceid":"b81e905908354542","eventtype":"ambientLight","timestamp":1456248340291,"userid":"vincent.planat@hpe.com","trainingMode":"WALKING_UP","brightness":68}
{"deviceid":"b81e905908354542","eventtype":"ambientLight","timestamp":1456248353304,"userid":"vincent.planat@hpe.com","trainingMode":"WALKING_UP","brightness":70}
{"deviceid":"b81e905908354542","eventtype":"ambientLight","timestamp":1456248361283,"userid":"vincent.planat@hpe.com","trainingMode":"WALKING_UP","brightness":37}
{"deviceid":"b81e905908354542","eventtype":"ambientLight","timestamp":1456248347286,"userid":"vincent.planat@hpe.com","trainingMode":"WALKING_UP","brightness":45}
{"deviceid":"b81e905908354542","eventtype":"ambientLight","timestamp":1456248357911,"userid":"vincent.planat@hpe.com","trainingMode":"WALKING_UP","brightness":40}
{"deviceid":"b81e905908354542","eventtype":"ambientLight","timestamp":1456248351572,"userid":"vincent.planat@hpe.com","trainingMode":"WALKING_UP","brightness":41}
{"deviceid":"b81e905908354542","eventtype":"ambientLight","timestamp":1456248339347,"userid":"vincent.planat@hpe.com","trainingMode":"WALKING_UP","brightness":46}
{"deviceid":"b81e905908354542","eventtype":"ambientLight","timestamp":1456248353785,"userid":"vincent.planat@hpe.com","trainingMode":"WALKING_UP","brightness":58}
{"deviceid":"b81e905908354542","eventtype":"ambientLight","timestamp":1456248342558,"userid":"vincent.planat@hpe.com","trainingMode":"WALKING_UP","brightness":39}
{"deviceid":"b81e905908354542","eventtype":"ambientLight","timestamp":1456248351097,"userid":"vincent.planat@hpe.com","trainingMode":"WALKING_UP","brightness":42}
{"deviceid":"b81e905908354542","eventtype":"ambientLight","timestamp":1456248354266,"userid":"vincent.planat@hpe.com","trainingMode":"WALKING_UP","brightness":43}
{"deviceid":"b81e905908354542","eventtype":"ambientLight","timestamp":1456248363784,"userid":"vincent.planat@hpe.com","trainingMode":"WALKING_UP","brightness":56}
{"deviceid":"b81e905908354542","eventtype":"ambientLight","timestamp":1456248354938,"userid":"vincent.planat@hpe.com","trainingMode":"WALKING_UP","brightness":39}
{"deviceid":"b81e905908354542","eventtype":"ambientLight","timestamp":1456248345810,"userid":"vincent.planat@hpe.com","trainingMode":"WALKING_UP","brightness":46}
{"deviceid":"b81e905908354542","eventtype":"ambientLight","timestamp":1456248337889,"userid":"vincent.planat@hpe.com","trainingMode":"WALKING_UP","brightness":46}
{"deviceid":"b81e905908354542","eventtype":"ambientLight","timestamp":1456248342985,"userid":"vincent.planat@hpe.com","trainingMode":"WALKING_UP","brightness":35}
