{"deviceid":"b81e905908354542","eventtype":"calorie","timestamp":1456248484867,"userid":"vincent.planat@hpe.com","trainingMode":"WALKING_DOWN","calories":18695}
{"deviceid":"b81e905908354542","eventtype":"calorie","timestamp":1456248469451,"userid":"vincent.planat@hpe.com","trainingMode":"WALKING_DOWN","calories":18694}
{"deviceid":"b81e905908354542","eventtype":"calorie","timestamp":1456248461259,"userid":"vincent.planat@hpe.com","trainingMode":"WALKING_DOWN","calories":18693}
{"deviceid":"b81e905908354542","eventtype":"calorie","timestamp":1456248459342,"userid":"vincent.planat@hpe.com","trainingMode":"WALKING_DOWN","calories":18693}
{"deviceid":"b81e905908354542","eventtype":"calorie","timestamp":1456248479782,"userid":"vincent.planat@hpe.com","trainingMode":"WALKING_DOWN","calories":18694}
{"deviceid":"b81e905908354542","eventtype":"calorie","timestamp":1456248447956,"userid":"vincent.planat@hpe.com","trainingMode":"WALKING","calories":18692}
{"deviceid":"b81e905908354542","eventtype":"calorie","timestamp":1456248472032,"userid":"vincent.planat@hpe.com","trainingMode":"WALKING_DOWN","calories":18694}
{"deviceid":"b81e905908354542","eventtype":"calorie","timestamp":1456248457213,"userid":"vincent.planat@hpe.com","trainingMode":"WALKING_DOWN","calories":18693}
{"deviceid":"b81e905908354542","eventtype":"calorie","timestamp":1456248463267,"userid":"vincent.planat@hpe.com","trainingMode":"WALKING_DOWN","calories":18693}
{"deviceid":"b81e905908354542","eventtype":"calorie","timestamp":1456248461242,"userid":"vincent.planat@hpe.com","trainingMode":"WALKING_DOWN","calories":18693}
{"deviceid":"b81e905908354542","eventtype":"calorie","timestamp":1456248462244,"userid":"vincent.planat@hpe.com","trainingMode":"WALKING_DOWN","calories":18693}
{"deviceid":"b81e905908354542","eventtype":"calorie","timestamp":1456248487931,"userid":"vincent.planat@hpe.com","trainingMode":"WALKING_DOWN","calories":18695}
{"deviceid":"b81e905908354542","eventtype":"calorie","timestamp":1456248459366,"userid":"vincent.planat@hpe.com","trainingMode":"WALKING_DOWN","calories":18693}
{"deviceid":"b81e905908354542","eventtype":"calorie","timestamp":1456248455229,"userid":"vincent.planat@hpe.com","trainingMode":"WALKING","calories":18693}
{"deviceid":"b81e905908354542","eventtype":"calorie","timestamp":1456248479766,"userid":"vincent.planat@hpe.com","trainingMode":"WALKING_DOWN","calories":18694}
{"deviceid":"b81e905908354542","eventtype":"calorie","timestamp":1456248483740,"userid":"vincent.planat@hpe.com","trainingMode":"WALKING_DOWN","calories":18695}
{"deviceid":"b81e905908354542","eventtype":"calorie","timestamp":1456248478992,"userid":"vincent.planat@hpe.com","trainingMode":"WALKING_DOWN","calories":18694}
{"deviceid":"b81e905908354542","eventtype":"calorie","timestamp":1456248472045,"userid":"vincent.planat@hpe.com","trainingMode":"WALKING_DOWN","calories":18694}
{"deviceid":"b81e905908354542","eventtype":"calorie","timestamp":1456248452695,"userid":"vincent.planat@hpe.com","trainingMode":"WALKING","calories":18692}
{"deviceid":"b81e905908354542","eventtype":"calorie","timestamp":1456248462242,"userid":"vincent.planat@hpe.com","trainingMode":"WALKING_DOWN","calories":18693}
{"deviceid":"b81e905908354542","eventtype":"calorie","timestamp":1456248470463,"userid":"vincent.planat@hpe.com","trainingMode":"WALKING_DOWN","calories":18694}
{"deviceid":"b81e905908354542","eventtype":"calorie","timestamp":1456248453581,"userid":"vincent.planat@hpe.com","trainingMode":"WALKING","calories":18692}
{"deviceid":"b81e905908354542","eventtype":"calorie","timestamp":1456248445939,"userid":"vincent.planat@hpe.com","trainingMode":"WALKING","calories":18692}
{"deviceid":"b81e905908354542","eventtype":"calorie","timestamp":1456248474741,"userid":"vincent.planat@hpe.com","trainingMode":"WALKING_DOWN","calories":18694}
{"deviceid":"b81e905908354542","eventtype":"calorie","timestamp":1456248456116,"userid":"vincent.planat@hpe.com","trainingMode":"WALKING","calories":18693}
{"deviceid":"b81e905908354542","eventtype":"calorie","timestamp":1456248467407,"userid":"vincent.planat@hpe.com","trainingMode":"WALKING_DOWN","calories":18693}
{"deviceid":"b81e905908354542","eventtype":"calorie","timestamp":1456248475691,"userid":"vincent.planat@hpe.com","trainingMode":"WALKING_DOWN","calories":18694}
{"deviceid":"b81e905908354542","eventtype":"calorie","timestamp":1456248487917,"userid":"vincent.planat@hpe.com","trainingMode":"WALKING_DOWN","calories":18695}
{"deviceid":"b81e905908354542","eventtype":"calorie","timestamp":1456248445925,"userid":"vincent.planat@hpe.com","trainingMode":"WALKING","calories":18692}
{"deviceid":"b81e905908354542","eventtype":"calorie","timestamp":1456248472940,"userid":"vincent.planat@hpe.com","trainingMode":"WALKING_DOWN","calories":18694}
{"deviceid":"b81e905908354542","eventtype":"calorie","timestamp":1456248452710,"userid":"vincent.planat@hpe.com","trainingMode":"WALKING","calories":18692}
{"deviceid":"b81e905908354542","eventtype":"calorie","timestamp":1456248469435,"userid":"vincent.planat@hpe.com","trainingMode":"WALKING_DOWN","calories":18694}
{"deviceid":"b81e905908354542","eventtype":"calorie","timestamp":1456248476618,"userid":"vincent.planat@hpe.com","trainingMode":"WALKING_DOWN","calories":18694}
{"deviceid":"b81e905908354542","eventtype":"calorie","timestamp":1456248465317,"userid":"vincent.planat@hpe.com","trainingMode":"WALKING_DOWN","calories":18693}
{"deviceid":"b81e905908354542","eventtype":"calorie","timestamp":1456248480671,"userid":"vincent.planat@hpe.com","trainingMode":"WALKING_DOWN","calories":18695}
{"deviceid":"b81e905908354542","eventtype":"calorie","timestamp":1456248475676,"userid":"vincent.planat@hpe.com","trainingMode":"WALKING_DOWN","calories":18694}
{"deviceid":"b81e905908354542","eventtype":"calorie","timestamp":1456248445018,"userid":"vincent.planat@hpe.com","trainingMode":"WALKING","calories":18692}
{"deviceid":"b81e905908354542","eventtype":"calorie","timestamp":1456248451036,"userid":"vincent.planat@hpe.com","trainingMode":"WALKING","calories":18692}
{"deviceid":"b81e905908354542","eventtype":"calorie","timestamp":1456248450042,"userid":"vincent.planat@hpe.com","trainingMode":"WALKING","calories":18692}
{"deviceid":"b81e905908354542","eventtype":"calorie","timestamp":1456248454393,"userid":"vincent.planat@hpe.com","trainingMode":"WALKING","calories":18693}
{"deviceid":"b81e905908354542","eventtype":"calorie","timestamp":1456248481692,"userid":"vincent.planat@hpe.com","trainingMode":"WALKING_DOWN","calories":18695}
{"deviceid":"b81e905908354542","eventtype":"calorie","timestamp":1456248478126,"userid":"vincent.planat@hpe.com","trainingMode":"WALKING_DOWN","calories":18694}
{"deviceid":"b81e905908354542","eventtype":"calorie","timestamp":1456248443972,"userid":"vincent.planat@hpe.com","trainingMode":"WALKING","calories":18692}
{"deviceid":"b81e905908354542","eventtype":"calorie","timestamp":1456248466357,"userid":"vincent.planat@hpe.com","trainingMode":"WALKING_DOWN","calories":18693}
{"deviceid":"b81e905908354542","eventtype":"calorie","timestamp":1456248445036,"userid":"vincent.planat@hpe.com","trainingMode":"WALKING","calories":18692}
{"deviceid":"b81e905908354542","eventtype":"calorie","timestamp":1456248485832,"userid":"vincent.planat@hpe.com","trainingMode":"WALKING_DOWN","calories":18695}
{"deviceid":"b81e905908354542","eventtype":"calorie","timestamp":1456248447978,"userid":"vincent.planat@hpe.com","trainingMode":"WALKING","calories":18692}
{"deviceid":"b81e905908354542","eventtype":"calorie","timestamp":1456248449031,"userid":"vincent.planat@hpe.com","trainingMode":"WALKING","calories":18692}
{"deviceid":"b81e905908354542","eventtype":"calorie","timestamp":1456248476637,"userid":"vincent.planat@hpe.com","trainingMode":"WALKING_DOWN","calories":18694}
{"deviceid":"b81e905908354542","eventtype":"calorie","timestamp":1456248482754,"userid":"vincent.planat@hpe.com","trainingMode":"WALKING_DOWN","calories":18695}
{"deviceid":"b81e905908354542","eventtype":"calorie","timestamp":1456248486839,"userid":"vincent.planat@hpe.com","trainingMode":"WALKING_DOWN","calories":18695}
{"deviceid":"b81e905908354542","eventtype":"calorie","timestamp":1456248454377,"userid":"vincent.planat@hpe.com","trainingMode":"WALKING","calories":18693}
{"deviceid":"b81e905908354542","eventtype":"calorie","timestamp":1456248478144,"userid":"vincent.planat@hpe.com","trainingMode":"WALKING_DOWN","calories":18694}
{"deviceid":"b81e905908354542","eventtype":"calorie","timestamp":1456248451021,"userid":"vincent.planat@hpe.com","trainingMode":"WALKING","calories":18692}
{"deviceid":"b81e905908354542","eventtype":"calorie","timestamp":1456248465319,"userid":"vincent.planat@hpe.com","trainingMode":"WALKING_DOWN","calories":18693}
{"deviceid":"b81e905908354542","eventtype":"calorie","timestamp":1456248474755,"userid":"vincent.planat@hpe.com","trainingMode":"WALKING_DOWN","calories":18694}
{"deviceid":"b81e905908354542","eventtype":"calorie","timestamp":1456248481688,"userid":"vincent.planat@hpe.com","trainingMode":"WALKING_DOWN","calories":18695}
{"deviceid":"b81e905908354542","eventtype":"calorie","timestamp":1456248486825,"userid":"vincent.planat@hpe.com","trainingMode":"WALKING_DOWN","calories":18695}
{"deviceid":"b81e905908354542","eventtype":"calorie","timestamp":1456248443986,"userid":"vincent.planat@hpe.com","trainingMode":"WALKING","calories":18692}
{"deviceid":"b81e905908354542","eventtype":"calorie","timestamp":1456248460202,"userid":"vincent.planat@hpe.com","trainingMode":"WALKING_DOWN","calories":18693}
{"deviceid":"b81e905908354542","eventtype":"calorie","timestamp":1456248484884,"userid":"vincent.planat@hpe.com","trainingMode":"WALKING_DOWN","calories":18695}
{"deviceid":"b81e905908354542","eventtype":"calorie","timestamp":1456248453566,"userid":"vincent.planat@hpe.com","trainingMode":"WALKING","calories":18692}
{"deviceid":"b81e905908354542","eventtype":"calorie","timestamp":1456248470478,"userid":"vincent.planat@hpe.com","trainingMode":"WALKING_DOWN","calories":18694}
{"deviceid":"b81e905908354542","eventtype":"calorie","timestamp":1456248460216,"userid":"vincent.planat@hpe.com","trainingMode":"WALKING_DOWN","calories":18693}
{"deviceid":"b81e905908354542","eventtype":"calorie","timestamp":1456248485841,"userid":"vincent.planat@hpe.com","trainingMode":"WALKING_DOWN","calories":18695}
{"deviceid":"b81e905908354542","eventtype":"calorie","timestamp":1456248446941,"userid":"vincent.planat@hpe.com","trainingMode":"WALKING","calories":18692}
{"deviceid":"b81e905908354542","eventtype":"calorie","timestamp":1456248457200,"userid":"vincent.planat@hpe.com","trainingMode":"WALKING_DOWN","calories":18693}
{"deviceid":"b81e905908354542","eventtype":"calorie","timestamp":1456248456099,"userid":"vincent.planat@hpe.com","trainingMode":"WALKING","calories":18693}
{"deviceid":"b81e905908354542","eventtype":"calorie","timestamp":1456248464285,"userid":"vincent.planat@hpe.com","trainingMode":"WALKING_DOWN","calories":18693}
{"deviceid":"b81e905908354542","eventtype":"calorie","timestamp":1456248472955,"userid":"vincent.planat@hpe.com","trainingMode":"WALKING_DOWN","calories":18694}
{"deviceid":"b81e905908354542","eventtype":"calorie","timestamp":1456248458524,"userid":"vincent.planat@hpe.com","trainingMode":"WALKING_DOWN","calories":18693}
{"deviceid":"b81e905908354542","eventtype":"calorie","timestamp":1456248466342,"userid":"vincent.planat@hpe.com","trainingMode":"WALKING_DOWN","calories":18693}
{"deviceid":"b81e905908354542","eventtype":"calorie","timestamp":1456248488844,"userid":"vincent.planat@hpe.com","trainingMode":"WALKING_DOWN","calories":18695}
{"deviceid":"b81e905908354542","eventtype":"calorie","timestamp":1456248455244,"userid":"vincent.planat@hpe.com","trainingMode":"WALKING","calories":18693}
{"deviceid":"b81e905908354542","eventtype":"calorie","timestamp":1456248488858,"userid":"vincent.planat@hpe.com","trainingMode":"WALKING_DOWN","calories":18695}
{"deviceid":"b81e905908354542","eventtype":"calorie","timestamp":1456248482768,"userid":"vincent.planat@hpe.com","trainingMode":"WALKING_DOWN","calories":18695}
{"deviceid":"b81e905908354542","eventtype":"calorie","timestamp":1456248479005,"userid":"vincent.planat@hpe.com","trainingMode":"WALKING_DOWN","calories":18694}
{"deviceid":"b81e905908354542","eventtype":"calorie","timestamp":1456248463266,"userid":"vincent.planat@hpe.com","trainingMode":"WALKING_DOWN","calories":18693}
{"deviceid":"b81e905908354542","eventtype":"calorie","timestamp":1456248473896,"userid":"vincent.planat@hpe.com","trainingMode":"WALKING_DOWN","calories":18694}
{"deviceid":"b81e905908354542","eventtype":"calorie","timestamp":1456248458538,"userid":"vincent.planat@hpe.com","trainingMode":"WALKING_DOWN","calories":18693}
{"deviceid":"b81e905908354542","eventtype":"calorie","timestamp":1456248483734,"userid":"vincent.planat@hpe.com","trainingMode":"WALKING_DOWN","calories":18695}
{"deviceid":"b81e905908354542","eventtype":"calorie","timestamp":1456248446955,"userid":"vincent.planat@hpe.com","trainingMode":"WALKING","calories":18692}
{"deviceid":"b81e905908354542","eventtype":"calorie","timestamp":1456248464291,"userid":"vincent.planat@hpe.com","trainingMode":"WALKING_DOWN","calories":18693}
{"deviceid":"b81e905908354542","eventtype":"calorie","timestamp":1456248473880,"userid":"vincent.planat@hpe.com","trainingMode":"WALKING_DOWN","calories":18694}
{"deviceid":"b81e905908354542","eventtype":"calorie","timestamp":1456248449047,"userid":"vincent.planat@hpe.com","trainingMode":"WALKING","calories":18692}
{"deviceid":"b81e905908354542","eventtype":"calorie","timestamp":1456248480673,"userid":"vincent.planat@hpe.com","trainingMode":"WALKING_DOWN","calories":18695}
{"deviceid":"b81e905908354542","eventtype":"calorie","timestamp":1456248450025,"userid":"vincent.planat@hpe.com","trainingMode":"WALKING","calories":18692}
{"deviceid":"b81e905908354542","eventtype":"calorie","timestamp":1456248468556,"userid":"vincent.planat@hpe.com","trainingMode":"WALKING_DOWN","calories":18693}
{"deviceid":"b81e905908354542","eventtype":"calorie","timestamp":1456248468514,"userid":"vincent.planat@hpe.com","trainingMode":"WALKING_DOWN","calories":18693}
{"deviceid":"b81e905908354542","eventtype":"calorie","timestamp":1456248467391,"userid":"vincent.planat@hpe.com","trainingMode":"WALKING_DOWN","calories":18693}
