{"deviceid":"b81e905908354542","eventtype":"ambientLight","timestamp":1456248158130,"userid":"vincent.planat@hpe.com","trainingMode":"WALKING","brightness":0}
{"deviceid":"b81e905908354542","eventtype":"ambientLight","timestamp":1456248143748,"userid":"vincent.planat@hpe.com","trainingMode":"WALKING","brightness":0}
{"deviceid":"b81e905908354542","eventtype":"ambientLight","timestamp":1456248179768,"userid":"vincent.planat@hpe.com","trainingMode":"WALKING","brightness":0}
{"deviceid":"b81e905908354542","eventtype":"ambientLight","timestamp":1456248158938,"userid":"vincent.planat@hpe.com","trainingMode":"WALKING","brightness":0}
{"deviceid":"b81e905908354542","eventtype":"ambientLight","timestamp":1456248181807,"userid":"vincent.planat@hpe.com","trainingMode":"WALKING","brightness":0}
{"deviceid":"b81e905908354542","eventtype":"ambientLight","timestamp":1456248166288,"userid":"vincent.planat@hpe.com","trainingMode":"WALKING","brightness":0}
{"deviceid":"b81e905908354542","eventtype":"ambientLight","timestamp":1456248183474,"userid":"vincent.planat@hpe.com","trainingMode":"WALKING","brightness":0}
{"deviceid":"b81e905908354542","eventtype":"ambientLight","timestamp":1456248163177,"userid":"vincent.planat@hpe.com","trainingMode":"WALKING","brightness":0}
{"deviceid":"b81e905908354542","eventtype":"ambientLight","timestamp":1456248177605,"userid":"vincent.planat@hpe.com","trainingMode":"WALKING","brightness":0}
{"deviceid":"b81e905908354542","eventtype":"ambientLight","timestamp":1456248161239,"userid":"vincent.planat@hpe.com","trainingMode":"WALKING","brightness":0}
{"deviceid":"b81e905908354542","eventtype":"ambientLight","timestamp":1456248167760,"userid":"vincent.planat@hpe.com","trainingMode":"WALKING","brightness":0}
{"deviceid":"b81e905908354542","eventtype":"ambientLight","timestamp":1456248143764,"userid":"vincent.planat@hpe.com","trainingMode":"WALKING","brightness":0}
{"deviceid":"b81e905908354542","eventtype":"ambientLight","timestamp":1456248150477,"userid":"vincent.planat@hpe.com","trainingMode":"WALKING","brightness":0}
{"deviceid":"b81e905908354542","eventtype":"ambientLight","timestamp":1456248156092,"userid":"vincent.planat@hpe.com","trainingMode":"WALKING","brightness":0}
{"deviceid":"b81e905908354542","eventtype":"ambientLight","timestamp":1456248143274,"userid":"vincent.planat@hpe.com","trainingMode":"WALKING","brightness":0}
{"deviceid":"b81e905908354542","eventtype":"ambientLight","timestamp":1456248179252,"userid":"vincent.planat@hpe.com","trainingMode":"WALKING","brightness":0}
{"deviceid":"b81e905908354542","eventtype":"ambientLight","timestamp":1456248147809,"userid":"vincent.planat@hpe.com","trainingMode":"WALKING","brightness":0}
{"deviceid":"b81e905908354542","eventtype":"ambientLight","timestamp":1456248148264,"userid":"vincent.planat@hpe.com","trainingMode":"WALKING","brightness":0}
{"deviceid":"b81e905908354542","eventtype":"ambientLight","timestamp":1456248147835,"userid":"vincent.planat@hpe.com","trainingMode":"WALKING","brightness":0}
{"deviceid":"b81e905908354542","eventtype":"ambientLight","timestamp":1456248157603,"userid":"vincent.planat@hpe.com","trainingMode":"WALKING","brightness":0}
{"deviceid":"b81e905908354542","eventtype":"ambientLight","timestamp":1456248186862,"userid":"vincent.planat@hpe.com","trainingMode":"WALKING","brightness":0}
{"deviceid":"b81e905908354542","eventtype":"ambientLight","timestamp":1456248159997,"userid":"vincent.planat@hpe.com","trainingMode":"WALKING","brightness":0}
{"deviceid":"b81e905908354542","eventtype":"ambientLight","timestamp":1456248174284,"userid":"vincent.planat@hpe.com","trainingMode":"WALKING","brightness":0}
{"deviceid":"b81e905908354542","eventtype":"ambientLight","timestamp":1456248184846,"userid":"vincent.planat@hpe.com","trainingMode":"WALKING","brightness":0}
{"deviceid":"b81e905908354542","eventtype":"ambientLight","timestamp":1456248173253,"userid":"vincent.planat@hpe.com","trainingMode":"WALKING","brightness":0}
{"deviceid":"b81e905908354542","eventtype":"ambientLight","timestamp":1456248163198,"userid":"vincent.planat@hpe.com","trainingMode":"WALKING","brightness":0}
{"deviceid":"b81e905908354542","eventtype":"ambientLight","timestamp":1456248165792,"userid":"vincent.planat@hpe.com","trainingMode":"WALKING","brightness":0}
{"deviceid":"b81e905908354542","eventtype":"ambientLight","timestamp":1456248184412,"userid":"vincent.planat@hpe.com","trainingMode":"WALKING","brightness":0}
{"deviceid":"b81e905908354542","eventtype":"ambientLight","timestamp":1456248187860,"userid":"vincent.planat@hpe.com","trainingMode":"WALKING","brightness":0}
{"deviceid":"b81e905908354542","eventtype":"ambientLight","timestamp":1456248166823,"userid":"vincent.planat@hpe.com","trainingMode":"WALKING","brightness":0}
{"deviceid":"b81e905908354542","eventtype":"ambientLight","timestamp":1456248169661,"userid":"vincent.planat@hpe.com","trainingMode":"WALKING","brightness":0}
{"deviceid":"b81e905908354542","eventtype":"ambientLight","timestamp":1456248161222,"userid":"vincent.planat@hpe.com","trainingMode":"WALKING","brightness":0}
{"deviceid":"b81e905908354542","eventtype":"ambientLight","timestamp":1456248147278,"userid":"vincent.planat@hpe.com","trainingMode":"WALKING","brightness":0}
{"deviceid":"b81e905908354542","eventtype":"ambientLight","timestamp":1456248187324,"userid":"vincent.planat@hpe.com","trainingMode":"WALKING","brightness":0}
{"deviceid":"b81e905908354542","eventtype":"ambientLight","timestamp":1456248183025,"userid":"vincent.planat@hpe.com","trainingMode":"WALKING","brightness":0}
{"deviceid":"b81e905908354542","eventtype":"ambientLight","timestamp":1456248160326,"userid":"vincent.planat@hpe.com","trainingMode":"WALKING","brightness":0}
{"deviceid":"b81e905908354542","eventtype":"ambientLight","timestamp":1456248172794,"userid":"vincent.planat@hpe.com","trainingMode":"WALKING","brightness":0}
{"deviceid":"b81e905908354542","eventtype":"ambientLight","timestamp":1456248182578,"userid":"vincent.planat@hpe.com","trainingMode":"WALKING","brightness":0}
{"deviceid":"b81e905908354542","eventtype":"ambientLight","timestamp":1456248154138,"userid":"vincent.planat@hpe.com","trainingMode":"WALKING","brightness":0}
{"deviceid":"b81e905908354542","eventtype":"ambientLight","timestamp":1456248172213,"userid":"vincent.planat@hpe.com","trainingMode":"WALKING","brightness":0}
{"deviceid":"b81e905908354542","eventtype":"ambientLight","timestamp":1456248152033,"userid":"vincent.planat@hpe.com","trainingMode":"WALKING","brightness":0}
{"deviceid":"b81e905908354542","eventtype":"ambientLight","timestamp":1456248156652,"userid":"vincent.planat@hpe.com","trainingMode":"WALKING","brightness":0}
{"deviceid":"b81e905908354542","eventtype":"ambientLight","timestamp":1456248168244,"userid":"vincent.planat@hpe.com","trainingMode":"WALKING","brightness":0}
{"deviceid":"b81e905908354542","eventtype":"ambientLight","timestamp":1456248152412,"userid":"vincent.planat@hpe.com","trainingMode":"WALKING","brightness":0}
{"deviceid":"b81e905908354542","eventtype":"ambientLight","timestamp":1456248144701,"userid":"vincent.planat@hpe.com","trainingMode":"WALKING","brightness":0}
{"deviceid":"b81e905908354542","eventtype":"ambientLight","timestamp":1456248164613,"userid":"vincent.planat@hpe.com","trainingMode":"WALKING","brightness":0}
{"deviceid":"b81e905908354542","eventtype":"ambientLight","timestamp":1456248172778,"userid":"vincent.planat@hpe.com","trainingMode":"WALKING","brightness":0}
{"deviceid":"b81e905908354542","eventtype":"ambientLight","timestamp":1456248187296,"userid":"vincent.planat@hpe.com","trainingMode":"WALKING","brightness":0}
{"deviceid":"b81e905908354542","eventtype":"ambientLight","timestamp":1456248146222,"userid":"vincent.planat@hpe.com","trainingMode":"WALKING","brightness":0}
{"deviceid":"b81e905908354542","eventtype":"ambientLight","timestamp":1456248162788,"userid":"vincent.planat@hpe.com","trainingMode":"WALKING","brightness":0}
{"deviceid":"b81e905908354542","eventtype":"ambientLight","timestamp":1456248179790,"userid":"vincent.planat@hpe.com","trainingMode":"WALKING","brightness":0}
{"deviceid":"b81e905908354542","eventtype":"ambientLight","timestamp":1456248151515,"userid":"vincent.planat@hpe.com","trainingMode":"WALKING","brightness":0}
{"deviceid":"b81e905908354542","eventtype":"ambientLight","timestamp":1456248180802,"userid":"vincent.planat@hpe.com","trainingMode":"WALKING","brightness":0}
{"deviceid":"b81e905908354542","eventtype":"ambientLight","timestamp":1456248185221,"userid":"vincent.planat@hpe.com","trainingMode":"WALKING","brightness":0}
{"deviceid":"b81e905908354542","eventtype":"ambientLight","timestamp":1456248144254,"userid":"vincent.planat@hpe.com","trainingMode":"WALKING","brightness":0}
{"deviceid":"b81e905908354542","eventtype":"ambientLight","timestamp":1456248185241,"userid":"vincent.planat@hpe.com","trainingMode":"WALKING","brightness":0}
{"deviceid":"b81e905908354542","eventtype":"ambientLight","timestamp":1456248170019,"userid":"vincent.planat@hpe.com","trainingMode":"WALKING","brightness":0}
{"deviceid":"b81e905908354542","eventtype":"ambientLight","timestamp":1456248169180,"userid":"vincent.planat@hpe.com","trainingMode":"WALKING","brightness":0}
{"deviceid":"b81e905908354542","eventtype":"ambientLight","timestamp":1456248158428,"userid":"vincent.planat@hpe.com","trainingMode":"WALKING","brightness":0}
{"deviceid":"b81e905908354542","eventtype":"ambientLight","timestamp":1456248147264,"userid":"vincent.planat@hpe.com","trainingMode":"WALKING","brightness":0}
{"deviceid":"b81e905908354542","eventtype":"ambientLight","timestamp":1456248171258,"userid":"vincent.planat@hpe.com","trainingMode":"WALKING","brightness":0}
{"deviceid":"b81e905908354542","eventtype":"ambientLight","timestamp":1456248161626,"userid":"vincent.planat@hpe.com","trainingMode":"WALKING","brightness":0}
{"deviceid":"b81e905908354542","eventtype":"ambientLight","timestamp":1456248183891,"userid":"vincent.planat@hpe.com","trainingMode":"WALKING","brightness":0}
{"deviceid":"b81e905908354542","eventtype":"ambientLight","timestamp":1456248156673,"userid":"vincent.planat@hpe.com","trainingMode":"WALKING","brightness":0}
{"deviceid":"b81e905908354542","eventtype":"ambientLight","timestamp":1456248144703,"userid":"vincent.planat@hpe.com","trainingMode":"WALKING","brightness":0}
{"deviceid":"b81e905908354542","eventtype":"ambientLight","timestamp":1456248154126,"userid":"vincent.planat@hpe.com","trainingMode":"WALKING","brightness":0}
{"deviceid":"b81e905908354542","eventtype":"ambientLight","timestamp":1456248178013,"userid":"vincent.planat@hpe.com","trainingMode":"WALKING","brightness":0}
{"deviceid":"b81e905908354542","eventtype":"ambientLight","timestamp":1456248164051,"userid":"vincent.planat@hpe.com","trainingMode":"WALKING","brightness":0}
{"deviceid":"b81e905908354542","eventtype":"ambientLight","timestamp":1456248167288,"userid":"vincent.planat@hpe.com","trainingMode":"WALKING","brightness":0}
{"deviceid":"b81e905908354542","eventtype":"ambientLight","timestamp":1456248160872,"userid":"vincent.planat@hpe.com","trainingMode":"WALKING","brightness":0}
{"deviceid":"b81e905908354542","eventtype":"ambientLight","timestamp":1456248160859,"userid":"vincent.planat@hpe.com","trainingMode":"WALKING","brightness":0}
{"deviceid":"b81e905908354542","eventtype":"ambientLight","timestamp":1456248171731,"userid":"vincent.planat@hpe.com","trainingMode":"WALKING","brightness":0}
{"deviceid":"b81e905908354542","eventtype":"ambientLight","timestamp":1456248153711,"userid":"vincent.planat@hpe.com","trainingMode":"WALKING","brightness":0}
{"deviceid":"b81e905908354542","eventtype":"ambientLight","timestamp":1456248164033,"userid":"vincent.planat@hpe.com","trainingMode":"WALKING","brightness":0}
{"deviceid":"b81e905908354542","eventtype":"ambientLight","timestamp":1456248145721,"userid":"vincent.planat@hpe.com","trainingMode":"WALKING","brightness":0}
{"deviceid":"b81e905908354542","eventtype":"ambientLight","timestamp":1456248183907,"userid":"vincent.planat@hpe.com","trainingMode":"WALKING","brightness":0}
{"deviceid":"b81e905908354542","eventtype":"ambientLight","timestamp":1456248142363,"userid":"vincent.planat@hpe.com","trainingMode":"WALKING","brightness":0}
{"deviceid":"b81e905908354542","eventtype":"ambientLight","timestamp":1456248176353,"userid":"vincent.planat@hpe.com","trainingMode":"WALKING","brightness":0}
{"deviceid":"b81e905908354542","eventtype":"ambientLight","timestamp":1456248182566,"userid":"vincent.planat@hpe.com","trainingMode":"WALKING","brightness":0}
{"deviceid":"b81e905908354542","eventtype":"ambientLight","timestamp":1456248185821,"userid":"vincent.planat@hpe.com","trainingMode":"WALKING","brightness":0}
{"deviceid":"b81e905908354542","eventtype":"ambientLight","timestamp":1456248142732,"userid":"vincent.planat@hpe.com","trainingMode":"WALKING","brightness":0}
{"deviceid":"b81e905908354542","eventtype":"ambientLight","timestamp":1456248186883,"userid":"vincent.planat@hpe.com","trainingMode":"WALKING","brightness":0}
{"deviceid":"b81e905908354542","eventtype":"ambientLight","timestamp":1456248167266,"userid":"vincent.planat@hpe.com","trainingMode":"WALKING","brightness":0}
{"deviceid":"b81e905908354542","eventtype":"ambientLight","timestamp":1456248178390,"userid":"vincent.planat@hpe.com","trainingMode":"WALKING","brightness":0}
{"deviceid":"b81e905908354542","eventtype":"ambientLight","timestamp":1456248168241,"userid":"vincent.planat@hpe.com","trainingMode":"WALKING","brightness":0}
{"deviceid":"b81e905908354542","eventtype":"ambientLight","timestamp":1456248180247,"userid":"vincent.planat@hpe.com","trainingMode":"WALKING","brightness":0}
{"deviceid":"b81e905908354542","eventtype":"ambientLight","timestamp":1456248163651,"userid":"vincent.planat@hpe.com","trainingMode":"WALKING","brightness":0}
{"deviceid":"b81e905908354542","eventtype":"ambientLight","timestamp":1456248170888,"userid":"vincent.planat@hpe.com","trainingMode":"WALKING","brightness":0}
{"deviceid":"b81e905908354542","eventtype":"ambientLight","timestamp":1456248154631,"userid":"vincent.planat@hpe.com","trainingMode":"WALKING","brightness":0}
{"deviceid":"b81e905908354542","eventtype":"ambientLight","timestamp":1456248154937,"userid":"vincent.planat@hpe.com","trainingMode":"WALKING","brightness":0}
{"deviceid":"b81e905908354542","eventtype":"ambientLight","timestamp":1456248184866,"userid":"vincent.planat@hpe.com","trainingMode":"WALKING","brightness":0}
{"deviceid":"b81e905908354542","eventtype":"ambientLight","timestamp":1456248143230,"userid":"vincent.planat@hpe.com","trainingMode":"WALKING","brightness":0}
{"deviceid":"b81e905908354542","eventtype":"ambientLight","timestamp":1456248172211,"userid":"vincent.planat@hpe.com","trainingMode":"WALKING","brightness":0}
{"deviceid":"b81e905908354542","eventtype":"ambientLight","timestamp":1456248173832,"userid":"vincent.planat@hpe.com","trainingMode":"WALKING","brightness":0}
{"deviceid":"b81e905908354542","eventtype":"ambientLight","timestamp":1456248174777,"userid":"vincent.planat@hpe.com","trainingMode":"WALKING","brightness":0}
{"deviceid":"b81e905908354542","eventtype":"ambientLight","timestamp":1456248167747,"userid":"vincent.planat@hpe.com","trainingMode":"WALKING","brightness":0}
{"deviceid":"b81e905908354542","eventtype":"ambientLight","timestamp":1456248170455,"userid":"vincent.planat@hpe.com","trainingMode":"WALKING","brightness":0}
{"deviceid":"b81e905908354542","eventtype":"ambientLight","timestamp":1456248180820,"userid":"vincent.planat@hpe.com","trainingMode":"WALKING","brightness":0}
{"deviceid":"b81e905908354542","eventtype":"ambientLight","timestamp":1456248157583,"userid":"vincent.planat@hpe.com","trainingMode":"WALKING","brightness":0}
{"deviceid":"b81e905908354542","eventtype":"ambientLight","timestamp":1456248162024,"userid":"vincent.planat@hpe.com","trainingMode":"WALKING","brightness":0}
{"deviceid":"b81e905908354542","eventtype":"ambientLight","timestamp":1456248156126,"userid":"vincent.planat@hpe.com","trainingMode":"WALKING","brightness":0}
{"deviceid":"b81e905908354542","eventtype":"ambientLight","timestamp":1456248158441,"userid":"vincent.planat@hpe.com","trainingMode":"WALKING","brightness":0}
{"deviceid":"b81e905908354542","eventtype":"ambientLight","timestamp":1456248152433,"userid":"vincent.planat@hpe.com","trainingMode":"WALKING","brightness":0}
{"deviceid":"b81e905908354542","eventtype":"ambientLight","timestamp":1456248149974,"userid":"vincent.planat@hpe.com","trainingMode":"WALKING","brightness":0}
{"deviceid":"b81e905908354542","eventtype":"ambientLight","timestamp":1456248160012,"userid":"vincent.planat@hpe.com","trainingMode":"WALKING","brightness":0}
{"deviceid":"b81e905908354542","eventtype":"ambientLight","timestamp":1456248162812,"userid":"vincent.planat@hpe.com","trainingMode":"WALKING","brightness":0}
{"deviceid":"b81e905908354542","eventtype":"ambientLight","timestamp":1456248180263,"userid":"vincent.planat@hpe.com","trainingMode":"WALKING","brightness":0}
{"deviceid":"b81e905908354542","eventtype":"ambientLight","timestamp":1456248153296,"userid":"vincent.planat@hpe.com","trainingMode":"WALKING","brightness":0}
{"deviceid":"b81e905908354542","eventtype":"ambientLight","timestamp":1456248178029,"userid":"vincent.planat@hpe.com","trainingMode":"WALKING","brightness":0}
{"deviceid":"b81e905908354542","eventtype":"ambientLight","timestamp":1456248151005,"userid":"vincent.planat@hpe.com","trainingMode":"WALKING","brightness":0}
{"deviceid":"b81e905908354542","eventtype":"ambientLight","timestamp":1456248157231,"userid":"vincent.planat@hpe.com","trainingMode":"WALKING","brightness":0}
{"deviceid":"b81e905908354542","eventtype":"ambientLight","timestamp":1456248158952,"userid":"vincent.planat@hpe.com","trainingMode":"WALKING","brightness":0}
{"deviceid":"b81e905908354542","eventtype":"ambientLight","timestamp":1456248181788,"userid":"vincent.planat@hpe.com","trainingMode":"WALKING","brightness":0}
{"deviceid":"b81e905908354542","eventtype":"ambientLight","timestamp":1456248145286,"userid":"vincent.planat@hpe.com","trainingMode":"WALKING","brightness":0}
{"deviceid":"b81e905908354542","eventtype":"ambientLight","timestamp":1456248177184,"userid":"vincent.planat@hpe.com","trainingMode":"WALKING","brightness":0}
{"deviceid":"b81e905908354542","eventtype":"ambientLight","timestamp":1456248162008,"userid":"vincent.planat@hpe.com","trainingMode":"WALKING","brightness":0}
{"deviceid":"b81e905908354542","eventtype":"ambientLight","timestamp":1456248144263,"userid":"vincent.planat@hpe.com","trainingMode":"WALKING","brightness":0}
{"deviceid":"b81e905908354542","eventtype":"ambientLight","timestamp":1456248179239,"userid":"vincent.planat@hpe.com","trainingMode":"WALKING","brightness":0}
{"deviceid":"b81e905908354542","eventtype":"ambientLight","timestamp":1456248150004,"userid":"vincent.planat@hpe.com","trainingMode":"WALKING","brightness":0}
{"deviceid":"b81e905908354542","eventtype":"ambientLight","timestamp":1456248175711,"userid":"vincent.planat@hpe.com","trainingMode":"WALKING","brightness":0}
{"deviceid":"b81e905908354542","eventtype":"ambientLight","timestamp":1456248157247,"userid":"vincent.planat@hpe.com","trainingMode":"WALKING","brightness":0}
{"deviceid":"b81e905908354542","eventtype":"ambientLight","timestamp":1456248171243,"userid":"vincent.planat@hpe.com","trainingMode":"WALKING","brightness":0}
{"deviceid":"b81e905908354542","eventtype":"ambientLight","timestamp":1456248154647,"userid":"vincent.planat@hpe.com","trainingMode":"WALKING","brightness":0}
{"deviceid":"b81e905908354542","eventtype":"ambientLight","timestamp":1456248153735,"userid":"vincent.planat@hpe.com","trainingMode":"WALKING","brightness":0}
{"deviceid":"b81e905908354542","eventtype":"ambientLight","timestamp":1456248148240,"userid":"vincent.planat@hpe.com","trainingMode":"WALKING","brightness":0}
{"deviceid":"b81e905908354542","eventtype":"ambientLight","timestamp":1456248188224,"userid":"vincent.planat@hpe.com","trainingMode":"WALKING","brightness":0}
{"deviceid":"b81e905908354542","eventtype":"ambientLight","timestamp":1456248166792,"userid":"vincent.planat@hpe.com","trainingMode":"WALKING","brightness":0}
{"deviceid":"b81e905908354542","eventtype":"ambientLight","timestamp":1456248165363,"userid":"vincent.planat@hpe.com","trainingMode":"WALKING","brightness":0}
{"deviceid":"b81e905908354542","eventtype":"ambientLight","timestamp":1456248183489,"userid":"vincent.planat@hpe.com","trainingMode":"WALKING","brightness":0}
{"deviceid":"b81e905908354542","eventtype":"ambientLight","timestamp":1456248160307,"userid":"vincent.planat@hpe.com","trainingMode":"WALKING","brightness":0}
{"deviceid":"b81e905908354542","eventtype":"ambientLight","timestamp":1456248170467,"userid":"vincent.planat@hpe.com","trainingMode":"WALKING","brightness":0}
{"deviceid":"b81e905908354542","eventtype":"ambientLight","timestamp":1456248164631,"userid":"vincent.planat@hpe.com","trainingMode":"WALKING","brightness":0}
{"deviceid":"b81e905908354542","eventtype":"ambientLight","timestamp":1456248178373,"userid":"vincent.planat@hpe.com","trainingMode":"WALKING","brightness":0}
{"deviceid":"b81e905908354542","eventtype":"ambientLight","timestamp":1456248153307,"userid":"vincent.planat@hpe.com","trainingMode":"WALKING","brightness":0}
{"deviceid":"b81e905908354542","eventtype":"ambientLight","timestamp":1456248177587,"userid":"vincent.planat@hpe.com","trainingMode":"WALKING","brightness":0}
{"deviceid":"b81e905908354542","eventtype":"ambientLight","timestamp":1456248174799,"userid":"vincent.planat@hpe.com","trainingMode":"WALKING","brightness":0}
{"deviceid":"b81e905908354542","eventtype":"ambientLight","timestamp":1456248164922,"userid":"vincent.planat@hpe.com","trainingMode":"WALKING","brightness":0}
{"deviceid":"b81e905908354542","eventtype":"ambientLight","timestamp":1456248175676,"userid":"vincent.planat@hpe.com","trainingMode":"WALKING","brightness":0}
{"deviceid":"b81e905908354542","eventtype":"ambientLight","timestamp":1456248186490,"userid":"vincent.planat@hpe.com","trainingMode":"WALKING","brightness":0}
{"deviceid":"b81e905908354542","eventtype":"ambientLight","timestamp":1456248173848,"userid":"vincent.planat@hpe.com","trainingMode":"WALKING","brightness":0}
{"deviceid":"b81e905908354542","eventtype":"ambientLight","timestamp":1456248169674,"userid":"vincent.planat@hpe.com","trainingMode":"WALKING","brightness":0}
{"deviceid":"b81e905908354542","eventtype":"ambientLight","timestamp":1456248178784,"userid":"vincent.planat@hpe.com","trainingMode":"WALKING","brightness":0}
{"deviceid":"b81e905908354542","eventtype":"ambientLight","timestamp":1456248184391,"userid":"vincent.planat@hpe.com","trainingMode":"WALKING","brightness":0}
{"deviceid":"b81e905908354542","eventtype":"ambientLight","timestamp":1456248171728,"userid":"vincent.planat@hpe.com","trainingMode":"WALKING","brightness":0}
{"deviceid":"b81e905908354542","eventtype":"ambientLight","timestamp":1456248149373,"userid":"vincent.planat@hpe.com","trainingMode":"WALKING","brightness":0}
{"deviceid":"b81e905908354542","eventtype":"ambientLight","timestamp":1456248188235,"userid":"vincent.planat@hpe.com","trainingMode":"WALKING","brightness":0}
{"deviceid":"b81e905908354542","eventtype":"ambientLight","timestamp":1456248169162,"userid":"vincent.planat@hpe.com","trainingMode":"WALKING","brightness":0}
{"deviceid":"b81e905908354542","eventtype":"ambientLight","timestamp":1456248152046,"userid":"vincent.planat@hpe.com","trainingMode":"WALKING","brightness":0}
{"deviceid":"b81e905908354542","eventtype":"ambientLight","timestamp":1456248164937,"userid":"vincent.planat@hpe.com","trainingMode":"WALKING","brightness":0}
{"deviceid":"b81e905908354542","eventtype":"ambientLight","timestamp":1456248165384,"userid":"vincent.planat@hpe.com","trainingMode":"WALKING","brightness":0}
{"deviceid":"b81e905908354542","eventtype":"ambientLight","timestamp":1456248170034,"userid":"vincent.planat@hpe.com","trainingMode":"WALKING","brightness":0}
{"deviceid":"b81e905908354542","eventtype":"ambientLight","timestamp":1456248150987,"userid":"vincent.planat@hpe.com","trainingMode":"WALKING","brightness":0}
{"deviceid":"b81e905908354542","eventtype":"ambientLight","timestamp":1456248183015,"userid":"vincent.planat@hpe.com","trainingMode":"WALKING","brightness":0}
{"deviceid":"b81e905908354542","eventtype":"ambientLight","timestamp":1456248159510,"userid":"vincent.planat@hpe.com","trainingMode":"WALKING","brightness":0}
{"deviceid":"b81e905908354542","eventtype":"ambientLight","timestamp":1456248142780,"userid":"vincent.planat@hpe.com","trainingMode":"WALKING","brightness":0}
{"deviceid":"b81e905908354542","eventtype":"ambientLight","timestamp":1456248159487,"userid":"vincent.planat@hpe.com","trainingMode":"WALKING","brightness":0}
{"deviceid":"b81e905908354542","eventtype":"ambientLight","timestamp":1456248170902,"userid":"vincent.planat@hpe.com","trainingMode":"WALKING","brightness":0}
{"deviceid":"b81e905908354542","eventtype":"ambientLight","timestamp":1456248174270,"userid":"vincent.planat@hpe.com","trainingMode":"WALKING","brightness":0}
{"deviceid":"b81e905908354542","eventtype":"ambientLight","timestamp":1456248154923,"userid":"vincent.planat@hpe.com","trainingMode":"WALKING","brightness":0}
{"deviceid":"b81e905908354542","eventtype":"ambientLight","timestamp":1456248158112,"userid":"vincent.planat@hpe.com","trainingMode":"WALKING","brightness":0}
{"deviceid":"b81e905908354542","eventtype":"ambientLight","timestamp":1456248146208,"userid":"vincent.planat@hpe.com","trainingMode":"WALKING","brightness":0}
{"deviceid":"b81e905908354542","eventtype":"ambientLight","timestamp":1456248176367,"userid":"vincent.planat@hpe.com","trainingMode":"WALKING","brightness":0}
{"deviceid":"b81e905908354542","eventtype":"ambientLight","timestamp":1456248187874,"userid":"vincent.planat@hpe.com","trainingMode":"WALKING","brightness":0}
{"deviceid":"b81e905908354542","eventtype":"ambientLight","timestamp":1456248186477,"userid":"vincent.planat@hpe.com","trainingMode":"WALKING","brightness":0}
{"deviceid":"b81e905908354542","eventtype":"ambientLight","timestamp":1456248146750,"userid":"vincent.planat@hpe.com","trainingMode":"WALKING","brightness":0}
{"deviceid":"b81e905908354542","eventtype":"ambientLight","timestamp":1456248185797,"userid":"vincent.planat@hpe.com","trainingMode":"WALKING","brightness":0}
{"deviceid":"b81e905908354542","eventtype":"ambientLight","timestamp":1456248173236,"userid":"vincent.planat@hpe.com","trainingMode":"WALKING","brightness":0}
{"deviceid":"b81e905908354542","eventtype":"ambientLight","timestamp":1456248165776,"userid":"vincent.planat@hpe.com","trainingMode":"WALKING","brightness":0}
{"deviceid":"b81e905908354542","eventtype":"ambientLight","timestamp":1456248150459,"userid":"vincent.planat@hpe.com","trainingMode":"WALKING","brightness":0}
{"deviceid":"b81e905908354542","eventtype":"ambientLight","timestamp":1456248145742,"userid":"vincent.planat@hpe.com","trainingMode":"WALKING","brightness":0}
{"deviceid":"b81e905908354542","eventtype":"ambientLight","timestamp":1456248181290,"userid":"vincent.planat@hpe.com","trainingMode":"WALKING","brightness":0}
{"deviceid":"b81e905908354542","eventtype":"ambientLight","timestamp":1456248178796,"userid":"vincent.planat@hpe.com","trainingMode":"WALKING","brightness":0}
{"deviceid":"b81e905908354542","eventtype":"ambientLight","timestamp":1456248176799,"userid":"vincent.planat@hpe.com","trainingMode":"WALKING","brightness":0}
{"deviceid":"b81e905908354542","eventtype":"ambientLight","timestamp":1456248142345,"userid":"vincent.planat@hpe.com","trainingMode":"WALKING","brightness":0}
{"deviceid":"b81e905908354542","eventtype":"ambientLight","timestamp":1456248152894,"userid":"vincent.planat@hpe.com","trainingMode":"WALKING","brightness":0}
{"deviceid":"b81e905908354542","eventtype":"ambientLight","timestamp":1456248176781,"userid":"vincent.planat@hpe.com","trainingMode":"WALKING","brightness":0}
{"deviceid":"b81e905908354542","eventtype":"ambientLight","timestamp":1456248145262,"userid":"vincent.planat@hpe.com","trainingMode":"WALKING","brightness":0}
{"deviceid":"b81e905908354542","eventtype":"ambientLight","timestamp":1456248166301,"userid":"vincent.planat@hpe.com","trainingMode":"WALKING","brightness":0}
{"deviceid":"b81e905908354542","eventtype":"ambientLight","timestamp":1456248163637,"userid":"vincent.planat@hpe.com","trainingMode":"WALKING","brightness":0}
{"deviceid":"b81e905908354542","eventtype":"ambientLight","timestamp":1456248149406,"userid":"vincent.planat@hpe.com","trainingMode":"WALKING","brightness":0}
{"deviceid":"b81e905908354542","eventtype":"ambientLight","timestamp":1456248152879,"userid":"vincent.planat@hpe.com","trainingMode":"WALKING","brightness":0}
{"deviceid":"b81e905908354542","eventtype":"ambientLight","timestamp":1456248161641,"userid":"vincent.planat@hpe.com","trainingMode":"WALKING","brightness":0}
{"deviceid":"b81e905908354542","eventtype":"ambientLight","timestamp":1456248181309,"userid":"vincent.planat@hpe.com","trainingMode":"WALKING","brightness":0}
{"deviceid":"b81e905908354542","eventtype":"ambientLight","timestamp":1456248177167,"userid":"vincent.planat@hpe.com","trainingMode":"WALKING","brightness":0}
{"deviceid":"b81e905908354542","eventtype":"ambientLight","timestamp":1456248146762,"userid":"vincent.planat@hpe.com","trainingMode":"WALKING","brightness":0}
{"deviceid":"b81e905908354542","eventtype":"ambientLight","timestamp":1456248151491,"userid":"vincent.planat@hpe.com","trainingMode":"WALKING","brightness":0}
