{"deviceid":"b81e905908354542","eventtype":"ambientLight","timestamp":1456248509826,"userid":"vincent.planat@hpe.com","trainingMode":"WALKING","brightness":76}
{"deviceid":"b81e905908354542","eventtype":"ambientLight","timestamp":1456248507612,"userid":"vincent.planat@hpe.com","trainingMode":"WALKING","brightness":72}
{"deviceid":"b81e905908354542","eventtype":"ambientLight","timestamp":1456248519838,"userid":"vincent.planat@hpe.com","trainingMode":"WALKING","brightness":74}
{"deviceid":"b81e905908354542","eventtype":"ambientLight","timestamp":1456248541933,"userid":"vincent.planat@hpe.com","trainingMode":"WALKING_UP","brightness":59}
{"deviceid":"b81e905908354542","eventtype":"ambientLight","timestamp":1456248527629,"userid":"vincent.planat@hpe.com","trainingMode":"WALKING","brightness":182}
{"deviceid":"b81e905908354542","eventtype":"ambientLight","timestamp":1456248517059,"userid":"vincent.planat@hpe.com","trainingMode":"WALKING","brightness":71}
{"deviceid":"b81e905908354542","eventtype":"ambientLight","timestamp":1456248546862,"userid":"vincent.planat@hpe.com","trainingMode":"WALKING_UP","brightness":47}
{"deviceid":"b81e905908354542","eventtype":"ambientLight","timestamp":1456248548913,"userid":"vincent.planat@hpe.com","trainingMode":"WALKING_UP","brightness":39}
{"deviceid":"b81e905908354542","eventtype":"ambientLight","timestamp":1456248533381,"userid":"vincent.planat@hpe.com","trainingMode":"WALKING","brightness":132}
{"deviceid":"b81e905908354542","eventtype":"ambientLight","timestamp":1456248547467,"userid":"vincent.planat@hpe.com","trainingMode":"WALKING_UP","brightness":31}
{"deviceid":"b81e905908354542","eventtype":"ambientLight","timestamp":1456248515331,"userid":"vincent.planat@hpe.com","trainingMode":"WALKING","brightness":70}
{"deviceid":"b81e905908354542","eventtype":"ambientLight","timestamp":1456248515854,"userid":"vincent.planat@hpe.com","trainingMode":"WALKING","brightness":50}
{"deviceid":"b81e905908354542","eventtype":"ambientLight","timestamp":1456248539219,"userid":"vincent.planat@hpe.com","trainingMode":"NONE","brightness":7}
{"deviceid":"b81e905908354542","eventtype":"ambientLight","timestamp":1456248523317,"userid":"vincent.planat@hpe.com","trainingMode":"WALKING","brightness":79}
{"deviceid":"b81e905908354542","eventtype":"ambientLight","timestamp":1456248532429,"userid":"vincent.planat@hpe.com","trainingMode":"WALKING","brightness":47}
{"deviceid":"b81e905908354542","eventtype":"ambientLight","timestamp":1456248518826,"userid":"vincent.planat@hpe.com","trainingMode":"WALKING","brightness":106}
{"deviceid":"b81e905908354542","eventtype":"ambientLight","timestamp":1456248544633,"userid":"vincent.planat@hpe.com","trainingMode":"WALKING_UP","brightness":37}
{"deviceid":"b81e905908354542","eventtype":"ambientLight","timestamp":1456248543437,"userid":"vincent.planat@hpe.com","trainingMode":"WALKING_UP","brightness":36}
{"deviceid":"b81e905908354542","eventtype":"ambientLight","timestamp":1456248533910,"userid":"vincent.planat@hpe.com","trainingMode":"NONE","brightness":136}
{"deviceid":"b81e905908354542","eventtype":"ambientLight","timestamp":1456248521651,"userid":"vincent.planat@hpe.com","trainingMode":"WALKING","brightness":50}
{"deviceid":"b81e905908354542","eventtype":"ambientLight","timestamp":1456248508831,"userid":"vincent.planat@hpe.com","trainingMode":"WALKING","brightness":52}
{"deviceid":"b81e905908354542","eventtype":"ambientLight","timestamp":1456248533405,"userid":"vincent.planat@hpe.com","trainingMode":"WALKING","brightness":132}
{"deviceid":"b81e905908354542","eventtype":"ambientLight","timestamp":1456248539195,"userid":"vincent.planat@hpe.com","trainingMode":"NONE","brightness":7}
{"deviceid":"b81e905908354542","eventtype":"ambientLight","timestamp":1456248509369,"userid":"vincent.planat@hpe.com","trainingMode":"WALKING","brightness":38}
{"deviceid":"b81e905908354542","eventtype":"ambientLight","timestamp":1456248534403,"userid":"vincent.planat@hpe.com","trainingMode":"NONE","brightness":37}
{"deviceid":"b81e905908354542","eventtype":"ambientLight","timestamp":1456248528045,"userid":"vincent.planat@hpe.com","trainingMode":"WALKING","brightness":106}
{"deviceid":"b81e905908354542","eventtype":"ambientLight","timestamp":1456248515348,"userid":"vincent.planat@hpe.com","trainingMode":"WALKING","brightness":70}
{"deviceid":"b81e905908354542","eventtype":"ambientLight","timestamp":1456248545525,"userid":"vincent.planat@hpe.com","trainingMode":"WALKING_UP","brightness":43}
{"deviceid":"b81e905908354542","eventtype":"ambientLight","timestamp":1456248538382,"userid":"vincent.planat@hpe.com","trainingMode":"NONE","brightness":27}
{"deviceid":"b81e905908354542","eventtype":"ambientLight","timestamp":1456248509824,"userid":"vincent.planat@hpe.com","trainingMode":"WALKING","brightness":76}
{"deviceid":"b81e905908354542","eventtype":"ambientLight","timestamp":1456248546370,"userid":"vincent.planat@hpe.com","trainingMode":"WALKING_UP","brightness":49}
{"deviceid":"b81e905908354542","eventtype":"ambientLight","timestamp":1456248531977,"userid":"vincent.planat@hpe.com","trainingMode":"WALKING","brightness":112}
{"deviceid":"b81e905908354542","eventtype":"ambientLight","timestamp":1456248544654,"userid":"vincent.planat@hpe.com","trainingMode":"WALKING_UP","brightness":37}
{"deviceid":"b81e905908354542","eventtype":"ambientLight","timestamp":1456248512836,"userid":"vincent.planat@hpe.com","trainingMode":"WALKING","brightness":202}
{"deviceid":"b81e905908354542","eventtype":"ambientLight","timestamp":1456248539921,"userid":"vincent.planat@hpe.com","trainingMode":"NONE","brightness":37}
{"deviceid":"b81e905908354542","eventtype":"ambientLight","timestamp":1456248512837,"userid":"vincent.planat@hpe.com","trainingMode":"WALKING","brightness":202}
{"deviceid":"b81e905908354542","eventtype":"ambientLight","timestamp":1456248518453,"userid":"vincent.planat@hpe.com","trainingMode":"WALKING","brightness":47}
{"deviceid":"b81e905908354542","eventtype":"ambientLight","timestamp":1456248526343,"userid":"vincent.planat@hpe.com","trainingMode":"WALKING","brightness":169}
{"deviceid":"b81e905908354542","eventtype":"ambientLight","timestamp":1456248536891,"userid":"vincent.planat@hpe.com","trainingMode":"NONE","brightness":38}
{"deviceid":"b81e905908354542","eventtype":"ambientLight","timestamp":1456248517867,"userid":"vincent.planat@hpe.com","trainingMode":"WALKING","brightness":38}
{"deviceid":"b81e905908354542","eventtype":"ambientLight","timestamp":1456248545540,"userid":"vincent.planat@hpe.com","trainingMode":"WALKING_UP","brightness":43}
{"deviceid":"b81e905908354542","eventtype":"ambientLight","timestamp":1456248507171,"userid":"vincent.planat@hpe.com","trainingMode":"WALKING","brightness":85}
{"deviceid":"b81e905908354542","eventtype":"ambientLight","timestamp":1456248511832,"userid":"vincent.planat@hpe.com","trainingMode":"WALKING","brightness":73}
{"deviceid":"b81e905908354542","eventtype":"ambientLight","timestamp":1456248538851,"userid":"vincent.planat@hpe.com","trainingMode":"NONE","brightness":3}
{"deviceid":"b81e905908354542","eventtype":"ambientLight","timestamp":1456248510455,"userid":"vincent.planat@hpe.com","trainingMode":"WALKING","brightness":73}
{"deviceid":"b81e905908354542","eventtype":"ambientLight","timestamp":1456248539616,"userid":"vincent.planat@hpe.com","trainingMode":"NONE","brightness":27}
{"deviceid":"b81e905908354542","eventtype":"ambientLight","timestamp":1456248514526,"userid":"vincent.planat@hpe.com","trainingMode":"WALKING","brightness":134}
{"deviceid":"b81e905908354542","eventtype":"ambientLight","timestamp":1456248523698,"userid":"vincent.planat@hpe.com","trainingMode":"WALKING","brightness":136}
{"deviceid":"b81e905908354542","eventtype":"ambientLight","timestamp":1456248518467,"userid":"vincent.planat@hpe.com","trainingMode":"WALKING","brightness":47}
{"deviceid":"b81e905908354542","eventtype":"ambientLight","timestamp":1456248516240,"userid":"vincent.planat@hpe.com","trainingMode":"WALKING","brightness":63}
{"deviceid":"b81e905908354542","eventtype":"ambientLight","timestamp":1456248516675,"userid":"vincent.planat@hpe.com","trainingMode":"WALKING","brightness":50}
{"deviceid":"b81e905908354542","eventtype":"ambientLight","timestamp":1456248518828,"userid":"vincent.planat@hpe.com","trainingMode":"WALKING","brightness":106}
{"deviceid":"b81e905908354542","eventtype":"ambientLight","timestamp":1456248542475,"userid":"vincent.planat@hpe.com","trainingMode":"WALKING_UP","brightness":41}
{"deviceid":"b81e905908354542","eventtype":"ambientLight","timestamp":1456248509352,"userid":"vincent.planat@hpe.com","trainingMode":"WALKING","brightness":38}
{"deviceid":"b81e905908354542","eventtype":"ambientLight","timestamp":1456248533906,"userid":"vincent.planat@hpe.com","trainingMode":"NONE","brightness":136}
{"deviceid":"b81e905908354542","eventtype":"ambientLight","timestamp":1456248544166,"userid":"vincent.planat@hpe.com","trainingMode":"WALKING_UP","brightness":33}
{"deviceid":"b81e905908354542","eventtype":"ambientLight","timestamp":1456248510894,"userid":"vincent.planat@hpe.com","trainingMode":"WALKING","brightness":63}
{"deviceid":"b81e905908354542","eventtype":"ambientLight","timestamp":1456248530420,"userid":"vincent.planat@hpe.com","trainingMode":"WALKING","brightness":131}
{"deviceid":"b81e905908354542","eventtype":"ambientLight","timestamp":1456248541449,"userid":"vincent.planat@hpe.com","trainingMode":"WALKING_UP","brightness":30}
{"deviceid":"b81e905908354542","eventtype":"ambientLight","timestamp":1456248522421,"userid":"vincent.planat@hpe.com","trainingMode":"WALKING","brightness":91}
{"deviceid":"b81e905908354542","eventtype":"ambientLight","timestamp":1456248508022,"userid":"vincent.planat@hpe.com","trainingMode":"WALKING","brightness":75}
{"deviceid":"b81e905908354542","eventtype":"ambientLight","timestamp":1456248519838,"userid":"vincent.planat@hpe.com","trainingMode":"WALKING","brightness":74}
{"deviceid":"b81e905908354542","eventtype":"ambientLight","timestamp":1456248524118,"userid":"vincent.planat@hpe.com","trainingMode":"WALKING","brightness":133}
{"deviceid":"b81e905908354542","eventtype":"ambientLight","timestamp":1456248517880,"userid":"vincent.planat@hpe.com","trainingMode":"WALKING","brightness":38}
{"deviceid":"b81e905908354542","eventtype":"ambientLight","timestamp":1456248547480,"userid":"vincent.planat@hpe.com","trainingMode":"WALKING_UP","brightness":31}
{"deviceid":"b81e905908354542","eventtype":"ambientLight","timestamp":1456248530860,"userid":"vincent.planat@hpe.com","trainingMode":"WALKING","brightness":66}
{"deviceid":"b81e905908354542","eventtype":"ambientLight","timestamp":1456248526901,"userid":"vincent.planat@hpe.com","trainingMode":"WALKING","brightness":175}
{"deviceid":"b81e905908354542","eventtype":"ambientLight","timestamp":1456248548925,"userid":"vincent.planat@hpe.com","trainingMode":"WALKING_UP","brightness":39}
{"deviceid":"b81e905908354542","eventtype":"ambientLight","timestamp":1456248539602,"userid":"vincent.planat@hpe.com","trainingMode":"NONE","brightness":27}
{"deviceid":"b81e905908354542","eventtype":"ambientLight","timestamp":1456248532444,"userid":"vincent.planat@hpe.com","trainingMode":"WALKING","brightness":47}
{"deviceid":"b81e905908354542","eventtype":"ambientLight","timestamp":1456248527643,"userid":"vincent.planat@hpe.com","trainingMode":"WALKING","brightness":182}
{"deviceid":"b81e905908354542","eventtype":"ambientLight","timestamp":1456248525893,"userid":"vincent.planat@hpe.com","trainingMode":"WALKING","brightness":134}
{"deviceid":"b81e905908354542","eventtype":"ambientLight","timestamp":1456248515869,"userid":"vincent.planat@hpe.com","trainingMode":"WALKING","brightness":50}
{"deviceid":"b81e905908354542","eventtype":"ambientLight","timestamp":1456248542457,"userid":"vincent.planat@hpe.com","trainingMode":"WALKING_UP","brightness":41}
{"deviceid":"b81e905908354542","eventtype":"ambientLight","timestamp":1456248545964,"userid":"vincent.planat@hpe.com","trainingMode":"WALKING_UP","brightness":53}
{"deviceid":"b81e905908354542","eventtype":"ambientLight","timestamp":1456248545031,"userid":"vincent.planat@hpe.com","trainingMode":"WALKING_UP","brightness":38}
{"deviceid":"b81e905908354542","eventtype":"ambientLight","timestamp":1456248528457,"userid":"vincent.planat@hpe.com","trainingMode":"WALKING","brightness":93}
{"deviceid":"b81e905908354542","eventtype":"ambientLight","timestamp":1456248545048,"userid":"vincent.planat@hpe.com","trainingMode":"WALKING_UP","brightness":38}
{"deviceid":"b81e905908354542","eventtype":"ambientLight","timestamp":1456248539937,"userid":"vincent.planat@hpe.com","trainingMode":"NONE","brightness":37}
{"deviceid":"b81e905908354542","eventtype":"ambientLight","timestamp":1456248521193,"userid":"vincent.planat@hpe.com","trainingMode":"WALKING","brightness":72}
{"deviceid":"b81e905908354542","eventtype":"ambientLight","timestamp":1456248531960,"userid":"vincent.planat@hpe.com","trainingMode":"WALKING","brightness":112}
{"deviceid":"b81e905908354542","eventtype":"ambientLight","timestamp":1456248537965,"userid":"vincent.planat@hpe.com","trainingMode":"NONE","brightness":10}
{"deviceid":"b81e905908354542","eventtype":"ambientLight","timestamp":1456248510875,"userid":"vincent.planat@hpe.com","trainingMode":"WALKING","brightness":63}
{"deviceid":"b81e905908354542","eventtype":"ambientLight","timestamp":1456248508427,"userid":"vincent.planat@hpe.com","trainingMode":"WALKING","brightness":66}
{"deviceid":"b81e905908354542","eventtype":"ambientLight","timestamp":1456248516225,"userid":"vincent.planat@hpe.com","trainingMode":"WALKING","brightness":63}
{"deviceid":"b81e905908354542","eventtype":"ambientLight","timestamp":1456248508000,"userid":"vincent.planat@hpe.com","trainingMode":"WALKING","brightness":75}
{"deviceid":"b81e905908354542","eventtype":"ambientLight","timestamp":1456248548497,"userid":"vincent.planat@hpe.com","trainingMode":"WALKING_UP","brightness":34}
{"deviceid":"b81e905908354542","eventtype":"ambientLight","timestamp":1456248532838,"userid":"vincent.planat@hpe.com","trainingMode":"WALKING","brightness":95}
{"deviceid":"b81e905908354542","eventtype":"ambientLight","timestamp":1456248524893,"userid":"vincent.planat@hpe.com","trainingMode":"WALKING","brightness":97}
{"deviceid":"b81e905908354542","eventtype":"ambientLight","timestamp":1456248529393,"userid":"vincent.planat@hpe.com","trainingMode":"WALKING","brightness":73}
{"deviceid":"b81e905908354542","eventtype":"ambientLight","timestamp":1456248508845,"userid":"vincent.planat@hpe.com","trainingMode":"WALKING","brightness":52}
{"deviceid":"b81e905908354542","eventtype":"ambientLight","timestamp":1456248525345,"userid":"vincent.planat@hpe.com","trainingMode":"WALKING","brightness":125}
{"deviceid":"b81e905908354542","eventtype":"ambientLight","timestamp":1456248536355,"userid":"vincent.planat@hpe.com","trainingMode":"NONE","brightness":132}
{"deviceid":"b81e905908354542","eventtype":"ambientLight","timestamp":1456248538366,"userid":"vincent.planat@hpe.com","trainingMode":"NONE","brightness":27}
{"deviceid":"b81e905908354542","eventtype":"ambientLight","timestamp":1456248522888,"userid":"vincent.planat@hpe.com","trainingMode":"WALKING","brightness":72}
{"deviceid":"b81e905908354542","eventtype":"ambientLight","timestamp":1456248512396,"userid":"vincent.planat@hpe.com","trainingMode":"WALKING","brightness":123}
{"deviceid":"b81e905908354542","eventtype":"ambientLight","timestamp":1456248536359,"userid":"vincent.planat@hpe.com","trainingMode":"NONE","brightness":132}
{"deviceid":"b81e905908354542","eventtype":"ambientLight","timestamp":1456248513356,"userid":"vincent.planat@hpe.com","trainingMode":"WALKING","brightness":170}
{"deviceid":"b81e905908354542","eventtype":"ambientLight","timestamp":1456248528926,"userid":"vincent.planat@hpe.com","trainingMode":"WALKING","brightness":138}
{"deviceid":"b81e905908354542","eventtype":"ambientLight","timestamp":1456248523301,"userid":"vincent.planat@hpe.com","trainingMode":"WALKING","brightness":79}
{"deviceid":"b81e905908354542","eventtype":"ambientLight","timestamp":1456248542873,"userid":"vincent.planat@hpe.com","trainingMode":"WALKING_UP","brightness":45}
{"deviceid":"b81e905908354542","eventtype":"ambientLight","timestamp":1456248506775,"userid":"vincent.planat@hpe.com","trainingMode":"WALKING","brightness":51}
{"deviceid":"b81e905908354542","eventtype":"ambientLight","timestamp":1456248538871,"userid":"vincent.planat@hpe.com","trainingMode":"NONE","brightness":3}
{"deviceid":"b81e905908354542","eventtype":"ambientLight","timestamp":1456248540450,"userid":"vincent.planat@hpe.com","trainingMode":"WALKING_UP","brightness":16}
{"deviceid":"b81e905908354542","eventtype":"ambientLight","timestamp":1456248535959,"userid":"vincent.planat@hpe.com","trainingMode":"NONE","brightness":126}
{"deviceid":"b81e905908354542","eventtype":"ambientLight","timestamp":1456248528024,"userid":"vincent.planat@hpe.com","trainingMode":"WALKING","brightness":106}
{"deviceid":"b81e905908354542","eventtype":"ambientLight","timestamp":1456248543857,"userid":"vincent.planat@hpe.com","trainingMode":"WALKING_UP","brightness":33}
{"deviceid":"b81e905908354542","eventtype":"ambientLight","timestamp":1456248546873,"userid":"vincent.planat@hpe.com","trainingMode":"WALKING_UP","brightness":47}
{"deviceid":"b81e905908354542","eventtype":"ambientLight","timestamp":1456248528910,"userid":"vincent.planat@hpe.com","trainingMode":"WALKING","brightness":138}
{"deviceid":"b81e905908354542","eventtype":"ambientLight","timestamp":1456248531434,"userid":"vincent.planat@hpe.com","trainingMode":"WALKING","brightness":60}
{"deviceid":"b81e905908354542","eventtype":"ambientLight","timestamp":1456248524481,"userid":"vincent.planat@hpe.com","trainingMode":"WALKING","brightness":215}
{"deviceid":"b81e905908354542","eventtype":"ambientLight","timestamp":1456248535943,"userid":"vincent.planat@hpe.com","trainingMode":"NONE","brightness":126}
{"deviceid":"b81e905908354542","eventtype":"ambientLight","timestamp":1456248528474,"userid":"vincent.planat@hpe.com","trainingMode":"WALKING","brightness":93}
{"deviceid":"b81e905908354542","eventtype":"ambientLight","timestamp":1456248543423,"userid":"vincent.planat@hpe.com","trainingMode":"WALKING_UP","brightness":36}
{"deviceid":"b81e905908354542","eventtype":"ambientLight","timestamp":1456248517464,"userid":"vincent.planat@hpe.com","trainingMode":"WALKING","brightness":69}
{"deviceid":"b81e905908354542","eventtype":"ambientLight","timestamp":1456248510406,"userid":"vincent.planat@hpe.com","trainingMode":"WALKING","brightness":73}
{"deviceid":"b81e905908354542","eventtype":"ambientLight","timestamp":1456248530434,"userid":"vincent.planat@hpe.com","trainingMode":"WALKING","brightness":131}
{"deviceid":"b81e905908354542","eventtype":"ambientLight","timestamp":1456248529867,"userid":"vincent.planat@hpe.com","trainingMode":"WALKING","brightness":134}
{"deviceid":"b81e905908354542","eventtype":"ambientLight","timestamp":1456248546355,"userid":"vincent.planat@hpe.com","trainingMode":"WALKING_UP","brightness":49}
{"deviceid":"b81e905908354542","eventtype":"ambientLight","timestamp":1456248524495,"userid":"vincent.planat@hpe.com","trainingMode":"WALKING","brightness":215}
{"deviceid":"b81e905908354542","eventtype":"ambientLight","timestamp":1456248526370,"userid":"vincent.planat@hpe.com","trainingMode":"WALKING","brightness":169}
{"deviceid":"b81e905908354542","eventtype":"ambientLight","timestamp":1456248524880,"userid":"vincent.planat@hpe.com","trainingMode":"WALKING","brightness":97}
{"deviceid":"b81e905908354542","eventtype":"ambientLight","timestamp":1456248531421,"userid":"vincent.planat@hpe.com","trainingMode":"WALKING","brightness":60}
{"deviceid":"b81e905908354542","eventtype":"ambientLight","timestamp":1456248517042,"userid":"vincent.planat@hpe.com","trainingMode":"WALKING","brightness":71}
{"deviceid":"b81e905908354542","eventtype":"ambientLight","timestamp":1456248514927,"userid":"vincent.planat@hpe.com","trainingMode":"WALKING","brightness":91}
{"deviceid":"b81e905908354542","eventtype":"ambientLight","timestamp":1456248511390,"userid":"vincent.planat@hpe.com","trainingMode":"WALKING","brightness":28}
{"deviceid":"b81e905908354542","eventtype":"ambientLight","timestamp":1456248519392,"userid":"vincent.planat@hpe.com","trainingMode":"WALKING","brightness":63}
{"deviceid":"b81e905908354542","eventtype":"ambientLight","timestamp":1456248525873,"userid":"vincent.planat@hpe.com","trainingMode":"WALKING","brightness":134}
{"deviceid":"b81e905908354542","eventtype":"ambientLight","timestamp":1456248507596,"userid":"vincent.planat@hpe.com","trainingMode":"WALKING","brightness":72}
{"deviceid":"b81e905908354542","eventtype":"ambientLight","timestamp":1456248535384,"userid":"vincent.planat@hpe.com","trainingMode":"NONE","brightness":15}
{"deviceid":"b81e905908354542","eventtype":"ambientLight","timestamp":1456248541949,"userid":"vincent.planat@hpe.com","trainingMode":"WALKING_UP","brightness":59}
{"deviceid":"b81e905908354542","eventtype":"ambientLight","timestamp":1456248521633,"userid":"vincent.planat@hpe.com","trainingMode":"WALKING","brightness":50}
{"deviceid":"b81e905908354542","eventtype":"ambientLight","timestamp":1456248534882,"userid":"vincent.planat@hpe.com","trainingMode":"NONE","brightness":24}
{"deviceid":"b81e905908354542","eventtype":"ambientLight","timestamp":1456248536908,"userid":"vincent.planat@hpe.com","trainingMode":"NONE","brightness":38}
{"deviceid":"b81e905908354542","eventtype":"ambientLight","timestamp":1456248534897,"userid":"vincent.planat@hpe.com","trainingMode":"NONE","brightness":24}
{"deviceid":"b81e905908354542","eventtype":"ambientLight","timestamp":1456248541468,"userid":"vincent.planat@hpe.com","trainingMode":"WALKING_UP","brightness":30}
{"deviceid":"b81e905908354542","eventtype":"ambientLight","timestamp":1456248517443,"userid":"vincent.planat@hpe.com","trainingMode":"WALKING","brightness":69}
{"deviceid":"b81e905908354542","eventtype":"ambientLight","timestamp":1456248545947,"userid":"vincent.planat@hpe.com","trainingMode":"WALKING_UP","brightness":53}
{"deviceid":"b81e905908354542","eventtype":"ambientLight","timestamp":1456248522437,"userid":"vincent.planat@hpe.com","trainingMode":"WALKING","brightness":91}
{"deviceid":"b81e905908354542","eventtype":"ambientLight","timestamp":1456248514910,"userid":"vincent.planat@hpe.com","trainingMode":"WALKING","brightness":91}
{"deviceid":"b81e905908354542","eventtype":"ambientLight","timestamp":1456248508409,"userid":"vincent.planat@hpe.com","trainingMode":"WALKING","brightness":66}
{"deviceid":"b81e905908354542","eventtype":"ambientLight","timestamp":1456248548549,"userid":"vincent.planat@hpe.com","trainingMode":"WALKING_UP","brightness":34}
{"deviceid":"b81e905908354542","eventtype":"ambientLight","timestamp":1456248521227,"userid":"vincent.planat@hpe.com","trainingMode":"WALKING","brightness":72}
{"deviceid":"b81e905908354542","eventtype":"ambientLight","timestamp":1456248513373,"userid":"vincent.planat@hpe.com","trainingMode":"WALKING","brightness":170}
{"deviceid":"b81e905908354542","eventtype":"ambientLight","timestamp":1456248522872,"userid":"vincent.planat@hpe.com","trainingMode":"WALKING","brightness":72}
{"deviceid":"b81e905908354542","eventtype":"ambientLight","timestamp":1456248514511,"userid":"vincent.planat@hpe.com","trainingMode":"WALKING","brightness":134}
{"deviceid":"b81e905908354542","eventtype":"ambientLight","timestamp":1456248532839,"userid":"vincent.planat@hpe.com","trainingMode":"WALKING","brightness":95}
{"deviceid":"b81e905908354542","eventtype":"ambientLight","timestamp":1456248529882,"userid":"vincent.planat@hpe.com","trainingMode":"WALKING","brightness":134}
{"deviceid":"b81e905908354542","eventtype":"ambientLight","timestamp":1456248524096,"userid":"vincent.planat@hpe.com","trainingMode":"WALKING","brightness":133}
{"deviceid":"b81e905908354542","eventtype":"ambientLight","timestamp":1456248534412,"userid":"vincent.planat@hpe.com","trainingMode":"NONE","brightness":37}
{"deviceid":"b81e905908354542","eventtype":"ambientLight","timestamp":1456248516661,"userid":"vincent.planat@hpe.com","trainingMode":"WALKING","brightness":50}
{"deviceid":"b81e905908354542","eventtype":"ambientLight","timestamp":1456248537982,"userid":"vincent.planat@hpe.com","trainingMode":"NONE","brightness":10}
{"deviceid":"b81e905908354542","eventtype":"ambientLight","timestamp":1456248511829,"userid":"vincent.planat@hpe.com","trainingMode":"WALKING","brightness":73}
{"deviceid":"b81e905908354542","eventtype":"ambientLight","timestamp":1456248522083,"userid":"vincent.planat@hpe.com","trainingMode":"WALKING","brightness":69}
{"deviceid":"b81e905908354542","eventtype":"ambientLight","timestamp":1456248507151,"userid":"vincent.planat@hpe.com","trainingMode":"WALKING","brightness":85}
{"deviceid":"b81e905908354542","eventtype":"ambientLight","timestamp":1456248542877,"userid":"vincent.planat@hpe.com","trainingMode":"WALKING_UP","brightness":45}
{"deviceid":"b81e905908354542","eventtype":"ambientLight","timestamp":1456248523685,"userid":"vincent.planat@hpe.com","trainingMode":"WALKING","brightness":136}
{"deviceid":"b81e905908354542","eventtype":"ambientLight","timestamp":1456248519360,"userid":"vincent.planat@hpe.com","trainingMode":"WALKING","brightness":63}
{"deviceid":"b81e905908354542","eventtype":"ambientLight","timestamp":1456248547993,"userid":"vincent.planat@hpe.com","trainingMode":"WALKING_UP","brightness":34}
{"deviceid":"b81e905908354542","eventtype":"ambientLight","timestamp":1456248548048,"userid":"vincent.planat@hpe.com","trainingMode":"WALKING_UP","brightness":34}
{"deviceid":"b81e905908354542","eventtype":"ambientLight","timestamp":1456248530858,"userid":"vincent.planat@hpe.com","trainingMode":"WALKING","brightness":66}
{"deviceid":"b81e905908354542","eventtype":"ambientLight","timestamp":1456248525335,"userid":"vincent.planat@hpe.com","trainingMode":"WALKING","brightness":125}
{"deviceid":"b81e905908354542","eventtype":"ambientLight","timestamp":1456248526856,"userid":"vincent.planat@hpe.com","trainingMode":"WALKING","brightness":175}
{"deviceid":"b81e905908354542","eventtype":"ambientLight","timestamp":1456248511407,"userid":"vincent.planat@hpe.com","trainingMode":"WALKING","brightness":28}
{"deviceid":"b81e905908354542","eventtype":"ambientLight","timestamp":1456248540890,"userid":"vincent.planat@hpe.com","trainingMode":"WALKING_UP","brightness":36}
{"deviceid":"b81e905908354542","eventtype":"ambientLight","timestamp":1456248512415,"userid":"vincent.planat@hpe.com","trainingMode":"WALKING","brightness":123}
{"deviceid":"b81e905908354542","eventtype":"ambientLight","timestamp":1456248506822,"userid":"vincent.planat@hpe.com","trainingMode":"WALKING","brightness":51}
{"deviceid":"b81e905908354542","eventtype":"ambientLight","timestamp":1456248540875,"userid":"vincent.planat@hpe.com","trainingMode":"WALKING_UP","brightness":36}
{"deviceid":"b81e905908354542","eventtype":"ambientLight","timestamp":1456248535398,"userid":"vincent.planat@hpe.com","trainingMode":"NONE","brightness":15}
{"deviceid":"b81e905908354542","eventtype":"ambientLight","timestamp":1456248529410,"userid":"vincent.planat@hpe.com","trainingMode":"WALKING","brightness":73}
{"deviceid":"b81e905908354542","eventtype":"ambientLight","timestamp":1456248540485,"userid":"vincent.planat@hpe.com","trainingMode":"WALKING_UP","brightness":16}
{"deviceid":"b81e905908354542","eventtype":"ambientLight","timestamp":1456248522110,"userid":"vincent.planat@hpe.com","trainingMode":"WALKING","brightness":69}
