{"deviceid":"b81e905908354542","eventtype":"barometer","timestamp":1456248179890,"userid":"vincent.planat@hpe.com","trainingMode":"WALKING","airPressure":990.296875,"temperature":35.183333}
{"deviceid":"b81e905908354542","eventtype":"barometer","timestamp":1456248164173,"userid":"vincent.planat@hpe.com","trainingMode":"WALKING","airPressure":990.254883,"temperature":35.23125}
{"deviceid":"b81e905908354542","eventtype":"barometer","timestamp":1456248176479,"userid":"vincent.planat@hpe.com","trainingMode":"WALKING","airPressure":990.397461,"temperature":35.19375}
{"deviceid":"b81e905908354542","eventtype":"barometer","timestamp":1456248161365,"userid":"vincent.planat@hpe.com","trainingMode":"WALKING","airPressure":990.25293,"temperature":35.241667}
{"deviceid":"b81e905908354542","eventtype":"barometer","timestamp":1456248186034,"userid":"vincent.planat@hpe.com","trainingMode":"WALKING","airPressure":990.258057,"temperature":35.160417}
{"deviceid":"b81e905908354542","eventtype":"barometer","timestamp":1456248158656,"userid":"vincent.planat@hpe.com","trainingMode":"WALKING","airPressure":990.338867,"temperature":35.25625}
{"deviceid":"b81e905908354542","eventtype":"barometer","timestamp":1456248178120,"userid":"vincent.planat@hpe.com","trainingMode":"WALKING","airPressure":990.340576,"temperature":35.189583}
{"deviceid":"b81e905908354542","eventtype":"barometer","timestamp":1456248160536,"userid":"vincent.planat@hpe.com","trainingMode":"WALKING","airPressure":990.300049,"temperature":35.245833}
{"deviceid":"b81e905908354542","eventtype":"barometer","timestamp":1456248176453,"userid":"vincent.planat@hpe.com","trainingMode":"WALKING","airPressure":990.397461,"temperature":35.19375}
{"deviceid":"b81e905908354542","eventtype":"barometer","timestamp":1456248156870,"userid":"vincent.planat@hpe.com","trainingMode":"WALKING","airPressure":990.297852,"temperature":35.2625}
{"deviceid":"b81e905908354542","eventtype":"barometer","timestamp":1456248177308,"userid":"vincent.planat@hpe.com","trainingMode":"WALKING","airPressure":990.340576,"temperature":35.189583}
{"deviceid":"b81e905908354542","eventtype":"barometer","timestamp":1456248142896,"userid":"vincent.planat@hpe.com","trainingMode":"WALKING","airPressure":990.29834,"temperature":35.295833}
{"deviceid":"b81e905908354542","eventtype":"barometer","timestamp":1456248153435,"userid":"vincent.planat@hpe.com","trainingMode":"WALKING","airPressure":990.302002,"temperature":35.26875}
{"deviceid":"b81e905908354542","eventtype":"barometer","timestamp":1456248149560,"userid":"vincent.planat@hpe.com","trainingMode":"WALKING","airPressure":990.325928,"temperature":35.283333}
{"deviceid":"b81e905908354542","eventtype":"barometer","timestamp":1456248169311,"userid":"vincent.planat@hpe.com","trainingMode":"WALKING","airPressure":990.342285,"temperature":35.210417}
{"deviceid":"b81e905908354542","eventtype":"barometer","timestamp":1456248171894,"userid":"vincent.planat@hpe.com","trainingMode":"WALKING","airPressure":990.270508,"temperature":35.197917}
{"deviceid":"b81e905908354542","eventtype":"barometer","timestamp":1456248178106,"userid":"vincent.planat@hpe.com","trainingMode":"WALKING","airPressure":990.340576,"temperature":35.189583}
{"deviceid":"b81e905908354542","eventtype":"barometer","timestamp":1456248165958,"userid":"vincent.planat@hpe.com","trainingMode":"WALKING","airPressure":990.302734,"temperature":35.225}
{"deviceid":"b81e905908354542","eventtype":"barometer","timestamp":1456248150635,"userid":"vincent.planat@hpe.com","trainingMode":"WALKING","airPressure":990.335938,"temperature":35.283333}
{"deviceid":"b81e905908354542","eventtype":"barometer","timestamp":1456248149542,"userid":"vincent.planat@hpe.com","trainingMode":"WALKING","airPressure":990.325928,"temperature":35.283333}
{"deviceid":"b81e905908354542","eventtype":"barometer","timestamp":1456248141932,"userid":"vincent.planat@hpe.com","trainingMode":"WALKING","airPressure":990.310547,"temperature":35.291667}
{"deviceid":"b81e905908354542","eventtype":"barometer","timestamp":1456248173939,"userid":"vincent.planat@hpe.com","trainingMode":"WALKING","airPressure":990.354492,"temperature":35.197917}
{"deviceid":"b81e905908354542","eventtype":"barometer","timestamp":1456248178918,"userid":"vincent.planat@hpe.com","trainingMode":"WALKING","airPressure":990.29541,"temperature":35.183333}
{"deviceid":"b81e905908354542","eventtype":"barometer","timestamp":1456248166961,"userid":"vincent.planat@hpe.com","trainingMode":"WALKING","airPressure":990.313232,"temperature":35.216667}
{"deviceid":"b81e905908354542","eventtype":"barometer","timestamp":1456248172885,"userid":"vincent.planat@hpe.com","trainingMode":"WALKING","airPressure":990.324707,"temperature":35.197917}
{"deviceid":"b81e905908354542","eventtype":"barometer","timestamp":1456248177322,"userid":"vincent.planat@hpe.com","trainingMode":"WALKING","airPressure":990.340576,"temperature":35.189583}
{"deviceid":"b81e905908354542","eventtype":"barometer","timestamp":1456248165974,"userid":"vincent.planat@hpe.com","trainingMode":"WALKING","airPressure":990.302734,"temperature":35.225}
{"deviceid":"b81e905908354542","eventtype":"barometer","timestamp":1456248180903,"userid":"vincent.planat@hpe.com","trainingMode":"WALKING","airPressure":990.311035,"temperature":35.18125}
{"deviceid":"b81e905908354542","eventtype":"barometer","timestamp":1456248174921,"userid":"vincent.planat@hpe.com","trainingMode":"WALKING","airPressure":990.35083,"temperature":35.195833}
{"deviceid":"b81e905908354542","eventtype":"barometer","timestamp":1456248151714,"userid":"vincent.planat@hpe.com","trainingMode":"WALKING","airPressure":990.325195,"temperature":35.279167}
{"deviceid":"b81e905908354542","eventtype":"barometer","timestamp":1456248171917,"userid":"vincent.planat@hpe.com","trainingMode":"WALKING","airPressure":990.270508,"temperature":35.197917}
{"deviceid":"b81e905908354542","eventtype":"barometer","timestamp":1456248143916,"userid":"vincent.planat@hpe.com","trainingMode":"WALKING","airPressure":990.291992,"temperature":35.291667}
{"deviceid":"b81e905908354542","eventtype":"barometer","timestamp":1456248171025,"userid":"vincent.planat@hpe.com","trainingMode":"WALKING","airPressure":990.302734,"temperature":35.208333}
{"deviceid":"b81e905908354542","eventtype":"barometer","timestamp":1456248156845,"userid":"vincent.planat@hpe.com","trainingMode":"WALKING","airPressure":990.297852,"temperature":35.2625}
{"deviceid":"b81e905908354542","eventtype":"barometer","timestamp":1456248153410,"userid":"vincent.planat@hpe.com","trainingMode":"WALKING","airPressure":990.302002,"temperature":35.26875}
{"deviceid":"b81e905908354542","eventtype":"barometer","timestamp":1456248175142,"userid":"vincent.planat@hpe.com","trainingMode":"WALKING","airPressure":990.35083,"temperature":35.195833}
{"deviceid":"b81e905908354542","eventtype":"barometer","timestamp":1456248157793,"userid":"vincent.planat@hpe.com","trainingMode":"WALKING","airPressure":990.322266,"temperature":35.2625}
{"deviceid":"b81e905908354542","eventtype":"barometer","timestamp":1456248167874,"userid":"vincent.planat@hpe.com","trainingMode":"WALKING","airPressure":990.351074,"temperature":35.21875}
{"deviceid":"b81e905908354542","eventtype":"barometer","timestamp":1456248182197,"userid":"vincent.planat@hpe.com","trainingMode":"WALKING","airPressure":990.30542,"temperature":35.177083}
{"deviceid":"b81e905908354542","eventtype":"barometer","timestamp":1456248145892,"userid":"vincent.planat@hpe.com","trainingMode":"WALKING","airPressure":990.279053,"temperature":35.285417}
{"deviceid":"b81e905908354542","eventtype":"barometer","timestamp":1456248145935,"userid":"vincent.planat@hpe.com","trainingMode":"WALKING","airPressure":990.279053,"temperature":35.285417}
{"deviceid":"b81e905908354542","eventtype":"barometer","timestamp":1456248167853,"userid":"vincent.planat@hpe.com","trainingMode":"WALKING","airPressure":990.351074,"temperature":35.21875}
{"deviceid":"b81e905908354542","eventtype":"barometer","timestamp":1456248166947,"userid":"vincent.planat@hpe.com","trainingMode":"WALKING","airPressure":990.313232,"temperature":35.216667}
{"deviceid":"b81e905908354542","eventtype":"barometer","timestamp":1456248165086,"userid":"vincent.planat@hpe.com","trainingMode":"WALKING","airPressure":990.29126,"temperature":35.229167}
{"deviceid":"b81e905908354542","eventtype":"barometer","timestamp":1456248182170,"userid":"vincent.planat@hpe.com","trainingMode":"WALKING","airPressure":990.30542,"temperature":35.177083}
{"deviceid":"b81e905908354542","eventtype":"barometer","timestamp":1456248172871,"userid":"vincent.planat@hpe.com","trainingMode":"WALKING","airPressure":990.324707,"temperature":35.197917}
{"deviceid":"b81e905908354542","eventtype":"barometer","timestamp":1456248186995,"userid":"vincent.planat@hpe.com","trainingMode":"WALKING","airPressure":990.32251,"temperature":35.1625}
{"deviceid":"b81e905908354542","eventtype":"barometer","timestamp":1456248187982,"userid":"vincent.planat@hpe.com","trainingMode":"WALKING","airPressure":990.266602,"temperature":35.158333}
{"deviceid":"b81e905908354542","eventtype":"barometer","timestamp":1456248169296,"userid":"vincent.planat@hpe.com","trainingMode":"WALKING","airPressure":990.342285,"temperature":35.210417}
{"deviceid":"b81e905908354542","eventtype":"barometer","timestamp":1456248161382,"userid":"vincent.planat@hpe.com","trainingMode":"WALKING","airPressure":990.25293,"temperature":35.241667}
{"deviceid":"b81e905908354542","eventtype":"barometer","timestamp":1456248155102,"userid":"vincent.planat@hpe.com","trainingMode":"WALKING","airPressure":990.28833,"temperature":35.2625}
{"deviceid":"b81e905908354542","eventtype":"barometer","timestamp":1456248154264,"userid":"vincent.planat@hpe.com","trainingMode":"WALKING","airPressure":990.271729,"temperature":35.270833}
{"deviceid":"b81e905908354542","eventtype":"barometer","timestamp":1456248148020,"userid":"vincent.planat@hpe.com","trainingMode":"WALKING","airPressure":990.30957,"temperature":35.285417}
{"deviceid":"b81e905908354542","eventtype":"barometer","timestamp":1456248187997,"userid":"vincent.planat@hpe.com","trainingMode":"WALKING","airPressure":990.266602,"temperature":35.158333}
{"deviceid":"b81e905908354542","eventtype":"barometer","timestamp":1456248144882,"userid":"vincent.planat@hpe.com","trainingMode":"WALKING","airPressure":990.251221,"temperature":35.289583}
{"deviceid":"b81e905908354542","eventtype":"barometer","timestamp":1456248184025,"userid":"vincent.planat@hpe.com","trainingMode":"WALKING","airPressure":990.240234,"temperature":35.16875}
{"deviceid":"b81e905908354542","eventtype":"barometer","timestamp":1456248143926,"userid":"vincent.planat@hpe.com","trainingMode":"WALKING","airPressure":990.291992,"temperature":35.291667}
{"deviceid":"b81e905908354542","eventtype":"barometer","timestamp":1456248160523,"userid":"vincent.planat@hpe.com","trainingMode":"WALKING","airPressure":990.300049,"temperature":35.245833}
{"deviceid":"b81e905908354542","eventtype":"barometer","timestamp":1456248183164,"userid":"vincent.planat@hpe.com","trainingMode":"WALKING","airPressure":990.241211,"temperature":35.16875}
{"deviceid":"b81e905908354542","eventtype":"barometer","timestamp":1456248163305,"userid":"vincent.planat@hpe.com","trainingMode":"WALKING","airPressure":990.324707,"temperature":35.235417}
{"deviceid":"b81e905908354542","eventtype":"barometer","timestamp":1456248184044,"userid":"vincent.planat@hpe.com","trainingMode":"WALKING","airPressure":990.240234,"temperature":35.16875}
{"deviceid":"b81e905908354542","eventtype":"barometer","timestamp":1456248187012,"userid":"vincent.planat@hpe.com","trainingMode":"WALKING","airPressure":990.32251,"temperature":35.1625}
{"deviceid":"b81e905908354542","eventtype":"barometer","timestamp":1456248152572,"userid":"vincent.planat@hpe.com","trainingMode":"WALKING","airPressure":990.324951,"temperature":35.279167}
{"deviceid":"b81e905908354542","eventtype":"barometer","timestamp":1456248150664,"userid":"vincent.planat@hpe.com","trainingMode":"WALKING","airPressure":990.335938,"temperature":35.283333}
{"deviceid":"b81e905908354542","eventtype":"barometer","timestamp":1456248180917,"userid":"vincent.planat@hpe.com","trainingMode":"WALKING","airPressure":990.311035,"temperature":35.18125}
{"deviceid":"b81e905908354542","eventtype":"barometer","timestamp":1456248173925,"userid":"vincent.planat@hpe.com","trainingMode":"WALKING","airPressure":990.354492,"temperature":35.197917}
{"deviceid":"b81e905908354542","eventtype":"barometer","timestamp":1456248164193,"userid":"vincent.planat@hpe.com","trainingMode":"WALKING","airPressure":990.254883,"temperature":35.23125}
{"deviceid":"b81e905908354542","eventtype":"barometer","timestamp":1456248158642,"userid":"vincent.planat@hpe.com","trainingMode":"WALKING","airPressure":990.338867,"temperature":35.25625}
{"deviceid":"b81e905908354542","eventtype":"barometer","timestamp":1456248144897,"userid":"vincent.planat@hpe.com","trainingMode":"WALKING","airPressure":990.251221,"temperature":35.289583}
{"deviceid":"b81e905908354542","eventtype":"barometer","timestamp":1456248157809,"userid":"vincent.planat@hpe.com","trainingMode":"WALKING","airPressure":990.322266,"temperature":35.2625}
{"deviceid":"b81e905908354542","eventtype":"barometer","timestamp":1456248170182,"userid":"vincent.planat@hpe.com","trainingMode":"WALKING","airPressure":990.30542,"temperature":35.208333}
{"deviceid":"b81e905908354542","eventtype":"barometer","timestamp":1456248162440,"userid":"vincent.planat@hpe.com","trainingMode":"WALKING","airPressure":990.31665,"temperature":35.239583}
{"deviceid":"b81e905908354542","eventtype":"barometer","timestamp":1456248163326,"userid":"vincent.planat@hpe.com","trainingMode":"WALKING","airPressure":990.324707,"temperature":35.235417}
{"deviceid":"b81e905908354542","eventtype":"barometer","timestamp":1456248184895,"userid":"vincent.planat@hpe.com","trainingMode":"WALKING","airPressure":990.310059,"temperature":35.164583}
{"deviceid":"b81e905908354542","eventtype":"barometer","timestamp":1456248159632,"userid":"vincent.planat@hpe.com","trainingMode":"WALKING","airPressure":990.325928,"temperature":35.247917}
{"deviceid":"b81e905908354542","eventtype":"barometer","timestamp":1456248171011,"userid":"vincent.planat@hpe.com","trainingMode":"WALKING","airPressure":990.302734,"temperature":35.208333}
{"deviceid":"b81e905908354542","eventtype":"barometer","timestamp":1456248151743,"userid":"vincent.planat@hpe.com","trainingMode":"WALKING","airPressure":990.325195,"temperature":35.279167}
{"deviceid":"b81e905908354542","eventtype":"barometer","timestamp":1456248155122,"userid":"vincent.planat@hpe.com","trainingMode":"WALKING","airPressure":990.28833,"temperature":35.2625}
{"deviceid":"b81e905908354542","eventtype":"barometer","timestamp":1456248152557,"userid":"vincent.planat@hpe.com","trainingMode":"WALKING","airPressure":990.324951,"temperature":35.279167}
{"deviceid":"b81e905908354542","eventtype":"barometer","timestamp":1456248146992,"userid":"vincent.planat@hpe.com","trainingMode":"WALKING","airPressure":990.279053,"temperature":35.285417}
{"deviceid":"b81e905908354542","eventtype":"barometer","timestamp":1456248148006,"userid":"vincent.planat@hpe.com","trainingMode":"WALKING","airPressure":990.30957,"temperature":35.285417}
{"deviceid":"b81e905908354542","eventtype":"barometer","timestamp":1456248165106,"userid":"vincent.planat@hpe.com","trainingMode":"WALKING","airPressure":990.29126,"temperature":35.229167}
{"deviceid":"b81e905908354542","eventtype":"barometer","timestamp":1456248142945,"userid":"vincent.planat@hpe.com","trainingMode":"WALKING","airPressure":990.29834,"temperature":35.295833}
{"deviceid":"b81e905908354542","eventtype":"barometer","timestamp":1456248154243,"userid":"vincent.planat@hpe.com","trainingMode":"WALKING","airPressure":990.271729,"temperature":35.270833}
{"deviceid":"b81e905908354542","eventtype":"barometer","timestamp":1456248159618,"userid":"vincent.planat@hpe.com","trainingMode":"WALKING","airPressure":990.325928,"temperature":35.247917}
{"deviceid":"b81e905908354542","eventtype":"barometer","timestamp":1456248178905,"userid":"vincent.planat@hpe.com","trainingMode":"WALKING","airPressure":990.29541,"temperature":35.183333}
{"deviceid":"b81e905908354542","eventtype":"barometer","timestamp":1456248162459,"userid":"vincent.planat@hpe.com","trainingMode":"WALKING","airPressure":990.31665,"temperature":35.239583}
{"deviceid":"b81e905908354542","eventtype":"barometer","timestamp":1456248146944,"userid":"vincent.planat@hpe.com","trainingMode":"WALKING","airPressure":990.279053,"temperature":35.285417}
{"deviceid":"b81e905908354542","eventtype":"barometer","timestamp":1456248170197,"userid":"vincent.planat@hpe.com","trainingMode":"WALKING","airPressure":990.30542,"temperature":35.208333}
{"deviceid":"b81e905908354542","eventtype":"barometer","timestamp":1456248179875,"userid":"vincent.planat@hpe.com","trainingMode":"WALKING","airPressure":990.296875,"temperature":35.183333}
{"deviceid":"b81e905908354542","eventtype":"barometer","timestamp":1456248186060,"userid":"vincent.planat@hpe.com","trainingMode":"WALKING","airPressure":990.258057,"temperature":35.160417}
{"deviceid":"b81e905908354542","eventtype":"barometer","timestamp":1456248183186,"userid":"vincent.planat@hpe.com","trainingMode":"WALKING","airPressure":990.241211,"temperature":35.16875}
{"deviceid":"b81e905908354542","eventtype":"barometer","timestamp":1456248184881,"userid":"vincent.planat@hpe.com","trainingMode":"WALKING","airPressure":990.310059,"temperature":35.164583}
