{"deviceid":"b81e905908354542","eventtype":"ambientLight","timestamp":1456248397475,"userid":"vincent.planat@hpe.com","trainingMode":"WALKING","brightness":22}
{"deviceid":"b81e905908354542","eventtype":"ambientLight","timestamp":1456248397489,"userid":"vincent.planat@hpe.com","trainingMode":"WALKING","brightness":22}
{"deviceid":"b81e905908354542","eventtype":"ambientLight","timestamp":1456248409882,"userid":"vincent.planat@hpe.com","trainingMode":"WALKING","brightness":25}
{"deviceid":"b81e905908354542","eventtype":"ambientLight","timestamp":1456248423351,"userid":"vincent.planat@hpe.com","trainingMode":"WALKING","brightness":50}
{"deviceid":"b81e905908354542","eventtype":"ambientLight","timestamp":1456248386103,"userid":"vincent.planat@hpe.com","trainingMode":"WALKING","brightness":32}
{"deviceid":"b81e905908354542","eventtype":"ambientLight","timestamp":1456248404307,"userid":"vincent.planat@hpe.com","trainingMode":"WALKING","brightness":25}
{"deviceid":"b81e905908354542","eventtype":"ambientLight","timestamp":1456248396684,"userid":"vincent.planat@hpe.com","trainingMode":"WALKING","brightness":23}
{"deviceid":"b81e905908354542","eventtype":"ambientLight","timestamp":1456248408315,"userid":"vincent.planat@hpe.com","trainingMode":"WALKING","brightness":32}
{"deviceid":"b81e905908354542","eventtype":"ambientLight","timestamp":1456248416349,"userid":"vincent.planat@hpe.com","trainingMode":"WALKING","brightness":28}
{"deviceid":"b81e905908354542","eventtype":"ambientLight","timestamp":1456248399855,"userid":"vincent.planat@hpe.com","trainingMode":"WALKING","brightness":14}
{"deviceid":"b81e905908354542","eventtype":"ambientLight","timestamp":1456248404306,"userid":"vincent.planat@hpe.com","trainingMode":"WALKING","brightness":25}
{"deviceid":"b81e905908354542","eventtype":"ambientLight","timestamp":1456248415353,"userid":"vincent.planat@hpe.com","trainingMode":"WALKING","brightness":28}
{"deviceid":"b81e905908354542","eventtype":"ambientLight","timestamp":1456248427299,"userid":"vincent.planat@hpe.com","trainingMode":"WALKING","brightness":10}
{"deviceid":"b81e905908354542","eventtype":"ambientLight","timestamp":1456248425558,"userid":"vincent.planat@hpe.com","trainingMode":"WALKING","brightness":28}
{"deviceid":"b81e905908354542","eventtype":"ambientLight","timestamp":1456248393392,"userid":"vincent.planat@hpe.com","trainingMode":"WALKING","brightness":21}
{"deviceid":"b81e905908354542","eventtype":"ambientLight","timestamp":1456248394285,"userid":"vincent.planat@hpe.com","trainingMode":"WALKING","brightness":13}
{"deviceid":"b81e905908354542","eventtype":"ambientLight","timestamp":1456248395805,"userid":"vincent.planat@hpe.com","trainingMode":"WALKING","brightness":19}
{"deviceid":"b81e905908354542","eventtype":"ambientLight","timestamp":1456248401303,"userid":"vincent.planat@hpe.com","trainingMode":"WALKING","brightness":29}
{"deviceid":"b81e905908354542","eventtype":"ambientLight","timestamp":1456248405298,"userid":"vincent.planat@hpe.com","trainingMode":"WALKING","brightness":19}
{"deviceid":"b81e905908354542","eventtype":"ambientLight","timestamp":1456248400858,"userid":"vincent.planat@hpe.com","trainingMode":"WALKING","brightness":32}
{"deviceid":"b81e905908354542","eventtype":"ambientLight","timestamp":1456248423810,"userid":"vincent.planat@hpe.com","trainingMode":"WALKING","brightness":41}
{"deviceid":"b81e905908354542","eventtype":"ambientLight","timestamp":1456248380153,"userid":"vincent.planat@hpe.com","trainingMode":"WALKING","brightness":80}
{"deviceid":"b81e905908354542","eventtype":"ambientLight","timestamp":1456248424294,"userid":"vincent.planat@hpe.com","trainingMode":"WALKING","brightness":41}
{"deviceid":"b81e905908354542","eventtype":"ambientLight","timestamp":1456248405314,"userid":"vincent.planat@hpe.com","trainingMode":"WALKING","brightness":19}
{"deviceid":"b81e905908354542","eventtype":"ambientLight","timestamp":1456248395393,"userid":"vincent.planat@hpe.com","trainingMode":"WALKING","brightness":22}
{"deviceid":"b81e905908354542","eventtype":"ambientLight","timestamp":1456248382596,"userid":"vincent.planat@hpe.com","trainingMode":"WALKING","brightness":30}
{"deviceid":"b81e905908354542","eventtype":"ambientLight","timestamp":1456248401954,"userid":"vincent.planat@hpe.com","trainingMode":"WALKING","brightness":29}
{"deviceid":"b81e905908354542","eventtype":"ambientLight","timestamp":1456248388354,"userid":"vincent.planat@hpe.com","trainingMode":"WALKING","brightness":25}
{"deviceid":"b81e905908354542","eventtype":"ambientLight","timestamp":1456248387325,"userid":"vincent.planat@hpe.com","trainingMode":"WALKING","brightness":32}
{"deviceid":"b81e905908354542","eventtype":"ambientLight","timestamp":1456248415859,"userid":"vincent.planat@hpe.com","trainingMode":"WALKING","brightness":28}
{"deviceid":"b81e905908354542","eventtype":"ambientLight","timestamp":1456248419966,"userid":"vincent.planat@hpe.com","trainingMode":"WALKING","brightness":54}
{"deviceid":"b81e905908354542","eventtype":"ambientLight","timestamp":1456248421261,"userid":"vincent.planat@hpe.com","trainingMode":"WALKING","brightness":43}
{"deviceid":"b81e905908354542","eventtype":"ambientLight","timestamp":1456248380647,"userid":"vincent.planat@hpe.com","trainingMode":"WALKING","brightness":27}
{"deviceid":"b81e905908354542","eventtype":"ambientLight","timestamp":1456248410360,"userid":"vincent.planat@hpe.com","trainingMode":"WALKING","brightness":26}
{"deviceid":"b81e905908354542","eventtype":"ambientLight","timestamp":1456248395822,"userid":"vincent.planat@hpe.com","trainingMode":"WALKING","brightness":19}
{"deviceid":"b81e905908354542","eventtype":"ambientLight","timestamp":1456248393793,"userid":"vincent.planat@hpe.com","trainingMode":"WALKING","brightness":19}
{"deviceid":"b81e905908354542","eventtype":"ambientLight","timestamp":1456248413768,"userid":"vincent.planat@hpe.com","trainingMode":"WALKING","brightness":32}
{"deviceid":"b81e905908354542","eventtype":"ambientLight","timestamp":1456248426883,"userid":"vincent.planat@hpe.com","trainingMode":"WALKING","brightness":15}
{"deviceid":"b81e905908354542","eventtype":"ambientLight","timestamp":1456248388845,"userid":"vincent.planat@hpe.com","trainingMode":"WALKING","brightness":23}
{"deviceid":"b81e905908354542","eventtype":"ambientLight","timestamp":1456248399877,"userid":"vincent.planat@hpe.com","trainingMode":"WALKING","brightness":14}
{"deviceid":"b81e905908354542","eventtype":"ambientLight","timestamp":1456248381801,"userid":"vincent.planat@hpe.com","trainingMode":"WALKING","brightness":16}
{"deviceid":"b81e905908354542","eventtype":"ambientLight","timestamp":1456248397892,"userid":"vincent.planat@hpe.com","trainingMode":"WALKING","brightness":22}
{"deviceid":"b81e905908354542","eventtype":"ambientLight","timestamp":1456248426050,"userid":"vincent.planat@hpe.com","trainingMode":"WALKING","brightness":27}
{"deviceid":"b81e905908354542","eventtype":"ambientLight","timestamp":1456248400361,"userid":"vincent.planat@hpe.com","trainingMode":"WALKING","brightness":16}
{"deviceid":"b81e905908354542","eventtype":"ambientLight","timestamp":1456248387781,"userid":"vincent.planat@hpe.com","trainingMode":"WALKING","brightness":26}
{"deviceid":"b81e905908354542","eventtype":"ambientLight","timestamp":1456248387343,"userid":"vincent.planat@hpe.com","trainingMode":"WALKING","brightness":32}
{"deviceid":"b81e905908354542","eventtype":"ambientLight","timestamp":1456248403869,"userid":"vincent.planat@hpe.com","trainingMode":"WALKING","brightness":26}
{"deviceid":"b81e905908354542","eventtype":"ambientLight","timestamp":1456248420330,"userid":"vincent.planat@hpe.com","trainingMode":"WALKING","brightness":38}
{"deviceid":"b81e905908354542","eventtype":"ambientLight","timestamp":1456248380626,"userid":"vincent.planat@hpe.com","trainingMode":"WALKING","brightness":27}
{"deviceid":"b81e905908354542","eventtype":"ambientLight","timestamp":1456248428315,"userid":"vincent.planat@hpe.com","trainingMode":"WALKING","brightness":0}
{"deviceid":"b81e905908354542","eventtype":"ambientLight","timestamp":1456248379774,"userid":"vincent.planat@hpe.com","trainingMode":"WALKING","brightness":41}
{"deviceid":"b81e905908354542","eventtype":"ambientLight","timestamp":1456248384664,"userid":"vincent.planat@hpe.com","trainingMode":"WALKING","brightness":29}
{"deviceid":"b81e905908354542","eventtype":"ambientLight","timestamp":1456248383367,"userid":"vincent.planat@hpe.com","trainingMode":"WALKING","brightness":38}
{"deviceid":"b81e905908354542","eventtype":"ambientLight","timestamp":1456248410816,"userid":"vincent.planat@hpe.com","trainingMode":"WALKING","brightness":29}
{"deviceid":"b81e905908354542","eventtype":"ambientLight","timestamp":1456248383898,"userid":"vincent.planat@hpe.com","trainingMode":"WALKING","brightness":54}
{"deviceid":"b81e905908354542","eventtype":"ambientLight","timestamp":1456248397876,"userid":"vincent.planat@hpe.com","trainingMode":"WALKING","brightness":22}
{"deviceid":"b81e905908354542","eventtype":"ambientLight","timestamp":1456248398355,"userid":"vincent.planat@hpe.com","trainingMode":"WALKING","brightness":23}
{"deviceid":"b81e905908354542","eventtype":"ambientLight","timestamp":1456248411312,"userid":"vincent.planat@hpe.com","trainingMode":"WALKING","brightness":25}
{"deviceid":"b81e905908354542","eventtype":"ambientLight","timestamp":1456248390377,"userid":"vincent.planat@hpe.com","trainingMode":"WALKING","brightness":19}
{"deviceid":"b81e905908354542","eventtype":"ambientLight","timestamp":1456248419074,"userid":"vincent.planat@hpe.com","trainingMode":"WALKING","brightness":76}
{"deviceid":"b81e905908354542","eventtype":"ambientLight","timestamp":1456248401515,"userid":"vincent.planat@hpe.com","trainingMode":"WALKING","brightness":29}
{"deviceid":"b81e905908354542","eventtype":"ambientLight","timestamp":1456248415843,"userid":"vincent.planat@hpe.com","trainingMode":"WALKING","brightness":28}
{"deviceid":"b81e905908354542","eventtype":"ambientLight","timestamp":1456248383386,"userid":"vincent.planat@hpe.com","trainingMode":"WALKING","brightness":38}
{"deviceid":"b81e905908354542","eventtype":"ambientLight","timestamp":1456248408839,"userid":"vincent.planat@hpe.com","trainingMode":"WALKING","brightness":34}
{"deviceid":"b81e905908354542","eventtype":"ambientLight","timestamp":1456248408825,"userid":"vincent.planat@hpe.com","trainingMode":"WALKING","brightness":34}
{"deviceid":"b81e905908354542","eventtype":"ambientLight","timestamp":1456248396255,"userid":"vincent.planat@hpe.com","trainingMode":"WALKING","brightness":8}
{"deviceid":"b81e905908354542","eventtype":"ambientLight","timestamp":1456248422093,"userid":"vincent.planat@hpe.com","trainingMode":"WALKING","brightness":46}
{"deviceid":"b81e905908354542","eventtype":"ambientLight","timestamp":1456248390782,"userid":"vincent.planat@hpe.com","trainingMode":"WALKING","brightness":31}
{"deviceid":"b81e905908354542","eventtype":"ambientLight","timestamp":1456248404786,"userid":"vincent.planat@hpe.com","trainingMode":"WALKING","brightness":22}
{"deviceid":"b81e905908354542","eventtype":"ambientLight","timestamp":1456248403884,"userid":"vincent.planat@hpe.com","trainingMode":"WALKING","brightness":26}
{"deviceid":"b81e905908354542","eventtype":"ambientLight","timestamp":1456248393417,"userid":"vincent.planat@hpe.com","trainingMode":"WALKING","brightness":21}
{"deviceid":"b81e905908354542","eventtype":"ambientLight","timestamp":1456248414153,"userid":"vincent.planat@hpe.com","trainingMode":"WALKING","brightness":31}
{"deviceid":"b81e905908354542","eventtype":"ambientLight","timestamp":1456248407785,"userid":"vincent.planat@hpe.com","trainingMode":"WALKING","brightness":34}
{"deviceid":"b81e905908354542","eventtype":"ambientLight","timestamp":1456248399317,"userid":"vincent.planat@hpe.com","trainingMode":"WALKING","brightness":16}
{"deviceid":"b81e905908354542","eventtype":"ambientLight","timestamp":1456248403363,"userid":"vincent.planat@hpe.com","trainingMode":"WALKING","brightness":17}
{"deviceid":"b81e905908354542","eventtype":"ambientLight","timestamp":1456248393795,"userid":"vincent.planat@hpe.com","trainingMode":"WALKING","brightness":19}
{"deviceid":"b81e905908354542","eventtype":"ambientLight","timestamp":1456248383882,"userid":"vincent.planat@hpe.com","trainingMode":"WALKING","brightness":54}
{"deviceid":"b81e905908354542","eventtype":"ambientLight","timestamp":1456248384648,"userid":"vincent.planat@hpe.com","trainingMode":"WALKING","brightness":29}
{"deviceid":"b81e905908354542","eventtype":"ambientLight","timestamp":1456248412909,"userid":"vincent.planat@hpe.com","trainingMode":"WALKING","brightness":28}
{"deviceid":"b81e905908354542","eventtype":"ambientLight","timestamp":1456248419952,"userid":"vincent.planat@hpe.com","trainingMode":"WALKING","brightness":54}
{"deviceid":"b81e905908354542","eventtype":"ambientLight","timestamp":1456248389868,"userid":"vincent.planat@hpe.com","trainingMode":"WALKING","brightness":28}
{"deviceid":"b81e905908354542","eventtype":"ambientLight","timestamp":1456248414941,"userid":"vincent.planat@hpe.com","trainingMode":"WALKING","brightness":31}
{"deviceid":"b81e905908354542","eventtype":"ambientLight","timestamp":1456248405817,"userid":"vincent.planat@hpe.com","trainingMode":"WALKING","brightness":32}
{"deviceid":"b81e905908354542","eventtype":"ambientLight","timestamp":1456248420976,"userid":"vincent.planat@hpe.com","trainingMode":"WALKING","brightness":63}
{"deviceid":"b81e905908354542","eventtype":"ambientLight","timestamp":1456248383059,"userid":"vincent.planat@hpe.com","trainingMode":"WALKING","brightness":29}
{"deviceid":"b81e905908354542","eventtype":"ambientLight","timestamp":1456248382582,"userid":"vincent.planat@hpe.com","trainingMode":"WALKING","brightness":30}
{"deviceid":"b81e905908354542","eventtype":"ambientLight","timestamp":1456248422142,"userid":"vincent.planat@hpe.com","trainingMode":"WALKING","brightness":46}
{"deviceid":"b81e905908354542","eventtype":"ambientLight","timestamp":1456248425169,"userid":"vincent.planat@hpe.com","trainingMode":"WALKING","brightness":34}
{"deviceid":"b81e905908354542","eventtype":"ambientLight","timestamp":1456248409386,"userid":"vincent.planat@hpe.com","trainingMode":"WALKING","brightness":35}
{"deviceid":"b81e905908354542","eventtype":"ambientLight","timestamp":1456248419096,"userid":"vincent.planat@hpe.com","trainingMode":"WALKING","brightness":76}
{"deviceid":"b81e905908354542","eventtype":"ambientLight","timestamp":1456248426445,"userid":"vincent.planat@hpe.com","trainingMode":"WALKING","brightness":19}
{"deviceid":"b81e905908354542","eventtype":"ambientLight","timestamp":1456248427803,"userid":"vincent.planat@hpe.com","trainingMode":"WALKING","brightness":6}
{"deviceid":"b81e905908354542","eventtype":"ambientLight","timestamp":1456248410374,"userid":"vincent.planat@hpe.com","trainingMode":"WALKING","brightness":26}
{"deviceid":"b81e905908354542","eventtype":"ambientLight","timestamp":1456248398341,"userid":"vincent.planat@hpe.com","trainingMode":"WALKING","brightness":23}
{"deviceid":"b81e905908354542","eventtype":"ambientLight","timestamp":1456248406396,"userid":"vincent.planat@hpe.com","trainingMode":"WALKING","brightness":38}
{"deviceid":"b81e905908354542","eventtype":"ambientLight","timestamp":1456248388861,"userid":"vincent.planat@hpe.com","trainingMode":"WALKING","brightness":23}
{"deviceid":"b81e905908354542","eventtype":"ambientLight","timestamp":1456248421703,"userid":"vincent.planat@hpe.com","trainingMode":"WALKING","brightness":51}
{"deviceid":"b81e905908354542","eventtype":"ambientLight","timestamp":1456248410803,"userid":"vincent.planat@hpe.com","trainingMode":"WALKING","brightness":29}
{"deviceid":"b81e905908354542","eventtype":"ambientLight","timestamp":1456248419525,"userid":"vincent.planat@hpe.com","trainingMode":"WALKING","brightness":34}
{"deviceid":"b81e905908354542","eventtype":"ambientLight","timestamp":1456248390784,"userid":"vincent.planat@hpe.com","trainingMode":"WALKING","brightness":31}
{"deviceid":"b81e905908354542","eventtype":"ambientLight","timestamp":1456248400347,"userid":"vincent.planat@hpe.com","trainingMode":"WALKING","brightness":16}
{"deviceid":"b81e905908354542","eventtype":"ambientLight","timestamp":1456248386088,"userid":"vincent.planat@hpe.com","trainingMode":"WALKING","brightness":32}
{"deviceid":"b81e905908354542","eventtype":"ambientLight","timestamp":1456248391307,"userid":"vincent.planat@hpe.com","trainingMode":"WALKING","brightness":23}
{"deviceid":"b81e905908354542","eventtype":"ambientLight","timestamp":1456248413322,"userid":"vincent.planat@hpe.com","trainingMode":"WALKING","brightness":31}
{"deviceid":"b81e905908354542","eventtype":"ambientLight","timestamp":1456248417306,"userid":"vincent.planat@hpe.com","trainingMode":"WALKING","brightness":105}
{"deviceid":"b81e905908354542","eventtype":"ambientLight","timestamp":1456248389394,"userid":"vincent.planat@hpe.com","trainingMode":"WALKING","brightness":32}
{"deviceid":"b81e905908354542","eventtype":"ambientLight","timestamp":1456248380981,"userid":"vincent.planat@hpe.com","trainingMode":"WALKING","brightness":20}
{"deviceid":"b81e905908354542","eventtype":"ambientLight","timestamp":1456248409868,"userid":"vincent.planat@hpe.com","trainingMode":"WALKING","brightness":25}
{"deviceid":"b81e905908354542","eventtype":"ambientLight","timestamp":1456248398877,"userid":"vincent.planat@hpe.com","trainingMode":"WALKING","brightness":23}
{"deviceid":"b81e905908354542","eventtype":"ambientLight","timestamp":1456248421755,"userid":"vincent.planat@hpe.com","trainingMode":"WALKING","brightness":51}
{"deviceid":"b81e905908354542","eventtype":"ambientLight","timestamp":1456248391335,"userid":"vincent.planat@hpe.com","trainingMode":"WALKING","brightness":23}
{"deviceid":"b81e905908354542","eventtype":"ambientLight","timestamp":1456248385266,"userid":"vincent.planat@hpe.com","trainingMode":"WALKING","brightness":35}
{"deviceid":"b81e905908354542","eventtype":"ambientLight","timestamp":1456248390397,"userid":"vincent.planat@hpe.com","trainingMode":"WALKING","brightness":19}
{"deviceid":"b81e905908354542","eventtype":"ambientLight","timestamp":1456248394282,"userid":"vincent.planat@hpe.com","trainingMode":"WALKING","brightness":13}
{"deviceid":"b81e905908354542","eventtype":"ambientLight","timestamp":1456248398854,"userid":"vincent.planat@hpe.com","trainingMode":"WALKING","brightness":23}
{"deviceid":"b81e905908354542","eventtype":"ambientLight","timestamp":1456248424293,"userid":"vincent.planat@hpe.com","trainingMode":"WALKING","brightness":41}
{"deviceid":"b81e905908354542","eventtype":"ambientLight","timestamp":1456248392819,"userid":"vincent.planat@hpe.com","trainingMode":"WALKING","brightness":24}
{"deviceid":"b81e905908354542","eventtype":"ambientLight","timestamp":1456248411309,"userid":"vincent.planat@hpe.com","trainingMode":"WALKING","brightness":25}
{"deviceid":"b81e905908354542","eventtype":"ambientLight","timestamp":1456248391835,"userid":"vincent.planat@hpe.com","trainingMode":"WALKING","brightness":11}
{"deviceid":"b81e905908354542","eventtype":"ambientLight","timestamp":1456248419508,"userid":"vincent.planat@hpe.com","trainingMode":"WALKING","brightness":34}
{"deviceid":"b81e905908354542","eventtype":"ambientLight","timestamp":1456248425185,"userid":"vincent.planat@hpe.com","trainingMode":"WALKING","brightness":34}
{"deviceid":"b81e905908354542","eventtype":"ambientLight","timestamp":1456248402828,"userid":"vincent.planat@hpe.com","trainingMode":"WALKING","brightness":22}
{"deviceid":"b81e905908354542","eventtype":"ambientLight","timestamp":1456248405801,"userid":"vincent.planat@hpe.com","trainingMode":"WALKING","brightness":32}
{"deviceid":"b81e905908354542","eventtype":"ambientLight","timestamp":1456248417823,"userid":"vincent.planat@hpe.com","trainingMode":"WALKING","brightness":72}
{"deviceid":"b81e905908354542","eventtype":"ambientLight","timestamp":1456248417808,"userid":"vincent.planat@hpe.com","trainingMode":"WALKING","brightness":72}
{"deviceid":"b81e905908354542","eventtype":"ambientLight","timestamp":1456248396233,"userid":"vincent.planat@hpe.com","trainingMode":"WALKING","brightness":8}
{"deviceid":"b81e905908354542","eventtype":"ambientLight","timestamp":1456248409372,"userid":"vincent.planat@hpe.com","trainingMode":"WALKING","brightness":35}
{"deviceid":"b81e905908354542","eventtype":"ambientLight","timestamp":1456248421308,"userid":"vincent.planat@hpe.com","trainingMode":"WALKING","brightness":43}
{"deviceid":"b81e905908354542","eventtype":"ambientLight","timestamp":1456248380144,"userid":"vincent.planat@hpe.com","trainingMode":"WALKING","brightness":80}
{"deviceid":"b81e905908354542","eventtype":"ambientLight","timestamp":1456248412896,"userid":"vincent.planat@hpe.com","trainingMode":"WALKING","brightness":28}
{"deviceid":"b81e905908354542","eventtype":"ambientLight","timestamp":1456248386572,"userid":"vincent.planat@hpe.com","trainingMode":"WALKING","brightness":26}
{"deviceid":"b81e905908354542","eventtype":"ambientLight","timestamp":1456248381787,"userid":"vincent.planat@hpe.com","trainingMode":"WALKING","brightness":16}
{"deviceid":"b81e905908354542","eventtype":"ambientLight","timestamp":1456248387778,"userid":"vincent.planat@hpe.com","trainingMode":"WALKING","brightness":26}
{"deviceid":"b81e905908354542","eventtype":"ambientLight","timestamp":1456248403344,"userid":"vincent.planat@hpe.com","trainingMode":"WALKING","brightness":17}
{"deviceid":"b81e905908354542","eventtype":"ambientLight","timestamp":1456248426903,"userid":"vincent.planat@hpe.com","trainingMode":"WALKING","brightness":15}
{"deviceid":"b81e905908354542","eventtype":"ambientLight","timestamp":1456248414925,"userid":"vincent.planat@hpe.com","trainingMode":"WALKING","brightness":31}
{"deviceid":"b81e905908354542","eventtype":"ambientLight","timestamp":1456248420377,"userid":"vincent.planat@hpe.com","trainingMode":"WALKING","brightness":38}
{"deviceid":"b81e905908354542","eventtype":"ambientLight","timestamp":1456248384241,"userid":"vincent.planat@hpe.com","trainingMode":"WALKING","brightness":38}
{"deviceid":"b81e905908354542","eventtype":"ambientLight","timestamp":1456248407297,"userid":"vincent.planat@hpe.com","trainingMode":"WALKING","brightness":38}
{"deviceid":"b81e905908354542","eventtype":"ambientLight","timestamp":1456248417308,"userid":"vincent.planat@hpe.com","trainingMode":"WALKING","brightness":105}
{"deviceid":"b81e905908354542","eventtype":"ambientLight","timestamp":1456248427297,"userid":"vincent.planat@hpe.com","trainingMode":"WALKING","brightness":10}
{"deviceid":"b81e905908354542","eventtype":"ambientLight","timestamp":1456248404800,"userid":"vincent.planat@hpe.com","trainingMode":"WALKING","brightness":22}
{"deviceid":"b81e905908354542","eventtype":"ambientLight","timestamp":1456248399305,"userid":"vincent.planat@hpe.com","trainingMode":"WALKING","brightness":16}
{"deviceid":"b81e905908354542","eventtype":"ambientLight","timestamp":1456248386553,"userid":"vincent.planat@hpe.com","trainingMode":"WALKING","brightness":26}
{"deviceid":"b81e905908354542","eventtype":"ambientLight","timestamp":1456248386836,"userid":"vincent.planat@hpe.com","trainingMode":"WALKING","brightness":26}
{"deviceid":"b81e905908354542","eventtype":"ambientLight","timestamp":1456248397091,"userid":"vincent.planat@hpe.com","trainingMode":"WALKING","brightness":19}
{"deviceid":"b81e905908354542","eventtype":"ambientLight","timestamp":1456248413790,"userid":"vincent.planat@hpe.com","trainingMode":"WALKING","brightness":32}
{"deviceid":"b81e905908354542","eventtype":"ambientLight","timestamp":1456248414133,"userid":"vincent.planat@hpe.com","trainingMode":"WALKING","brightness":31}
{"deviceid":"b81e905908354542","eventtype":"ambientLight","timestamp":1456248416915,"userid":"vincent.planat@hpe.com","trainingMode":"WALKING","brightness":29}
{"deviceid":"b81e905908354542","eventtype":"ambientLight","timestamp":1456248381468,"userid":"vincent.planat@hpe.com","trainingMode":"WALKING","brightness":20}
{"deviceid":"b81e905908354542","eventtype":"ambientLight","timestamp":1456248383042,"userid":"vincent.planat@hpe.com","trainingMode":"WALKING","brightness":29}
{"deviceid":"b81e905908354542","eventtype":"ambientLight","timestamp":1456248406870,"userid":"vincent.planat@hpe.com","trainingMode":"WALKING","brightness":40}
{"deviceid":"b81e905908354542","eventtype":"ambientLight","timestamp":1456248385732,"userid":"vincent.planat@hpe.com","trainingMode":"WALKING","brightness":29}
{"deviceid":"b81e905908354542","eventtype":"ambientLight","timestamp":1456248426065,"userid":"vincent.planat@hpe.com","trainingMode":"WALKING","brightness":27}
{"deviceid":"b81e905908354542","eventtype":"ambientLight","timestamp":1456248414511,"userid":"vincent.planat@hpe.com","trainingMode":"WALKING","brightness":29}
{"deviceid":"b81e905908354542","eventtype":"ambientLight","timestamp":1456248381001,"userid":"vincent.planat@hpe.com","trainingMode":"WALKING","brightness":20}
{"deviceid":"b81e905908354542","eventtype":"ambientLight","timestamp":1456248412495,"userid":"vincent.planat@hpe.com","trainingMode":"WALKING","brightness":26}
{"deviceid":"b81e905908354542","eventtype":"ambientLight","timestamp":1456248391811,"userid":"vincent.planat@hpe.com","trainingMode":"WALKING","brightness":11}
{"deviceid":"b81e905908354542","eventtype":"ambientLight","timestamp":1456248423801,"userid":"vincent.planat@hpe.com","trainingMode":"WALKING","brightness":41}
{"deviceid":"b81e905908354542","eventtype":"ambientLight","timestamp":1456248386819,"userid":"vincent.planat@hpe.com","trainingMode":"WALKING","brightness":26}
{"deviceid":"b81e905908354542","eventtype":"ambientLight","timestamp":1456248385249,"userid":"vincent.planat@hpe.com","trainingMode":"WALKING","brightness":35}
{"deviceid":"b81e905908354542","eventtype":"ambientLight","timestamp":1456248406382,"userid":"vincent.planat@hpe.com","trainingMode":"WALKING","brightness":38}
{"deviceid":"b81e905908354542","eventtype":"ambientLight","timestamp":1456248392353,"userid":"vincent.planat@hpe.com","trainingMode":"WALKING","brightness":22}
{"deviceid":"b81e905908354542","eventtype":"ambientLight","timestamp":1456248427788,"userid":"vincent.planat@hpe.com","trainingMode":"WALKING","brightness":6}
{"deviceid":"b81e905908354542","eventtype":"ambientLight","timestamp":1456248402815,"userid":"vincent.planat@hpe.com","trainingMode":"WALKING","brightness":22}
{"deviceid":"b81e905908354542","eventtype":"ambientLight","timestamp":1456248422486,"userid":"vincent.planat@hpe.com","trainingMode":"WALKING","brightness":50}
{"deviceid":"b81e905908354542","eventtype":"ambientLight","timestamp":1456248379758,"userid":"vincent.planat@hpe.com","trainingMode":"WALKING","brightness":41}
{"deviceid":"b81e905908354542","eventtype":"ambientLight","timestamp":1456248382243,"userid":"vincent.planat@hpe.com","trainingMode":"WALKING","brightness":17}
{"deviceid":"b81e905908354542","eventtype":"ambientLight","timestamp":1456248381492,"userid":"vincent.planat@hpe.com","trainingMode":"WALKING","brightness":20}
{"deviceid":"b81e905908354542","eventtype":"ambientLight","timestamp":1456248385747,"userid":"vincent.planat@hpe.com","trainingMode":"WALKING","brightness":29}
{"deviceid":"b81e905908354542","eventtype":"ambientLight","timestamp":1456248408291,"userid":"vincent.planat@hpe.com","trainingMode":"WALKING","brightness":32}
{"deviceid":"b81e905908354542","eventtype":"ambientLight","timestamp":1456248389412,"userid":"vincent.planat@hpe.com","trainingMode":"WALKING","brightness":32}
{"deviceid":"b81e905908354542","eventtype":"ambientLight","timestamp":1456248406888,"userid":"vincent.planat@hpe.com","trainingMode":"WALKING","brightness":40}
{"deviceid":"b81e905908354542","eventtype":"ambientLight","timestamp":1456248396701,"userid":"vincent.planat@hpe.com","trainingMode":"WALKING","brightness":23}
{"deviceid":"b81e905908354542","eventtype":"ambientLight","timestamp":1456248412472,"userid":"vincent.planat@hpe.com","trainingMode":"WALKING","brightness":26}
{"deviceid":"b81e905908354542","eventtype":"ambientLight","timestamp":1456248388378,"userid":"vincent.planat@hpe.com","trainingMode":"WALKING","brightness":25}
{"deviceid":"b81e905908354542","eventtype":"ambientLight","timestamp":1456248428305,"userid":"vincent.planat@hpe.com","trainingMode":"WALKING","brightness":0}
{"deviceid":"b81e905908354542","eventtype":"ambientLight","timestamp":1456248400844,"userid":"vincent.planat@hpe.com","trainingMode":"WALKING","brightness":32}
{"deviceid":"b81e905908354542","eventtype":"ambientLight","timestamp":1456248382224,"userid":"vincent.planat@hpe.com","trainingMode":"WALKING","brightness":17}
{"deviceid":"b81e905908354542","eventtype":"ambientLight","timestamp":1456248422532,"userid":"vincent.planat@hpe.com","trainingMode":"WALKING","brightness":50}
{"deviceid":"b81e905908354542","eventtype":"ambientLight","timestamp":1456248402405,"userid":"vincent.planat@hpe.com","trainingMode":"WALKING","brightness":25}
{"deviceid":"b81e905908354542","eventtype":"ambientLight","timestamp":1456248397108,"userid":"vincent.planat@hpe.com","trainingMode":"WALKING","brightness":19}
{"deviceid":"b81e905908354542","eventtype":"ambientLight","timestamp":1456248414526,"userid":"vincent.planat@hpe.com","trainingMode":"WALKING","brightness":29}
{"deviceid":"b81e905908354542","eventtype":"ambientLight","timestamp":1456248389845,"userid":"vincent.planat@hpe.com","trainingMode":"WALKING","brightness":28}
{"deviceid":"b81e905908354542","eventtype":"ambientLight","timestamp":1456248392339,"userid":"vincent.planat@hpe.com","trainingMode":"WALKING","brightness":22}
{"deviceid":"b81e905908354542","eventtype":"ambientLight","timestamp":1456248416370,"userid":"vincent.planat@hpe.com","trainingMode":"WALKING","brightness":28}
{"deviceid":"b81e905908354542","eventtype":"ambientLight","timestamp":1456248416898,"userid":"vincent.planat@hpe.com","trainingMode":"WALKING","brightness":29}
{"deviceid":"b81e905908354542","eventtype":"ambientLight","timestamp":1456248426467,"userid":"vincent.planat@hpe.com","trainingMode":"WALKING","brightness":19}
{"deviceid":"b81e905908354542","eventtype":"ambientLight","timestamp":1456248425528,"userid":"vincent.planat@hpe.com","trainingMode":"WALKING","brightness":28}
{"deviceid":"b81e905908354542","eventtype":"ambientLight","timestamp":1456248384262,"userid":"vincent.planat@hpe.com","trainingMode":"WALKING","brightness":38}
{"deviceid":"b81e905908354542","eventtype":"ambientLight","timestamp":1456248407306,"userid":"vincent.planat@hpe.com","trainingMode":"WALKING","brightness":38}
{"deviceid":"b81e905908354542","eventtype":"ambientLight","timestamp":1456248415336,"userid":"vincent.planat@hpe.com","trainingMode":"WALKING","brightness":28}
{"deviceid":"b81e905908354542","eventtype":"ambientLight","timestamp":1456248401940,"userid":"vincent.planat@hpe.com","trainingMode":"WALKING","brightness":29}
{"deviceid":"b81e905908354542","eventtype":"ambientLight","timestamp":1456248395372,"userid":"vincent.planat@hpe.com","trainingMode":"WALKING","brightness":22}
{"deviceid":"b81e905908354542","eventtype":"ambientLight","timestamp":1456248423368,"userid":"vincent.planat@hpe.com","trainingMode":"WALKING","brightness":50}
{"deviceid":"b81e905908354542","eventtype":"ambientLight","timestamp":1456248392844,"userid":"vincent.planat@hpe.com","trainingMode":"WALKING","brightness":24}
{"deviceid":"b81e905908354542","eventtype":"ambientLight","timestamp":1456248420932,"userid":"vincent.planat@hpe.com","trainingMode":"WALKING","brightness":63}
{"deviceid":"b81e905908354542","eventtype":"ambientLight","timestamp":1456248422914,"userid":"vincent.planat@hpe.com","trainingMode":"WALKING","brightness":43}
{"deviceid":"b81e905908354542","eventtype":"ambientLight","timestamp":1456248422863,"userid":"vincent.planat@hpe.com","trainingMode":"WALKING","brightness":43}
{"deviceid":"b81e905908354542","eventtype":"ambientLight","timestamp":1456248413299,"userid":"vincent.planat@hpe.com","trainingMode":"WALKING","brightness":31}
{"deviceid":"b81e905908354542","eventtype":"ambientLight","timestamp":1456248402418,"userid":"vincent.planat@hpe.com","trainingMode":"WALKING","brightness":25}
{"deviceid":"b81e905908354542","eventtype":"ambientLight","timestamp":1456248407786,"userid":"vincent.planat@hpe.com","trainingMode":"WALKING","brightness":34}
