{"deviceid":"b81e905908354542","eventtype":"ambientLight","timestamp":1456248708405,"userid":"vincent.planat@hpe.com","trainingMode":"SITTING","brightness":72}
{"deviceid":"b81e905908354542","eventtype":"ambientLight","timestamp":1456248722955,"userid":"vincent.planat@hpe.com","trainingMode":"SITTING","brightness":211}
{"deviceid":"b81e905908354542","eventtype":"ambientLight","timestamp":1456248714151,"userid":"vincent.planat@hpe.com","trainingMode":"SITTING","brightness":129}
{"deviceid":"b81e905908354542","eventtype":"ambientLight","timestamp":1456248690257,"userid":"vincent.planat@hpe.com","trainingMode":"SITTING","brightness":202}
{"deviceid":"b81e905908354542","eventtype":"ambientLight","timestamp":1456248713315,"userid":"vincent.planat@hpe.com","trainingMode":"SITTING","brightness":69}
{"deviceid":"b81e905908354542","eventtype":"ambientLight","timestamp":1456248720020,"userid":"vincent.planat@hpe.com","trainingMode":"SITTING","brightness":190}
{"deviceid":"b81e905908354542","eventtype":"ambientLight","timestamp":1456248707126,"userid":"vincent.planat@hpe.com","trainingMode":"SITTING","brightness":45}
{"deviceid":"b81e905908354542","eventtype":"ambientLight","timestamp":1456248724532,"userid":"vincent.planat@hpe.com","trainingMode":"SITTING","brightness":209}
{"deviceid":"b81e905908354542","eventtype":"ambientLight","timestamp":1456248712911,"userid":"vincent.planat@hpe.com","trainingMode":"SITTING","brightness":69}
{"deviceid":"b81e905908354542","eventtype":"ambientLight","timestamp":1456248712895,"userid":"vincent.planat@hpe.com","trainingMode":"SITTING","brightness":69}
{"deviceid":"b81e905908354542","eventtype":"ambientLight","timestamp":1456248692928,"userid":"vincent.planat@hpe.com","trainingMode":"SITTING","brightness":200}
{"deviceid":"b81e905908354542","eventtype":"ambientLight","timestamp":1456248725486,"userid":"vincent.planat@hpe.com","trainingMode":"SITTING","brightness":208}
{"deviceid":"b81e905908354542","eventtype":"ambientLight","timestamp":1456248728922,"userid":"vincent.planat@hpe.com","trainingMode":"SITTING","brightness":211}
{"deviceid":"b81e905908354542","eventtype":"ambientLight","timestamp":1456248724927,"userid":"vincent.planat@hpe.com","trainingMode":"SITTING","brightness":208}
{"deviceid":"b81e905908354542","eventtype":"ambientLight","timestamp":1456248724928,"userid":"vincent.planat@hpe.com","trainingMode":"SITTING","brightness":208}
{"deviceid":"b81e905908354542","eventtype":"ambientLight","timestamp":1456248708030,"userid":"vincent.planat@hpe.com","trainingMode":"SITTING","brightness":66}
{"deviceid":"b81e905908354542","eventtype":"ambientLight","timestamp":1456248690874,"userid":"vincent.planat@hpe.com","trainingMode":"SITTING","brightness":203}
{"deviceid":"b81e905908354542","eventtype":"ambientLight","timestamp":1456248691299,"userid":"vincent.planat@hpe.com","trainingMode":"SITTING","brightness":197}
{"deviceid":"b81e905908354542","eventtype":"ambientLight","timestamp":1456248720961,"userid":"vincent.planat@hpe.com","trainingMode":"SITTING","brightness":186}
{"deviceid":"b81e905908354542","eventtype":"ambientLight","timestamp":1456248727469,"userid":"vincent.planat@hpe.com","trainingMode":"SITTING","brightness":209}
{"deviceid":"b81e905908354542","eventtype":"ambientLight","timestamp":1456248728428,"userid":"vincent.planat@hpe.com","trainingMode":"SITTING","brightness":212}
{"deviceid":"b81e905908354542","eventtype":"ambientLight","timestamp":1456248705621,"userid":"vincent.planat@hpe.com","trainingMode":"SITTING","brightness":187}
{"deviceid":"b81e905908354542","eventtype":"ambientLight","timestamp":1456248686455,"userid":"vincent.planat@hpe.com","trainingMode":"SITTING","brightness":194}
{"deviceid":"b81e905908354542","eventtype":"ambientLight","timestamp":1456248691668,"userid":"vincent.planat@hpe.com","trainingMode":"SITTING","brightness":194}
{"deviceid":"b81e905908354542","eventtype":"ambientLight","timestamp":1456248714133,"userid":"vincent.planat@hpe.com","trainingMode":"SITTING","brightness":129}
{"deviceid":"b81e905908354542","eventtype":"ambientLight","timestamp":1456248712446,"userid":"vincent.planat@hpe.com","trainingMode":"SITTING","brightness":67}
{"deviceid":"b81e905908354542","eventtype":"ambientLight","timestamp":1456248716974,"userid":"vincent.planat@hpe.com","trainingMode":"SITTING","brightness":203}
{"deviceid":"b81e905908354542","eventtype":"ambientLight","timestamp":1456248689032,"userid":"vincent.planat@hpe.com","trainingMode":"SITTING","brightness":200}
{"deviceid":"b81e905908354542","eventtype":"ambientLight","timestamp":1456248709133,"userid":"vincent.planat@hpe.com","trainingMode":"SITTING","brightness":55}
{"deviceid":"b81e905908354542","eventtype":"ambientLight","timestamp":1456248695303,"userid":"vincent.planat@hpe.com","trainingMode":"SITTING","brightness":193}
{"deviceid":"b81e905908354542","eventtype":"ambientLight","timestamp":1456248723452,"userid":"vincent.planat@hpe.com","trainingMode":"SITTING","brightness":194}
{"deviceid":"b81e905908354542","eventtype":"ambientLight","timestamp":1456248687487,"userid":"vincent.planat@hpe.com","trainingMode":"SITTING","brightness":200}
{"deviceid":"b81e905908354542","eventtype":"ambientLight","timestamp":1456248718675,"userid":"vincent.planat@hpe.com","trainingMode":"SITTING","brightness":202}
{"deviceid":"b81e905908354542","eventtype":"ambientLight","timestamp":1456248690890,"userid":"vincent.planat@hpe.com","trainingMode":"SITTING","brightness":203}
{"deviceid":"b81e905908354542","eventtype":"ambientLight","timestamp":1456248699995,"userid":"vincent.planat@hpe.com","trainingMode":"SITTING","brightness":194}
{"deviceid":"b81e905908354542","eventtype":"ambientLight","timestamp":1456248696614,"userid":"vincent.planat@hpe.com","trainingMode":"SITTING","brightness":193}
{"deviceid":"b81e905908354542","eventtype":"ambientLight","timestamp":1456248713775,"userid":"vincent.planat@hpe.com","trainingMode":"SITTING","brightness":69}
{"deviceid":"b81e905908354542","eventtype":"ambientLight","timestamp":1456248702416,"userid":"vincent.planat@hpe.com","trainingMode":"SITTING","brightness":199}
{"deviceid":"b81e905908354542","eventtype":"ambientLight","timestamp":1456248692525,"userid":"vincent.planat@hpe.com","trainingMode":"SITTING","brightness":187}
{"deviceid":"b81e905908354542","eventtype":"ambientLight","timestamp":1456248713297,"userid":"vincent.planat@hpe.com","trainingMode":"SITTING","brightness":69}
{"deviceid":"b81e905908354542","eventtype":"ambientLight","timestamp":1456248705664,"userid":"vincent.planat@hpe.com","trainingMode":"SITTING","brightness":187}
{"deviceid":"b81e905908354542","eventtype":"ambientLight","timestamp":1456248710999,"userid":"vincent.planat@hpe.com","trainingMode":"SITTING","brightness":57}
{"deviceid":"b81e905908354542","eventtype":"ambientLight","timestamp":1456248724517,"userid":"vincent.planat@hpe.com","trainingMode":"SITTING","brightness":209}
{"deviceid":"b81e905908354542","eventtype":"ambientLight","timestamp":1456248686976,"userid":"vincent.planat@hpe.com","trainingMode":"SITTING","brightness":202}
{"deviceid":"b81e905908354542","eventtype":"ambientLight","timestamp":1456248714597,"userid":"vincent.planat@hpe.com","trainingMode":"SITTING","brightness":202}
{"deviceid":"b81e905908354542","eventtype":"ambientLight","timestamp":1456248694469,"userid":"vincent.planat@hpe.com","trainingMode":"SITTING","brightness":197}
{"deviceid":"b81e905908354542","eventtype":"ambientLight","timestamp":1456248689461,"userid":"vincent.planat@hpe.com","trainingMode":"SITTING","brightness":200}
{"deviceid":"b81e905908354542","eventtype":"ambientLight","timestamp":1456248688537,"userid":"vincent.planat@hpe.com","trainingMode":"SITTING","brightness":200}
{"deviceid":"b81e905908354542","eventtype":"ambientLight","timestamp":1456248707624,"userid":"vincent.planat@hpe.com","trainingMode":"SITTING","brightness":86}
{"deviceid":"b81e905908354542","eventtype":"ambientLight","timestamp":1456248710467,"userid":"vincent.planat@hpe.com","trainingMode":"SITTING","brightness":64}
{"deviceid":"b81e905908354542","eventtype":"ambientLight","timestamp":1456248721429,"userid":"vincent.planat@hpe.com","trainingMode":"SITTING","brightness":186}
{"deviceid":"b81e905908354542","eventtype":"ambientLight","timestamp":1456248706130,"userid":"vincent.planat@hpe.com","trainingMode":"SITTING","brightness":184}
{"deviceid":"b81e905908354542","eventtype":"ambientLight","timestamp":1456248696261,"userid":"vincent.planat@hpe.com","trainingMode":"SITTING","brightness":193}
{"deviceid":"b81e905908354542","eventtype":"ambientLight","timestamp":1456248726948,"userid":"vincent.planat@hpe.com","trainingMode":"SITTING","brightness":209}
{"deviceid":"b81e905908354542","eventtype":"ambientLight","timestamp":1456248702417,"userid":"vincent.planat@hpe.com","trainingMode":"SITTING","brightness":199}
{"deviceid":"b81e905908354542","eventtype":"ambientLight","timestamp":1456248719108,"userid":"vincent.planat@hpe.com","trainingMode":"SITTING","brightness":205}
{"deviceid":"b81e905908354542","eventtype":"ambientLight","timestamp":1456248693990,"userid":"vincent.planat@hpe.com","trainingMode":"SITTING","brightness":191}
{"deviceid":"b81e905908354542","eventtype":"ambientLight","timestamp":1456248697147,"userid":"vincent.planat@hpe.com","trainingMode":"SITTING","brightness":194}
{"deviceid":"b81e905908354542","eventtype":"ambientLight","timestamp":1456248687474,"userid":"vincent.planat@hpe.com","trainingMode":"SITTING","brightness":200}
{"deviceid":"b81e905908354542","eventtype":"ambientLight","timestamp":1456248692127,"userid":"vincent.planat@hpe.com","trainingMode":"SITTING","brightness":187}
{"deviceid":"b81e905908354542","eventtype":"ambientLight","timestamp":1456248723465,"userid":"vincent.planat@hpe.com","trainingMode":"SITTING","brightness":194}
{"deviceid":"b81e905908354542","eventtype":"ambientLight","timestamp":1456248704476,"userid":"vincent.planat@hpe.com","trainingMode":"SITTING","brightness":185}
{"deviceid":"b81e905908354542","eventtype":"ambientLight","timestamp":1456248721431,"userid":"vincent.planat@hpe.com","trainingMode":"SITTING","brightness":186}
{"deviceid":"b81e905908354542","eventtype":"ambientLight","timestamp":1456248700956,"userid":"vincent.planat@hpe.com","trainingMode":"SITTING","brightness":194}
{"deviceid":"b81e905908354542","eventtype":"ambientLight","timestamp":1456248693470,"userid":"vincent.planat@hpe.com","trainingMode":"SITTING","brightness":193}
{"deviceid":"b81e905908354542","eventtype":"ambientLight","timestamp":1456248726458,"userid":"vincent.planat@hpe.com","trainingMode":"SITTING","brightness":209}
{"deviceid":"b81e905908354542","eventtype":"ambientLight","timestamp":1456248686961,"userid":"vincent.planat@hpe.com","trainingMode":"SITTING","brightness":202}
{"deviceid":"b81e905908354542","eventtype":"ambientLight","timestamp":1456248698943,"userid":"vincent.planat@hpe.com","trainingMode":"SITTING","brightness":194}
{"deviceid":"b81e905908354542","eventtype":"ambientLight","timestamp":1456248701423,"userid":"vincent.planat@hpe.com","trainingMode":"SITTING","brightness":197}
{"deviceid":"b81e905908354542","eventtype":"ambientLight","timestamp":1456248723931,"userid":"vincent.planat@hpe.com","trainingMode":"SITTING","brightness":203}
{"deviceid":"b81e905908354542","eventtype":"ambientLight","timestamp":1456248709559,"userid":"vincent.planat@hpe.com","trainingMode":"SITTING","brightness":66}
{"deviceid":"b81e905908354542","eventtype":"ambientLight","timestamp":1456248685904,"userid":"vincent.planat@hpe.com","trainingMode":"SITTING","brightness":196}
{"deviceid":"b81e905908354542","eventtype":"ambientLight","timestamp":1456248695332,"userid":"vincent.planat@hpe.com","trainingMode":"SITTING","brightness":193}
{"deviceid":"b81e905908354542","eventtype":"ambientLight","timestamp":1456248708010,"userid":"vincent.planat@hpe.com","trainingMode":"SITTING","brightness":66}
{"deviceid":"b81e905908354542","eventtype":"ambientLight","timestamp":1456248728914,"userid":"vincent.planat@hpe.com","trainingMode":"SITTING","brightness":211}
{"deviceid":"b81e905908354542","eventtype":"ambientLight","timestamp":1456248708790,"userid":"vincent.planat@hpe.com","trainingMode":"SITTING","brightness":64}
{"deviceid":"b81e905908354542","eventtype":"ambientLight","timestamp":1456248698408,"userid":"vincent.planat@hpe.com","trainingMode":"SITTING","brightness":194}
{"deviceid":"b81e905908354542","eventtype":"ambientLight","timestamp":1456248692542,"userid":"vincent.planat@hpe.com","trainingMode":"SITTING","brightness":187}
{"deviceid":"b81e905908354542","eventtype":"ambientLight","timestamp":1456248720471,"userid":"vincent.planat@hpe.com","trainingMode":"SITTING","brightness":187}
{"deviceid":"b81e905908354542","eventtype":"ambientLight","timestamp":1456248709933,"userid":"vincent.planat@hpe.com","trainingMode":"SITTING","brightness":66}
{"deviceid":"b81e905908354542","eventtype":"ambientLight","timestamp":1456248695726,"userid":"vincent.planat@hpe.com","trainingMode":"SITTING","brightness":191}
{"deviceid":"b81e905908354542","eventtype":"ambientLight","timestamp":1456248701953,"userid":"vincent.planat@hpe.com","trainingMode":"SITTING","brightness":197}
{"deviceid":"b81e905908354542","eventtype":"ambientLight","timestamp":1456248701418,"userid":"vincent.planat@hpe.com","trainingMode":"SITTING","brightness":197}
{"deviceid":"b81e905908354542","eventtype":"ambientLight","timestamp":1456248700475,"userid":"vincent.planat@hpe.com","trainingMode":"SITTING","brightness":191}
{"deviceid":"b81e905908354542","eventtype":"ambientLight","timestamp":1456248706566,"userid":"vincent.planat@hpe.com","trainingMode":"SITTING","brightness":120}
{"deviceid":"b81e905908354542","eventtype":"ambientLight","timestamp":1456248716466,"userid":"vincent.planat@hpe.com","trainingMode":"SITTING","brightness":203}
{"deviceid":"b81e905908354542","eventtype":"ambientLight","timestamp":1456248725919,"userid":"vincent.planat@hpe.com","trainingMode":"SITTING","brightness":209}
{"deviceid":"b81e905908354542","eventtype":"ambientLight","timestamp":1456248697483,"userid":"vincent.planat@hpe.com","trainingMode":"SITTING","brightness":194}
{"deviceid":"b81e905908354542","eventtype":"ambientLight","timestamp":1456248689873,"userid":"vincent.planat@hpe.com","trainingMode":"SITTING","brightness":200}
{"deviceid":"b81e905908354542","eventtype":"ambientLight","timestamp":1456248715938,"userid":"vincent.planat@hpe.com","trainingMode":"SITTING","brightness":202}
{"deviceid":"b81e905908354542","eventtype":"ambientLight","timestamp":1456248717952,"userid":"vincent.planat@hpe.com","trainingMode":"SITTING","brightness":202}
{"deviceid":"b81e905908354542","eventtype":"ambientLight","timestamp":1456248727479,"userid":"vincent.planat@hpe.com","trainingMode":"SITTING","brightness":209}
{"deviceid":"b81e905908354542","eventtype":"ambientLight","timestamp":1456248692141,"userid":"vincent.planat@hpe.com","trainingMode":"SITTING","brightness":187}
{"deviceid":"b81e905908354542","eventtype":"ambientLight","timestamp":1456248715409,"userid":"vincent.planat@hpe.com","trainingMode":"SITTING","brightness":202}
{"deviceid":"b81e905908354542","eventtype":"ambientLight","timestamp":1456248703464,"userid":"vincent.planat@hpe.com","trainingMode":"SITTING","brightness":191}
{"deviceid":"b81e905908354542","eventtype":"ambientLight","timestamp":1456248689444,"userid":"vincent.planat@hpe.com","trainingMode":"SITTING","brightness":200}
{"deviceid":"b81e905908354542","eventtype":"ambientLight","timestamp":1456248697922,"userid":"vincent.planat@hpe.com","trainingMode":"SITTING","brightness":194}
{"deviceid":"b81e905908354542","eventtype":"ambientLight","timestamp":1456248698405,"userid":"vincent.planat@hpe.com","trainingMode":"SITTING","brightness":194}
{"deviceid":"b81e905908354542","eventtype":"ambientLight","timestamp":1456248721946,"userid":"vincent.planat@hpe.com","trainingMode":"SITTING","brightness":183}
{"deviceid":"b81e905908354542","eventtype":"ambientLight","timestamp":1456248725908,"userid":"vincent.planat@hpe.com","trainingMode":"SITTING","brightness":209}
{"deviceid":"b81e905908354542","eventtype":"ambientLight","timestamp":1456248722540,"userid":"vincent.planat@hpe.com","trainingMode":"SITTING","brightness":190}
{"deviceid":"b81e905908354542","eventtype":"ambientLight","timestamp":1456248723947,"userid":"vincent.planat@hpe.com","trainingMode":"SITTING","brightness":203}
{"deviceid":"b81e905908354542","eventtype":"ambientLight","timestamp":1456248719535,"userid":"vincent.planat@hpe.com","trainingMode":"SITTING","brightness":197}
{"deviceid":"b81e905908354542","eventtype":"ambientLight","timestamp":1456248727967,"userid":"vincent.planat@hpe.com","trainingMode":"SITTING","brightness":212}
{"deviceid":"b81e905908354542","eventtype":"ambientLight","timestamp":1456248719993,"userid":"vincent.planat@hpe.com","trainingMode":"SITTING","brightness":190}
{"deviceid":"b81e905908354542","eventtype":"ambientLight","timestamp":1456248689015,"userid":"vincent.planat@hpe.com","trainingMode":"SITTING","brightness":200}
{"deviceid":"b81e905908354542","eventtype":"ambientLight","timestamp":1456248703481,"userid":"vincent.planat@hpe.com","trainingMode":"SITTING","brightness":191}
{"deviceid":"b81e905908354542","eventtype":"ambientLight","timestamp":1456248717443,"userid":"vincent.planat@hpe.com","trainingMode":"SITTING","brightness":203}
{"deviceid":"b81e905908354542","eventtype":"ambientLight","timestamp":1456248703983,"userid":"vincent.planat@hpe.com","trainingMode":"SITTING","brightness":191}
{"deviceid":"b81e905908354542","eventtype":"ambientLight","timestamp":1456248702946,"userid":"vincent.planat@hpe.com","trainingMode":"SITTING","brightness":190}
{"deviceid":"b81e905908354542","eventtype":"ambientLight","timestamp":1456248708428,"userid":"vincent.planat@hpe.com","trainingMode":"SITTING","brightness":72}
{"deviceid":"b81e905908354542","eventtype":"ambientLight","timestamp":1456248722938,"userid":"vincent.planat@hpe.com","trainingMode":"SITTING","brightness":211}
{"deviceid":"b81e905908354542","eventtype":"ambientLight","timestamp":1456248717458,"userid":"vincent.planat@hpe.com","trainingMode":"SITTING","brightness":203}
{"deviceid":"b81e905908354542","eventtype":"ambientLight","timestamp":1456248696700,"userid":"vincent.planat@hpe.com","trainingMode":"SITTING","brightness":193}
{"deviceid":"b81e905908354542","eventtype":"ambientLight","timestamp":1456248702927,"userid":"vincent.planat@hpe.com","trainingMode":"SITTING","brightness":190}
{"deviceid":"b81e905908354542","eventtype":"ambientLight","timestamp":1456248717970,"userid":"vincent.planat@hpe.com","trainingMode":"SITTING","brightness":202}
{"deviceid":"b81e905908354542","eventtype":"ambientLight","timestamp":1456248685419,"userid":"vincent.planat@hpe.com","trainingMode":"SITTING","brightness":211}
{"deviceid":"b81e905908354542","eventtype":"ambientLight","timestamp":1456248697567,"userid":"vincent.planat@hpe.com","trainingMode":"SITTING","brightness":194}
{"deviceid":"b81e905908354542","eventtype":"ambientLight","timestamp":1456248709579,"userid":"vincent.planat@hpe.com","trainingMode":"SITTING","brightness":66}
{"deviceid":"b81e905908354542","eventtype":"ambientLight","timestamp":1456248720980,"userid":"vincent.planat@hpe.com","trainingMode":"SITTING","brightness":186}
{"deviceid":"b81e905908354542","eventtype":"ambientLight","timestamp":1456248697924,"userid":"vincent.planat@hpe.com","trainingMode":"SITTING","brightness":194}
{"deviceid":"b81e905908354542","eventtype":"ambientLight","timestamp":1456248688506,"userid":"vincent.planat@hpe.com","trainingMode":"SITTING","brightness":200}
{"deviceid":"b81e905908354542","eventtype":"ambientLight","timestamp":1456248699418,"userid":"vincent.planat@hpe.com","trainingMode":"SITTING","brightness":193}
{"deviceid":"b81e905908354542","eventtype":"ambientLight","timestamp":1456248719091,"userid":"vincent.planat@hpe.com","trainingMode":"SITTING","brightness":205}
{"deviceid":"b81e905908354542","eventtype":"ambientLight","timestamp":1456248728428,"userid":"vincent.planat@hpe.com","trainingMode":"SITTING","brightness":212}
{"deviceid":"b81e905908354542","eventtype":"ambientLight","timestamp":1456248725469,"userid":"vincent.planat@hpe.com","trainingMode":"SITTING","brightness":208}
{"deviceid":"b81e905908354542","eventtype":"ambientLight","timestamp":1456248715953,"userid":"vincent.planat@hpe.com","trainingMode":"SITTING","brightness":202}
{"deviceid":"b81e905908354542","eventtype":"ambientLight","timestamp":1456248719518,"userid":"vincent.planat@hpe.com","trainingMode":"SITTING","brightness":197}
{"deviceid":"b81e905908354542","eventtype":"ambientLight","timestamp":1456248701967,"userid":"vincent.planat@hpe.com","trainingMode":"SITTING","brightness":197}
{"deviceid":"b81e905908354542","eventtype":"ambientLight","timestamp":1456248692916,"userid":"vincent.planat@hpe.com","trainingMode":"SITTING","brightness":200}
{"deviceid":"b81e905908354542","eventtype":"ambientLight","timestamp":1456248721983,"userid":"vincent.planat@hpe.com","trainingMode":"SITTING","brightness":183}
{"deviceid":"b81e905908354542","eventtype":"ambientLight","timestamp":1456248726963,"userid":"vincent.planat@hpe.com","trainingMode":"SITTING","brightness":209}
{"deviceid":"b81e905908354542","eventtype":"ambientLight","timestamp":1456248700457,"userid":"vincent.planat@hpe.com","trainingMode":"SITTING","brightness":191}
{"deviceid":"b81e905908354542","eventtype":"ambientLight","timestamp":1456248714574,"userid":"vincent.planat@hpe.com","trainingMode":"SITTING","brightness":202}
{"deviceid":"b81e905908354542","eventtype":"ambientLight","timestamp":1456248714945,"userid":"vincent.planat@hpe.com","trainingMode":"SITTING","brightness":199}
{"deviceid":"b81e905908354542","eventtype":"ambientLight","timestamp":1456248699419,"userid":"vincent.planat@hpe.com","trainingMode":"SITTING","brightness":193}
{"deviceid":"b81e905908354542","eventtype":"ambientLight","timestamp":1456248714921,"userid":"vincent.planat@hpe.com","trainingMode":"SITTING","brightness":199}
{"deviceid":"b81e905908354542","eventtype":"ambientLight","timestamp":1456248696210,"userid":"vincent.planat@hpe.com","trainingMode":"SITTING","brightness":193}
{"deviceid":"b81e905908354542","eventtype":"ambientLight","timestamp":1456248709153,"userid":"vincent.planat@hpe.com","trainingMode":"SITTING","brightness":55}
{"deviceid":"b81e905908354542","eventtype":"ambientLight","timestamp":1456248691695,"userid":"vincent.planat@hpe.com","trainingMode":"SITTING","brightness":194}
{"deviceid":"b81e905908354542","eventtype":"ambientLight","timestamp":1456248697067,"userid":"vincent.planat@hpe.com","trainingMode":"SITTING","brightness":194}
{"deviceid":"b81e905908354542","eventtype":"ambientLight","timestamp":1456248686476,"userid":"vincent.planat@hpe.com","trainingMode":"SITTING","brightness":194}
{"deviceid":"b81e905908354542","eventtype":"ambientLight","timestamp":1456248716990,"userid":"vincent.planat@hpe.com","trainingMode":"SITTING","brightness":203}
{"deviceid":"b81e905908354542","eventtype":"ambientLight","timestamp":1456248691320,"userid":"vincent.planat@hpe.com","trainingMode":"SITTING","brightness":197}
{"deviceid":"b81e905908354542","eventtype":"ambientLight","timestamp":1456248710987,"userid":"vincent.planat@hpe.com","trainingMode":"SITTING","brightness":57}
{"deviceid":"b81e905908354542","eventtype":"ambientLight","timestamp":1456248711464,"userid":"vincent.planat@hpe.com","trainingMode":"SITTING","brightness":64}
{"deviceid":"b81e905908354542","eventtype":"ambientLight","timestamp":1456248722554,"userid":"vincent.planat@hpe.com","trainingMode":"SITTING","brightness":190}
{"deviceid":"b81e905908354542","eventtype":"ambientLight","timestamp":1456248726445,"userid":"vincent.planat@hpe.com","trainingMode":"SITTING","brightness":209}
{"deviceid":"b81e905908354542","eventtype":"ambientLight","timestamp":1456248699977,"userid":"vincent.planat@hpe.com","trainingMode":"SITTING","brightness":194}
{"deviceid":"b81e905908354542","eventtype":"ambientLight","timestamp":1456248715410,"userid":"vincent.planat@hpe.com","trainingMode":"SITTING","brightness":202}
{"deviceid":"b81e905908354542","eventtype":"ambientLight","timestamp":1456248695706,"userid":"vincent.planat@hpe.com","trainingMode":"SITTING","brightness":191}
{"deviceid":"b81e905908354542","eventtype":"ambientLight","timestamp":1456248716482,"userid":"vincent.planat@hpe.com","trainingMode":"SITTING","brightness":203}
{"deviceid":"b81e905908354542","eventtype":"ambientLight","timestamp":1456248707107,"userid":"vincent.planat@hpe.com","trainingMode":"SITTING","brightness":45}
{"deviceid":"b81e905908354542","eventtype":"ambientLight","timestamp":1456248693975,"userid":"vincent.planat@hpe.com","trainingMode":"SITTING","brightness":191}
{"deviceid":"b81e905908354542","eventtype":"ambientLight","timestamp":1456248708803,"userid":"vincent.planat@hpe.com","trainingMode":"SITTING","brightness":64}
{"deviceid":"b81e905908354542","eventtype":"ambientLight","timestamp":1456248713758,"userid":"vincent.planat@hpe.com","trainingMode":"SITTING","brightness":69}
{"deviceid":"b81e905908354542","eventtype":"ambientLight","timestamp":1456248710450,"userid":"vincent.planat@hpe.com","trainingMode":"SITTING","brightness":64}
{"deviceid":"b81e905908354542","eventtype":"ambientLight","timestamp":1456248712462,"userid":"vincent.planat@hpe.com","trainingMode":"SITTING","brightness":67}
{"deviceid":"b81e905908354542","eventtype":"ambientLight","timestamp":1456248685419,"userid":"vincent.planat@hpe.com","trainingMode":"SITTING","brightness":211}
{"deviceid":"b81e905908354542","eventtype":"ambientLight","timestamp":1456248709951,"userid":"vincent.planat@hpe.com","trainingMode":"SITTING","brightness":66}
{"deviceid":"b81e905908354542","eventtype":"ambientLight","timestamp":1456248694482,"userid":"vincent.planat@hpe.com","trainingMode":"SITTING","brightness":197}
{"deviceid":"b81e905908354542","eventtype":"ambientLight","timestamp":1456248718697,"userid":"vincent.planat@hpe.com","trainingMode":"SITTING","brightness":202}
{"deviceid":"b81e905908354542","eventtype":"ambientLight","timestamp":1456248689858,"userid":"vincent.planat@hpe.com","trainingMode":"SITTING","brightness":200}
{"deviceid":"b81e905908354542","eventtype":"ambientLight","timestamp":1456248720454,"userid":"vincent.planat@hpe.com","trainingMode":"SITTING","brightness":187}
{"deviceid":"b81e905908354542","eventtype":"ambientLight","timestamp":1456248704005,"userid":"vincent.planat@hpe.com","trainingMode":"SITTING","brightness":191}
{"deviceid":"b81e905908354542","eventtype":"ambientLight","timestamp":1456248698925,"userid":"vincent.planat@hpe.com","trainingMode":"SITTING","brightness":194}
{"deviceid":"b81e905908354542","eventtype":"ambientLight","timestamp":1456248690301,"userid":"vincent.planat@hpe.com","trainingMode":"SITTING","brightness":202}
{"deviceid":"b81e905908354542","eventtype":"ambientLight","timestamp":1456248727953,"userid":"vincent.planat@hpe.com","trainingMode":"SITTING","brightness":212}
{"deviceid":"b81e905908354542","eventtype":"ambientLight","timestamp":1456248706147,"userid":"vincent.planat@hpe.com","trainingMode":"SITTING","brightness":184}
{"deviceid":"b81e905908354542","eventtype":"ambientLight","timestamp":1456248700976,"userid":"vincent.planat@hpe.com","trainingMode":"SITTING","brightness":194}
{"deviceid":"b81e905908354542","eventtype":"ambientLight","timestamp":1456248685902,"userid":"vincent.planat@hpe.com","trainingMode":"SITTING","brightness":196}
{"deviceid":"b81e905908354542","eventtype":"ambientLight","timestamp":1456248704494,"userid":"vincent.planat@hpe.com","trainingMode":"SITTING","brightness":185}
{"deviceid":"b81e905908354542","eventtype":"ambientLight","timestamp":1456248711477,"userid":"vincent.planat@hpe.com","trainingMode":"SITTING","brightness":64}
{"deviceid":"b81e905908354542","eventtype":"ambientLight","timestamp":1456248707607,"userid":"vincent.planat@hpe.com","trainingMode":"SITTING","brightness":86}
{"deviceid":"b81e905908354542","eventtype":"ambientLight","timestamp":1456248693494,"userid":"vincent.planat@hpe.com","trainingMode":"SITTING","brightness":193}
{"deviceid":"b81e905908354542","eventtype":"ambientLight","timestamp":1456248706550,"userid":"vincent.planat@hpe.com","trainingMode":"SITTING","brightness":120}
