{"deviceid":"b81e905908354542","eventtype":"distance","timestamp":1456248712431,"userid":"vincent.planat@hpe.com","trainingMode":"SITTING","currentMotion":1,"pace":0.0,"speed":0.0,"totalDistance":2873754}
{"deviceid":"b81e905908354542","eventtype":"distance","timestamp":1456248710894,"userid":"vincent.planat@hpe.com","trainingMode":"SITTING","currentMotion":1,"pace":0.0,"speed":0.0,"totalDistance":2873754}
{"deviceid":"b81e905908354542","eventtype":"distance","timestamp":1456248710878,"userid":"vincent.planat@hpe.com","trainingMode":"SITTING","currentMotion":1,"pace":0.0,"speed":0.0,"totalDistance":2873754}
{"deviceid":"b81e905908354542","eventtype":"distance","timestamp":1456248700757,"userid":"vincent.planat@hpe.com","trainingMode":"SITTING","currentMotion":1,"pace":0.0,"speed":0.0,"totalDistance":2873754}
{"deviceid":"b81e905908354542","eventtype":"distance","timestamp":1456248697758,"userid":"vincent.planat@hpe.com","trainingMode":"SITTING","currentMotion":1,"pace":0.0,"speed":0.0,"totalDistance":2873754}
{"deviceid":"b81e905908354542","eventtype":"distance","timestamp":1456248719058,"userid":"vincent.planat@hpe.com","trainingMode":"SITTING","currentMotion":1,"pace":0.0,"speed":0.0,"totalDistance":2873754}
{"deviceid":"b81e905908354542","eventtype":"distance","timestamp":1456248707441,"userid":"vincent.planat@hpe.com","trainingMode":"SITTING","currentMotion":1,"pace":0.0,"speed":0.0,"totalDistance":2873754}
{"deviceid":"b81e905908354542","eventtype":"distance","timestamp":1456248698751,"userid":"vincent.planat@hpe.com","trainingMode":"SITTING","currentMotion":1,"pace":0.0,"speed":0.0,"totalDistance":2873754}
{"deviceid":"b81e905908354542","eventtype":"distance","timestamp":1456248716960,"userid":"vincent.planat@hpe.com","trainingMode":"SITTING","currentMotion":1,"pace":0.0,"speed":0.0,"totalDistance":2873754}
{"deviceid":"b81e905908354542","eventtype":"distance","timestamp":1456248691085,"userid":"vincent.planat@hpe.com","trainingMode":"SITTING","currentMotion":1,"pace":0.0,"speed":0.0,"totalDistance":2873754}
{"deviceid":"b81e905908354542","eventtype":"distance","timestamp":1456248706449,"userid":"vincent.planat@hpe.com","trainingMode":"SITTING","currentMotion":1,"pace":0.0,"speed":0.0,"totalDistance":2873754}
{"deviceid":"b81e905908354542","eventtype":"distance","timestamp":1456248704832,"userid":"vincent.planat@hpe.com","trainingMode":"SITTING","currentMotion":1,"pace":0.0,"speed":0.0,"totalDistance":2873754}
{"deviceid":"b81e905908354542","eventtype":"distance","timestamp":1456248725070,"userid":"vincent.planat@hpe.com","trainingMode":"SITTING","currentMotion":1,"pace":0.0,"speed":0.0,"totalDistance":2873754}
{"deviceid":"b81e905908354542","eventtype":"distance","timestamp":1456248728066,"userid":"vincent.planat@hpe.com","trainingMode":"SITTING","currentMotion":1,"pace":0.0,"speed":0.0,"totalDistance":2873754}
{"deviceid":"b81e905908354542","eventtype":"distance","timestamp":1456248698765,"userid":"vincent.planat@hpe.com","trainingMode":"SITTING","currentMotion":1,"pace":0.0,"speed":0.0,"totalDistance":2873754}
{"deviceid":"b81e905908354542","eventtype":"distance","timestamp":1456248719952,"userid":"vincent.planat@hpe.com","trainingMode":"SITTING","currentMotion":1,"pace":0.0,"speed":0.0,"totalDistance":2873754}
{"deviceid":"b81e905908354542","eventtype":"distance","timestamp":1456248690066,"userid":"vincent.planat@hpe.com","trainingMode":"SITTING","currentMotion":1,"pace":0.0,"speed":0.0,"totalDistance":2873754}
{"deviceid":"b81e905908354542","eventtype":"distance","timestamp":1456248701780,"userid":"vincent.planat@hpe.com","trainingMode":"SITTING","currentMotion":1,"pace":0.0,"speed":0.0,"totalDistance":2873754}
{"deviceid":"b81e905908354542","eventtype":"distance","timestamp":1456248703812,"userid":"vincent.planat@hpe.com","trainingMode":"SITTING","currentMotion":1,"pace":0.0,"speed":0.0,"totalDistance":2873754}
{"deviceid":"b81e905908354542","eventtype":"distance","timestamp":1456248687774,"userid":"vincent.planat@hpe.com","trainingMode":"SITTING","currentMotion":1,"pace":0.0,"speed":0.0,"totalDistance":2873754}
{"deviceid":"b81e905908354542","eventtype":"distance","timestamp":1456248715899,"userid":"vincent.planat@hpe.com","trainingMode":"SITTING","currentMotion":1,"pace":0.0,"speed":0.0,"totalDistance":2873754}
{"deviceid":"b81e905908354542","eventtype":"distance","timestamp":1456248708307,"userid":"vincent.planat@hpe.com","trainingMode":"SITTING","currentMotion":1,"pace":0.0,"speed":0.0,"totalDistance":2873754}
{"deviceid":"b81e905908354542","eventtype":"distance","timestamp":1456248686681,"userid":"vincent.planat@hpe.com","trainingMode":"SITTING","currentMotion":1,"pace":0.0,"speed":0.0,"totalDistance":2873754}
{"deviceid":"b81e905908354542","eventtype":"distance","timestamp":1456248696074,"userid":"vincent.planat@hpe.com","trainingMode":"SITTING","currentMotion":1,"pace":0.0,"speed":0.0,"totalDistance":2873754}
{"deviceid":"b81e905908354542","eventtype":"distance","timestamp":1456248707476,"userid":"vincent.planat@hpe.com","trainingMode":"SITTING","currentMotion":1,"pace":0.0,"speed":0.0,"totalDistance":2873754}
{"deviceid":"b81e905908354542","eventtype":"distance","timestamp":1456248717922,"userid":"vincent.planat@hpe.com","trainingMode":"SITTING","currentMotion":1,"pace":0.0,"speed":0.0,"totalDistance":2873754}
{"deviceid":"b81e905908354542","eventtype":"distance","timestamp":1456248712414,"userid":"vincent.planat@hpe.com","trainingMode":"SITTING","currentMotion":1,"pace":0.0,"speed":0.0,"totalDistance":2873754}
{"deviceid":"b81e905908354542","eventtype":"distance","timestamp":1456248701782,"userid":"vincent.planat@hpe.com","trainingMode":"SITTING","currentMotion":1,"pace":0.0,"speed":0.0,"totalDistance":2873754}
{"deviceid":"b81e905908354542","eventtype":"distance","timestamp":1456248697756,"userid":"vincent.planat@hpe.com","trainingMode":"SITTING","currentMotion":1,"pace":0.0,"speed":0.0,"totalDistance":2873754}
{"deviceid":"b81e905908354542","eventtype":"distance","timestamp":1456248721019,"userid":"vincent.planat@hpe.com","trainingMode":"SITTING","currentMotion":1,"pace":0.0,"speed":0.0,"totalDistance":2873754}
{"deviceid":"b81e905908354542","eventtype":"distance","timestamp":1456248706465,"userid":"vincent.planat@hpe.com","trainingMode":"SITTING","currentMotion":1,"pace":0.0,"speed":0.0,"totalDistance":2873754}
{"deviceid":"b81e905908354542","eventtype":"distance","timestamp":1456248729074,"userid":"vincent.planat@hpe.com","trainingMode":"SITTING","currentMotion":1,"pace":0.0,"speed":0.0,"totalDistance":2873754}
{"deviceid":"b81e905908354542","eventtype":"distance","timestamp":1456248691966,"userid":"vincent.planat@hpe.com","trainingMode":"SITTING","currentMotion":1,"pace":0.0,"speed":0.0,"totalDistance":2873754}
{"deviceid":"b81e905908354542","eventtype":"distance","timestamp":1456248715924,"userid":"vincent.planat@hpe.com","trainingMode":"SITTING","currentMotion":1,"pace":0.0,"speed":0.0,"totalDistance":2873754}
{"deviceid":"b81e905908354542","eventtype":"distance","timestamp":1456248708323,"userid":"vincent.planat@hpe.com","trainingMode":"SITTING","currentMotion":1,"pace":0.0,"speed":0.0,"totalDistance":2873754}
{"deviceid":"b81e905908354542","eventtype":"distance","timestamp":1456248714902,"userid":"vincent.planat@hpe.com","trainingMode":"SITTING","currentMotion":1,"pace":0.0,"speed":0.0,"totalDistance":2873754}
{"deviceid":"b81e905908354542","eventtype":"distance","timestamp":1456248696127,"userid":"vincent.planat@hpe.com","trainingMode":"SITTING","currentMotion":1,"pace":0.0,"speed":0.0,"totalDistance":2873754}
{"deviceid":"b81e905908354542","eventtype":"distance","timestamp":1456248695135,"userid":"vincent.planat@hpe.com","trainingMode":"SITTING","currentMotion":1,"pace":0.0,"speed":0.0,"totalDistance":2873754}
{"deviceid":"b81e905908354542","eventtype":"distance","timestamp":1456248702818,"userid":"vincent.planat@hpe.com","trainingMode":"SITTING","currentMotion":1,"pace":0.0,"speed":0.0,"totalDistance":2873754}
{"deviceid":"b81e905908354542","eventtype":"distance","timestamp":1456248699821,"userid":"vincent.planat@hpe.com","trainingMode":"SITTING","currentMotion":1,"pace":0.0,"speed":0.0,"totalDistance":2873754}
{"deviceid":"b81e905908354542","eventtype":"distance","timestamp":1456248692750,"userid":"vincent.planat@hpe.com","trainingMode":"SITTING","currentMotion":1,"pace":0.0,"speed":0.0,"totalDistance":2873754}
{"deviceid":"b81e905908354542","eventtype":"distance","timestamp":1456248686698,"userid":"vincent.planat@hpe.com","trainingMode":"SITTING","currentMotion":1,"pace":0.0,"speed":0.0,"totalDistance":2873754}
{"deviceid":"b81e905908354542","eventtype":"distance","timestamp":1456248687792,"userid":"vincent.planat@hpe.com","trainingMode":"SITTING","currentMotion":1,"pace":0.0,"speed":0.0,"totalDistance":2873754}
{"deviceid":"b81e905908354542","eventtype":"distance","timestamp":1456248723976,"userid":"vincent.planat@hpe.com","trainingMode":"SITTING","currentMotion":1,"pace":0.0,"speed":0.0,"totalDistance":2873754}
{"deviceid":"b81e905908354542","eventtype":"distance","timestamp":1456248714042,"userid":"vincent.planat@hpe.com","trainingMode":"SITTING","currentMotion":1,"pace":0.0,"speed":0.0,"totalDistance":2873754}
{"deviceid":"b81e905908354542","eventtype":"distance","timestamp":1456248699803,"userid":"vincent.planat@hpe.com","trainingMode":"SITTING","currentMotion":1,"pace":0.0,"speed":0.0,"totalDistance":2873754}
{"deviceid":"b81e905908354542","eventtype":"distance","timestamp":1456248726092,"userid":"vincent.planat@hpe.com","trainingMode":"SITTING","currentMotion":1,"pace":0.0,"speed":0.0,"totalDistance":2873754}
{"deviceid":"b81e905908354542","eventtype":"distance","timestamp":1456248716937,"userid":"vincent.planat@hpe.com","trainingMode":"SITTING","currentMotion":1,"pace":0.0,"speed":0.0,"totalDistance":2873754}
{"deviceid":"b81e905908354542","eventtype":"distance","timestamp":1456248722988,"userid":"vincent.planat@hpe.com","trainingMode":"SITTING","currentMotion":1,"pace":0.0,"speed":0.0,"totalDistance":2873754}
{"deviceid":"b81e905908354542","eventtype":"distance","timestamp":1456248714889,"userid":"vincent.planat@hpe.com","trainingMode":"SITTING","currentMotion":1,"pace":0.0,"speed":0.0,"totalDistance":2873754}
{"deviceid":"b81e905908354542","eventtype":"distance","timestamp":1456248709840,"userid":"vincent.planat@hpe.com","trainingMode":"SITTING","currentMotion":1,"pace":0.0,"speed":0.0,"totalDistance":2873754}
{"deviceid":"b81e905908354542","eventtype":"distance","timestamp":1456248722975,"userid":"vincent.planat@hpe.com","trainingMode":"SITTING","currentMotion":1,"pace":0.0,"speed":0.0,"totalDistance":2873754}
{"deviceid":"b81e905908354542","eventtype":"distance","timestamp":1456248717920,"userid":"vincent.planat@hpe.com","trainingMode":"SITTING","currentMotion":1,"pace":0.0,"speed":0.0,"totalDistance":2873754}
{"deviceid":"b81e905908354542","eventtype":"distance","timestamp":1456248689219,"userid":"vincent.planat@hpe.com","trainingMode":"SITTING","currentMotion":1,"pace":0.0,"speed":0.0,"totalDistance":2873754}
{"deviceid":"b81e905908354542","eventtype":"distance","timestamp":1456248726114,"userid":"vincent.planat@hpe.com","trainingMode":"SITTING","currentMotion":1,"pace":0.0,"speed":0.0,"totalDistance":2873754}
{"deviceid":"b81e905908354542","eventtype":"distance","timestamp":1456248693767,"userid":"vincent.planat@hpe.com","trainingMode":"SITTING","currentMotion":1,"pace":0.0,"speed":0.0,"totalDistance":2873754}
{"deviceid":"b81e905908354542","eventtype":"distance","timestamp":1456248722078,"userid":"vincent.planat@hpe.com","trainingMode":"SITTING","currentMotion":1,"pace":0.0,"speed":0.0,"totalDistance":2873754}
{"deviceid":"b81e905908354542","eventtype":"distance","timestamp":1456248727061,"userid":"vincent.planat@hpe.com","trainingMode":"SITTING","currentMotion":1,"pace":0.0,"speed":0.0,"totalDistance":2873754}
{"deviceid":"b81e905908354542","eventtype":"distance","timestamp":1456248725232,"userid":"vincent.planat@hpe.com","trainingMode":"SITTING","currentMotion":1,"pace":0.0,"speed":0.0,"totalDistance":2873754}
{"deviceid":"b81e905908354542","eventtype":"distance","timestamp":1456248713265,"userid":"vincent.planat@hpe.com","trainingMode":"SITTING","currentMotion":1,"pace":0.0,"speed":0.0,"totalDistance":2873754}
{"deviceid":"b81e905908354542","eventtype":"distance","timestamp":1456248692765,"userid":"vincent.planat@hpe.com","trainingMode":"SITTING","currentMotion":1,"pace":0.0,"speed":0.0,"totalDistance":2873754}
{"deviceid":"b81e905908354542","eventtype":"distance","timestamp":1456248723962,"userid":"vincent.planat@hpe.com","trainingMode":"SITTING","currentMotion":1,"pace":0.0,"speed":0.0,"totalDistance":2873754}
{"deviceid":"b81e905908354542","eventtype":"distance","timestamp":1456248713283,"userid":"vincent.planat@hpe.com","trainingMode":"SITTING","currentMotion":1,"pace":0.0,"speed":0.0,"totalDistance":2873754}
{"deviceid":"b81e905908354542","eventtype":"distance","timestamp":1456248695160,"userid":"vincent.planat@hpe.com","trainingMode":"SITTING","currentMotion":1,"pace":0.0,"speed":0.0,"totalDistance":2873754}
{"deviceid":"b81e905908354542","eventtype":"distance","timestamp":1456248709105,"userid":"vincent.planat@hpe.com","trainingMode":"SITTING","currentMotion":1,"pace":0.0,"speed":0.0,"totalDistance":2873754}
{"deviceid":"b81e905908354542","eventtype":"distance","timestamp":1456248691103,"userid":"vincent.planat@hpe.com","trainingMode":"SITTING","currentMotion":1,"pace":0.0,"speed":0.0,"totalDistance":2873754}
{"deviceid":"b81e905908354542","eventtype":"distance","timestamp":1456248709122,"userid":"vincent.planat@hpe.com","trainingMode":"SITTING","currentMotion":1,"pace":0.0,"speed":0.0,"totalDistance":2873754}
{"deviceid":"b81e905908354542","eventtype":"distance","timestamp":1456248703829,"userid":"vincent.planat@hpe.com","trainingMode":"SITTING","currentMotion":1,"pace":0.0,"speed":0.0,"totalDistance":2873754}
{"deviceid":"b81e905908354542","eventtype":"distance","timestamp":1456248704807,"userid":"vincent.planat@hpe.com","trainingMode":"SITTING","currentMotion":1,"pace":0.0,"speed":0.0,"totalDistance":2873754}
{"deviceid":"b81e905908354542","eventtype":"distance","timestamp":1456248727043,"userid":"vincent.planat@hpe.com","trainingMode":"SITTING","currentMotion":1,"pace":0.0,"speed":0.0,"totalDistance":2873754}
{"deviceid":"b81e905908354542","eventtype":"distance","timestamp":1456248690082,"userid":"vincent.planat@hpe.com","trainingMode":"SITTING","currentMotion":1,"pace":0.0,"speed":0.0,"totalDistance":2873754}
{"deviceid":"b81e905908354542","eventtype":"distance","timestamp":1456248714058,"userid":"vincent.planat@hpe.com","trainingMode":"SITTING","currentMotion":1,"pace":0.0,"speed":0.0,"totalDistance":2873754}
{"deviceid":"b81e905908354542","eventtype":"distance","timestamp":1456248719972,"userid":"vincent.planat@hpe.com","trainingMode":"SITTING","currentMotion":1,"pace":0.0,"speed":0.0,"totalDistance":2873754}
{"deviceid":"b81e905908354542","eventtype":"distance","timestamp":1456248729062,"userid":"vincent.planat@hpe.com","trainingMode":"SITTING","currentMotion":1,"pace":0.0,"speed":0.0,"totalDistance":2873754}
{"deviceid":"b81e905908354542","eventtype":"distance","timestamp":1456248719074,"userid":"vincent.planat@hpe.com","trainingMode":"SITTING","currentMotion":1,"pace":0.0,"speed":0.0,"totalDistance":2873754}
{"deviceid":"b81e905908354542","eventtype":"distance","timestamp":1456248722062,"userid":"vincent.planat@hpe.com","trainingMode":"SITTING","currentMotion":1,"pace":0.0,"speed":0.0,"totalDistance":2873754}
{"deviceid":"b81e905908354542","eventtype":"distance","timestamp":1456248689243,"userid":"vincent.planat@hpe.com","trainingMode":"SITTING","currentMotion":1,"pace":0.0,"speed":0.0,"totalDistance":2873754}
{"deviceid":"b81e905908354542","eventtype":"distance","timestamp":1456248693781,"userid":"vincent.planat@hpe.com","trainingMode":"SITTING","currentMotion":1,"pace":0.0,"speed":0.0,"totalDistance":2873754}
{"deviceid":"b81e905908354542","eventtype":"distance","timestamp":1456248691978,"userid":"vincent.planat@hpe.com","trainingMode":"SITTING","currentMotion":1,"pace":0.0,"speed":0.0,"totalDistance":2873754}
{"deviceid":"b81e905908354542","eventtype":"distance","timestamp":1456248720994,"userid":"vincent.planat@hpe.com","trainingMode":"SITTING","currentMotion":1,"pace":0.0,"speed":0.0,"totalDistance":2873754}
{"deviceid":"b81e905908354542","eventtype":"distance","timestamp":1456248709861,"userid":"vincent.planat@hpe.com","trainingMode":"SITTING","currentMotion":1,"pace":0.0,"speed":0.0,"totalDistance":2873754}
{"deviceid":"b81e905908354542","eventtype":"distance","timestamp":1456248700757,"userid":"vincent.planat@hpe.com","trainingMode":"SITTING","currentMotion":1,"pace":0.0,"speed":0.0,"totalDistance":2873754}
{"deviceid":"b81e905908354542","eventtype":"distance","timestamp":1456248685649,"userid":"vincent.planat@hpe.com","trainingMode":"SITTING","currentMotion":1,"pace":0.0,"speed":0.0,"totalDistance":2873754}
{"deviceid":"b81e905908354542","eventtype":"distance","timestamp":1456248685659,"userid":"vincent.planat@hpe.com","trainingMode":"SITTING","currentMotion":1,"pace":0.0,"speed":0.0,"totalDistance":2873754}
{"deviceid":"b81e905908354542","eventtype":"distance","timestamp":1456248728047,"userid":"vincent.planat@hpe.com","trainingMode":"SITTING","currentMotion":1,"pace":0.0,"speed":0.0,"totalDistance":2873754}
{"deviceid":"b81e905908354542","eventtype":"distance","timestamp":1456248696911,"userid":"vincent.planat@hpe.com","trainingMode":"SITTING","currentMotion":1,"pace":0.0,"speed":0.0,"totalDistance":2873754}
{"deviceid":"b81e905908354542","eventtype":"distance","timestamp":1456248702805,"userid":"vincent.planat@hpe.com","trainingMode":"SITTING","currentMotion":1,"pace":0.0,"speed":0.0,"totalDistance":2873754}
{"deviceid":"b81e905908354542","eventtype":"distance","timestamp":1456248696821,"userid":"vincent.planat@hpe.com","trainingMode":"SITTING","currentMotion":1,"pace":0.0,"speed":0.0,"totalDistance":2873754}
