{"deviceid":"b81e905908354542","eventtype":"barometer","timestamp":1456248288037,"userid":"vincent.planat@hpe.com","trainingMode":"WALKING_DOWN","airPressure":991.23584,"temperature":34.6875}
{"deviceid":"b81e905908354542","eventtype":"barometer","timestamp":1456248305097,"userid":"vincent.planat@hpe.com","trainingMode":"WALKING","airPressure":991.418701,"temperature":34.51875}
{"deviceid":"b81e905908354542","eventtype":"barometer","timestamp":1456248295860,"userid":"vincent.planat@hpe.com","trainingMode":"WALKING_DOWN","airPressure":991.45459,"temperature":34.520833}
{"deviceid":"b81e905908354542","eventtype":"barometer","timestamp":1456248280373,"userid":"vincent.planat@hpe.com","trainingMode":"WALKING_DOWN","airPressure":991.064209,"temperature":34.795833}
{"deviceid":"b81e905908354542","eventtype":"barometer","timestamp":1456248274435,"userid":"vincent.planat@hpe.com","trainingMode":"WALKING_DOWN","airPressure":990.757568,"temperature":34.81875}
{"deviceid":"b81e905908354542","eventtype":"barometer","timestamp":1456248299465,"userid":"vincent.planat@hpe.com","trainingMode":"WALKING","airPressure":991.480713,"temperature":34.51875}
{"deviceid":"b81e905908354542","eventtype":"barometer","timestamp":1456248287973,"userid":"vincent.planat@hpe.com","trainingMode":"WALKING_DOWN","airPressure":991.23584,"temperature":34.6875}
{"deviceid":"b81e905908354542","eventtype":"barometer","timestamp":1456248296863,"userid":"vincent.planat@hpe.com","trainingMode":"WALKING_DOWN","airPressure":991.469482,"temperature":34.51875}
{"deviceid":"b81e905908354542","eventtype":"barometer","timestamp":1456248267232,"userid":"vincent.planat@hpe.com","trainingMode":"WALKING_DOWN","airPressure":990.572021,"temperature":34.83125}
{"deviceid":"b81e905908354542","eventtype":"barometer","timestamp":1456248306878,"userid":"vincent.planat@hpe.com","trainingMode":"WALKING","airPressure":991.354004,"temperature":34.504167}
{"deviceid":"b81e905908354542","eventtype":"barometer","timestamp":1456248276187,"userid":"vincent.planat@hpe.com","trainingMode":"WALKING_DOWN","airPressure":990.845947,"temperature":34.80625}
{"deviceid":"b81e905908354542","eventtype":"barometer","timestamp":1456248277920,"userid":"vincent.planat@hpe.com","trainingMode":"WALKING_DOWN","airPressure":990.915039,"temperature":34.802083}
{"deviceid":"b81e905908354542","eventtype":"barometer","timestamp":1456248288923,"userid":"vincent.planat@hpe.com","trainingMode":"WALKING_DOWN","airPressure":991.283447,"temperature":34.641667}
{"deviceid":"b81e905908354542","eventtype":"barometer","timestamp":1456248298676,"userid":"vincent.planat@hpe.com","trainingMode":"WALKING","airPressure":991.424316,"temperature":34.516667}
{"deviceid":"b81e905908354542","eventtype":"barometer","timestamp":1456248281271,"userid":"vincent.planat@hpe.com","trainingMode":"WALKING_DOWN","airPressure":991.033203,"temperature":34.791667}
{"deviceid":"b81e905908354542","eventtype":"barometer","timestamp":1456248270936,"userid":"vincent.planat@hpe.com","trainingMode":"WALKING_DOWN","airPressure":990.626953,"temperature":34.820833}
{"deviceid":"b81e905908354542","eventtype":"barometer","timestamp":1456248294952,"userid":"vincent.planat@hpe.com","trainingMode":"WALKING_DOWN","airPressure":991.459717,"temperature":34.520833}
{"deviceid":"b81e905908354542","eventtype":"barometer","timestamp":1456248301090,"userid":"vincent.planat@hpe.com","trainingMode":"WALKING","airPressure":991.504639,"temperature":34.51875}
{"deviceid":"b81e905908354542","eventtype":"barometer","timestamp":1456248305890,"userid":"vincent.planat@hpe.com","trainingMode":"WALKING","airPressure":991.360107,"temperature":34.510417}
{"deviceid":"b81e905908354542","eventtype":"barometer","timestamp":1456248290965,"userid":"vincent.planat@hpe.com","trainingMode":"WALKING_DOWN","airPressure":991.331299,"temperature":34.577083}
{"deviceid":"b81e905908354542","eventtype":"barometer","timestamp":1456248268215,"userid":"vincent.planat@hpe.com","trainingMode":"WALKING_DOWN","airPressure":990.590332,"temperature":34.827083}
{"deviceid":"b81e905908354542","eventtype":"barometer","timestamp":1456248268875,"userid":"vincent.planat@hpe.com","trainingMode":"WALKING_DOWN","airPressure":990.62793,"temperature":34.829167}
{"deviceid":"b81e905908354542","eventtype":"barometer","timestamp":1456248296881,"userid":"vincent.planat@hpe.com","trainingMode":"WALKING_DOWN","airPressure":991.469482,"temperature":34.51875}
{"deviceid":"b81e905908354542","eventtype":"barometer","timestamp":1456248283117,"userid":"vincent.planat@hpe.com","trainingMode":"WALKING_DOWN","airPressure":991.169434,"temperature":34.777083}
{"deviceid":"b81e905908354542","eventtype":"barometer","timestamp":1456248275441,"userid":"vincent.planat@hpe.com","trainingMode":"WALKING_DOWN","airPressure":990.894775,"temperature":34.814583}
{"deviceid":"b81e905908354542","eventtype":"barometer","timestamp":1456248301107,"userid":"vincent.planat@hpe.com","trainingMode":"WALKING","airPressure":991.504639,"temperature":34.51875}
{"deviceid":"b81e905908354542","eventtype":"barometer","timestamp":1456248269886,"userid":"vincent.planat@hpe.com","trainingMode":"WALKING_DOWN","airPressure":990.642334,"temperature":34.829167}
{"deviceid":"b81e905908354542","eventtype":"barometer","timestamp":1456248276956,"userid":"vincent.planat@hpe.com","trainingMode":"WALKING_DOWN","airPressure":990.919922,"temperature":34.80625}
{"deviceid":"b81e905908354542","eventtype":"barometer","timestamp":1456248303895,"userid":"vincent.planat@hpe.com","trainingMode":"WALKING","airPressure":991.416748,"temperature":34.516667}
{"deviceid":"b81e905908354542","eventtype":"barometer","timestamp":1456248287033,"userid":"vincent.planat@hpe.com","trainingMode":"WALKING_DOWN","airPressure":991.187256,"temperature":34.7375}
{"deviceid":"b81e905908354542","eventtype":"barometer","timestamp":1456248289877,"userid":"vincent.planat@hpe.com","trainingMode":"WALKING_DOWN","airPressure":991.360107,"temperature":34.60625}
{"deviceid":"b81e905908354542","eventtype":"barometer","timestamp":1456248268301,"userid":"vincent.planat@hpe.com","trainingMode":"WALKING_DOWN","airPressure":990.590332,"temperature":34.827083}
{"deviceid":"b81e905908354542","eventtype":"barometer","timestamp":1456248306873,"userid":"vincent.planat@hpe.com","trainingMode":"WALKING","airPressure":991.354004,"temperature":34.504167}
{"deviceid":"b81e905908354542","eventtype":"barometer","timestamp":1456248283957,"userid":"vincent.planat@hpe.com","trainingMode":"WALKING_DOWN","airPressure":991.222412,"temperature":34.777083}
{"deviceid":"b81e905908354542","eventtype":"barometer","timestamp":1456248282271,"userid":"vincent.planat@hpe.com","trainingMode":"WALKING_DOWN","airPressure":991.184326,"temperature":34.783333}
{"deviceid":"b81e905908354542","eventtype":"barometer","timestamp":1456248273489,"userid":"vincent.planat@hpe.com","trainingMode":"WALKING_DOWN","airPressure":990.709473,"temperature":34.822917}
{"deviceid":"b81e905908354542","eventtype":"barometer","timestamp":1456248267248,"userid":"vincent.planat@hpe.com","trainingMode":"WALKING_DOWN","airPressure":990.572021,"temperature":34.83125}
{"deviceid":"b81e905908354542","eventtype":"barometer","timestamp":1456248303914,"userid":"vincent.planat@hpe.com","trainingMode":"WALKING","airPressure":991.416748,"temperature":34.516667}
{"deviceid":"b81e905908354542","eventtype":"barometer","timestamp":1456248280354,"userid":"vincent.planat@hpe.com","trainingMode":"WALKING_DOWN","airPressure":991.064209,"temperature":34.795833}
{"deviceid":"b81e905908354542","eventtype":"barometer","timestamp":1456248272617,"userid":"vincent.planat@hpe.com","trainingMode":"WALKING_DOWN","airPressure":990.626953,"temperature":34.820833}
{"deviceid":"b81e905908354542","eventtype":"barometer","timestamp":1456248288901,"userid":"vincent.planat@hpe.com","trainingMode":"WALKING_DOWN","airPressure":991.283447,"temperature":34.641667}
{"deviceid":"b81e905908354542","eventtype":"barometer","timestamp":1456248270922,"userid":"vincent.planat@hpe.com","trainingMode":"WALKING_DOWN","airPressure":990.626953,"temperature":34.820833}
{"deviceid":"b81e905908354542","eventtype":"barometer","timestamp":1456248293949,"userid":"vincent.planat@hpe.com","trainingMode":"WALKING_DOWN","airPressure":991.379395,"temperature":34.53125}
{"deviceid":"b81e905908354542","eventtype":"barometer","timestamp":1456248282322,"userid":"vincent.planat@hpe.com","trainingMode":"WALKING_DOWN","airPressure":991.184326,"temperature":34.783333}
{"deviceid":"b81e905908354542","eventtype":"barometer","timestamp":1456248286114,"userid":"vincent.planat@hpe.com","trainingMode":"WALKING_DOWN","airPressure":991.136719,"temperature":34.7625}
{"deviceid":"b81e905908354542","eventtype":"barometer","timestamp":1456248285259,"userid":"vincent.planat@hpe.com","trainingMode":"WALKING_DOWN","airPressure":991.21582,"temperature":34.76875}
{"deviceid":"b81e905908354542","eventtype":"barometer","timestamp":1456248276941,"userid":"vincent.planat@hpe.com","trainingMode":"WALKING_DOWN","airPressure":990.919922,"temperature":34.80625}
{"deviceid":"b81e905908354542","eventtype":"barometer","timestamp":1456248302917,"userid":"vincent.planat@hpe.com","trainingMode":"WALKING","airPressure":991.401123,"temperature":34.516667}
{"deviceid":"b81e905908354542","eventtype":"barometer","timestamp":1456248299448,"userid":"vincent.planat@hpe.com","trainingMode":"WALKING","airPressure":991.480713,"temperature":34.51875}
{"deviceid":"b81e905908354542","eventtype":"barometer","timestamp":1456248300303,"userid":"vincent.planat@hpe.com","trainingMode":"WALKING","airPressure":991.470215,"temperature":34.516667}
{"deviceid":"b81e905908354542","eventtype":"barometer","timestamp":1456248294967,"userid":"vincent.planat@hpe.com","trainingMode":"WALKING_DOWN","airPressure":991.459717,"temperature":34.520833}
{"deviceid":"b81e905908354542","eventtype":"barometer","timestamp":1456248279477,"userid":"vincent.planat@hpe.com","trainingMode":"WALKING_DOWN","airPressure":991.000488,"temperature":34.8}
{"deviceid":"b81e905908354542","eventtype":"barometer","timestamp":1456248291000,"userid":"vincent.planat@hpe.com","trainingMode":"WALKING_DOWN","airPressure":991.331299,"temperature":34.577083}
{"deviceid":"b81e905908354542","eventtype":"barometer","timestamp":1456248283066,"userid":"vincent.planat@hpe.com","trainingMode":"WALKING_DOWN","airPressure":991.169434,"temperature":34.777083}
{"deviceid":"b81e905908354542","eventtype":"barometer","timestamp":1456248281323,"userid":"vincent.planat@hpe.com","trainingMode":"WALKING_DOWN","airPressure":991.033203,"temperature":34.791667}
{"deviceid":"b81e905908354542","eventtype":"barometer","timestamp":1456248279492,"userid":"vincent.planat@hpe.com","trainingMode":"WALKING_DOWN","airPressure":991.000488,"temperature":34.8}
{"deviceid":"b81e905908354542","eventtype":"barometer","timestamp":1456248292859,"userid":"vincent.planat@hpe.com","trainingMode":"WALKING_DOWN","airPressure":991.427979,"temperature":34.541667}
{"deviceid":"b81e905908354542","eventtype":"barometer","timestamp":1456248284005,"userid":"vincent.planat@hpe.com","trainingMode":"WALKING_DOWN","airPressure":991.222412,"temperature":34.777083}
{"deviceid":"b81e905908354542","eventtype":"barometer","timestamp":1456248272635,"userid":"vincent.planat@hpe.com","trainingMode":"WALKING_DOWN","airPressure":990.626953,"temperature":34.820833}
{"deviceid":"b81e905908354542","eventtype":"barometer","timestamp":1456248298644,"userid":"vincent.planat@hpe.com","trainingMode":"WALKING","airPressure":991.424316,"temperature":34.516667}
{"deviceid":"b81e905908354542","eventtype":"barometer","timestamp":1456248301960,"userid":"vincent.planat@hpe.com","trainingMode":"WALKING","airPressure":991.401123,"temperature":34.516667}
{"deviceid":"b81e905908354542","eventtype":"barometer","timestamp":1456248291882,"userid":"vincent.planat@hpe.com","trainingMode":"WALKING_DOWN","airPressure":991.362793,"temperature":34.554167}
{"deviceid":"b81e905908354542","eventtype":"barometer","timestamp":1456248275429,"userid":"vincent.planat@hpe.com","trainingMode":"WALKING_DOWN","airPressure":990.894775,"temperature":34.814583}
{"deviceid":"b81e905908354542","eventtype":"barometer","timestamp":1456248307912,"userid":"vincent.planat@hpe.com","trainingMode":"WALKING","airPressure":991.346191,"temperature":34.504167}
{"deviceid":"b81e905908354542","eventtype":"barometer","timestamp":1456248274397,"userid":"vincent.planat@hpe.com","trainingMode":"WALKING_DOWN","airPressure":990.757568,"temperature":34.81875}
{"deviceid":"b81e905908354542","eventtype":"barometer","timestamp":1456248268870,"userid":"vincent.planat@hpe.com","trainingMode":"WALKING_DOWN","airPressure":990.62793,"temperature":34.829167}
{"deviceid":"b81e905908354542","eventtype":"barometer","timestamp":1456248276173,"userid":"vincent.planat@hpe.com","trainingMode":"WALKING_DOWN","airPressure":990.845947,"temperature":34.80625}
{"deviceid":"b81e905908354542","eventtype":"barometer","timestamp":1456248286130,"userid":"vincent.planat@hpe.com","trainingMode":"WALKING_DOWN","airPressure":991.136719,"temperature":34.7625}
{"deviceid":"b81e905908354542","eventtype":"barometer","timestamp":1456248305904,"userid":"vincent.planat@hpe.com","trainingMode":"WALKING","airPressure":991.360107,"temperature":34.510417}
{"deviceid":"b81e905908354542","eventtype":"barometer","timestamp":1456248285240,"userid":"vincent.planat@hpe.com","trainingMode":"WALKING_DOWN","airPressure":991.21582,"temperature":34.76875}
{"deviceid":"b81e905908354542","eventtype":"barometer","timestamp":1456248302899,"userid":"vincent.planat@hpe.com","trainingMode":"WALKING","airPressure":991.401123,"temperature":34.516667}
{"deviceid":"b81e905908354542","eventtype":"barometer","timestamp":1456248295858,"userid":"vincent.planat@hpe.com","trainingMode":"WALKING_DOWN","airPressure":991.45459,"temperature":34.520833}
{"deviceid":"b81e905908354542","eventtype":"barometer","timestamp":1456248301947,"userid":"vincent.planat@hpe.com","trainingMode":"WALKING","airPressure":991.401123,"temperature":34.516667}
{"deviceid":"b81e905908354542","eventtype":"barometer","timestamp":1456248291875,"userid":"vincent.planat@hpe.com","trainingMode":"WALKING_DOWN","airPressure":991.362793,"temperature":34.554167}
{"deviceid":"b81e905908354542","eventtype":"barometer","timestamp":1456248307894,"userid":"vincent.planat@hpe.com","trainingMode":"WALKING","airPressure":991.346191,"temperature":34.504167}
{"deviceid":"b81e905908354542","eventtype":"barometer","timestamp":1456248273473,"userid":"vincent.planat@hpe.com","trainingMode":"WALKING_DOWN","airPressure":990.709473,"temperature":34.822917}
{"deviceid":"b81e905908354542","eventtype":"barometer","timestamp":1456248305112,"userid":"vincent.planat@hpe.com","trainingMode":"WALKING","airPressure":991.418701,"temperature":34.51875}
{"deviceid":"b81e905908354542","eventtype":"barometer","timestamp":1456248269872,"userid":"vincent.planat@hpe.com","trainingMode":"WALKING_DOWN","airPressure":990.642334,"temperature":34.829167}
{"deviceid":"b81e905908354542","eventtype":"barometer","timestamp":1456248287078,"userid":"vincent.planat@hpe.com","trainingMode":"WALKING_DOWN","airPressure":991.187256,"temperature":34.7375}
{"deviceid":"b81e905908354542","eventtype":"barometer","timestamp":1456248277906,"userid":"vincent.planat@hpe.com","trainingMode":"WALKING_DOWN","airPressure":990.915039,"temperature":34.802083}
{"deviceid":"b81e905908354542","eventtype":"barometer","timestamp":1456248293977,"userid":"vincent.planat@hpe.com","trainingMode":"WALKING_DOWN","airPressure":991.379395,"temperature":34.53125}
{"deviceid":"b81e905908354542","eventtype":"barometer","timestamp":1456248300289,"userid":"vincent.planat@hpe.com","trainingMode":"WALKING","airPressure":991.470215,"temperature":34.516667}
{"deviceid":"b81e905908354542","eventtype":"barometer","timestamp":1456248289890,"userid":"vincent.planat@hpe.com","trainingMode":"WALKING_DOWN","airPressure":991.360107,"temperature":34.60625}
{"deviceid":"b81e905908354542","eventtype":"barometer","timestamp":1456248292857,"userid":"vincent.planat@hpe.com","trainingMode":"WALKING_DOWN","airPressure":991.427979,"temperature":34.541667}
