{"deviceid":"b81e905908354542","eventtype":"barometer","timestamp":1456248528958,"userid":"vincent.planat@hpe.com","trainingMode":"WALKING","airPressure":991.342529,"temperature":33.041667}
{"deviceid":"b81e905908354542","eventtype":"barometer","timestamp":1456248523425,"userid":"vincent.planat@hpe.com","trainingMode":"WALKING","airPressure":991.172852,"temperature":33.083333}
{"deviceid":"b81e905908354542","eventtype":"barometer","timestamp":1456248535991,"userid":"vincent.planat@hpe.com","trainingMode":"NONE","airPressure":991.537842,"temperature":33.0}
{"deviceid":"b81e905908354542","eventtype":"barometer","timestamp":1456248529962,"userid":"vincent.planat@hpe.com","trainingMode":"WALKING","airPressure":991.385254,"temperature":33.039583}
{"deviceid":"b81e905908354542","eventtype":"barometer","timestamp":1456248507271,"userid":"vincent.planat@hpe.com","trainingMode":"WALKING","airPressure":991.40332,"temperature":33.15625}
{"deviceid":"b81e905908354542","eventtype":"barometer","timestamp":1456248530938,"userid":"vincent.planat@hpe.com","trainingMode":"WALKING","airPressure":991.390381,"temperature":33.03125}
{"deviceid":"b81e905908354542","eventtype":"barometer","timestamp":1456248524147,"userid":"vincent.planat@hpe.com","trainingMode":"WALKING","airPressure":991.176514,"temperature":33.072917}
{"deviceid":"b81e905908354542","eventtype":"barometer","timestamp":1456248545089,"userid":"vincent.planat@hpe.com","trainingMode":"WALKING_UP","airPressure":991.393555,"temperature":32.9625}
{"deviceid":"b81e905908354542","eventtype":"barometer","timestamp":1456248541985,"userid":"vincent.planat@hpe.com","trainingMode":"WALKING_UP","airPressure":991.57373,"temperature":32.98125}
{"deviceid":"b81e905908354542","eventtype":"barometer","timestamp":1456248540965,"userid":"vincent.planat@hpe.com","trainingMode":"WALKING_UP","airPressure":991.510986,"temperature":32.979167}
{"deviceid":"b81e905908354542","eventtype":"barometer","timestamp":1456248544319,"userid":"vincent.planat@hpe.com","trainingMode":"WALKING_UP","airPressure":991.414551,"temperature":32.966667}
{"deviceid":"b81e905908354542","eventtype":"barometer","timestamp":1456248517088,"userid":"vincent.planat@hpe.com","trainingMode":"WALKING","airPressure":991.166748,"temperature":33.114583}
{"deviceid":"b81e905908354542","eventtype":"barometer","timestamp":1456248529975,"userid":"vincent.planat@hpe.com","trainingMode":"WALKING","airPressure":991.385254,"temperature":33.039583}
{"deviceid":"b81e905908354542","eventtype":"barometer","timestamp":1456248517919,"userid":"vincent.planat@hpe.com","trainingMode":"WALKING","airPressure":991.235107,"temperature":33.110417}
{"deviceid":"b81e905908354542","eventtype":"barometer","timestamp":1456248521735,"userid":"vincent.planat@hpe.com","trainingMode":"WALKING","airPressure":991.164795,"temperature":33.0875}
{"deviceid":"b81e905908354542","eventtype":"barometer","timestamp":1456248546965,"userid":"vincent.planat@hpe.com","trainingMode":"WALKING_UP","airPressure":991.261719,"temperature":32.958333}
{"deviceid":"b81e905908354542","eventtype":"barometer","timestamp":1456248546001,"userid":"vincent.planat@hpe.com","trainingMode":"WALKING_UP","airPressure":991.314941,"temperature":32.9625}
{"deviceid":"b81e905908354542","eventtype":"barometer","timestamp":1456248514541,"userid":"vincent.planat@hpe.com","trainingMode":"WALKING","airPressure":991.228516,"temperature":33.13125}
{"deviceid":"b81e905908354542","eventtype":"barometer","timestamp":1456248540031,"userid":"vincent.planat@hpe.com","trainingMode":"NONE","airPressure":991.578125,"temperature":32.991667}
{"deviceid":"b81e905908354542","eventtype":"barometer","timestamp":1456248512929,"userid":"vincent.planat@hpe.com","trainingMode":"WALKING","airPressure":991.228516,"temperature":33.1375}
{"deviceid":"b81e905908354542","eventtype":"barometer","timestamp":1456248509962,"userid":"vincent.planat@hpe.com","trainingMode":"WALKING","airPressure":991.333496,"temperature":33.152083}
{"deviceid":"b81e905908354542","eventtype":"barometer","timestamp":1456248510917,"userid":"vincent.planat@hpe.com","trainingMode":"WALKING","airPressure":991.302002,"temperature":33.147917}
{"deviceid":"b81e905908354542","eventtype":"barometer","timestamp":1456248532992,"userid":"vincent.planat@hpe.com","trainingMode":"WALKING","airPressure":991.479004,"temperature":33.016667}
{"deviceid":"b81e905908354542","eventtype":"barometer","timestamp":1456248518918,"userid":"vincent.planat@hpe.com","trainingMode":"WALKING","airPressure":991.16748,"temperature":33.1}
{"deviceid":"b81e905908354542","eventtype":"barometer","timestamp":1456248507250,"userid":"vincent.planat@hpe.com","trainingMode":"WALKING","airPressure":991.40332,"temperature":33.15625}
{"deviceid":"b81e905908354542","eventtype":"barometer","timestamp":1456248512941,"userid":"vincent.planat@hpe.com","trainingMode":"WALKING","airPressure":991.228516,"temperature":33.1375}
{"deviceid":"b81e905908354542","eventtype":"barometer","timestamp":1456248508052,"userid":"vincent.planat@hpe.com","trainingMode":"WALKING","airPressure":991.347412,"temperature":33.158333}
{"deviceid":"b81e905908354542","eventtype":"barometer","timestamp":1456248510934,"userid":"vincent.planat@hpe.com","trainingMode":"WALKING","airPressure":991.302002,"temperature":33.147917}
{"deviceid":"b81e905908354542","eventtype":"barometer","timestamp":1456248514562,"userid":"vincent.planat@hpe.com","trainingMode":"WALKING","airPressure":991.228516,"temperature":33.13125}
{"deviceid":"b81e905908354542","eventtype":"barometer","timestamp":1456248508036,"userid":"vincent.planat@hpe.com","trainingMode":"WALKING","airPressure":991.347412,"temperature":33.158333}
{"deviceid":"b81e905908354542","eventtype":"barometer","timestamp":1456248543022,"userid":"vincent.planat@hpe.com","trainingMode":"WALKING_UP","airPressure":991.560059,"temperature":32.972917}
{"deviceid":"b81e905908354542","eventtype":"barometer","timestamp":1456248528063,"userid":"vincent.planat@hpe.com","trainingMode":"WALKING","airPressure":991.29541,"temperature":33.05}
{"deviceid":"b81e905908354542","eventtype":"barometer","timestamp":1456248515378,"userid":"vincent.planat@hpe.com","trainingMode":"WALKING","airPressure":991.233398,"temperature":33.133333}
{"deviceid":"b81e905908354542","eventtype":"barometer","timestamp":1456248539234,"userid":"vincent.planat@hpe.com","trainingMode":"NONE","airPressure":991.494873,"temperature":32.991667}
{"deviceid":"b81e905908354542","eventtype":"barometer","timestamp":1456248509948,"userid":"vincent.planat@hpe.com","trainingMode":"WALKING","airPressure":991.333496,"temperature":33.152083}
{"deviceid":"b81e905908354542","eventtype":"barometer","timestamp":1456248508969,"userid":"vincent.planat@hpe.com","trainingMode":"WALKING","airPressure":991.346191,"temperature":33.158333}
{"deviceid":"b81e905908354542","eventtype":"barometer","timestamp":1456248523412,"userid":"vincent.planat@hpe.com","trainingMode":"WALKING","airPressure":991.172852,"temperature":33.083333}
{"deviceid":"b81e905908354542","eventtype":"barometer","timestamp":1456248517916,"userid":"vincent.planat@hpe.com","trainingMode":"WALKING","airPressure":991.235107,"temperature":33.110417}
{"deviceid":"b81e905908354542","eventtype":"barometer","timestamp":1456248546979,"userid":"vincent.planat@hpe.com","trainingMode":"WALKING_UP","airPressure":991.261719,"temperature":32.958333}
{"deviceid":"b81e905908354542","eventtype":"barometer","timestamp":1456248528080,"userid":"vincent.planat@hpe.com","trainingMode":"WALKING","airPressure":991.29541,"temperature":33.05}
{"deviceid":"b81e905908354542","eventtype":"barometer","timestamp":1456248517073,"userid":"vincent.planat@hpe.com","trainingMode":"WALKING","airPressure":991.166748,"temperature":33.114583}
{"deviceid":"b81e905908354542","eventtype":"barometer","timestamp":1456248538412,"userid":"vincent.planat@hpe.com","trainingMode":"NONE","airPressure":991.547607,"temperature":32.99375}
{"deviceid":"b81e905908354542","eventtype":"barometer","timestamp":1456248516323,"userid":"vincent.planat@hpe.com","trainingMode":"WALKING","airPressure":991.218262,"temperature":33.122917}
{"deviceid":"b81e905908354542","eventtype":"barometer","timestamp":1456248527273,"userid":"vincent.planat@hpe.com","trainingMode":"WALKING","airPressure":991.331543,"temperature":33.054167}
{"deviceid":"b81e905908354542","eventtype":"barometer","timestamp":1456248526011,"userid":"vincent.planat@hpe.com","trainingMode":"WALKING","airPressure":991.249023,"temperature":33.0625}
{"deviceid":"b81e905908354542","eventtype":"barometer","timestamp":1456248519943,"userid":"vincent.planat@hpe.com","trainingMode":"WALKING","airPressure":991.20752,"temperature":33.095833}
{"deviceid":"b81e905908354542","eventtype":"barometer","timestamp":1456248539248,"userid":"vincent.planat@hpe.com","trainingMode":"NONE","airPressure":991.494873,"temperature":32.991667}
{"deviceid":"b81e905908354542","eventtype":"barometer","timestamp":1456248537002,"userid":"vincent.planat@hpe.com","trainingMode":"NONE","airPressure":991.556641,"temperature":33.0}
{"deviceid":"b81e905908354542","eventtype":"barometer","timestamp":1456248534931,"userid":"vincent.planat@hpe.com","trainingMode":"NONE","airPressure":991.436279,"temperature":33.00625}
{"deviceid":"b81e905908354542","eventtype":"barometer","timestamp":1456248532976,"userid":"vincent.planat@hpe.com","trainingMode":"WALKING","airPressure":991.479004,"temperature":33.016667}
{"deviceid":"b81e905908354542","eventtype":"barometer","timestamp":1456248541967,"userid":"vincent.planat@hpe.com","trainingMode":"WALKING_UP","airPressure":991.57373,"temperature":32.98125}
{"deviceid":"b81e905908354542","eventtype":"barometer","timestamp":1456248528941,"userid":"vincent.planat@hpe.com","trainingMode":"WALKING","airPressure":991.342529,"temperature":33.041667}
{"deviceid":"b81e905908354542","eventtype":"barometer","timestamp":1456248530921,"userid":"vincent.planat@hpe.com","trainingMode":"WALKING","airPressure":991.390381,"temperature":33.03125}
{"deviceid":"b81e905908354542","eventtype":"barometer","timestamp":1456248519930,"userid":"vincent.planat@hpe.com","trainingMode":"WALKING","airPressure":991.20752,"temperature":33.095833}
{"deviceid":"b81e905908354542","eventtype":"barometer","timestamp":1456248516341,"userid":"vincent.planat@hpe.com","trainingMode":"WALKING","airPressure":991.218262,"temperature":33.122917}
{"deviceid":"b81e905908354542","eventtype":"barometer","timestamp":1456248524130,"userid":"vincent.planat@hpe.com","trainingMode":"WALKING","airPressure":991.176514,"temperature":33.072917}
{"deviceid":"b81e905908354542","eventtype":"barometer","timestamp":1456248543043,"userid":"vincent.planat@hpe.com","trainingMode":"WALKING_UP","airPressure":991.560059,"temperature":32.972917}
{"deviceid":"b81e905908354542","eventtype":"barometer","timestamp":1456248532048,"userid":"vincent.planat@hpe.com","trainingMode":"WALKING","airPressure":991.400635,"temperature":33.022917}
{"deviceid":"b81e905908354542","eventtype":"barometer","timestamp":1456248540050,"userid":"vincent.planat@hpe.com","trainingMode":"NONE","airPressure":991.578125,"temperature":32.991667}
{"deviceid":"b81e905908354542","eventtype":"barometer","timestamp":1456248534916,"userid":"vincent.planat@hpe.com","trainingMode":"NONE","airPressure":991.436279,"temperature":33.00625}
{"deviceid":"b81e905908354542","eventtype":"barometer","timestamp":1456248511930,"userid":"vincent.planat@hpe.com","trainingMode":"WALKING","airPressure":991.27832,"temperature":33.14375}
{"deviceid":"b81e905908354542","eventtype":"barometer","timestamp":1456248536988,"userid":"vincent.planat@hpe.com","trainingMode":"NONE","airPressure":991.556641,"temperature":33.0}
{"deviceid":"b81e905908354542","eventtype":"barometer","timestamp":1456248524923,"userid":"vincent.planat@hpe.com","trainingMode":"WALKING","airPressure":991.207031,"temperature":33.064583}
{"deviceid":"b81e905908354542","eventtype":"barometer","timestamp":1456248524910,"userid":"vincent.planat@hpe.com","trainingMode":"WALKING","airPressure":991.207031,"temperature":33.064583}
{"deviceid":"b81e905908354542","eventtype":"barometer","timestamp":1456248534008,"userid":"vincent.planat@hpe.com","trainingMode":"NONE","airPressure":991.402344,"temperature":33.014583}
{"deviceid":"b81e905908354542","eventtype":"barometer","timestamp":1456248548023,"userid":"vincent.planat@hpe.com","trainingMode":"WALKING_UP","airPressure":991.236328,"temperature":32.954167}
{"deviceid":"b81e905908354542","eventtype":"barometer","timestamp":1456248532029,"userid":"vincent.planat@hpe.com","trainingMode":"WALKING","airPressure":991.400635,"temperature":33.022917}
{"deviceid":"b81e905908354542","eventtype":"barometer","timestamp":1456248508951,"userid":"vincent.planat@hpe.com","trainingMode":"WALKING","airPressure":991.346191,"temperature":33.158333}
{"deviceid":"b81e905908354542","eventtype":"barometer","timestamp":1456248526001,"userid":"vincent.planat@hpe.com","trainingMode":"WALKING","airPressure":991.249023,"temperature":33.0625}
{"deviceid":"b81e905908354542","eventtype":"barometer","timestamp":1456248521712,"userid":"vincent.planat@hpe.com","trainingMode":"WALKING","airPressure":991.164795,"temperature":33.0875}
{"deviceid":"b81e905908354542","eventtype":"barometer","timestamp":1456248545067,"userid":"vincent.planat@hpe.com","trainingMode":"WALKING_UP","airPressure":991.393555,"temperature":32.9625}
{"deviceid":"b81e905908354542","eventtype":"barometer","timestamp":1456248540977,"userid":"vincent.planat@hpe.com","trainingMode":"WALKING_UP","airPressure":991.510986,"temperature":32.979167}
{"deviceid":"b81e905908354542","eventtype":"barometer","timestamp":1456248511951,"userid":"vincent.planat@hpe.com","trainingMode":"WALKING","airPressure":991.27832,"temperature":33.14375}
{"deviceid":"b81e905908354542","eventtype":"barometer","timestamp":1456248515392,"userid":"vincent.planat@hpe.com","trainingMode":"WALKING","airPressure":991.233398,"temperature":33.133333}
{"deviceid":"b81e905908354542","eventtype":"barometer","timestamp":1456248538397,"userid":"vincent.planat@hpe.com","trainingMode":"NONE","airPressure":991.547607,"temperature":32.99375}
{"deviceid":"b81e905908354542","eventtype":"barometer","timestamp":1456248518938,"userid":"vincent.planat@hpe.com","trainingMode":"WALKING","airPressure":991.16748,"temperature":33.1}
{"deviceid":"b81e905908354542","eventtype":"barometer","timestamp":1456248535972,"userid":"vincent.planat@hpe.com","trainingMode":"NONE","airPressure":991.537842,"temperature":33.0}
{"deviceid":"b81e905908354542","eventtype":"barometer","timestamp":1456248544297,"userid":"vincent.planat@hpe.com","trainingMode":"WALKING_UP","airPressure":991.414551,"temperature":32.966667}
{"deviceid":"b81e905908354542","eventtype":"barometer","timestamp":1456248548108,"userid":"vincent.planat@hpe.com","trainingMode":"WALKING_UP","airPressure":991.236328,"temperature":32.954167}
{"deviceid":"b81e905908354542","eventtype":"barometer","timestamp":1456248522524,"userid":"vincent.planat@hpe.com","trainingMode":"WALKING","airPressure":991.164795,"temperature":33.0875}
{"deviceid":"b81e905908354542","eventtype":"barometer","timestamp":1456248522539,"userid":"vincent.planat@hpe.com","trainingMode":"WALKING","airPressure":991.164795,"temperature":33.0875}
{"deviceid":"b81e905908354542","eventtype":"barometer","timestamp":1456248534022,"userid":"vincent.planat@hpe.com","trainingMode":"NONE","airPressure":991.402344,"temperature":33.014583}
{"deviceid":"b81e905908354542","eventtype":"barometer","timestamp":1456248526984,"userid":"vincent.planat@hpe.com","trainingMode":"WALKING","airPressure":991.331543,"temperature":33.054167}
{"deviceid":"b81e905908354542","eventtype":"barometer","timestamp":1456248545992,"userid":"vincent.planat@hpe.com","trainingMode":"WALKING_UP","airPressure":991.314941,"temperature":32.9625}
