{"deviceid":"b81e905908354542","eventtype":"altimeter","timestamp":1456248473480,"userid":"vincent.planat@hpe.com","trainingMode":"WALKING_DOWN","flightsAscended":16,"flightsDescended":11,"rate":-22.0,"steppingGain":4709,"steppingLoss":3757,"stepsAscended":784,"stepsDescended":798,"totalGain":18329,"totalLoss":16640}
{"deviceid":"b81e905908354542","eventtype":"altimeter","timestamp":1456248462984,"userid":"vincent.planat@hpe.com","trainingMode":"WALKING_DOWN","flightsAscended":16,"flightsDescended":10,"rate":-19.0,"steppingGain":4709,"steppingLoss":3504,"stepsAscended":784,"stepsDescended":770,"totalGain":18329,"totalLoss":16387}
{"deviceid":"b81e905908354542","eventtype":"altimeter","timestamp":1456248459188,"userid":"vincent.planat@hpe.com","trainingMode":"WALKING_DOWN","flightsAscended":16,"flightsDescended":10,"rate":-4.0,"steppingGain":4709,"steppingLoss":3504,"stepsAscended":784,"stepsDescended":770,"totalGain":18329,"totalLoss":16387}
{"deviceid":"b81e905908354542","eventtype":"altimeter","timestamp":1456248465015,"userid":"vincent.planat@hpe.com","trainingMode":"WALKING_DOWN","flightsAscended":16,"flightsDescended":10,"rate":-12.0,"steppingGain":4709,"steppingLoss":3627,"stepsAscended":784,"stepsDescended":790,"totalGain":18329,"totalLoss":16510}
{"deviceid":"b81e905908354542","eventtype":"altimeter","timestamp":1456248461967,"userid":"vincent.planat@hpe.com","trainingMode":"WALKING_DOWN","flightsAscended":16,"flightsDescended":10,"rate":-15.0,"steppingGain":4709,"steppingLoss":3504,"stepsAscended":784,"stepsDescended":770,"totalGain":18329,"totalLoss":16387}
{"deviceid":"b81e905908354542","eventtype":"altimeter","timestamp":1456248454299,"userid":"vincent.planat@hpe.com","trainingMode":"WALKING","flightsAscended":16,"flightsDescended":10,"rate":-4.0,"steppingGain":4709,"steppingLoss":3504,"stepsAscended":784,"stepsDescended":770,"totalGain":18329,"totalLoss":16387}
{"deviceid":"b81e905908354542","eventtype":"altimeter","timestamp":1456248459201,"userid":"vincent.planat@hpe.com","trainingMode":"WALKING_DOWN","flightsAscended":16,"flightsDescended":10,"rate":-4.0,"steppingGain":4709,"steppingLoss":3504,"stepsAscended":784,"stepsDescended":770,"totalGain":18329,"totalLoss":16387}
{"deviceid":"b81e905908354542","eventtype":"altimeter","timestamp":1456248478452,"userid":"vincent.planat@hpe.com","trainingMode":"WALKING_DOWN","flightsAscended":16,"flightsDescended":11,"rate":-20.0,"steppingGain":4709,"steppingLoss":3879,"stepsAscended":784,"stepsDescended":806,"totalGain":18329,"totalLoss":16762}
{"deviceid":"b81e905908354542","eventtype":"altimeter","timestamp":1456248454284,"userid":"vincent.planat@hpe.com","trainingMode":"WALKING","flightsAscended":16,"flightsDescended":10,"rate":-4.0,"steppingGain":4709,"steppingLoss":3504,"stepsAscended":784,"stepsDescended":770,"totalGain":18329,"totalLoss":16387}
{"deviceid":"b81e905908354542","eventtype":"altimeter","timestamp":1456248449940,"userid":"vincent.planat@hpe.com","trainingMode":"WALKING","flightsAscended":16,"flightsDescended":10,"rate":-9.0,"steppingGain":4709,"steppingLoss":3504,"stepsAscended":784,"stepsDescended":770,"totalGain":18329,"totalLoss":16387}
{"deviceid":"b81e905908354542","eventtype":"altimeter","timestamp":1456248447022,"userid":"vincent.planat@hpe.com","trainingMode":"WALKING","flightsAscended":16,"flightsDescended":10,"rate":-8.0,"steppingGain":4709,"steppingLoss":3381,"stepsAscended":784,"stepsDescended":666,"totalGain":18329,"totalLoss":16264}
{"deviceid":"b81e905908354542","eventtype":"altimeter","timestamp":1456248448992,"userid":"vincent.planat@hpe.com","trainingMode":"WALKING","flightsAscended":16,"flightsDescended":10,"rate":-7.0,"steppingGain":4709,"steppingLoss":3504,"stepsAscended":784,"stepsDescended":770,"totalGain":18329,"totalLoss":16387}
{"deviceid":"b81e905908354542","eventtype":"altimeter","timestamp":1456248466953,"userid":"vincent.planat@hpe.com","trainingMode":"WALKING_DOWN","flightsAscended":16,"flightsDescended":10,"rate":-18.0,"steppingGain":4709,"steppingLoss":3627,"stepsAscended":784,"stepsDescended":790,"totalGain":18329,"totalLoss":16510}
{"deviceid":"b81e905908354542","eventtype":"altimeter","timestamp":1456248458057,"userid":"vincent.planat@hpe.com","trainingMode":"WALKING_DOWN","flightsAscended":16,"flightsDescended":10,"rate":-2.0,"steppingGain":4709,"steppingLoss":3504,"stepsAscended":784,"stepsDescended":770,"totalGain":18329,"totalLoss":16387}
{"deviceid":"b81e905908354542","eventtype":"altimeter","timestamp":1456248480102,"userid":"vincent.planat@hpe.com","trainingMode":"WALKING_DOWN","flightsAscended":16,"flightsDescended":12,"rate":-22.0,"steppingGain":4709,"steppingLoss":3879,"stepsAscended":784,"stepsDescended":806,"totalGain":18329,"totalLoss":16762}
{"deviceid":"b81e905908354542","eventtype":"altimeter","timestamp":1456248463974,"userid":"vincent.planat@hpe.com","trainingMode":"WALKING_DOWN","flightsAscended":16,"flightsDescended":10,"rate":-17.0,"steppingGain":4709,"steppingLoss":3627,"stepsAscended":784,"stepsDescended":790,"totalGain":18329,"totalLoss":16510}
{"deviceid":"b81e905908354542","eventtype":"altimeter","timestamp":1456248476001,"userid":"vincent.planat@hpe.com","trainingMode":"WALKING_DOWN","flightsAscended":16,"flightsDescended":11,"rate":-25.0,"steppingGain":4709,"steppingLoss":3879,"stepsAscended":784,"stepsDescended":806,"totalGain":18329,"totalLoss":16762}
{"deviceid":"b81e905908354542","eventtype":"altimeter","timestamp":1456248460986,"userid":"vincent.planat@hpe.com","trainingMode":"WALKING_DOWN","flightsAscended":16,"flightsDescended":10,"rate":-10.0,"steppingGain":4709,"steppingLoss":3504,"stepsAscended":784,"stepsDescended":770,"totalGain":18329,"totalLoss":16387}
{"deviceid":"b81e905908354542","eventtype":"altimeter","timestamp":1456248485998,"userid":"vincent.planat@hpe.com","trainingMode":"WALKING_DOWN","flightsAscended":16,"flightsDescended":12,"rate":-34.0,"steppingGain":4709,"steppingLoss":4150,"stepsAscended":784,"stepsDescended":820,"totalGain":18329,"totalLoss":17033}
{"deviceid":"b81e905908354542","eventtype":"altimeter","timestamp":1456248478425,"userid":"vincent.planat@hpe.com","trainingMode":"WALKING_DOWN","flightsAscended":16,"flightsDescended":11,"rate":-20.0,"steppingGain":4709,"steppingLoss":3879,"stepsAscended":784,"stepsDescended":806,"totalGain":18329,"totalLoss":16762}
{"deviceid":"b81e905908354542","eventtype":"altimeter","timestamp":1456248453487,"userid":"vincent.planat@hpe.com","trainingMode":"WALKING","flightsAscended":16,"flightsDescended":10,"rate":-4.0,"steppingGain":4709,"steppingLoss":3504,"stepsAscended":784,"stepsDescended":770,"totalGain":18329,"totalLoss":16387}
{"deviceid":"b81e905908354542","eventtype":"altimeter","timestamp":1456248474267,"userid":"vincent.planat@hpe.com","trainingMode":"WALKING_DOWN","flightsAscended":16,"flightsDescended":11,"rate":-23.0,"steppingGain":4709,"steppingLoss":3757,"stepsAscended":784,"stepsDescended":798,"totalGain":18329,"totalLoss":16640}
{"deviceid":"b81e905908354542","eventtype":"altimeter","timestamp":1456248455106,"userid":"vincent.planat@hpe.com","trainingMode":"WALKING","flightsAscended":16,"flightsDescended":10,"rate":-5.0,"steppingGain":4709,"steppingLoss":3504,"stepsAscended":784,"stepsDescended":770,"totalGain":18329,"totalLoss":16387}
{"deviceid":"b81e905908354542","eventtype":"altimeter","timestamp":1456248457006,"userid":"vincent.planat@hpe.com","trainingMode":"WALKING_DOWN","flightsAscended":16,"flightsDescended":10,"rate":1.0,"steppingGain":4709,"steppingLoss":3504,"stepsAscended":784,"stepsDescended":770,"totalGain":18329,"totalLoss":16387}
{"deviceid":"b81e905908354542","eventtype":"altimeter","timestamp":1456248480927,"userid":"vincent.planat@hpe.com","trainingMode":"WALKING_DOWN","flightsAscended":16,"flightsDescended":12,"rate":-24.0,"steppingGain":4709,"steppingLoss":3879,"stepsAscended":784,"stepsDescended":806,"totalGain":18329,"totalLoss":16762}
{"deviceid":"b81e905908354542","eventtype":"altimeter","timestamp":1456248456009,"userid":"vincent.planat@hpe.com","trainingMode":"WALKING","flightsAscended":16,"flightsDescended":10,"rate":-1.0,"steppingGain":4709,"steppingLoss":3504,"stepsAscended":784,"stepsDescended":770,"totalGain":18329,"totalLoss":16387}
{"deviceid":"b81e905908354542","eventtype":"altimeter","timestamp":1456248456988,"userid":"vincent.planat@hpe.com","trainingMode":"WALKING_DOWN","flightsAscended":16,"flightsDescended":10,"rate":1.0,"steppingGain":4709,"steppingLoss":3504,"stepsAscended":784,"stepsDescended":770,"totalGain":18329,"totalLoss":16387}
{"deviceid":"b81e905908354542","eventtype":"altimeter","timestamp":1456248483941,"userid":"vincent.planat@hpe.com","trainingMode":"WALKING_DOWN","flightsAscended":16,"flightsDescended":12,"rate":-33.0,"steppingGain":4709,"steppingLoss":4015,"stepsAscended":784,"stepsDescended":816,"totalGain":18329,"totalLoss":16898}
{"deviceid":"b81e905908354542","eventtype":"altimeter","timestamp":1456248444138,"userid":"vincent.planat@hpe.com","trainingMode":"WALKING","flightsAscended":16,"flightsDescended":10,"rate":-10.0,"steppingGain":4709,"steppingLoss":3381,"stepsAscended":784,"stepsDescended":666,"totalGain":18329,"totalLoss":16264}
{"deviceid":"b81e905908354542","eventtype":"altimeter","timestamp":1456248476937,"userid":"vincent.planat@hpe.com","trainingMode":"WALKING_DOWN","flightsAscended":16,"flightsDescended":11,"rate":-20.0,"steppingGain":4709,"steppingLoss":3879,"stepsAscended":784,"stepsDescended":806,"totalGain":18329,"totalLoss":16762}
{"deviceid":"b81e905908354542","eventtype":"altimeter","timestamp":1456248469989,"userid":"vincent.planat@hpe.com","trainingMode":"WALKING_DOWN","flightsAscended":16,"flightsDescended":11,"rate":-23.0,"steppingGain":4709,"steppingLoss":3627,"stepsAscended":784,"stepsDescended":790,"totalGain":18329,"totalLoss":16510}
{"deviceid":"b81e905908354542","eventtype":"altimeter","timestamp":1456248470003,"userid":"vincent.planat@hpe.com","trainingMode":"WALKING_DOWN","flightsAscended":16,"flightsDescended":11,"rate":-23.0,"steppingGain":4709,"steppingLoss":3627,"stepsAscended":784,"stepsDescended":790,"totalGain":18329,"totalLoss":16510}
{"deviceid":"b81e905908354542","eventtype":"altimeter","timestamp":1456248469005,"userid":"vincent.planat@hpe.com","trainingMode":"WALKING_DOWN","flightsAscended":16,"flightsDescended":11,"rate":-24.0,"steppingGain":4709,"steppingLoss":3627,"stepsAscended":784,"stepsDescended":790,"totalGain":18329,"totalLoss":16510}
{"deviceid":"b81e905908354542","eventtype":"altimeter","timestamp":1456248447006,"userid":"vincent.planat@hpe.com","trainingMode":"WALKING","flightsAscended":16,"flightsDescended":10,"rate":-8.0,"steppingGain":4709,"steppingLoss":3381,"stepsAscended":784,"stepsDescended":666,"totalGain":18329,"totalLoss":16264}
{"deviceid":"b81e905908354542","eventtype":"altimeter","timestamp":1456248463948,"userid":"vincent.planat@hpe.com","trainingMode":"WALKING_DOWN","flightsAscended":16,"flightsDescended":10,"rate":-17.0,"steppingGain":4709,"steppingLoss":3627,"stepsAscended":784,"stepsDescended":790,"totalGain":18329,"totalLoss":16510}
{"deviceid":"b81e905908354542","eventtype":"altimeter","timestamp":1456248485080,"userid":"vincent.planat@hpe.com","trainingMode":"WALKING_DOWN","flightsAscended":16,"flightsDescended":12,"rate":-33.0,"steppingGain":4709,"steppingLoss":4015,"stepsAscended":784,"stepsDescended":816,"totalGain":18329,"totalLoss":16898}
{"deviceid":"b81e905908354542","eventtype":"altimeter","timestamp":1456248485094,"userid":"vincent.planat@hpe.com","trainingMode":"WALKING_DOWN","flightsAscended":16,"flightsDescended":12,"rate":-33.0,"steppingGain":4709,"steppingLoss":4015,"stepsAscended":784,"stepsDescended":816,"totalGain":18329,"totalLoss":16898}
{"deviceid":"b81e905908354542","eventtype":"altimeter","timestamp":1456248470965,"userid":"vincent.planat@hpe.com","trainingMode":"WALKING_DOWN","flightsAscended":16,"flightsDescended":11,"rate":-20.0,"steppingGain":4709,"steppingLoss":3757,"stepsAscended":784,"stepsDescended":798,"totalGain":18329,"totalLoss":16640}
{"deviceid":"b81e905908354542","eventtype":"altimeter","timestamp":1456248459990,"userid":"vincent.planat@hpe.com","trainingMode":"WALKING_DOWN","flightsAscended":16,"flightsDescended":10,"rate":-7.0,"steppingGain":4709,"steppingLoss":3504,"stepsAscended":784,"stepsDescended":770,"totalGain":18329,"totalLoss":16387}
{"deviceid":"b81e905908354542","eventtype":"altimeter","timestamp":1456248472454,"userid":"vincent.planat@hpe.com","trainingMode":"WALKING_DOWN","flightsAscended":16,"flightsDescended":11,"rate":-22.0,"steppingGain":4709,"steppingLoss":3757,"stepsAscended":784,"stepsDescended":798,"totalGain":18329,"totalLoss":16640}
{"deviceid":"b81e905908354542","eventtype":"altimeter","timestamp":1456248448037,"userid":"vincent.planat@hpe.com","trainingMode":"WALKING","flightsAscended":16,"flightsDescended":10,"rate":-6.0,"steppingGain":4709,"steppingLoss":3504,"stepsAscended":784,"stepsDescended":770,"totalGain":18329,"totalLoss":16387}
{"deviceid":"b81e905908354542","eventtype":"altimeter","timestamp":1456248450926,"userid":"vincent.planat@hpe.com","trainingMode":"WALKING","flightsAscended":16,"flightsDescended":10,"rate":-10.0,"steppingGain":4709,"steppingLoss":3504,"stepsAscended":784,"stepsDescended":770,"totalGain":18329,"totalLoss":16387}
{"deviceid":"b81e905908354542","eventtype":"altimeter","timestamp":1456248470973,"userid":"vincent.planat@hpe.com","trainingMode":"WALKING_DOWN","flightsAscended":16,"flightsDescended":11,"rate":-20.0,"steppingGain":4709,"steppingLoss":3757,"stepsAscended":784,"stepsDescended":798,"totalGain":18329,"totalLoss":16640}
{"deviceid":"b81e905908354542","eventtype":"altimeter","timestamp":1456248459976,"userid":"vincent.planat@hpe.com","trainingMode":"WALKING_DOWN","flightsAscended":16,"flightsDescended":10,"rate":-7.0,"steppingGain":4709,"steppingLoss":3504,"stepsAscended":784,"stepsDescended":770,"totalGain":18329,"totalLoss":16387}
{"deviceid":"b81e905908354542","eventtype":"altimeter","timestamp":1456248456025,"userid":"vincent.planat@hpe.com","trainingMode":"WALKING","flightsAscended":16,"flightsDescended":10,"rate":-1.0,"steppingGain":4709,"steppingLoss":3504,"stepsAscended":784,"stepsDescended":770,"totalGain":18329,"totalLoss":16387}
{"deviceid":"b81e905908354542","eventtype":"altimeter","timestamp":1456248466072,"userid":"vincent.planat@hpe.com","trainingMode":"WALKING_DOWN","flightsAscended":16,"flightsDescended":10,"rate":-13.0,"steppingGain":4709,"steppingLoss":3627,"stepsAscended":784,"stepsDescended":790,"totalGain":18329,"totalLoss":16510}
{"deviceid":"b81e905908354542","eventtype":"altimeter","timestamp":1456248449011,"userid":"vincent.planat@hpe.com","trainingMode":"WALKING","flightsAscended":16,"flightsDescended":10,"rate":-7.0,"steppingGain":4709,"steppingLoss":3504,"stepsAscended":784,"stepsDescended":770,"totalGain":18329,"totalLoss":16387}
{"deviceid":"b81e905908354542","eventtype":"altimeter","timestamp":1456248472438,"userid":"vincent.planat@hpe.com","trainingMode":"WALKING_DOWN","flightsAscended":16,"flightsDescended":11,"rate":-22.0,"steppingGain":4709,"steppingLoss":3757,"stepsAscended":784,"stepsDescended":798,"totalGain":18329,"totalLoss":16640}
{"deviceid":"b81e905908354542","eventtype":"altimeter","timestamp":1456248473466,"userid":"vincent.planat@hpe.com","trainingMode":"WALKING_DOWN","flightsAscended":16,"flightsDescended":11,"rate":-22.0,"steppingGain":4709,"steppingLoss":3757,"stepsAscended":784,"stepsDescended":798,"totalGain":18329,"totalLoss":16640}
{"deviceid":"b81e905908354542","eventtype":"altimeter","timestamp":1456248453481,"userid":"vincent.planat@hpe.com","trainingMode":"WALKING","flightsAscended":16,"flightsDescended":10,"rate":-4.0,"steppingGain":4709,"steppingLoss":3504,"stepsAscended":784,"stepsDescended":770,"totalGain":18329,"totalLoss":16387}
{"deviceid":"b81e905908354542","eventtype":"altimeter","timestamp":1456248475125,"userid":"vincent.planat@hpe.com","trainingMode":"WALKING_DOWN","flightsAscended":16,"flightsDescended":11,"rate":-27.0,"steppingGain":4709,"steppingLoss":3757,"stepsAscended":784,"stepsDescended":798,"totalGain":18329,"totalLoss":16640}
{"deviceid":"b81e905908354542","eventtype":"altimeter","timestamp":1456248486933,"userid":"vincent.planat@hpe.com","trainingMode":"WALKING_DOWN","flightsAscended":16,"flightsDescended":12,"rate":-35.0,"steppingGain":4709,"steppingLoss":4150,"stepsAscended":784,"stepsDescended":820,"totalGain":18329,"totalLoss":17033}
{"deviceid":"b81e905908354542","eventtype":"altimeter","timestamp":1456248452591,"userid":"vincent.planat@hpe.com","trainingMode":"WALKING","flightsAscended":16,"flightsDescended":10,"rate":-7.0,"steppingGain":4709,"steppingLoss":3504,"stepsAscended":784,"stepsDescended":770,"totalGain":18329,"totalLoss":16387}
{"deviceid":"b81e905908354542","eventtype":"altimeter","timestamp":1456248476923,"userid":"vincent.planat@hpe.com","trainingMode":"WALKING_DOWN","flightsAscended":16,"flightsDescended":11,"rate":-20.0,"steppingGain":4709,"steppingLoss":3879,"stepsAscended":784,"stepsDescended":806,"totalGain":18329,"totalLoss":16762}
{"deviceid":"b81e905908354542","eventtype":"altimeter","timestamp":1456248483006,"userid":"vincent.planat@hpe.com","trainingMode":"WALKING_DOWN","flightsAscended":16,"flightsDescended":12,"rate":-33.0,"steppingGain":4709,"steppingLoss":4015,"stepsAscended":784,"stepsDescended":816,"totalGain":18329,"totalLoss":16898}
{"deviceid":"b81e905908354542","eventtype":"altimeter","timestamp":1456248466945,"userid":"vincent.planat@hpe.com","trainingMode":"WALKING_DOWN","flightsAscended":16,"flightsDescended":10,"rate":-18.0,"steppingGain":4709,"steppingLoss":3627,"stepsAscended":784,"stepsDescended":790,"totalGain":18329,"totalLoss":16510}
{"deviceid":"b81e905908354542","eventtype":"altimeter","timestamp":1456248455127,"userid":"vincent.planat@hpe.com","trainingMode":"WALKING","flightsAscended":16,"flightsDescended":10,"rate":-5.0,"steppingGain":4709,"steppingLoss":3504,"stepsAscended":784,"stepsDescended":770,"totalGain":18329,"totalLoss":16387}
{"deviceid":"b81e905908354542","eventtype":"altimeter","timestamp":1456248462969,"userid":"vincent.planat@hpe.com","trainingMode":"WALKING_DOWN","flightsAscended":16,"flightsDescended":10,"rate":-19.0,"steppingGain":4709,"steppingLoss":3504,"stepsAscended":784,"stepsDescended":770,"totalGain":18329,"totalLoss":16387}
{"deviceid":"b81e905908354542","eventtype":"altimeter","timestamp":1456248480947,"userid":"vincent.planat@hpe.com","trainingMode":"WALKING_DOWN","flightsAscended":16,"flightsDescended":12,"rate":-24.0,"steppingGain":4709,"steppingLoss":3879,"stepsAscended":784,"stepsDescended":806,"totalGain":18329,"totalLoss":16762}
{"deviceid":"b81e905908354542","eventtype":"altimeter","timestamp":1456248452607,"userid":"vincent.planat@hpe.com","trainingMode":"WALKING","flightsAscended":16,"flightsDescended":10,"rate":-7.0,"steppingGain":4709,"steppingLoss":3504,"stepsAscended":784,"stepsDescended":770,"totalGain":18329,"totalLoss":16387}
{"deviceid":"b81e905908354542","eventtype":"altimeter","timestamp":1456248486012,"userid":"vincent.planat@hpe.com","trainingMode":"WALKING_DOWN","flightsAscended":16,"flightsDescended":12,"rate":-34.0,"steppingGain":4709,"steppingLoss":4150,"stepsAscended":784,"stepsDescended":820,"totalGain":18329,"totalLoss":17033}
{"deviceid":"b81e905908354542","eventtype":"altimeter","timestamp":1456248481953,"userid":"vincent.planat@hpe.com","trainingMode":"WALKING_DOWN","flightsAscended":16,"flightsDescended":12,"rate":-30.0,"steppingGain":4709,"steppingLoss":4015,"stepsAscended":784,"stepsDescended":816,"totalGain":18329,"totalLoss":16898}
{"deviceid":"b81e905908354542","eventtype":"altimeter","timestamp":1456248486951,"userid":"vincent.planat@hpe.com","trainingMode":"WALKING_DOWN","flightsAscended":16,"flightsDescended":12,"rate":-35.0,"steppingGain":4709,"steppingLoss":4150,"stepsAscended":784,"stepsDescended":820,"totalGain":18329,"totalLoss":17033}
{"deviceid":"b81e905908354542","eventtype":"altimeter","timestamp":1456248449954,"userid":"vincent.planat@hpe.com","trainingMode":"WALKING","flightsAscended":16,"flightsDescended":10,"rate":-9.0,"steppingGain":4709,"steppingLoss":3504,"stepsAscended":784,"stepsDescended":770,"totalGain":18329,"totalLoss":16387}
{"deviceid":"b81e905908354542","eventtype":"altimeter","timestamp":1456248446066,"userid":"vincent.planat@hpe.com","trainingMode":"WALKING","flightsAscended":16,"flightsDescended":10,"rate":-11.0,"steppingGain":4709,"steppingLoss":3381,"stepsAscended":784,"stepsDescended":666,"totalGain":18329,"totalLoss":16264}
{"deviceid":"b81e905908354542","eventtype":"altimeter","timestamp":1456248469048,"userid":"vincent.planat@hpe.com","trainingMode":"WALKING_DOWN","flightsAscended":16,"flightsDescended":11,"rate":-24.0,"steppingGain":4709,"steppingLoss":3627,"stepsAscended":784,"stepsDescended":790,"totalGain":18329,"totalLoss":16510}
{"deviceid":"b81e905908354542","eventtype":"altimeter","timestamp":1456248481936,"userid":"vincent.planat@hpe.com","trainingMode":"WALKING_DOWN","flightsAscended":16,"flightsDescended":12,"rate":-30.0,"steppingGain":4709,"steppingLoss":4015,"stepsAscended":784,"stepsDescended":816,"totalGain":18329,"totalLoss":16898}
{"deviceid":"b81e905908354542","eventtype":"altimeter","timestamp":1456248487995,"userid":"vincent.planat@hpe.com","trainingMode":"WALKING_DOWN","flightsAscended":16,"flightsDescended":12,"rate":-36.0,"steppingGain":4709,"steppingLoss":4150,"stepsAscended":784,"stepsDescended":820,"totalGain":18329,"totalLoss":17033}
{"deviceid":"b81e905908354542","eventtype":"altimeter","timestamp":1456248483027,"userid":"vincent.planat@hpe.com","trainingMode":"WALKING_DOWN","flightsAscended":16,"flightsDescended":12,"rate":-33.0,"steppingGain":4709,"steppingLoss":4015,"stepsAscended":784,"stepsDescended":816,"totalGain":18329,"totalLoss":16898}
{"deviceid":"b81e905908354542","eventtype":"altimeter","timestamp":1456248445203,"userid":"vincent.planat@hpe.com","trainingMode":"WALKING","flightsAscended":16,"flightsDescended":10,"rate":-11.0,"steppingGain":4709,"steppingLoss":3381,"stepsAscended":784,"stepsDescended":666,"totalGain":18329,"totalLoss":16264}
{"deviceid":"b81e905908354542","eventtype":"altimeter","timestamp":1456248468060,"userid":"vincent.planat@hpe.com","trainingMode":"WALKING_DOWN","flightsAscended":16,"flightsDescended":10,"rate":-21.0,"steppingGain":4709,"steppingLoss":3627,"stepsAscended":784,"stepsDescended":790,"totalGain":18329,"totalLoss":16510}
{"deviceid":"b81e905908354542","eventtype":"altimeter","timestamp":1456248458041,"userid":"vincent.planat@hpe.com","trainingMode":"WALKING_DOWN","flightsAscended":16,"flightsDescended":10,"rate":-2.0,"steppingGain":4709,"steppingLoss":3504,"stepsAscended":784,"stepsDescended":770,"totalGain":18329,"totalLoss":16387}
{"deviceid":"b81e905908354542","eventtype":"altimeter","timestamp":1456248461981,"userid":"vincent.planat@hpe.com","trainingMode":"WALKING_DOWN","flightsAscended":16,"flightsDescended":10,"rate":-15.0,"steppingGain":4709,"steppingLoss":3504,"stepsAscended":784,"stepsDescended":770,"totalGain":18329,"totalLoss":16387}
{"deviceid":"b81e905908354542","eventtype":"altimeter","timestamp":1456248474253,"userid":"vincent.planat@hpe.com","trainingMode":"WALKING_DOWN","flightsAscended":16,"flightsDescended":11,"rate":-23.0,"steppingGain":4709,"steppingLoss":3757,"stepsAscended":784,"stepsDescended":798,"totalGain":18329,"totalLoss":16640}
{"deviceid":"b81e905908354542","eventtype":"altimeter","timestamp":1456248475140,"userid":"vincent.planat@hpe.com","trainingMode":"WALKING_DOWN","flightsAscended":16,"flightsDescended":11,"rate":-27.0,"steppingGain":4709,"steppingLoss":3757,"stepsAscended":784,"stepsDescended":798,"totalGain":18329,"totalLoss":16640}
{"deviceid":"b81e905908354542","eventtype":"altimeter","timestamp":1456248480089,"userid":"vincent.planat@hpe.com","trainingMode":"WALKING_DOWN","flightsAscended":16,"flightsDescended":12,"rate":-22.0,"steppingGain":4709,"steppingLoss":3879,"stepsAscended":784,"stepsDescended":806,"totalGain":18329,"totalLoss":16762}
{"deviceid":"b81e905908354542","eventtype":"altimeter","timestamp":1456248446047,"userid":"vincent.planat@hpe.com","trainingMode":"WALKING","flightsAscended":16,"flightsDescended":10,"rate":-11.0,"steppingGain":4709,"steppingLoss":3381,"stepsAscended":784,"stepsDescended":666,"totalGain":18329,"totalLoss":16264}
{"deviceid":"b81e905908354542","eventtype":"altimeter","timestamp":1456248466086,"userid":"vincent.planat@hpe.com","trainingMode":"WALKING_DOWN","flightsAscended":16,"flightsDescended":10,"rate":-13.0,"steppingGain":4709,"steppingLoss":3627,"stepsAscended":784,"stepsDescended":790,"totalGain":18329,"totalLoss":16510}
{"deviceid":"b81e905908354542","eventtype":"altimeter","timestamp":1456248483955,"userid":"vincent.planat@hpe.com","trainingMode":"WALKING_DOWN","flightsAscended":16,"flightsDescended":12,"rate":-33.0,"steppingGain":4709,"steppingLoss":4015,"stepsAscended":784,"stepsDescended":816,"totalGain":18329,"totalLoss":16898}
{"deviceid":"b81e905908354542","eventtype":"altimeter","timestamp":1456248450942,"userid":"vincent.planat@hpe.com","trainingMode":"WALKING","flightsAscended":16,"flightsDescended":10,"rate":-10.0,"steppingGain":4709,"steppingLoss":3504,"stepsAscended":784,"stepsDescended":770,"totalGain":18329,"totalLoss":16387}
{"deviceid":"b81e905908354542","eventtype":"altimeter","timestamp":1456248460970,"userid":"vincent.planat@hpe.com","trainingMode":"WALKING_DOWN","flightsAscended":16,"flightsDescended":10,"rate":-10.0,"steppingGain":4709,"steppingLoss":3504,"stepsAscended":784,"stepsDescended":770,"totalGain":18329,"totalLoss":16387}
{"deviceid":"b81e905908354542","eventtype":"altimeter","timestamp":1456248448062,"userid":"vincent.planat@hpe.com","trainingMode":"WALKING","flightsAscended":16,"flightsDescended":10,"rate":-6.0,"steppingGain":4709,"steppingLoss":3504,"stepsAscended":784,"stepsDescended":770,"totalGain":18329,"totalLoss":16387}
{"deviceid":"b81e905908354542","eventtype":"altimeter","timestamp":1456248445187,"userid":"vincent.planat@hpe.com","trainingMode":"WALKING","flightsAscended":16,"flightsDescended":10,"rate":-11.0,"steppingGain":4709,"steppingLoss":3381,"stepsAscended":784,"stepsDescended":666,"totalGain":18329,"totalLoss":16264}
{"deviceid":"b81e905908354542","eventtype":"altimeter","timestamp":1456248444126,"userid":"vincent.planat@hpe.com","trainingMode":"WALKING","flightsAscended":16,"flightsDescended":10,"rate":-10.0,"steppingGain":4709,"steppingLoss":3381,"stepsAscended":784,"stepsDescended":666,"totalGain":18329,"totalLoss":16264}
{"deviceid":"b81e905908354542","eventtype":"altimeter","timestamp":1456248487975,"userid":"vincent.planat@hpe.com","trainingMode":"WALKING_DOWN","flightsAscended":16,"flightsDescended":12,"rate":-36.0,"steppingGain":4709,"steppingLoss":4150,"stepsAscended":784,"stepsDescended":820,"totalGain":18329,"totalLoss":17033}
{"deviceid":"b81e905908354542","eventtype":"altimeter","timestamp":1456248479252,"userid":"vincent.planat@hpe.com","trainingMode":"WALKING_DOWN","flightsAscended":16,"flightsDescended":11,"rate":-18.0,"steppingGain":4709,"steppingLoss":3879,"stepsAscended":784,"stepsDescended":806,"totalGain":18329,"totalLoss":16762}
{"deviceid":"b81e905908354542","eventtype":"altimeter","timestamp":1456248475984,"userid":"vincent.planat@hpe.com","trainingMode":"WALKING_DOWN","flightsAscended":16,"flightsDescended":11,"rate":-25.0,"steppingGain":4709,"steppingLoss":3879,"stepsAscended":784,"stepsDescended":806,"totalGain":18329,"totalLoss":16762}
{"deviceid":"b81e905908354542","eventtype":"altimeter","timestamp":1456248479237,"userid":"vincent.planat@hpe.com","trainingMode":"WALKING_DOWN","flightsAscended":16,"flightsDescended":11,"rate":-18.0,"steppingGain":4709,"steppingLoss":3879,"stepsAscended":784,"stepsDescended":806,"totalGain":18329,"totalLoss":16762}
{"deviceid":"b81e905908354542","eventtype":"altimeter","timestamp":1456248468036,"userid":"vincent.planat@hpe.com","trainingMode":"WALKING_DOWN","flightsAscended":16,"flightsDescended":10,"rate":-21.0,"steppingGain":4709,"steppingLoss":3627,"stepsAscended":784,"stepsDescended":790,"totalGain":18329,"totalLoss":16510}
{"deviceid":"b81e905908354542","eventtype":"altimeter","timestamp":1456248464998,"userid":"vincent.planat@hpe.com","trainingMode":"WALKING_DOWN","flightsAscended":16,"flightsDescended":10,"rate":-12.0,"steppingGain":4709,"steppingLoss":3627,"stepsAscended":784,"stepsDescended":790,"totalGain":18329,"totalLoss":16510}
