{"deviceid":"b81e905908354542","eventtype":"calorie","timestamp":1456248575002,"userid":"vincent.planat@hpe.com","trainingMode":"WALKING","calories":18699}
{"deviceid":"b81e905908354542","eventtype":"calorie","timestamp":1456248601525,"userid":"vincent.planat@hpe.com","trainingMode":"WALKING","calories":18700}
{"deviceid":"b81e905908354542","eventtype":"calorie","timestamp":1456248571808,"userid":"vincent.planat@hpe.com","trainingMode":"WALKING_UP","calories":18698}
{"deviceid":"b81e905908354542","eventtype":"calorie","timestamp":1456248593429,"userid":"vincent.planat@hpe.com","trainingMode":"WALKING","calories":18699}
{"deviceid":"b81e905908354542","eventtype":"calorie","timestamp":1456248574022,"userid":"vincent.planat@hpe.com","trainingMode":"WALKING","calories":18699}
{"deviceid":"b81e905908354542","eventtype":"calorie","timestamp":1456248593416,"userid":"vincent.planat@hpe.com","trainingMode":"WALKING","calories":18699}
{"deviceid":"b81e905908354542","eventtype":"calorie","timestamp":1456248586267,"userid":"vincent.planat@hpe.com","trainingMode":"WALKING","calories":18699}
{"deviceid":"b81e905908354542","eventtype":"calorie","timestamp":1456248598901,"userid":"vincent.planat@hpe.com","trainingMode":"WALKING","calories":18699}
{"deviceid":"b81e905908354542","eventtype":"calorie","timestamp":1456248577045,"userid":"vincent.planat@hpe.com","trainingMode":"WALKING","calories":18699}
{"deviceid":"b81e905908354542","eventtype":"calorie","timestamp":1456248585234,"userid":"vincent.planat@hpe.com","trainingMode":"WALKING","calories":18699}
{"deviceid":"b81e905908354542","eventtype":"calorie","timestamp":1456248564925,"userid":"vincent.planat@hpe.com","trainingMode":"WALKING_UP","calories":18698}
{"deviceid":"b81e905908354542","eventtype":"calorie","timestamp":1456248607664,"userid":"vincent.planat@hpe.com","trainingMode":"WALKING","calories":18700}
{"deviceid":"b81e905908354542","eventtype":"calorie","timestamp":1456248606624,"userid":"vincent.planat@hpe.com","trainingMode":"WALKING","calories":18700}
{"deviceid":"b81e905908354542","eventtype":"calorie","timestamp":1456248572842,"userid":"vincent.planat@hpe.com","trainingMode":"WALKING_UP","calories":18699}
{"deviceid":"b81e905908354542","eventtype":"calorie","timestamp":1456248588253,"userid":"vincent.planat@hpe.com","trainingMode":"WALKING","calories":18699}
{"deviceid":"b81e905908354542","eventtype":"calorie","timestamp":1456248598915,"userid":"vincent.planat@hpe.com","trainingMode":"WALKING","calories":18699}
{"deviceid":"b81e905908354542","eventtype":"calorie","timestamp":1456248568834,"userid":"vincent.planat@hpe.com","trainingMode":"WALKING_UP","calories":18698}
{"deviceid":"b81e905908354542","eventtype":"calorie","timestamp":1456248571809,"userid":"vincent.planat@hpe.com","trainingMode":"WALKING_UP","calories":18698}
{"deviceid":"b81e905908354542","eventtype":"calorie","timestamp":1456248580062,"userid":"vincent.planat@hpe.com","trainingMode":"WALKING","calories":18699}
{"deviceid":"b81e905908354542","eventtype":"calorie","timestamp":1456248590281,"userid":"vincent.planat@hpe.com","trainingMode":"WALKING","calories":18699}
{"deviceid":"b81e905908354542","eventtype":"calorie","timestamp":1456248564944,"userid":"vincent.planat@hpe.com","trainingMode":"WALKING_UP","calories":18698}
{"deviceid":"b81e905908354542","eventtype":"calorie","timestamp":1456248589229,"userid":"vincent.planat@hpe.com","trainingMode":"WALKING","calories":18699}
{"deviceid":"b81e905908354542","eventtype":"calorie","timestamp":1456248582442,"userid":"vincent.planat@hpe.com","trainingMode":"WALKING","calories":18699}
{"deviceid":"b81e905908354542","eventtype":"calorie","timestamp":1456248585221,"userid":"vincent.planat@hpe.com","trainingMode":"WALKING","calories":18699}
{"deviceid":"b81e905908354542","eventtype":"calorie","timestamp":1456248599753,"userid":"vincent.planat@hpe.com","trainingMode":"WALKING","calories":18699}
{"deviceid":"b81e905908354542","eventtype":"calorie","timestamp":1456248592429,"userid":"vincent.planat@hpe.com","trainingMode":"WALKING","calories":18699}
{"deviceid":"b81e905908354542","eventtype":"calorie","timestamp":1456248587464,"userid":"vincent.planat@hpe.com","trainingMode":"WALKING","calories":18699}
{"deviceid":"b81e905908354542","eventtype":"calorie","timestamp":1456248575993,"userid":"vincent.planat@hpe.com","trainingMode":"WALKING","calories":18699}
{"deviceid":"b81e905908354542","eventtype":"calorie","timestamp":1456248574987,"userid":"vincent.planat@hpe.com","trainingMode":"WALKING","calories":18699}
{"deviceid":"b81e905908354542","eventtype":"calorie","timestamp":1456248602550,"userid":"vincent.planat@hpe.com","trainingMode":"WALKING","calories":18700}
{"deviceid":"b81e905908354542","eventtype":"calorie","timestamp":1456248584203,"userid":"vincent.planat@hpe.com","trainingMode":"WALKING","calories":18699}
{"deviceid":"b81e905908354542","eventtype":"calorie","timestamp":1456248566730,"userid":"vincent.planat@hpe.com","trainingMode":"WALKING_UP","calories":18698}
{"deviceid":"b81e905908354542","eventtype":"calorie","timestamp":1456248590265,"userid":"vincent.planat@hpe.com","trainingMode":"WALKING","calories":18699}
{"deviceid":"b81e905908354542","eventtype":"calorie","timestamp":1456248565717,"userid":"vincent.planat@hpe.com","trainingMode":"WALKING_UP","calories":18698}
{"deviceid":"b81e905908354542","eventtype":"calorie","timestamp":1456248583291,"userid":"vincent.planat@hpe.com","trainingMode":"WALKING","calories":18699}
{"deviceid":"b81e905908354542","eventtype":"calorie","timestamp":1456248584220,"userid":"vincent.planat@hpe.com","trainingMode":"WALKING","calories":18699}
{"deviceid":"b81e905908354542","eventtype":"calorie","timestamp":1456248567875,"userid":"vincent.planat@hpe.com","trainingMode":"WALKING_UP","calories":18698}
{"deviceid":"b81e905908354542","eventtype":"calorie","timestamp":1456248575978,"userid":"vincent.planat@hpe.com","trainingMode":"WALKING","calories":18699}
{"deviceid":"b81e905908354542","eventtype":"calorie","timestamp":1456248565730,"userid":"vincent.planat@hpe.com","trainingMode":"WALKING_UP","calories":18698}
{"deviceid":"b81e905908354542","eventtype":"calorie","timestamp":1456248601526,"userid":"vincent.planat@hpe.com","trainingMode":"WALKING","calories":18700}
{"deviceid":"b81e905908354542","eventtype":"calorie","timestamp":1456248572853,"userid":"vincent.planat@hpe.com","trainingMode":"WALKING_UP","calories":18699}
{"deviceid":"b81e905908354542","eventtype":"calorie","timestamp":1456248569800,"userid":"vincent.planat@hpe.com","trainingMode":"WALKING_UP","calories":18698}
{"deviceid":"b81e905908354542","eventtype":"calorie","timestamp":1456248603595,"userid":"vincent.planat@hpe.com","trainingMode":"WALKING","calories":18700}
{"deviceid":"b81e905908354542","eventtype":"calorie","timestamp":1456248579232,"userid":"vincent.planat@hpe.com","trainingMode":"WALKING","calories":18699}
{"deviceid":"b81e905908354542","eventtype":"calorie","timestamp":1456248591298,"userid":"vincent.planat@hpe.com","trainingMode":"WALKING","calories":18699}
{"deviceid":"b81e905908354542","eventtype":"calorie","timestamp":1456248608709,"userid":"vincent.planat@hpe.com","trainingMode":"WALKING","calories":18700}
{"deviceid":"b81e905908354542","eventtype":"calorie","timestamp":1456248594364,"userid":"vincent.planat@hpe.com","trainingMode":"WALKING","calories":18699}
{"deviceid":"b81e905908354542","eventtype":"calorie","timestamp":1456248608726,"userid":"vincent.planat@hpe.com","trainingMode":"WALKING","calories":18700}
{"deviceid":"b81e905908354542","eventtype":"calorie","timestamp":1456248596429,"userid":"vincent.planat@hpe.com","trainingMode":"WALKING","calories":18699}
{"deviceid":"b81e905908354542","eventtype":"calorie","timestamp":1456248567858,"userid":"vincent.planat@hpe.com","trainingMode":"WALKING_UP","calories":18698}
{"deviceid":"b81e905908354542","eventtype":"calorie","timestamp":1456248587415,"userid":"vincent.planat@hpe.com","trainingMode":"WALKING","calories":18699}
{"deviceid":"b81e905908354542","eventtype":"calorie","timestamp":1456248580042,"userid":"vincent.planat@hpe.com","trainingMode":"WALKING","calories":18699}
{"deviceid":"b81e905908354542","eventtype":"calorie","timestamp":1456248607666,"userid":"vincent.planat@hpe.com","trainingMode":"WALKING","calories":18700}
{"deviceid":"b81e905908354542","eventtype":"calorie","timestamp":1456248600616,"userid":"vincent.planat@hpe.com","trainingMode":"WALKING","calories":18700}
{"deviceid":"b81e905908354542","eventtype":"calorie","timestamp":1456248573987,"userid":"vincent.planat@hpe.com","trainingMode":"WALKING","calories":18699}
{"deviceid":"b81e905908354542","eventtype":"calorie","timestamp":1456248578071,"userid":"vincent.planat@hpe.com","trainingMode":"WALKING","calories":18699}
{"deviceid":"b81e905908354542","eventtype":"calorie","timestamp":1456248586286,"userid":"vincent.planat@hpe.com","trainingMode":"WALKING","calories":18699}
{"deviceid":"b81e905908354542","eventtype":"calorie","timestamp":1456248600602,"userid":"vincent.planat@hpe.com","trainingMode":"WALKING","calories":18700}
{"deviceid":"b81e905908354542","eventtype":"calorie","timestamp":1456248582422,"userid":"vincent.planat@hpe.com","trainingMode":"WALKING","calories":18699}
{"deviceid":"b81e905908354542","eventtype":"calorie","timestamp":1456248570795,"userid":"vincent.planat@hpe.com","trainingMode":"WALKING_UP","calories":18698}
{"deviceid":"b81e905908354542","eventtype":"calorie","timestamp":1456248605801,"userid":"vincent.planat@hpe.com","trainingMode":"WALKING","calories":18700}
{"deviceid":"b81e905908354542","eventtype":"calorie","timestamp":1456248596444,"userid":"vincent.planat@hpe.com","trainingMode":"WALKING","calories":18699}
{"deviceid":"b81e905908354542","eventtype":"calorie","timestamp":1456248588198,"userid":"vincent.planat@hpe.com","trainingMode":"WALKING","calories":18699}
{"deviceid":"b81e905908354542","eventtype":"calorie","timestamp":1456248569817,"userid":"vincent.planat@hpe.com","trainingMode":"WALKING_UP","calories":18698}
{"deviceid":"b81e905908354542","eventtype":"calorie","timestamp":1456248579185,"userid":"vincent.planat@hpe.com","trainingMode":"WALKING","calories":18699}
{"deviceid":"b81e905908354542","eventtype":"calorie","timestamp":1456248578088,"userid":"vincent.planat@hpe.com","trainingMode":"WALKING","calories":18699}
{"deviceid":"b81e905908354542","eventtype":"calorie","timestamp":1456248604916,"userid":"vincent.planat@hpe.com","trainingMode":"WALKING","calories":18700}
{"deviceid":"b81e905908354542","eventtype":"calorie","timestamp":1456248591282,"userid":"vincent.planat@hpe.com","trainingMode":"WALKING","calories":18699}
{"deviceid":"b81e905908354542","eventtype":"calorie","timestamp":1456248598129,"userid":"vincent.planat@hpe.com","trainingMode":"WALKING","calories":18699}
{"deviceid":"b81e905908354542","eventtype":"calorie","timestamp":1456248566744,"userid":"vincent.planat@hpe.com","trainingMode":"WALKING_UP","calories":18698}
{"deviceid":"b81e905908354542","eventtype":"calorie","timestamp":1456248581592,"userid":"vincent.planat@hpe.com","trainingMode":"WALKING","calories":18699}
{"deviceid":"b81e905908354542","eventtype":"calorie","timestamp":1456248577026,"userid":"vincent.planat@hpe.com","trainingMode":"WALKING","calories":18699}
{"deviceid":"b81e905908354542","eventtype":"calorie","timestamp":1456248589244,"userid":"vincent.planat@hpe.com","trainingMode":"WALKING","calories":18699}
{"deviceid":"b81e905908354542","eventtype":"calorie","timestamp":1456248602562,"userid":"vincent.planat@hpe.com","trainingMode":"WALKING","calories":18700}
{"deviceid":"b81e905908354542","eventtype":"calorie","timestamp":1456248606622,"userid":"vincent.planat@hpe.com","trainingMode":"WALKING","calories":18700}
{"deviceid":"b81e905908354542","eventtype":"calorie","timestamp":1456248595409,"userid":"vincent.planat@hpe.com","trainingMode":"WALKING","calories":18699}
{"deviceid":"b81e905908354542","eventtype":"calorie","timestamp":1456248581579,"userid":"vincent.planat@hpe.com","trainingMode":"WALKING","calories":18699}
{"deviceid":"b81e905908354542","eventtype":"calorie","timestamp":1456248595419,"userid":"vincent.planat@hpe.com","trainingMode":"WALKING","calories":18699}
{"deviceid":"b81e905908354542","eventtype":"calorie","timestamp":1456248599736,"userid":"vincent.planat@hpe.com","trainingMode":"WALKING","calories":18699}
{"deviceid":"b81e905908354542","eventtype":"calorie","timestamp":1456248583313,"userid":"vincent.planat@hpe.com","trainingMode":"WALKING","calories":18699}
{"deviceid":"b81e905908354542","eventtype":"calorie","timestamp":1456248568815,"userid":"vincent.planat@hpe.com","trainingMode":"WALKING_UP","calories":18698}
{"deviceid":"b81e905908354542","eventtype":"calorie","timestamp":1456248603579,"userid":"vincent.planat@hpe.com","trainingMode":"WALKING","calories":18700}
{"deviceid":"b81e905908354542","eventtype":"calorie","timestamp":1456248605816,"userid":"vincent.planat@hpe.com","trainingMode":"WALKING","calories":18700}
{"deviceid":"b81e905908354542","eventtype":"calorie","timestamp":1456248570793,"userid":"vincent.planat@hpe.com","trainingMode":"WALKING_UP","calories":18698}
{"deviceid":"b81e905908354542","eventtype":"calorie","timestamp":1456248604945,"userid":"vincent.planat@hpe.com","trainingMode":"WALKING","calories":18700}
{"deviceid":"b81e905908354542","eventtype":"calorie","timestamp":1456248598147,"userid":"vincent.planat@hpe.com","trainingMode":"WALKING","calories":18699}
{"deviceid":"b81e905908354542","eventtype":"calorie","timestamp":1456248594350,"userid":"vincent.planat@hpe.com","trainingMode":"WALKING","calories":18699}
{"deviceid":"b81e905908354542","eventtype":"calorie","timestamp":1456248592418,"userid":"vincent.planat@hpe.com","trainingMode":"WALKING","calories":18699}
