{"deviceid":"b81e905908354542","eventtype":"ambientLight","timestamp":1456248099666,"userid":"vincent.planat@hpe.com","trainingMode":"SITTING","brightness":112}
{"deviceid":"b81e905908354542","eventtype":"ambientLight","timestamp":1456248125710,"userid":"vincent.planat@hpe.com","trainingMode":"WALKING","brightness":0}
{"deviceid":"b81e905908354542","eventtype":"ambientLight","timestamp":1456248111240,"userid":"vincent.planat@hpe.com","trainingMode":"WALKING","brightness":106}
{"deviceid":"b81e905908354542","eventtype":"ambientLight","timestamp":1456248107690,"userid":"vincent.planat@hpe.com","trainingMode":"WALKING","brightness":76}
{"deviceid":"b81e905908354542","eventtype":"ambientLight","timestamp":1456248117247,"userid":"vincent.planat@hpe.com","trainingMode":"WALKING","brightness":172}
{"deviceid":"b81e905908354542","eventtype":"ambientLight","timestamp":1456248128234,"userid":"vincent.planat@hpe.com","trainingMode":"WALKING","brightness":0}
{"deviceid":"b81e905908354542","eventtype":"ambientLight","timestamp":1456248120758,"userid":"vincent.planat@hpe.com","trainingMode":"WALKING","brightness":83}
{"deviceid":"b81e905908354542","eventtype":"ambientLight","timestamp":1456248121840,"userid":"vincent.planat@hpe.com","trainingMode":"WALKING","brightness":195}
{"deviceid":"b81e905908354542","eventtype":"ambientLight","timestamp":1456248096270,"userid":"vincent.planat@hpe.com","trainingMode":"SITTING","brightness":208}
{"deviceid":"b81e905908354542","eventtype":"ambientLight","timestamp":1456248092720,"userid":"vincent.planat@hpe.com","trainingMode":"SITTING","brightness":209}
{"deviceid":"b81e905908354542","eventtype":"ambientLight","timestamp":1456248112703,"userid":"vincent.planat@hpe.com","trainingMode":"WALKING","brightness":127}
{"deviceid":"b81e905908354542","eventtype":"ambientLight","timestamp":1456248099147,"userid":"vincent.planat@hpe.com","trainingMode":"SITTING","brightness":214}
{"deviceid":"b81e905908354542","eventtype":"ambientLight","timestamp":1456248101271,"userid":"vincent.planat@hpe.com","trainingMode":"SITTING","brightness":70}
{"deviceid":"b81e905908354542","eventtype":"ambientLight","timestamp":1456248122807,"userid":"vincent.planat@hpe.com","trainingMode":"WALKING","brightness":22}
{"deviceid":"b81e905908354542","eventtype":"ambientLight","timestamp":1456248101287,"userid":"vincent.planat@hpe.com","trainingMode":"SITTING","brightness":70}
{"deviceid":"b81e905908354542","eventtype":"ambientLight","timestamp":1456248094711,"userid":"vincent.planat@hpe.com","trainingMode":"SITTING","brightness":209}
{"deviceid":"b81e905908354542","eventtype":"ambientLight","timestamp":1456248112228,"userid":"vincent.planat@hpe.com","trainingMode":"WALKING","brightness":134}
{"deviceid":"b81e905908354542","eventtype":"ambientLight","timestamp":1456248127696,"userid":"vincent.planat@hpe.com","trainingMode":"WALKING","brightness":0}
{"deviceid":"b81e905908354542","eventtype":"ambientLight","timestamp":1456248111703,"userid":"vincent.planat@hpe.com","trainingMode":"WALKING","brightness":104}
{"deviceid":"b81e905908354542","eventtype":"ambientLight","timestamp":1456248117718,"userid":"vincent.planat@hpe.com","trainingMode":"WALKING","brightness":176}
{"deviceid":"b81e905908354542","eventtype":"ambientLight","timestamp":1456248091380,"userid":"vincent.planat@hpe.com","trainingMode":"SITTING","brightness":211}
{"deviceid":"b81e905908354542","eventtype":"ambientLight","timestamp":1456248118250,"userid":"vincent.planat@hpe.com","trainingMode":"WALKING","brightness":173}
{"deviceid":"b81e905908354542","eventtype":"ambientLight","timestamp":1456248102205,"userid":"vincent.planat@hpe.com","trainingMode":"SITTING","brightness":85}
{"deviceid":"b81e905908354542","eventtype":"ambientLight","timestamp":1456248113756,"userid":"vincent.planat@hpe.com","trainingMode":"WALKING","brightness":188}
{"deviceid":"b81e905908354542","eventtype":"ambientLight","timestamp":1456248095701,"userid":"vincent.planat@hpe.com","trainingMode":"SITTING","brightness":212}
{"deviceid":"b81e905908354542","eventtype":"ambientLight","timestamp":1456248111283,"userid":"vincent.planat@hpe.com","trainingMode":"WALKING","brightness":106}
{"deviceid":"b81e905908354542","eventtype":"ambientLight","timestamp":1456248101722,"userid":"vincent.planat@hpe.com","trainingMode":"SITTING","brightness":79}
{"deviceid":"b81e905908354542","eventtype":"ambientLight","timestamp":1456248113743,"userid":"vincent.planat@hpe.com","trainingMode":"WALKING","brightness":188}
{"deviceid":"b81e905908354542","eventtype":"ambientLight","timestamp":1456248121226,"userid":"vincent.planat@hpe.com","trainingMode":"WALKING","brightness":38}
{"deviceid":"b81e905908354542","eventtype":"ambientLight","timestamp":1456248117026,"userid":"vincent.planat@hpe.com","trainingMode":"WALKING","brightness":142}
{"deviceid":"b81e905908354542","eventtype":"ambientLight","timestamp":1456248128210,"userid":"vincent.planat@hpe.com","trainingMode":"WALKING","brightness":0}
{"deviceid":"b81e905908354542","eventtype":"ambientLight","timestamp":1456248124721,"userid":"vincent.planat@hpe.com","trainingMode":"WALKING","brightness":74}
{"deviceid":"b81e905908354542","eventtype":"ambientLight","timestamp":1456248098808,"userid":"vincent.planat@hpe.com","trainingMode":"SITTING","brightness":196}
{"deviceid":"b81e905908354542","eventtype":"ambientLight","timestamp":1456248107402,"userid":"vincent.planat@hpe.com","trainingMode":"WALKING","brightness":84}
{"deviceid":"b81e905908354542","eventtype":"ambientLight","timestamp":1456248107694,"userid":"vincent.planat@hpe.com","trainingMode":"WALKING","brightness":76}
{"deviceid":"b81e905908354542","eventtype":"ambientLight","timestamp":1456248093352,"userid":"vincent.planat@hpe.com","trainingMode":"SITTING","brightness":209}
{"deviceid":"b81e905908354542","eventtype":"ambientLight","timestamp":1456248116374,"userid":"vincent.planat@hpe.com","trainingMode":"WALKING","brightness":129}
{"deviceid":"b81e905908354542","eventtype":"ambientLight","timestamp":1456248118713,"userid":"vincent.planat@hpe.com","trainingMode":"WALKING","brightness":175}
{"deviceid":"b81e905908354542","eventtype":"ambientLight","timestamp":1456248115972,"userid":"vincent.planat@hpe.com","trainingMode":"WALKING","brightness":103}
{"deviceid":"b81e905908354542","eventtype":"ambientLight","timestamp":1456248092706,"userid":"vincent.planat@hpe.com","trainingMode":"SITTING","brightness":209}
{"deviceid":"b81e905908354542","eventtype":"ambientLight","timestamp":1456248103268,"userid":"vincent.planat@hpe.com","trainingMode":"SITTING","brightness":86}
{"deviceid":"b81e905908354542","eventtype":"ambientLight","timestamp":1456248110697,"userid":"vincent.planat@hpe.com","trainingMode":"WALKING","brightness":38}
{"deviceid":"b81e905908354542","eventtype":"ambientLight","timestamp":1456248124719,"userid":"vincent.planat@hpe.com","trainingMode":"WALKING","brightness":74}
{"deviceid":"b81e905908354542","eventtype":"ambientLight","timestamp":1456248127699,"userid":"vincent.planat@hpe.com","trainingMode":"WALKING","brightness":0}
{"deviceid":"b81e905908354542","eventtype":"ambientLight","timestamp":1456248099961,"userid":"vincent.planat@hpe.com","trainingMode":"SITTING","brightness":83}
{"deviceid":"b81e905908354542","eventtype":"ambientLight","timestamp":1456248126245,"userid":"vincent.planat@hpe.com","trainingMode":"WALKING","brightness":0}
{"deviceid":"b81e905908354542","eventtype":"ambientLight","timestamp":1456248110244,"userid":"vincent.planat@hpe.com","trainingMode":"WALKING","brightness":36}
{"deviceid":"b81e905908354542","eventtype":"ambientLight","timestamp":1456248100487,"userid":"vincent.planat@hpe.com","trainingMode":"SITTING","brightness":76}
{"deviceid":"b81e905908354542","eventtype":"ambientLight","timestamp":1456248122429,"userid":"vincent.planat@hpe.com","trainingMode":"WALKING","brightness":110}
{"deviceid":"b81e905908354542","eventtype":"ambientLight","timestamp":1456248104243,"userid":"vincent.planat@hpe.com","trainingMode":"SITTING","brightness":74}
{"deviceid":"b81e905908354542","eventtype":"ambientLight","timestamp":1456248115989,"userid":"vincent.planat@hpe.com","trainingMode":"WALKING","brightness":103}
{"deviceid":"b81e905908354542","eventtype":"ambientLight","timestamp":1456248099687,"userid":"vincent.planat@hpe.com","trainingMode":"SITTING","brightness":112}
{"deviceid":"b81e905908354542","eventtype":"ambientLight","timestamp":1456248117709,"userid":"vincent.planat@hpe.com","trainingMode":"WALKING","brightness":176}
{"deviceid":"b81e905908354542","eventtype":"ambientLight","timestamp":1456248106837,"userid":"vincent.planat@hpe.com","trainingMode":"WALKING","brightness":82}
{"deviceid":"b81e905908354542","eventtype":"ambientLight","timestamp":1456248090777,"userid":"vincent.planat@hpe.com","trainingMode":"SITTING","brightness":211}
{"deviceid":"b81e905908354542","eventtype":"ambientLight","timestamp":1456248095207,"userid":"vincent.planat@hpe.com","trainingMode":"SITTING","brightness":209}
{"deviceid":"b81e905908354542","eventtype":"ambientLight","timestamp":1456248123227,"userid":"vincent.planat@hpe.com","trainingMode":"WALKING","brightness":19}
{"deviceid":"b81e905908354542","eventtype":"ambientLight","timestamp":1456248106454,"userid":"vincent.planat@hpe.com","trainingMode":"WALKING","brightness":78}
{"deviceid":"b81e905908354542","eventtype":"ambientLight","timestamp":1456248108743,"userid":"vincent.planat@hpe.com","trainingMode":"WALKING","brightness":76}
{"deviceid":"b81e905908354542","eventtype":"ambientLight","timestamp":1456248099976,"userid":"vincent.planat@hpe.com","trainingMode":"SITTING","brightness":83}
{"deviceid":"b81e905908354542","eventtype":"ambientLight","timestamp":1456248097712,"userid":"vincent.planat@hpe.com","trainingMode":"SITTING","brightness":203}
{"deviceid":"b81e905908354542","eventtype":"ambientLight","timestamp":1456248091771,"userid":"vincent.planat@hpe.com","trainingMode":"SITTING","brightness":211}
{"deviceid":"b81e905908354542","eventtype":"ambientLight","timestamp":1456248127279,"userid":"vincent.planat@hpe.com","trainingMode":"WALKING","brightness":0}
{"deviceid":"b81e905908354542","eventtype":"ambientLight","timestamp":1456248096739,"userid":"vincent.planat@hpe.com","trainingMode":"SITTING","brightness":203}
{"deviceid":"b81e905908354542","eventtype":"ambientLight","timestamp":1456248109748,"userid":"vincent.planat@hpe.com","trainingMode":"WALKING","brightness":57}
{"deviceid":"b81e905908354542","eventtype":"ambientLight","timestamp":1456248126761,"userid":"vincent.planat@hpe.com","trainingMode":"WALKING","brightness":0}
{"deviceid":"b81e905908354542","eventtype":"ambientLight","timestamp":1456248112244,"userid":"vincent.planat@hpe.com","trainingMode":"WALKING","brightness":134}
{"deviceid":"b81e905908354542","eventtype":"ambientLight","timestamp":1456248095222,"userid":"vincent.planat@hpe.com","trainingMode":"SITTING","brightness":209}
{"deviceid":"b81e905908354542","eventtype":"ambientLight","timestamp":1456248094221,"userid":"vincent.planat@hpe.com","trainingMode":"SITTING","brightness":209}
{"deviceid":"b81e905908354542","eventtype":"ambientLight","timestamp":1456248103740,"userid":"vincent.planat@hpe.com","trainingMode":"SITTING","brightness":79}
{"deviceid":"b81e905908354542","eventtype":"ambientLight","timestamp":1456248112716,"userid":"vincent.planat@hpe.com","trainingMode":"WALKING","brightness":127}
{"deviceid":"b81e905908354542","eventtype":"ambientLight","timestamp":1456248123733,"userid":"vincent.planat@hpe.com","trainingMode":"WALKING","brightness":23}
{"deviceid":"b81e905908354542","eventtype":"ambientLight","timestamp":1456248100506,"userid":"vincent.planat@hpe.com","trainingMode":"SITTING","brightness":76}
{"deviceid":"b81e905908354542","eventtype":"ambientLight","timestamp":1456248105986,"userid":"vincent.planat@hpe.com","trainingMode":"SITTING","brightness":67}
{"deviceid":"b81e905908354542","eventtype":"ambientLight","timestamp":1456248093676,"userid":"vincent.planat@hpe.com","trainingMode":"SITTING","brightness":209}
{"deviceid":"b81e905908354542","eventtype":"ambientLight","timestamp":1456248120774,"userid":"vincent.planat@hpe.com","trainingMode":"WALKING","brightness":83}
{"deviceid":"b81e905908354542","eventtype":"ambientLight","timestamp":1456248093331,"userid":"vincent.planat@hpe.com","trainingMode":"SITTING","brightness":209}
{"deviceid":"b81e905908354542","eventtype":"ambientLight","timestamp":1456248114241,"userid":"vincent.planat@hpe.com","trainingMode":"WALKING","brightness":158}
{"deviceid":"b81e905908354542","eventtype":"ambientLight","timestamp":1456248091716,"userid":"vincent.planat@hpe.com","trainingMode":"SITTING","brightness":211}
{"deviceid":"b81e905908354542","eventtype":"ambientLight","timestamp":1456248120243,"userid":"vincent.planat@hpe.com","trainingMode":"WALKING","brightness":186}
{"deviceid":"b81e905908354542","eventtype":"ambientLight","timestamp":1456248105972,"userid":"vincent.planat@hpe.com","trainingMode":"SITTING","brightness":67}
{"deviceid":"b81e905908354542","eventtype":"ambientLight","timestamp":1456248102732,"userid":"vincent.planat@hpe.com","trainingMode":"SITTING","brightness":73}
{"deviceid":"b81e905908354542","eventtype":"ambientLight","timestamp":1456248122776,"userid":"vincent.planat@hpe.com","trainingMode":"WALKING","brightness":22}
{"deviceid":"b81e905908354542","eventtype":"ambientLight","timestamp":1456248097187,"userid":"vincent.planat@hpe.com","trainingMode":"SITTING","brightness":203}
{"deviceid":"b81e905908354542","eventtype":"ambientLight","timestamp":1456248122415,"userid":"vincent.planat@hpe.com","trainingMode":"WALKING","brightness":110}
{"deviceid":"b81e905908354542","eventtype":"ambientLight","timestamp":1456248106865,"userid":"vincent.planat@hpe.com","trainingMode":"WALKING","brightness":82}
{"deviceid":"b81e905908354542","eventtype":"ambientLight","timestamp":1456248126775,"userid":"vincent.planat@hpe.com","trainingMode":"WALKING","brightness":0}
{"deviceid":"b81e905908354542","eventtype":"ambientLight","timestamp":1456248119703,"userid":"vincent.planat@hpe.com","trainingMode":"WALKING","brightness":171}
{"deviceid":"b81e905908354542","eventtype":"ambientLight","timestamp":1456248118236,"userid":"vincent.planat@hpe.com","trainingMode":"WALKING","brightness":173}
{"deviceid":"b81e905908354542","eventtype":"ambientLight","timestamp":1456248096285,"userid":"vincent.planat@hpe.com","trainingMode":"SITTING","brightness":208}
{"deviceid":"b81e905908354542","eventtype":"ambientLight","timestamp":1456248104747,"userid":"vincent.planat@hpe.com","trainingMode":"SITTING","brightness":67}
{"deviceid":"b81e905908354542","eventtype":"ambientLight","timestamp":1456248090511,"userid":"vincent.planat@hpe.com","trainingMode":"SITTING","brightness":211}
{"deviceid":"b81e905908354542","eventtype":"ambientLight","timestamp":1456248119211,"userid":"vincent.planat@hpe.com","trainingMode":"WALKING","brightness":173}
{"deviceid":"b81e905908354542","eventtype":"ambientLight","timestamp":1456248123242,"userid":"vincent.planat@hpe.com","trainingMode":"WALKING","brightness":19}
{"deviceid":"b81e905908354542","eventtype":"ambientLight","timestamp":1456248097194,"userid":"vincent.planat@hpe.com","trainingMode":"SITTING","brightness":203}
{"deviceid":"b81e905908354542","eventtype":"ambientLight","timestamp":1456248102718,"userid":"vincent.planat@hpe.com","trainingMode":"SITTING","brightness":73}
{"deviceid":"b81e905908354542","eventtype":"ambientLight","timestamp":1456248110696,"userid":"vincent.planat@hpe.com","trainingMode":"WALKING","brightness":38}
{"deviceid":"b81e905908354542","eventtype":"ambientLight","timestamp":1456248092219,"userid":"vincent.planat@hpe.com","trainingMode":"SITTING","brightness":209}
{"deviceid":"b81e905908354542","eventtype":"ambientLight","timestamp":1456248103752,"userid":"vincent.planat@hpe.com","trainingMode":"SITTING","brightness":79}
{"deviceid":"b81e905908354542","eventtype":"ambientLight","timestamp":1456248105634,"userid":"vincent.planat@hpe.com","trainingMode":"SITTING","brightness":72}
{"deviceid":"b81e905908354542","eventtype":"ambientLight","timestamp":1456248120258,"userid":"vincent.planat@hpe.com","trainingMode":"WALKING","brightness":186}
{"deviceid":"b81e905908354542","eventtype":"ambientLight","timestamp":1456248108720,"userid":"vincent.planat@hpe.com","trainingMode":"WALKING","brightness":76}
{"deviceid":"b81e905908354542","eventtype":"ambientLight","timestamp":1456248114225,"userid":"vincent.planat@hpe.com","trainingMode":"WALKING","brightness":158}
{"deviceid":"b81e905908354542","eventtype":"ambientLight","timestamp":1456248105620,"userid":"vincent.planat@hpe.com","trainingMode":"SITTING","brightness":72}
{"deviceid":"b81e905908354542","eventtype":"ambientLight","timestamp":1456248117258,"userid":"vincent.planat@hpe.com","trainingMode":"WALKING","brightness":172}
{"deviceid":"b81e905908354542","eventtype":"ambientLight","timestamp":1456248104763,"userid":"vincent.planat@hpe.com","trainingMode":"SITTING","brightness":67}
{"deviceid":"b81e905908354542","eventtype":"ambientLight","timestamp":1456248117551,"userid":"vincent.planat@hpe.com","trainingMode":"WALKING","brightness":178}
{"deviceid":"b81e905908354542","eventtype":"ambientLight","timestamp":1456248096752,"userid":"vincent.planat@hpe.com","trainingMode":"SITTING","brightness":203}
{"deviceid":"b81e905908354542","eventtype":"ambientLight","timestamp":1456248118713,"userid":"vincent.planat@hpe.com","trainingMode":"WALKING","brightness":175}
{"deviceid":"b81e905908354542","eventtype":"ambientLight","timestamp":1456248123746,"userid":"vincent.planat@hpe.com","trainingMode":"WALKING","brightness":23}
{"deviceid":"b81e905908354542","eventtype":"ambientLight","timestamp":1456248109291,"userid":"vincent.planat@hpe.com","trainingMode":"WALKING","brightness":77}
{"deviceid":"b81e905908354542","eventtype":"ambientLight","timestamp":1456248093686,"userid":"vincent.planat@hpe.com","trainingMode":"SITTING","brightness":209}
{"deviceid":"b81e905908354542","eventtype":"ambientLight","timestamp":1456248110258,"userid":"vincent.planat@hpe.com","trainingMode":"WALKING","brightness":36}
{"deviceid":"b81e905908354542","eventtype":"ambientLight","timestamp":1456248109733,"userid":"vincent.planat@hpe.com","trainingMode":"WALKING","brightness":57}
{"deviceid":"b81e905908354542","eventtype":"ambientLight","timestamp":1456248127256,"userid":"vincent.planat@hpe.com","trainingMode":"WALKING","brightness":0}
{"deviceid":"b81e905908354542","eventtype":"ambientLight","timestamp":1456248126259,"userid":"vincent.planat@hpe.com","trainingMode":"WALKING","brightness":0}
{"deviceid":"b81e905908354542","eventtype":"ambientLight","timestamp":1456248125226,"userid":"vincent.planat@hpe.com","trainingMode":"WALKING","brightness":0}
{"deviceid":"b81e905908354542","eventtype":"ambientLight","timestamp":1456248097733,"userid":"vincent.planat@hpe.com","trainingMode":"SITTING","brightness":203}
{"deviceid":"b81e905908354542","eventtype":"ambientLight","timestamp":1456248107422,"userid":"vincent.planat@hpe.com","trainingMode":"WALKING","brightness":84}
{"deviceid":"b81e905908354542","eventtype":"ambientLight","timestamp":1456248114689,"userid":"vincent.planat@hpe.com","trainingMode":"WALKING","brightness":169}
{"deviceid":"b81e905908354542","eventtype":"ambientLight","timestamp":1456248117036,"userid":"vincent.planat@hpe.com","trainingMode":"WALKING","brightness":142}
{"deviceid":"b81e905908354542","eventtype":"ambientLight","timestamp":1456248113264,"userid":"vincent.planat@hpe.com","trainingMode":"WALKING","brightness":114}
{"deviceid":"b81e905908354542","eventtype":"ambientLight","timestamp":1456248091424,"userid":"vincent.planat@hpe.com","trainingMode":"SITTING","brightness":211}
{"deviceid":"b81e905908354542","eventtype":"ambientLight","timestamp":1456248094729,"userid":"vincent.planat@hpe.com","trainingMode":"SITTING","brightness":209}
{"deviceid":"b81e905908354542","eventtype":"ambientLight","timestamp":1456248098822,"userid":"vincent.planat@hpe.com","trainingMode":"SITTING","brightness":196}
{"deviceid":"b81e905908354542","eventtype":"ambientLight","timestamp":1456248125712,"userid":"vincent.planat@hpe.com","trainingMode":"WALKING","brightness":0}
{"deviceid":"b81e905908354542","eventtype":"ambientLight","timestamp":1456248108213,"userid":"vincent.planat@hpe.com","trainingMode":"WALKING","brightness":116}
{"deviceid":"b81e905908354542","eventtype":"ambientLight","timestamp":1456248104248,"userid":"vincent.planat@hpe.com","trainingMode":"SITTING","brightness":74}
{"deviceid":"b81e905908354542","eventtype":"ambientLight","timestamp":1456248117540,"userid":"vincent.planat@hpe.com","trainingMode":"WALKING","brightness":178}
{"deviceid":"b81e905908354542","eventtype":"ambientLight","timestamp":1456248102220,"userid":"vincent.planat@hpe.com","trainingMode":"SITTING","brightness":85}
{"deviceid":"b81e905908354542","eventtype":"ambientLight","timestamp":1456248109306,"userid":"vincent.planat@hpe.com","trainingMode":"WALKING","brightness":77}
{"deviceid":"b81e905908354542","eventtype":"ambientLight","timestamp":1456248101737,"userid":"vincent.planat@hpe.com","trainingMode":"SITTING","brightness":79}
{"deviceid":"b81e905908354542","eventtype":"ambientLight","timestamp":1456248103281,"userid":"vincent.planat@hpe.com","trainingMode":"SITTING","brightness":86}
{"deviceid":"b81e905908354542","eventtype":"ambientLight","timestamp":1456248125245,"userid":"vincent.planat@hpe.com","trainingMode":"WALKING","brightness":0}
{"deviceid":"b81e905908354542","eventtype":"ambientLight","timestamp":1456248111705,"userid":"vincent.planat@hpe.com","trainingMode":"WALKING","brightness":104}
{"deviceid":"b81e905908354542","eventtype":"ambientLight","timestamp":1456248106437,"userid":"vincent.planat@hpe.com","trainingMode":"WALKING","brightness":78}
{"deviceid":"b81e905908354542","eventtype":"ambientLight","timestamp":1456248090495,"userid":"vincent.planat@hpe.com","trainingMode":"SITTING","brightness":211}
{"deviceid":"b81e905908354542","eventtype":"ambientLight","timestamp":1456248121855,"userid":"vincent.planat@hpe.com","trainingMode":"WALKING","brightness":195}
{"deviceid":"b81e905908354542","eventtype":"ambientLight","timestamp":1456248116357,"userid":"vincent.planat@hpe.com","trainingMode":"WALKING","brightness":129}
{"deviceid":"b81e905908354542","eventtype":"ambientLight","timestamp":1456248090793,"userid":"vincent.planat@hpe.com","trainingMode":"SITTING","brightness":211}
{"deviceid":"b81e905908354542","eventtype":"ambientLight","timestamp":1456248119703,"userid":"vincent.planat@hpe.com","trainingMode":"WALKING","brightness":171}
{"deviceid":"b81e905908354542","eventtype":"ambientLight","timestamp":1456248124323,"userid":"vincent.planat@hpe.com","trainingMode":"WALKING","brightness":25}
{"deviceid":"b81e905908354542","eventtype":"ambientLight","timestamp":1456248095715,"userid":"vincent.planat@hpe.com","trainingMode":"SITTING","brightness":212}
{"deviceid":"b81e905908354542","eventtype":"ambientLight","timestamp":1456248094203,"userid":"vincent.planat@hpe.com","trainingMode":"SITTING","brightness":209}
{"deviceid":"b81e905908354542","eventtype":"ambientLight","timestamp":1456248119203,"userid":"vincent.planat@hpe.com","trainingMode":"WALKING","brightness":173}
{"deviceid":"b81e905908354542","eventtype":"ambientLight","timestamp":1456248113251,"userid":"vincent.planat@hpe.com","trainingMode":"WALKING","brightness":114}
{"deviceid":"b81e905908354542","eventtype":"ambientLight","timestamp":1456248121240,"userid":"vincent.planat@hpe.com","trainingMode":"WALKING","brightness":38}
{"deviceid":"b81e905908354542","eventtype":"ambientLight","timestamp":1456248108215,"userid":"vincent.planat@hpe.com","trainingMode":"WALKING","brightness":116}
{"deviceid":"b81e905908354542","eventtype":"ambientLight","timestamp":1456248092234,"userid":"vincent.planat@hpe.com","trainingMode":"SITTING","brightness":209}
{"deviceid":"b81e905908354542","eventtype":"ambientLight","timestamp":1456248099161,"userid":"vincent.planat@hpe.com","trainingMode":"SITTING","brightness":214}
{"deviceid":"b81e905908354542","eventtype":"ambientLight","timestamp":1456248100760,"userid":"vincent.planat@hpe.com","trainingMode":"SITTING","brightness":57}
{"deviceid":"b81e905908354542","eventtype":"ambientLight","timestamp":1456248114691,"userid":"vincent.planat@hpe.com","trainingMode":"WALKING","brightness":169}
{"deviceid":"b81e905908354542","eventtype":"ambientLight","timestamp":1456248100744,"userid":"vincent.planat@hpe.com","trainingMode":"SITTING","brightness":57}
{"deviceid":"b81e905908354542","eventtype":"ambientLight","timestamp":1456248124306,"userid":"vincent.planat@hpe.com","trainingMode":"WALKING","brightness":25}
