{"deviceid":"b81e905908354542","eventtype":"distance","timestamp":1456248463884,"userid":"vincent.planat@hpe.com","trainingMode":"WALKING_DOWN","currentMotion":1,"pace":1219.0,"speed":82.0,"totalDistance":2854642}
{"deviceid":"b81e905908354542","eventtype":"distance","timestamp":1456248455815,"userid":"vincent.planat@hpe.com","trainingMode":"WALKING","currentMotion":2,"pace":740.0,"speed":135.0,"totalDistance":2854058}
{"deviceid":"b81e905908354542","eventtype":"distance","timestamp":1456248454919,"userid":"vincent.planat@hpe.com","trainingMode":"WALKING","currentMotion":2,"pace":709.0,"speed":141.0,"totalDistance":2854058}
{"deviceid":"b81e905908354542","eventtype":"distance","timestamp":1456248478534,"userid":"vincent.planat@hpe.com","trainingMode":"WALKING_DOWN","currentMotion":2,"pace":806.0,"speed":124.0,"totalDistance":2856122}
{"deviceid":"b81e905908354542","eventtype":"distance","timestamp":1456248477028,"userid":"vincent.planat@hpe.com","trainingMode":"WALKING_DOWN","currentMotion":2,"pace":806.0,"speed":124.0,"totalDistance":2856122}
{"deviceid":"b81e905908354542","eventtype":"distance","timestamp":1456248479358,"userid":"vincent.planat@hpe.com","trainingMode":"WALKING_DOWN","currentMotion":2,"pace":847.0,"speed":118.0,"totalDistance":2856302}
{"deviceid":"b81e905908354542","eventtype":"distance","timestamp":1456248488141,"userid":"vincent.planat@hpe.com","trainingMode":"WALKING_DOWN","currentMotion":1,"pace":925.0,"speed":108.0,"totalDistance":2857124}
{"deviceid":"b81e905908354542","eventtype":"distance","timestamp":1456248480118,"userid":"vincent.planat@hpe.com","trainingMode":"WALKING_DOWN","currentMotion":2,"pace":840.0,"speed":119.0,"totalDistance":2856482}
{"deviceid":"b81e905908354542","eventtype":"distance","timestamp":1456248444918,"userid":"vincent.planat@hpe.com","trainingMode":"WALKING","currentMotion":2,"pace":746.0,"speed":134.0,"totalDistance":2852672}
{"deviceid":"b81e905908354542","eventtype":"distance","timestamp":1456248474366,"userid":"vincent.planat@hpe.com","trainingMode":"WALKING_DOWN","currentMotion":2,"pace":1020.0,"speed":98.0,"totalDistance":2855826}
{"deviceid":"b81e905908354542","eventtype":"distance","timestamp":1456248486146,"userid":"vincent.planat@hpe.com","trainingMode":"WALKING_DOWN","currentMotion":1,"pace":840.0,"speed":119.0,"totalDistance":2857124}
{"deviceid":"b81e905908354542","eventtype":"distance","timestamp":1456248448805,"userid":"vincent.planat@hpe.com","trainingMode":"WALKING","currentMotion":2,"pace":719.0,"speed":139.0,"totalDistance":2853288}
{"deviceid":"b81e905908354542","eventtype":"distance","timestamp":1456248483115,"userid":"vincent.planat@hpe.com","trainingMode":"WALKING_DOWN","currentMotion":2,"pace":813.0,"speed":123.0,"totalDistance":2856970}
{"deviceid":"b81e905908354542","eventtype":"distance","timestamp":1456248449774,"userid":"vincent.planat@hpe.com","trainingMode":"WALKING","currentMotion":2,"pace":704.0,"speed":142.0,"totalDistance":2853442}
{"deviceid":"b81e905908354542","eventtype":"distance","timestamp":1456248467969,"userid":"vincent.planat@hpe.com","trainingMode":"WALKING_DOWN","currentMotion":3,"pace":1449.0,"speed":69.0,"totalDistance":2854870}
{"deviceid":"b81e905908354542","eventtype":"distance","timestamp":1456248486132,"userid":"vincent.planat@hpe.com","trainingMode":"WALKING_DOWN","currentMotion":1,"pace":840.0,"speed":119.0,"totalDistance":2857124}
{"deviceid":"b81e905908354542","eventtype":"distance","timestamp":1456248482042,"userid":"vincent.planat@hpe.com","trainingMode":"WALKING_DOWN","currentMotion":2,"pace":826.0,"speed":121.0,"totalDistance":2856816}
{"deviceid":"b81e905908354542","eventtype":"distance","timestamp":1456248483102,"userid":"vincent.planat@hpe.com","trainingMode":"WALKING_DOWN","currentMotion":2,"pace":813.0,"speed":123.0,"totalDistance":2856970}
{"deviceid":"b81e905908354542","eventtype":"distance","timestamp":1456248448818,"userid":"vincent.planat@hpe.com","trainingMode":"WALKING","currentMotion":2,"pace":719.0,"speed":139.0,"totalDistance":2853288}
{"deviceid":"b81e905908354542","eventtype":"distance","timestamp":1456248450758,"userid":"vincent.planat@hpe.com","trainingMode":"WALKING","currentMotion":2,"pace":714.0,"speed":140.0,"totalDistance":2853596}
{"deviceid":"b81e905908354542","eventtype":"distance","timestamp":1456248471007,"userid":"vincent.planat@hpe.com","trainingMode":"WALKING_DOWN","currentMotion":2,"pace":1190.0,"speed":84.0,"totalDistance":2855400}
{"deviceid":"b81e905908354542","eventtype":"distance","timestamp":1456248474351,"userid":"vincent.planat@hpe.com","trainingMode":"WALKING_DOWN","currentMotion":2,"pace":1020.0,"speed":98.0,"totalDistance":2855826}
{"deviceid":"b81e905908354542","eventtype":"distance","timestamp":1456248484283,"userid":"vincent.planat@hpe.com","trainingMode":"WALKING_DOWN","currentMotion":2,"pace":806.0,"speed":124.0,"totalDistance":2857124}
{"deviceid":"b81e905908354542","eventtype":"distance","timestamp":1456248450756,"userid":"vincent.planat@hpe.com","trainingMode":"WALKING","currentMotion":2,"pace":714.0,"speed":140.0,"totalDistance":2853596}
{"deviceid":"b81e905908354542","eventtype":"distance","timestamp":1456248445787,"userid":"vincent.planat@hpe.com","trainingMode":"WALKING","currentMotion":2,"pace":746.0,"speed":134.0,"totalDistance":2852826}
{"deviceid":"b81e905908354542","eventtype":"distance","timestamp":1456248481050,"userid":"vincent.planat@hpe.com","trainingMode":"WALKING_DOWN","currentMotion":2,"pace":833.0,"speed":120.0,"totalDistance":2856662}
{"deviceid":"b81e905908354542","eventtype":"distance","timestamp":1456248445802,"userid":"vincent.planat@hpe.com","trainingMode":"WALKING","currentMotion":2,"pace":746.0,"speed":134.0,"totalDistance":2852826}
{"deviceid":"b81e905908354542","eventtype":"distance","timestamp":1456248456899,"userid":"vincent.planat@hpe.com","trainingMode":"WALKING_DOWN","currentMotion":1,"pace":793.0,"speed":126.0,"totalDistance":2854058}
{"deviceid":"b81e905908354542","eventtype":"distance","timestamp":1456248459071,"userid":"vincent.planat@hpe.com","trainingMode":"WALKING_DOWN","currentMotion":2,"pace":934.0,"speed":107.0,"totalDistance":2854204}
{"deviceid":"b81e905908354542","eventtype":"distance","timestamp":1456248470017,"userid":"vincent.planat@hpe.com","trainingMode":"WALKING_DOWN","currentMotion":2,"pace":1219.0,"speed":82.0,"totalDistance":2855254}
{"deviceid":"b81e905908354542","eventtype":"distance","timestamp":1456248467992,"userid":"vincent.planat@hpe.com","trainingMode":"WALKING_DOWN","currentMotion":3,"pace":1449.0,"speed":69.0,"totalDistance":2854870}
{"deviceid":"b81e905908354542","eventtype":"distance","timestamp":1456248468989,"userid":"vincent.planat@hpe.com","trainingMode":"WALKING_DOWN","currentMotion":2,"pace":1265.0,"speed":79.0,"totalDistance":2855254}
{"deviceid":"b81e905908354542","eventtype":"distance","timestamp":1456248457862,"userid":"vincent.planat@hpe.com","trainingMode":"WALKING_DOWN","currentMotion":1,"pace":869.0,"speed":115.0,"totalDistance":2854058}
{"deviceid":"b81e905908354542","eventtype":"distance","timestamp":1456248460919,"userid":"vincent.planat@hpe.com","trainingMode":"WALKING_DOWN","currentMotion":2,"pace":1030.0,"speed":97.0,"totalDistance":2854496}
{"deviceid":"b81e905908354542","eventtype":"distance","timestamp":1456248480135,"userid":"vincent.planat@hpe.com","trainingMode":"WALKING_DOWN","currentMotion":2,"pace":840.0,"speed":119.0,"totalDistance":2856482}
{"deviceid":"b81e905908354542","eventtype":"distance","timestamp":1456248446775,"userid":"vincent.planat@hpe.com","trainingMode":"WALKING","currentMotion":2,"pace":746.0,"speed":134.0,"totalDistance":2852980}
{"deviceid":"b81e905908354542","eventtype":"distance","timestamp":1456248449794,"userid":"vincent.planat@hpe.com","trainingMode":"WALKING","currentMotion":2,"pace":704.0,"speed":142.0,"totalDistance":2853442}
{"deviceid":"b81e905908354542","eventtype":"distance","timestamp":1456248462864,"userid":"vincent.planat@hpe.com","trainingMode":"WALKING_DOWN","currentMotion":2,"pace":1149.0,"speed":87.0,"totalDistance":2854642}
{"deviceid":"b81e905908354542","eventtype":"distance","timestamp":1456248453260,"userid":"vincent.planat@hpe.com","trainingMode":"WALKING","currentMotion":2,"pace":684.0,"speed":146.0,"totalDistance":2853904}
{"deviceid":"b81e905908354542","eventtype":"distance","timestamp":1456248475175,"userid":"vincent.planat@hpe.com","trainingMode":"WALKING_DOWN","currentMotion":2,"pace":925.0,"speed":108.0,"totalDistance":2855968}
{"deviceid":"b81e905908354542","eventtype":"distance","timestamp":1456248470991,"userid":"vincent.planat@hpe.com","trainingMode":"WALKING_DOWN","currentMotion":2,"pace":1190.0,"speed":84.0,"totalDistance":2855400}
{"deviceid":"b81e905908354542","eventtype":"distance","timestamp":1456248479334,"userid":"vincent.planat@hpe.com","trainingMode":"WALKING_DOWN","currentMotion":2,"pace":847.0,"speed":118.0,"totalDistance":2856302}
{"deviceid":"b81e905908354542","eventtype":"distance","timestamp":1456248462852,"userid":"vincent.planat@hpe.com","trainingMode":"WALKING_DOWN","currentMotion":2,"pace":1149.0,"speed":87.0,"totalDistance":2854642}
{"deviceid":"b81e905908354542","eventtype":"distance","timestamp":1456248465998,"userid":"vincent.planat@hpe.com","trainingMode":"WALKING_DOWN","currentMotion":1,"pace":1449.0,"speed":69.0,"totalDistance":2854642}
{"deviceid":"b81e905908354542","eventtype":"distance","timestamp":1456248466015,"userid":"vincent.planat@hpe.com","trainingMode":"WALKING_DOWN","currentMotion":1,"pace":1449.0,"speed":69.0,"totalDistance":2854642}
{"deviceid":"b81e905908354542","eventtype":"distance","timestamp":1456248464950,"userid":"vincent.planat@hpe.com","trainingMode":"WALKING_DOWN","currentMotion":1,"pace":1351.0,"speed":74.0,"totalDistance":2854642}
{"deviceid":"b81e905908354542","eventtype":"distance","timestamp":1456248477011,"userid":"vincent.planat@hpe.com","trainingMode":"WALKING_DOWN","currentMotion":2,"pace":806.0,"speed":124.0,"totalDistance":2856122}
{"deviceid":"b81e905908354542","eventtype":"distance","timestamp":1456248461929,"userid":"vincent.planat@hpe.com","trainingMode":"WALKING_DOWN","currentMotion":2,"pace":1063.0,"speed":94.0,"totalDistance":2854642}
{"deviceid":"b81e905908354542","eventtype":"distance","timestamp":1456248468939,"userid":"vincent.planat@hpe.com","trainingMode":"WALKING_DOWN","currentMotion":2,"pace":1265.0,"speed":79.0,"totalDistance":2855254}
{"deviceid":"b81e905908354542","eventtype":"distance","timestamp":1456248444888,"userid":"vincent.planat@hpe.com","trainingMode":"WALKING","currentMotion":2,"pace":746.0,"speed":134.0,"totalDistance":2852672}
{"deviceid":"b81e905908354542","eventtype":"distance","timestamp":1456248454100,"userid":"vincent.planat@hpe.com","trainingMode":"WALKING","currentMotion":2,"pace":699.0,"speed":143.0,"totalDistance":2853904}
{"deviceid":"b81e905908354542","eventtype":"distance","timestamp":1456248472487,"userid":"vincent.planat@hpe.com","trainingMode":"WALKING_DOWN","currentMotion":2,"pace":1176.0,"speed":85.0,"totalDistance":2855542}
{"deviceid":"b81e905908354542","eventtype":"distance","timestamp":1456248447809,"userid":"vincent.planat@hpe.com","trainingMode":"WALKING","currentMotion":2,"pace":746.0,"speed":134.0,"totalDistance":2853134}
{"deviceid":"b81e905908354542","eventtype":"distance","timestamp":1456248464931,"userid":"vincent.planat@hpe.com","trainingMode":"WALKING_DOWN","currentMotion":1,"pace":1351.0,"speed":74.0,"totalDistance":2854642}
{"deviceid":"b81e905908354542","eventtype":"distance","timestamp":1456248460903,"userid":"vincent.planat@hpe.com","trainingMode":"WALKING_DOWN","currentMotion":2,"pace":1030.0,"speed":97.0,"totalDistance":2854496}
{"deviceid":"b81e905908354542","eventtype":"distance","timestamp":1456248487154,"userid":"vincent.planat@hpe.com","trainingMode":"WALKING_DOWN","currentMotion":1,"pace":884.0,"speed":113.0,"totalDistance":2857124}
{"deviceid":"b81e905908354542","eventtype":"distance","timestamp":1456248481036,"userid":"vincent.planat@hpe.com","trainingMode":"WALKING_DOWN","currentMotion":2,"pace":833.0,"speed":120.0,"totalDistance":2856662}
{"deviceid":"b81e905908354542","eventtype":"distance","timestamp":1456248457876,"userid":"vincent.planat@hpe.com","trainingMode":"WALKING_DOWN","currentMotion":1,"pace":869.0,"speed":115.0,"totalDistance":2854058}
{"deviceid":"b81e905908354542","eventtype":"distance","timestamp":1456248455832,"userid":"vincent.planat@hpe.com","trainingMode":"WALKING","currentMotion":2,"pace":740.0,"speed":135.0,"totalDistance":2854058}
{"deviceid":"b81e905908354542","eventtype":"distance","timestamp":1456248470038,"userid":"vincent.planat@hpe.com","trainingMode":"WALKING_DOWN","currentMotion":2,"pace":1219.0,"speed":82.0,"totalDistance":2855254}
{"deviceid":"b81e905908354542","eventtype":"distance","timestamp":1456248475154,"userid":"vincent.planat@hpe.com","trainingMode":"WALKING_DOWN","currentMotion":2,"pace":925.0,"speed":108.0,"totalDistance":2855968}
{"deviceid":"b81e905908354542","eventtype":"distance","timestamp":1456248452340,"userid":"vincent.planat@hpe.com","trainingMode":"WALKING","currentMotion":2,"pace":699.0,"speed":143.0,"totalDistance":2853750}
{"deviceid":"b81e905908354542","eventtype":"distance","timestamp":1456248478554,"userid":"vincent.planat@hpe.com","trainingMode":"WALKING_DOWN","currentMotion":2,"pace":806.0,"speed":124.0,"totalDistance":2856122}
{"deviceid":"b81e905908354542","eventtype":"distance","timestamp":1456248485186,"userid":"vincent.planat@hpe.com","trainingMode":"WALKING_DOWN","currentMotion":2,"pace":826.0,"speed":121.0,"totalDistance":2857124}
{"deviceid":"b81e905908354542","eventtype":"distance","timestamp":1456248453248,"userid":"vincent.planat@hpe.com","trainingMode":"WALKING","currentMotion":2,"pace":684.0,"speed":146.0,"totalDistance":2853904}
{"deviceid":"b81e905908354542","eventtype":"distance","timestamp":1456248461907,"userid":"vincent.planat@hpe.com","trainingMode":"WALKING_DOWN","currentMotion":2,"pace":1063.0,"speed":94.0,"totalDistance":2854642}
{"deviceid":"b81e905908354542","eventtype":"distance","timestamp":1456248484049,"userid":"vincent.planat@hpe.com","trainingMode":"WALKING_DOWN","currentMotion":2,"pace":806.0,"speed":124.0,"totalDistance":2857124}
{"deviceid":"b81e905908354542","eventtype":"distance","timestamp":1456248473512,"userid":"vincent.planat@hpe.com","trainingMode":"WALKING_DOWN","currentMotion":2,"pace":1111.0,"speed":90.0,"totalDistance":2855684}
{"deviceid":"b81e905908354542","eventtype":"distance","timestamp":1456248485170,"userid":"vincent.planat@hpe.com","trainingMode":"WALKING_DOWN","currentMotion":2,"pace":826.0,"speed":121.0,"totalDistance":2857124}
{"deviceid":"b81e905908354542","eventtype":"distance","timestamp":1456248456882,"userid":"vincent.planat@hpe.com","trainingMode":"WALKING_DOWN","currentMotion":1,"pace":793.0,"speed":126.0,"totalDistance":2854058}
{"deviceid":"b81e905908354542","eventtype":"distance","timestamp":1456248476043,"userid":"vincent.planat@hpe.com","trainingMode":"WALKING_DOWN","currentMotion":2,"pace":869.0,"speed":115.0,"totalDistance":2855968}
{"deviceid":"b81e905908354542","eventtype":"distance","timestamp":1456248487139,"userid":"vincent.planat@hpe.com","trainingMode":"WALKING_DOWN","currentMotion":1,"pace":884.0,"speed":113.0,"totalDistance":2857124}
{"deviceid":"b81e905908354542","eventtype":"distance","timestamp":1456248459057,"userid":"vincent.planat@hpe.com","trainingMode":"WALKING_DOWN","currentMotion":2,"pace":934.0,"speed":107.0,"totalDistance":2854204}
{"deviceid":"b81e905908354542","eventtype":"distance","timestamp":1456248482057,"userid":"vincent.planat@hpe.com","trainingMode":"WALKING_DOWN","currentMotion":2,"pace":826.0,"speed":121.0,"totalDistance":2856816}
{"deviceid":"b81e905908354542","eventtype":"distance","timestamp":1456248466871,"userid":"vincent.planat@hpe.com","trainingMode":"WALKING_DOWN","currentMotion":1,"pace":1538.0,"speed":65.0,"totalDistance":2854642}
{"deviceid":"b81e905908354542","eventtype":"distance","timestamp":1456248459833,"userid":"vincent.planat@hpe.com","trainingMode":"WALKING_DOWN","currentMotion":2,"pace":990.0,"speed":101.0,"totalDistance":2854350}
{"deviceid":"b81e905908354542","eventtype":"distance","timestamp":1456248443928,"userid":"vincent.planat@hpe.com","trainingMode":"WALKING","currentMotion":2,"pace":746.0,"speed":134.0,"totalDistance":2852518}
{"deviceid":"b81e905908354542","eventtype":"distance","timestamp":1456248443909,"userid":"vincent.planat@hpe.com","trainingMode":"WALKING","currentMotion":2,"pace":746.0,"speed":134.0,"totalDistance":2852518}
{"deviceid":"b81e905908354542","eventtype":"distance","timestamp":1456248466883,"userid":"vincent.planat@hpe.com","trainingMode":"WALKING_DOWN","currentMotion":1,"pace":1538.0,"speed":65.0,"totalDistance":2854642}
{"deviceid":"b81e905908354542","eventtype":"distance","timestamp":1456248447785,"userid":"vincent.planat@hpe.com","trainingMode":"WALKING","currentMotion":2,"pace":746.0,"speed":134.0,"totalDistance":2853134}
{"deviceid":"b81e905908354542","eventtype":"distance","timestamp":1456248472467,"userid":"vincent.planat@hpe.com","trainingMode":"WALKING_DOWN","currentMotion":2,"pace":1176.0,"speed":85.0,"totalDistance":2855542}
{"deviceid":"b81e905908354542","eventtype":"distance","timestamp":1456248463901,"userid":"vincent.planat@hpe.com","trainingMode":"WALKING_DOWN","currentMotion":1,"pace":1219.0,"speed":82.0,"totalDistance":2854642}
{"deviceid":"b81e905908354542","eventtype":"distance","timestamp":1456248473498,"userid":"vincent.planat@hpe.com","trainingMode":"WALKING_DOWN","currentMotion":2,"pace":1111.0,"speed":90.0,"totalDistance":2855684}
{"deviceid":"b81e905908354542","eventtype":"distance","timestamp":1456248459856,"userid":"vincent.planat@hpe.com","trainingMode":"WALKING_DOWN","currentMotion":2,"pace":990.0,"speed":101.0,"totalDistance":2854350}
{"deviceid":"b81e905908354542","eventtype":"distance","timestamp":1456248446797,"userid":"vincent.planat@hpe.com","trainingMode":"WALKING","currentMotion":2,"pace":746.0,"speed":134.0,"totalDistance":2852980}
{"deviceid":"b81e905908354542","eventtype":"distance","timestamp":1456248454114,"userid":"vincent.planat@hpe.com","trainingMode":"WALKING","currentMotion":2,"pace":699.0,"speed":143.0,"totalDistance":2853904}
{"deviceid":"b81e905908354542","eventtype":"distance","timestamp":1456248488127,"userid":"vincent.planat@hpe.com","trainingMode":"WALKING_DOWN","currentMotion":1,"pace":925.0,"speed":108.0,"totalDistance":2857124}
{"deviceid":"b81e905908354542","eventtype":"distance","timestamp":1456248452325,"userid":"vincent.planat@hpe.com","trainingMode":"WALKING","currentMotion":2,"pace":699.0,"speed":143.0,"totalDistance":2853750}
{"deviceid":"b81e905908354542","eventtype":"distance","timestamp":1456248476061,"userid":"vincent.planat@hpe.com","trainingMode":"WALKING_DOWN","currentMotion":2,"pace":869.0,"speed":115.0,"totalDistance":2855968}
{"deviceid":"b81e905908354542","eventtype":"distance","timestamp":1456248454927,"userid":"vincent.planat@hpe.com","trainingMode":"WALKING","currentMotion":2,"pace":709.0,"speed":141.0,"totalDistance":2854058}
