{"deviceid":"b81e905908354542","eventtype":"altimeter","timestamp":1456248127947,"userid":"vincent.planat@hpe.com","trainingMode":"WALKING","flightsAscended":13,"flightsDescended":8,"rate":17.0,"steppingGain":3805,"steppingLoss":2957,"stepsAscended":682,"stepsDescended":632,"totalGain":17298,"totalLoss":15326}
{"deviceid":"b81e905908354542","eventtype":"altimeter","timestamp":1456248100193,"userid":"vincent.planat@hpe.com","trainingMode":"SITTING","flightsAscended":13,"flightsDescended":8,"rate":0.0,"steppingGain":3805,"steppingLoss":2957,"stepsAscended":682,"stepsDescended":632,"totalGain":17164,"totalLoss":15195}
{"deviceid":"b81e905908354542","eventtype":"altimeter","timestamp":1456248117333,"userid":"vincent.planat@hpe.com","trainingMode":"WALKING","flightsAscended":13,"flightsDescended":8,"rate":12.0,"steppingGain":3805,"steppingLoss":2957,"stepsAscended":682,"stepsDescended":632,"totalGain":17164,"totalLoss":15326}
{"deviceid":"b81e905908354542","eventtype":"altimeter","timestamp":1456248122027,"userid":"vincent.planat@hpe.com","trainingMode":"WALKING","flightsAscended":13,"flightsDescended":8,"rate":5.0,"steppingGain":3805,"steppingLoss":2957,"stepsAscended":682,"stepsDescended":632,"totalGain":17164,"totalLoss":15326}
{"deviceid":"b81e905908354542","eventtype":"altimeter","timestamp":1456248090173,"userid":"vincent.planat@hpe.com","trainingMode":"SITTING","flightsAscended":13,"flightsDescended":8,"rate":-3.0,"steppingGain":3805,"steppingLoss":2957,"stepsAscended":682,"stepsDescended":632,"totalGain":17164,"totalLoss":15195}
{"deviceid":"b81e905908354542","eventtype":"altimeter","timestamp":1456248124887,"userid":"vincent.planat@hpe.com","trainingMode":"WALKING","flightsAscended":13,"flightsDescended":8,"rate":15.0,"steppingGain":3805,"steppingLoss":2957,"stepsAscended":682,"stepsDescended":632,"totalGain":17164,"totalLoss":15326}
{"deviceid":"b81e905908354542","eventtype":"altimeter","timestamp":1456248103911,"userid":"vincent.planat@hpe.com","trainingMode":"SITTING","flightsAscended":13,"flightsDescended":8,"rate":-9.0,"steppingGain":3805,"steppingLoss":2957,"stepsAscended":682,"stepsDescended":632,"totalGain":17164,"totalLoss":15195}
{"deviceid":"b81e905908354542","eventtype":"altimeter","timestamp":1456248097862,"userid":"vincent.planat@hpe.com","trainingMode":"SITTING","flightsAscended":13,"flightsDescended":8,"rate":-6.0,"steppingGain":3805,"steppingLoss":2957,"stepsAscended":682,"stepsDescended":632,"totalGain":17164,"totalLoss":15195}
{"deviceid":"b81e905908354542","eventtype":"altimeter","timestamp":1456248110932,"userid":"vincent.planat@hpe.com","trainingMode":"WALKING","flightsAscended":13,"flightsDescended":8,"rate":-12.0,"steppingGain":3805,"steppingLoss":2957,"stepsAscended":682,"stepsDescended":632,"totalGain":17164,"totalLoss":15326}
{"deviceid":"b81e905908354542","eventtype":"altimeter","timestamp":1456248120956,"userid":"vincent.planat@hpe.com","trainingMode":"WALKING","flightsAscended":13,"flightsDescended":8,"rate":6.0,"steppingGain":3805,"steppingLoss":2957,"stepsAscended":682,"stepsDescended":632,"totalGain":17164,"totalLoss":15326}
{"deviceid":"b81e905908354542","eventtype":"altimeter","timestamp":1456248107010,"userid":"vincent.planat@hpe.com","trainingMode":"WALKING","flightsAscended":13,"flightsDescended":8,"rate":-17.0,"steppingGain":3805,"steppingLoss":2957,"stepsAscended":682,"stepsDescended":632,"totalGain":17164,"totalLoss":15195}
{"deviceid":"b81e905908354542","eventtype":"altimeter","timestamp":1456248126883,"userid":"vincent.planat@hpe.com","trainingMode":"WALKING","flightsAscended":13,"flightsDescended":8,"rate":16.0,"steppingGain":3805,"steppingLoss":2957,"stepsAscended":682,"stepsDescended":632,"totalGain":17298,"totalLoss":15326}
{"deviceid":"b81e905908354542","eventtype":"altimeter","timestamp":1456248122932,"userid":"vincent.planat@hpe.com","trainingMode":"WALKING","flightsAscended":13,"flightsDescended":8,"rate":7.0,"steppingGain":3805,"steppingLoss":2957,"stepsAscended":682,"stepsDescended":632,"totalGain":17164,"totalLoss":15326}
{"deviceid":"b81e905908354542","eventtype":"altimeter","timestamp":1456248106988,"userid":"vincent.planat@hpe.com","trainingMode":"WALKING","flightsAscended":13,"flightsDescended":8,"rate":-17.0,"steppingGain":3805,"steppingLoss":2957,"stepsAscended":682,"stepsDescended":632,"totalGain":17164,"totalLoss":15195}
{"deviceid":"b81e905908354542","eventtype":"altimeter","timestamp":1456248107874,"userid":"vincent.planat@hpe.com","trainingMode":"WALKING","flightsAscended":13,"flightsDescended":8,"rate":-16.0,"steppingGain":3805,"steppingLoss":2957,"stepsAscended":682,"stepsDescended":632,"totalGain":17164,"totalLoss":15326}
{"deviceid":"b81e905908354542","eventtype":"altimeter","timestamp":1456248093969,"userid":"vincent.planat@hpe.com","trainingMode":"SITTING","flightsAscended":13,"flightsDescended":8,"rate":4.0,"steppingGain":3805,"steppingLoss":2957,"stepsAscended":682,"stepsDescended":632,"totalGain":17164,"totalLoss":15195}
{"deviceid":"b81e905908354542","eventtype":"altimeter","timestamp":1456248100976,"userid":"vincent.planat@hpe.com","trainingMode":"SITTING","flightsAscended":13,"flightsDescended":8,"rate":-2.0,"steppingGain":3805,"steppingLoss":2957,"stepsAscended":682,"stepsDescended":632,"totalGain":17164,"totalLoss":15195}
{"deviceid":"b81e905908354542","eventtype":"altimeter","timestamp":1456248102893,"userid":"vincent.planat@hpe.com","trainingMode":"SITTING","flightsAscended":13,"flightsDescended":8,"rate":-5.0,"steppingGain":3805,"steppingLoss":2957,"stepsAscended":682,"stepsDescended":632,"totalGain":17164,"totalLoss":15195}
{"deviceid":"b81e905908354542","eventtype":"altimeter","timestamp":1456248117343,"userid":"vincent.planat@hpe.com","trainingMode":"WALKING","flightsAscended":13,"flightsDescended":8,"rate":12.0,"steppingGain":3805,"steppingLoss":2957,"stepsAscended":682,"stepsDescended":632,"totalGain":17164,"totalLoss":15326}
{"deviceid":"b81e905908354542","eventtype":"altimeter","timestamp":1456248097875,"userid":"vincent.planat@hpe.com","trainingMode":"SITTING","flightsAscended":13,"flightsDescended":8,"rate":-6.0,"steppingGain":3805,"steppingLoss":2957,"stepsAscended":682,"stepsDescended":632,"totalGain":17164,"totalLoss":15195}
{"deviceid":"b81e905908354542","eventtype":"altimeter","timestamp":1456248107863,"userid":"vincent.planat@hpe.com","trainingMode":"WALKING","flightsAscended":13,"flightsDescended":8,"rate":-16.0,"steppingGain":3805,"steppingLoss":2957,"stepsAscended":682,"stepsDescended":632,"totalGain":17164,"totalLoss":15326}
{"deviceid":"b81e905908354542","eventtype":"altimeter","timestamp":1456248114857,"userid":"vincent.planat@hpe.com","trainingMode":"WALKING","flightsAscended":13,"flightsDescended":8,"rate":9.0,"steppingGain":3805,"steppingLoss":2957,"stepsAscended":682,"stepsDescended":632,"totalGain":17164,"totalLoss":15326}
{"deviceid":"b81e905908354542","eventtype":"altimeter","timestamp":1456248092880,"userid":"vincent.planat@hpe.com","trainingMode":"SITTING","flightsAscended":13,"flightsDescended":8,"rate":6.0,"steppingGain":3805,"steppingLoss":2957,"stepsAscended":682,"stepsDescended":632,"totalGain":17164,"totalLoss":15195}
{"deviceid":"b81e905908354542","eventtype":"altimeter","timestamp":1456248100175,"userid":"vincent.planat@hpe.com","trainingMode":"SITTING","flightsAscended":13,"flightsDescended":8,"rate":0.0,"steppingGain":3805,"steppingLoss":2957,"stepsAscended":682,"stepsDescended":632,"totalGain":17164,"totalLoss":15195}
{"deviceid":"b81e905908354542","eventtype":"altimeter","timestamp":1456248100992,"userid":"vincent.planat@hpe.com","trainingMode":"SITTING","flightsAscended":13,"flightsDescended":8,"rate":-2.0,"steppingGain":3805,"steppingLoss":2957,"stepsAscended":682,"stepsDescended":632,"totalGain":17164,"totalLoss":15195}
{"deviceid":"b81e905908354542","eventtype":"altimeter","timestamp":1456248117867,"userid":"vincent.planat@hpe.com","trainingMode":"WALKING","flightsAscended":13,"flightsDescended":8,"rate":13.0,"steppingGain":3805,"steppingLoss":2957,"stepsAscended":682,"stepsDescended":632,"totalGain":17164,"totalLoss":15326}
{"deviceid":"b81e905908354542","eventtype":"altimeter","timestamp":1456248109927,"userid":"vincent.planat@hpe.com","trainingMode":"WALKING","flightsAscended":13,"flightsDescended":8,"rate":-15.0,"steppingGain":3805,"steppingLoss":2957,"stepsAscended":682,"stepsDescended":632,"totalGain":17164,"totalLoss":15326}
{"deviceid":"b81e905908354542","eventtype":"altimeter","timestamp":1456248095873,"userid":"vincent.planat@hpe.com","trainingMode":"SITTING","flightsAscended":13,"flightsDescended":8,"rate":-4.0,"steppingGain":3805,"steppingLoss":2957,"stepsAscended":682,"stepsDescended":632,"totalGain":17164,"totalLoss":15195}
{"deviceid":"b81e905908354542","eventtype":"altimeter","timestamp":1456248116524,"userid":"vincent.planat@hpe.com","trainingMode":"WALKING","flightsAscended":13,"flightsDescended":8,"rate":13.0,"steppingGain":3805,"steppingLoss":2957,"stepsAscended":682,"stepsDescended":632,"totalGain":17164,"totalLoss":15326}
{"deviceid":"b81e905908354542","eventtype":"altimeter","timestamp":1456248123956,"userid":"vincent.planat@hpe.com","trainingMode":"WALKING","flightsAscended":13,"flightsDescended":8,"rate":9.0,"steppingGain":3805,"steppingLoss":2957,"stepsAscended":682,"stepsDescended":632,"totalGain":17164,"totalLoss":15326}
{"deviceid":"b81e905908354542","eventtype":"altimeter","timestamp":1456248119881,"userid":"vincent.planat@hpe.com","trainingMode":"WALKING","flightsAscended":13,"flightsDescended":8,"rate":12.0,"steppingGain":3805,"steppingLoss":2957,"stepsAscended":682,"stepsDescended":632,"totalGain":17164,"totalLoss":15326}
{"deviceid":"b81e905908354542","eventtype":"altimeter","timestamp":1456248093952,"userid":"vincent.planat@hpe.com","trainingMode":"SITTING","flightsAscended":13,"flightsDescended":8,"rate":4.0,"steppingGain":3805,"steppingLoss":2957,"stepsAscended":682,"stepsDescended":632,"totalGain":17164,"totalLoss":15195}
{"deviceid":"b81e905908354542","eventtype":"altimeter","timestamp":1456248110917,"userid":"vincent.planat@hpe.com","trainingMode":"WALKING","flightsAscended":13,"flightsDescended":8,"rate":-12.0,"steppingGain":3805,"steppingLoss":2957,"stepsAscended":682,"stepsDescended":632,"totalGain":17164,"totalLoss":15326}
{"deviceid":"b81e905908354542","eventtype":"altimeter","timestamp":1456248118874,"userid":"vincent.planat@hpe.com","trainingMode":"WALKING","flightsAscended":13,"flightsDescended":8,"rate":12.0,"steppingGain":3805,"steppingLoss":2957,"stepsAscended":682,"stepsDescended":632,"totalGain":17164,"totalLoss":15326}
{"deviceid":"b81e905908354542","eventtype":"altimeter","timestamp":1456248119894,"userid":"vincent.planat@hpe.com","trainingMode":"WALKING","flightsAscended":13,"flightsDescended":8,"rate":12.0,"steppingGain":3805,"steppingLoss":2957,"stepsAscended":682,"stepsDescended":632,"totalGain":17164,"totalLoss":15326}
{"deviceid":"b81e905908354542","eventtype":"altimeter","timestamp":1456248090212,"userid":"vincent.planat@hpe.com","trainingMode":"SITTING","flightsAscended":13,"flightsDescended":8,"rate":-3.0,"steppingGain":3805,"steppingLoss":2957,"stepsAscended":682,"stepsDescended":632,"totalGain":17164,"totalLoss":15195}
{"deviceid":"b81e905908354542","eventtype":"altimeter","timestamp":1456248096897,"userid":"vincent.planat@hpe.com","trainingMode":"SITTING","flightsAscended":13,"flightsDescended":8,"rate":-4.0,"steppingGain":3805,"steppingLoss":2957,"stepsAscended":682,"stepsDescended":632,"totalGain":17164,"totalLoss":15195}
{"deviceid":"b81e905908354542","eventtype":"altimeter","timestamp":1456248118865,"userid":"vincent.planat@hpe.com","trainingMode":"WALKING","flightsAscended":13,"flightsDescended":8,"rate":12.0,"steppingGain":3805,"steppingLoss":2957,"stepsAscended":682,"stepsDescended":632,"totalGain":17164,"totalLoss":15326}
{"deviceid":"b81e905908354542","eventtype":"altimeter","timestamp":1456248106094,"userid":"vincent.planat@hpe.com","trainingMode":"SITTING","flightsAscended":13,"flightsDescended":8,"rate":-15.0,"steppingGain":3805,"steppingLoss":2957,"stepsAscended":682,"stepsDescended":632,"totalGain":17164,"totalLoss":15195}
{"deviceid":"b81e905908354542","eventtype":"altimeter","timestamp":1456248094865,"userid":"vincent.planat@hpe.com","trainingMode":"SITTING","flightsAscended":13,"flightsDescended":8,"rate":-1.0,"steppingGain":3805,"steppingLoss":2957,"stepsAscended":682,"stepsDescended":632,"totalGain":17164,"totalLoss":15195}
{"deviceid":"b81e905908354542","eventtype":"altimeter","timestamp":1456248101904,"userid":"vincent.planat@hpe.com","trainingMode":"SITTING","flightsAscended":13,"flightsDescended":8,"rate":-2.0,"steppingGain":3805,"steppingLoss":2957,"stepsAscended":682,"stepsDescended":632,"totalGain":17164,"totalLoss":15195}
{"deviceid":"b81e905908354542","eventtype":"altimeter","timestamp":1456248112906,"userid":"vincent.planat@hpe.com","trainingMode":"WALKING","flightsAscended":13,"flightsDescended":8,"rate":-4.0,"steppingGain":3805,"steppingLoss":2957,"stepsAscended":682,"stepsDescended":632,"totalGain":17164,"totalLoss":15326}
{"deviceid":"b81e905908354542","eventtype":"altimeter","timestamp":1456248102909,"userid":"vincent.planat@hpe.com","trainingMode":"SITTING","flightsAscended":13,"flightsDescended":8,"rate":-5.0,"steppingGain":3805,"steppingLoss":2957,"stepsAscended":682,"stepsDescended":632,"totalGain":17164,"totalLoss":15195}
{"deviceid":"b81e905908354542","eventtype":"altimeter","timestamp":1456248092894,"userid":"vincent.planat@hpe.com","trainingMode":"SITTING","flightsAscended":13,"flightsDescended":8,"rate":6.0,"steppingGain":3805,"steppingLoss":2957,"stepsAscended":682,"stepsDescended":632,"totalGain":17164,"totalLoss":15195}
{"deviceid":"b81e905908354542","eventtype":"altimeter","timestamp":1456248127927,"userid":"vincent.planat@hpe.com","trainingMode":"WALKING","flightsAscended":13,"flightsDescended":8,"rate":17.0,"steppingGain":3805,"steppingLoss":2957,"stepsAscended":682,"stepsDescended":632,"totalGain":17298,"totalLoss":15326}
{"deviceid":"b81e905908354542","eventtype":"altimeter","timestamp":1456248109913,"userid":"vincent.planat@hpe.com","trainingMode":"WALKING","flightsAscended":13,"flightsDescended":8,"rate":-15.0,"steppingGain":3805,"steppingLoss":2957,"stepsAscended":682,"stepsDescended":632,"totalGain":17164,"totalLoss":15326}
{"deviceid":"b81e905908354542","eventtype":"altimeter","timestamp":1456248094881,"userid":"vincent.planat@hpe.com","trainingMode":"SITTING","flightsAscended":13,"flightsDescended":8,"rate":-1.0,"steppingGain":3805,"steppingLoss":2957,"stepsAscended":682,"stepsDescended":632,"totalGain":17164,"totalLoss":15195}
{"deviceid":"b81e905908354542","eventtype":"altimeter","timestamp":1456248101886,"userid":"vincent.planat@hpe.com","trainingMode":"SITTING","flightsAscended":13,"flightsDescended":8,"rate":-2.0,"steppingGain":3805,"steppingLoss":2957,"stepsAscended":682,"stepsDescended":632,"totalGain":17164,"totalLoss":15195}
{"deviceid":"b81e905908354542","eventtype":"altimeter","timestamp":1456248120939,"userid":"vincent.planat@hpe.com","trainingMode":"WALKING","flightsAscended":13,"flightsDescended":8,"rate":6.0,"steppingGain":3805,"steppingLoss":2957,"stepsAscended":682,"stepsDescended":632,"totalGain":17164,"totalLoss":15326}
{"deviceid":"b81e905908354542","eventtype":"altimeter","timestamp":1456248111869,"userid":"vincent.planat@hpe.com","trainingMode":"WALKING","flightsAscended":13,"flightsDescended":8,"rate":-9.0,"steppingGain":3805,"steppingLoss":2957,"stepsAscended":682,"stepsDescended":632,"totalGain":17164,"totalLoss":15326}
{"deviceid":"b81e905908354542","eventtype":"altimeter","timestamp":1456248091874,"userid":"vincent.planat@hpe.com","trainingMode":"SITTING","flightsAscended":13,"flightsDescended":8,"rate":2.0,"steppingGain":3805,"steppingLoss":2957,"stepsAscended":682,"stepsDescended":632,"totalGain":17164,"totalLoss":15195}
{"deviceid":"b81e905908354542","eventtype":"altimeter","timestamp":1456248091895,"userid":"vincent.planat@hpe.com","trainingMode":"SITTING","flightsAscended":13,"flightsDescended":8,"rate":2.0,"steppingGain":3805,"steppingLoss":2957,"stepsAscended":682,"stepsDescended":632,"totalGain":17164,"totalLoss":15195}
{"deviceid":"b81e905908354542","eventtype":"altimeter","timestamp":1456248113905,"userid":"vincent.planat@hpe.com","trainingMode":"WALKING","flightsAscended":13,"flightsDescended":8,"rate":2.0,"steppingGain":3805,"steppingLoss":2957,"stepsAscended":682,"stepsDescended":632,"totalGain":17164,"totalLoss":15326}
{"deviceid":"b81e905908354542","eventtype":"altimeter","timestamp":1456248096918,"userid":"vincent.planat@hpe.com","trainingMode":"SITTING","flightsAscended":13,"flightsDescended":8,"rate":-4.0,"steppingGain":3805,"steppingLoss":2957,"stepsAscended":682,"stepsDescended":632,"totalGain":17164,"totalLoss":15195}
{"deviceid":"b81e905908354542","eventtype":"altimeter","timestamp":1456248125909,"userid":"vincent.planat@hpe.com","trainingMode":"WALKING","flightsAscended":13,"flightsDescended":8,"rate":16.0,"steppingGain":3805,"steppingLoss":2957,"stepsAscended":682,"stepsDescended":632,"totalGain":17164,"totalLoss":15326}
{"deviceid":"b81e905908354542","eventtype":"altimeter","timestamp":1456248099304,"userid":"vincent.planat@hpe.com","trainingMode":"SITTING","flightsAscended":13,"flightsDescended":8,"rate":-3.0,"steppingGain":3805,"steppingLoss":2957,"stepsAscended":682,"stepsDescended":632,"totalGain":17164,"totalLoss":15195}
{"deviceid":"b81e905908354542","eventtype":"altimeter","timestamp":1456248108923,"userid":"vincent.planat@hpe.com","trainingMode":"WALKING","flightsAscended":13,"flightsDescended":8,"rate":-16.0,"steppingGain":3805,"steppingLoss":2957,"stepsAscended":682,"stepsDescended":632,"totalGain":17164,"totalLoss":15326}
{"deviceid":"b81e905908354542","eventtype":"altimeter","timestamp":1456248108938,"userid":"vincent.planat@hpe.com","trainingMode":"WALKING","flightsAscended":13,"flightsDescended":8,"rate":-16.0,"steppingGain":3805,"steppingLoss":2957,"stepsAscended":682,"stepsDescended":632,"totalGain":17164,"totalLoss":15326}
{"deviceid":"b81e905908354542","eventtype":"altimeter","timestamp":1456248122041,"userid":"vincent.planat@hpe.com","trainingMode":"WALKING","flightsAscended":13,"flightsDescended":8,"rate":5.0,"steppingGain":3805,"steppingLoss":2957,"stepsAscended":682,"stepsDescended":632,"totalGain":17164,"totalLoss":15326}
{"deviceid":"b81e905908354542","eventtype":"altimeter","timestamp":1456248105258,"userid":"vincent.planat@hpe.com","trainingMode":"SITTING","flightsAscended":13,"flightsDescended":8,"rate":-12.0,"steppingGain":3805,"steppingLoss":2957,"stepsAscended":682,"stepsDescended":632,"totalGain":17164,"totalLoss":15195}
{"deviceid":"b81e905908354542","eventtype":"altimeter","timestamp":1456248113919,"userid":"vincent.planat@hpe.com","trainingMode":"WALKING","flightsAscended":13,"flightsDescended":8,"rate":2.0,"steppingGain":3805,"steppingLoss":2957,"stepsAscended":682,"stepsDescended":632,"totalGain":17164,"totalLoss":15326}
{"deviceid":"b81e905908354542","eventtype":"altimeter","timestamp":1456248116509,"userid":"vincent.planat@hpe.com","trainingMode":"WALKING","flightsAscended":13,"flightsDescended":8,"rate":13.0,"steppingGain":3805,"steppingLoss":2957,"stepsAscended":682,"stepsDescended":632,"totalGain":17164,"totalLoss":15326}
{"deviceid":"b81e905908354542","eventtype":"altimeter","timestamp":1456248105274,"userid":"vincent.planat@hpe.com","trainingMode":"SITTING","flightsAscended":13,"flightsDescended":8,"rate":-12.0,"steppingGain":3805,"steppingLoss":2957,"stepsAscended":682,"stepsDescended":632,"totalGain":17164,"totalLoss":15195}
{"deviceid":"b81e905908354542","eventtype":"altimeter","timestamp":1456248090993,"userid":"vincent.planat@hpe.com","trainingMode":"SITTING","flightsAscended":13,"flightsDescended":8,"rate":3.0,"steppingGain":3805,"steppingLoss":2957,"stepsAscended":682,"stepsDescended":632,"totalGain":17164,"totalLoss":15195}
{"deviceid":"b81e905908354542","eventtype":"altimeter","timestamp":1456248099322,"userid":"vincent.planat@hpe.com","trainingMode":"SITTING","flightsAscended":13,"flightsDescended":8,"rate":-3.0,"steppingGain":3805,"steppingLoss":2957,"stepsAscended":682,"stepsDescended":632,"totalGain":17164,"totalLoss":15195}
{"deviceid":"b81e905908354542","eventtype":"altimeter","timestamp":1456248095857,"userid":"vincent.planat@hpe.com","trainingMode":"SITTING","flightsAscended":13,"flightsDescended":8,"rate":-4.0,"steppingGain":3805,"steppingLoss":2957,"stepsAscended":682,"stepsDescended":632,"totalGain":17164,"totalLoss":15195}
{"deviceid":"b81e905908354542","eventtype":"altimeter","timestamp":1456248117858,"userid":"vincent.planat@hpe.com","trainingMode":"WALKING","flightsAscended":13,"flightsDescended":8,"rate":13.0,"steppingGain":3805,"steppingLoss":2957,"stepsAscended":682,"stepsDescended":632,"totalGain":17164,"totalLoss":15326}
{"deviceid":"b81e905908354542","eventtype":"altimeter","timestamp":1456248126903,"userid":"vincent.planat@hpe.com","trainingMode":"WALKING","flightsAscended":13,"flightsDescended":8,"rate":16.0,"steppingGain":3805,"steppingLoss":2957,"stepsAscended":682,"stepsDescended":632,"totalGain":17298,"totalLoss":15326}
{"deviceid":"b81e905908354542","eventtype":"altimeter","timestamp":1456248123971,"userid":"vincent.planat@hpe.com","trainingMode":"WALKING","flightsAscended":13,"flightsDescended":8,"rate":9.0,"steppingGain":3805,"steppingLoss":2957,"stepsAscended":682,"stepsDescended":632,"totalGain":17164,"totalLoss":15326}
{"deviceid":"b81e905908354542","eventtype":"altimeter","timestamp":1456248103924,"userid":"vincent.planat@hpe.com","trainingMode":"SITTING","flightsAscended":13,"flightsDescended":8,"rate":-9.0,"steppingGain":3805,"steppingLoss":2957,"stepsAscended":682,"stepsDescended":632,"totalGain":17164,"totalLoss":15195}
{"deviceid":"b81e905908354542","eventtype":"altimeter","timestamp":1456248124898,"userid":"vincent.planat@hpe.com","trainingMode":"WALKING","flightsAscended":13,"flightsDescended":8,"rate":15.0,"steppingGain":3805,"steppingLoss":2957,"stepsAscended":682,"stepsDescended":632,"totalGain":17164,"totalLoss":15326}
{"deviceid":"b81e905908354542","eventtype":"altimeter","timestamp":1456248122918,"userid":"vincent.planat@hpe.com","trainingMode":"WALKING","flightsAscended":13,"flightsDescended":8,"rate":7.0,"steppingGain":3805,"steppingLoss":2957,"stepsAscended":682,"stepsDescended":632,"totalGain":17164,"totalLoss":15326}
{"deviceid":"b81e905908354542","eventtype":"altimeter","timestamp":1456248090965,"userid":"vincent.planat@hpe.com","trainingMode":"SITTING","flightsAscended":13,"flightsDescended":8,"rate":3.0,"steppingGain":3805,"steppingLoss":2957,"stepsAscended":682,"stepsDescended":632,"totalGain":17164,"totalLoss":15195}
{"deviceid":"b81e905908354542","eventtype":"altimeter","timestamp":1456248125924,"userid":"vincent.planat@hpe.com","trainingMode":"WALKING","flightsAscended":13,"flightsDescended":8,"rate":16.0,"steppingGain":3805,"steppingLoss":2957,"stepsAscended":682,"stepsDescended":632,"totalGain":17164,"totalLoss":15326}
{"deviceid":"b81e905908354542","eventtype":"altimeter","timestamp":1456248106119,"userid":"vincent.planat@hpe.com","trainingMode":"SITTING","flightsAscended":13,"flightsDescended":8,"rate":-15.0,"steppingGain":3805,"steppingLoss":2957,"stepsAscended":682,"stepsDescended":632,"totalGain":17164,"totalLoss":15195}
{"deviceid":"b81e905908354542","eventtype":"altimeter","timestamp":1456248114874,"userid":"vincent.planat@hpe.com","trainingMode":"WALKING","flightsAscended":13,"flightsDescended":8,"rate":9.0,"steppingGain":3805,"steppingLoss":2957,"stepsAscended":682,"stepsDescended":632,"totalGain":17164,"totalLoss":15326}
{"deviceid":"b81e905908354542","eventtype":"altimeter","timestamp":1456248112921,"userid":"vincent.planat@hpe.com","trainingMode":"WALKING","flightsAscended":13,"flightsDescended":8,"rate":-4.0,"steppingGain":3805,"steppingLoss":2957,"stepsAscended":682,"stepsDescended":632,"totalGain":17164,"totalLoss":15326}
{"deviceid":"b81e905908354542","eventtype":"altimeter","timestamp":1456248111888,"userid":"vincent.planat@hpe.com","trainingMode":"WALKING","flightsAscended":13,"flightsDescended":8,"rate":-9.0,"steppingGain":3805,"steppingLoss":2957,"stepsAscended":682,"stepsDescended":632,"totalGain":17164,"totalLoss":15326}
