{"deviceid":"b81e905908354542","eventtype":"barometer","timestamp":1456248455977,"userid":"vincent.planat@hpe.com","trainingMode":"WALKING","airPressure":990.362061,"temperature":33.435417}
{"deviceid":"b81e905908354542","eventtype":"barometer","timestamp":1456248466905,"userid":"vincent.planat@hpe.com","trainingMode":"WALKING_DOWN","airPressure":990.668213,"temperature":33.391667}
{"deviceid":"b81e905908354542","eventtype":"barometer","timestamp":1456248455080,"userid":"vincent.planat@hpe.com","trainingMode":"WALKING","airPressure":990.440186,"temperature":33.433333}
{"deviceid":"b81e905908354542","eventtype":"barometer","timestamp":1456248459947,"userid":"vincent.planat@hpe.com","trainingMode":"WALKING_DOWN","airPressure":990.463623,"temperature":33.427083}
{"deviceid":"b81e905908354542","eventtype":"barometer","timestamp":1456248483916,"userid":"vincent.planat@hpe.com","trainingMode":"WALKING_DOWN","airPressure":991.165039,"temperature":33.233333}
{"deviceid":"b81e905908354542","eventtype":"barometer","timestamp":1456248485982,"userid":"vincent.planat@hpe.com","trainingMode":"WALKING_DOWN","airPressure":991.250488,"temperature":33.214583}
{"deviceid":"b81e905908354542","eventtype":"barometer","timestamp":1456248473451,"userid":"vincent.planat@hpe.com","trainingMode":"WALKING_DOWN","airPressure":990.792236,"temperature":33.347917}
{"deviceid":"b81e905908354542","eventtype":"barometer","timestamp":1456248450898,"userid":"vincent.planat@hpe.com","trainingMode":"WALKING","airPressure":990.43457,"temperature":33.43125}
{"deviceid":"b81e905908354542","eventtype":"barometer","timestamp":1456248453456,"userid":"vincent.planat@hpe.com","trainingMode":"WALKING","airPressure":990.385254,"temperature":33.433333}
{"deviceid":"b81e905908354542","eventtype":"barometer","timestamp":1456248486910,"userid":"vincent.planat@hpe.com","trainingMode":"WALKING_DOWN","airPressure":991.300537,"temperature":33.202083}
{"deviceid":"b81e905908354542","eventtype":"barometer","timestamp":1456248452567,"userid":"vincent.planat@hpe.com","trainingMode":"WALKING","airPressure":990.391846,"temperature":33.435417}
{"deviceid":"b81e905908354542","eventtype":"barometer","timestamp":1456248481921,"userid":"vincent.planat@hpe.com","trainingMode":"WALKING_DOWN","airPressure":991.129883,"temperature":33.252083}
{"deviceid":"b81e905908354542","eventtype":"barometer","timestamp":1456248482988,"userid":"vincent.planat@hpe.com","trainingMode":"WALKING_DOWN","airPressure":991.133057,"temperature":33.245833}
{"deviceid":"b81e905908354542","eventtype":"barometer","timestamp":1456248475968,"userid":"vincent.planat@hpe.com","trainingMode":"WALKING_DOWN","airPressure":990.871582,"temperature":33.316667}
{"deviceid":"b81e905908354542","eventtype":"barometer","timestamp":1456248466031,"userid":"vincent.planat@hpe.com","trainingMode":"WALKING_DOWN","airPressure":990.596436,"temperature":33.395833}
{"deviceid":"b81e905908354542","eventtype":"barometer","timestamp":1456248469973,"userid":"vincent.planat@hpe.com","trainingMode":"WALKING_DOWN","airPressure":990.701904,"temperature":33.370833}
{"deviceid":"b81e905908354542","eventtype":"barometer","timestamp":1456248461953,"userid":"vincent.planat@hpe.com","trainingMode":"WALKING_DOWN","airPressure":990.550049,"temperature":33.4125}
{"deviceid":"b81e905908354542","eventtype":"barometer","timestamp":1456248468021,"userid":"vincent.planat@hpe.com","trainingMode":"WALKING_DOWN","airPressure":990.671875,"temperature":33.389583}
{"deviceid":"b81e905908354542","eventtype":"barometer","timestamp":1456248480043,"userid":"vincent.planat@hpe.com","trainingMode":"WALKING_DOWN","airPressure":991.014648,"temperature":33.279167}
{"deviceid":"b81e905908354542","eventtype":"barometer","timestamp":1456248459171,"userid":"vincent.planat@hpe.com","trainingMode":"WALKING_DOWN","airPressure":990.437012,"temperature":33.429167}
{"deviceid":"b81e905908354542","eventtype":"barometer","timestamp":1456248469960,"userid":"vincent.planat@hpe.com","trainingMode":"WALKING_DOWN","airPressure":990.701904,"temperature":33.370833}
{"deviceid":"b81e905908354542","eventtype":"barometer","timestamp":1456248468008,"userid":"vincent.planat@hpe.com","trainingMode":"WALKING_DOWN","airPressure":990.671875,"temperature":33.389583}
{"deviceid":"b81e905908354542","eventtype":"barometer","timestamp":1456248445153,"userid":"vincent.planat@hpe.com","trainingMode":"WALKING","airPressure":990.385742,"temperature":33.41875}
{"deviceid":"b81e905908354542","eventtype":"barometer","timestamp":1456248459963,"userid":"vincent.planat@hpe.com","trainingMode":"WALKING_DOWN","airPressure":990.463623,"temperature":33.427083}
{"deviceid":"b81e905908354542","eventtype":"barometer","timestamp":1456248460950,"userid":"vincent.planat@hpe.com","trainingMode":"WALKING_DOWN","airPressure":990.497803,"temperature":33.41875}
{"deviceid":"b81e905908354542","eventtype":"barometer","timestamp":1456248470936,"userid":"vincent.planat@hpe.com","trainingMode":"WALKING_DOWN","airPressure":990.706055,"temperature":33.3625}
{"deviceid":"b81e905908354542","eventtype":"barometer","timestamp":1456248449925,"userid":"vincent.planat@hpe.com","trainingMode":"WALKING","airPressure":990.422119,"temperature":33.43125}
{"deviceid":"b81e905908354542","eventtype":"barometer","timestamp":1456248444087,"userid":"vincent.planat@hpe.com","trainingMode":"WALKING","airPressure":990.343506,"temperature":33.414583}
{"deviceid":"b81e905908354542","eventtype":"barometer","timestamp":1456248480899,"userid":"vincent.planat@hpe.com","trainingMode":"WALKING_DOWN","airPressure":991.011719,"temperature":33.264583}
{"deviceid":"b81e905908354542","eventtype":"barometer","timestamp":1456248475947,"userid":"vincent.planat@hpe.com","trainingMode":"WALKING_DOWN","airPressure":990.871582,"temperature":33.316667}
{"deviceid":"b81e905908354542","eventtype":"barometer","timestamp":1456248463933,"userid":"vincent.planat@hpe.com","trainingMode":"WALKING_DOWN","airPressure":990.543457,"temperature":33.408333}
{"deviceid":"b81e905908354542","eventtype":"barometer","timestamp":1456248476895,"userid":"vincent.planat@hpe.com","trainingMode":"WALKING_DOWN","airPressure":990.845947,"temperature":33.3125}
{"deviceid":"b81e905908354542","eventtype":"barometer","timestamp":1456248461941,"userid":"vincent.planat@hpe.com","trainingMode":"WALKING_DOWN","airPressure":990.550049,"temperature":33.4125}
{"deviceid":"b81e905908354542","eventtype":"barometer","timestamp":1456248479218,"userid":"vincent.planat@hpe.com","trainingMode":"WALKING_DOWN","airPressure":990.911865,"temperature":33.2875}
{"deviceid":"b81e905908354542","eventtype":"barometer","timestamp":1456248482974,"userid":"vincent.planat@hpe.com","trainingMode":"WALKING_DOWN","airPressure":991.133057,"temperature":33.245833}
{"deviceid":"b81e905908354542","eventtype":"barometer","timestamp":1456248460933,"userid":"vincent.planat@hpe.com","trainingMode":"WALKING_DOWN","airPressure":990.497803,"temperature":33.41875}
{"deviceid":"b81e905908354542","eventtype":"barometer","timestamp":1456248480026,"userid":"vincent.planat@hpe.com","trainingMode":"WALKING_DOWN","airPressure":991.014648,"temperature":33.279167}
{"deviceid":"b81e905908354542","eventtype":"barometer","timestamp":1456248464970,"userid":"vincent.planat@hpe.com","trainingMode":"WALKING_DOWN","airPressure":990.517334,"temperature":33.404167}
{"deviceid":"b81e905908354542","eventtype":"barometer","timestamp":1456248456973,"userid":"vincent.planat@hpe.com","trainingMode":"WALKING_DOWN","airPressure":990.385986,"temperature":33.433333}
{"deviceid":"b81e905908354542","eventtype":"barometer","timestamp":1456248462954,"userid":"vincent.planat@hpe.com","trainingMode":"WALKING_DOWN","airPressure":990.57373,"temperature":33.414583}
{"deviceid":"b81e905908354542","eventtype":"barometer","timestamp":1456248475111,"userid":"vincent.planat@hpe.com","trainingMode":"WALKING_DOWN","airPressure":990.90625,"temperature":33.3375}
{"deviceid":"b81e905908354542","eventtype":"barometer","timestamp":1456248449913,"userid":"vincent.planat@hpe.com","trainingMode":"WALKING","airPressure":990.422119,"temperature":33.43125}
{"deviceid":"b81e905908354542","eventtype":"barometer","timestamp":1456248478395,"userid":"vincent.planat@hpe.com","trainingMode":"WALKING_DOWN","airPressure":990.925293,"temperature":33.302083}
{"deviceid":"b81e905908354542","eventtype":"barometer","timestamp":1456248487946,"userid":"vincent.planat@hpe.com","trainingMode":"WALKING_DOWN","airPressure":991.350586,"temperature":33.197917}
{"deviceid":"b81e905908354542","eventtype":"barometer","timestamp":1456248450913,"userid":"vincent.planat@hpe.com","trainingMode":"WALKING","airPressure":990.43457,"temperature":33.43125}
{"deviceid":"b81e905908354542","eventtype":"barometer","timestamp":1456248453441,"userid":"vincent.planat@hpe.com","trainingMode":"WALKING","airPressure":990.385254,"temperature":33.433333}
{"deviceid":"b81e905908354542","eventtype":"barometer","timestamp":1456248446031,"userid":"vincent.planat@hpe.com","trainingMode":"WALKING","airPressure":990.386963,"temperature":33.425}
{"deviceid":"b81e905908354542","eventtype":"barometer","timestamp":1456248485049,"userid":"vincent.planat@hpe.com","trainingMode":"WALKING_DOWN","airPressure":991.209229,"temperature":33.227083}
{"deviceid":"b81e905908354542","eventtype":"barometer","timestamp":1456248485967,"userid":"vincent.planat@hpe.com","trainingMode":"WALKING_DOWN","airPressure":991.250488,"temperature":33.214583}
{"deviceid":"b81e905908354542","eventtype":"barometer","timestamp":1456248472404,"userid":"vincent.planat@hpe.com","trainingMode":"WALKING_DOWN","airPressure":990.792236,"temperature":33.3625}
{"deviceid":"b81e905908354542","eventtype":"barometer","timestamp":1456248445165,"userid":"vincent.planat@hpe.com","trainingMode":"WALKING","airPressure":990.385742,"temperature":33.41875}
{"deviceid":"b81e905908354542","eventtype":"barometer","timestamp":1456248455093,"userid":"vincent.planat@hpe.com","trainingMode":"WALKING","airPressure":990.440186,"temperature":33.433333}
{"deviceid":"b81e905908354542","eventtype":"barometer","timestamp":1456248448976,"userid":"vincent.planat@hpe.com","trainingMode":"WALKING","airPressure":990.402588,"temperature":33.427083}
{"deviceid":"b81e905908354542","eventtype":"barometer","timestamp":1456248476897,"userid":"vincent.planat@hpe.com","trainingMode":"WALKING_DOWN","airPressure":990.845947,"temperature":33.3125}
{"deviceid":"b81e905908354542","eventtype":"barometer","timestamp":1456248470914,"userid":"vincent.planat@hpe.com","trainingMode":"WALKING_DOWN","airPressure":990.706055,"temperature":33.3625}
{"deviceid":"b81e905908354542","eventtype":"barometer","timestamp":1456248486911,"userid":"vincent.planat@hpe.com","trainingMode":"WALKING_DOWN","airPressure":991.300537,"temperature":33.202083}
{"deviceid":"b81e905908354542","eventtype":"barometer","timestamp":1456248456956,"userid":"vincent.planat@hpe.com","trainingMode":"WALKING_DOWN","airPressure":990.385986,"temperature":33.433333}
{"deviceid":"b81e905908354542","eventtype":"barometer","timestamp":1456248447998,"userid":"vincent.planat@hpe.com","trainingMode":"WALKING","airPressure":990.363281,"temperature":33.425}
{"deviceid":"b81e905908354542","eventtype":"barometer","timestamp":1456248479204,"userid":"vincent.planat@hpe.com","trainingMode":"WALKING_DOWN","airPressure":990.911865,"temperature":33.2875}
{"deviceid":"b81e905908354542","eventtype":"barometer","timestamp":1456248458026,"userid":"vincent.planat@hpe.com","trainingMode":"WALKING_DOWN","airPressure":990.437012,"temperature":33.429167}
{"deviceid":"b81e905908354542","eventtype":"barometer","timestamp":1456248446970,"userid":"vincent.planat@hpe.com","trainingMode":"WALKING","airPressure":990.3479,"temperature":33.425}
{"deviceid":"b81e905908354542","eventtype":"barometer","timestamp":1456248466048,"userid":"vincent.planat@hpe.com","trainingMode":"WALKING_DOWN","airPressure":990.596436,"temperature":33.395833}
{"deviceid":"b81e905908354542","eventtype":"barometer","timestamp":1456248455993,"userid":"vincent.planat@hpe.com","trainingMode":"WALKING","airPressure":990.362061,"temperature":33.435417}
{"deviceid":"b81e905908354542","eventtype":"barometer","timestamp":1456248483913,"userid":"vincent.planat@hpe.com","trainingMode":"WALKING_DOWN","airPressure":991.165039,"temperature":33.233333}
{"deviceid":"b81e905908354542","eventtype":"barometer","timestamp":1456248454270,"userid":"vincent.planat@hpe.com","trainingMode":"WALKING","airPressure":990.411377,"temperature":33.433333}
{"deviceid":"b81e905908354542","eventtype":"barometer","timestamp":1456248454252,"userid":"vincent.planat@hpe.com","trainingMode":"WALKING","airPressure":990.411377,"temperature":33.433333}
{"deviceid":"b81e905908354542","eventtype":"barometer","timestamp":1456248472424,"userid":"vincent.planat@hpe.com","trainingMode":"WALKING_DOWN","airPressure":990.792236,"temperature":33.3625}
{"deviceid":"b81e905908354542","eventtype":"barometer","timestamp":1456248458010,"userid":"vincent.planat@hpe.com","trainingMode":"WALKING_DOWN","airPressure":990.437012,"temperature":33.429167}
{"deviceid":"b81e905908354542","eventtype":"barometer","timestamp":1456248468975,"userid":"vincent.planat@hpe.com","trainingMode":"WALKING_DOWN","airPressure":990.717285,"temperature":33.385417}
{"deviceid":"b81e905908354542","eventtype":"barometer","timestamp":1456248474240,"userid":"vincent.planat@hpe.com","trainingMode":"WALKING_DOWN","airPressure":990.83374,"temperature":33.341667}
{"deviceid":"b81e905908354542","eventtype":"barometer","timestamp":1456248463916,"userid":"vincent.planat@hpe.com","trainingMode":"WALKING_DOWN","airPressure":990.543457,"temperature":33.408333}
{"deviceid":"b81e905908354542","eventtype":"barometer","timestamp":1456248473436,"userid":"vincent.planat@hpe.com","trainingMode":"WALKING_DOWN","airPressure":990.792236,"temperature":33.347917}
{"deviceid":"b81e905908354542","eventtype":"barometer","timestamp":1456248487962,"userid":"vincent.planat@hpe.com","trainingMode":"WALKING_DOWN","airPressure":991.350586,"temperature":33.197917}
{"deviceid":"b81e905908354542","eventtype":"barometer","timestamp":1456248466925,"userid":"vincent.planat@hpe.com","trainingMode":"WALKING_DOWN","airPressure":990.668213,"temperature":33.391667}
{"deviceid":"b81e905908354542","eventtype":"barometer","timestamp":1456248480901,"userid":"vincent.planat@hpe.com","trainingMode":"WALKING_DOWN","airPressure":991.011719,"temperature":33.264583}
{"deviceid":"b81e905908354542","eventtype":"barometer","timestamp":1456248478409,"userid":"vincent.planat@hpe.com","trainingMode":"WALKING_DOWN","airPressure":990.925293,"temperature":33.302083}
{"deviceid":"b81e905908354542","eventtype":"barometer","timestamp":1456248464984,"userid":"vincent.planat@hpe.com","trainingMode":"WALKING_DOWN","airPressure":990.517334,"temperature":33.404167}
{"deviceid":"b81e905908354542","eventtype":"barometer","timestamp":1456248444099,"userid":"vincent.planat@hpe.com","trainingMode":"WALKING","airPressure":990.343506,"temperature":33.414583}
{"deviceid":"b81e905908354542","eventtype":"barometer","timestamp":1456248446985,"userid":"vincent.planat@hpe.com","trainingMode":"WALKING","airPressure":990.3479,"temperature":33.425}
{"deviceid":"b81e905908354542","eventtype":"barometer","timestamp":1456248452580,"userid":"vincent.planat@hpe.com","trainingMode":"WALKING","airPressure":990.391846,"temperature":33.435417}
{"deviceid":"b81e905908354542","eventtype":"barometer","timestamp":1456248446016,"userid":"vincent.planat@hpe.com","trainingMode":"WALKING","airPressure":990.386963,"temperature":33.425}
{"deviceid":"b81e905908354542","eventtype":"barometer","timestamp":1456248474223,"userid":"vincent.planat@hpe.com","trainingMode":"WALKING_DOWN","airPressure":990.83374,"temperature":33.341667}
{"deviceid":"b81e905908354542","eventtype":"barometer","timestamp":1456248448961,"userid":"vincent.planat@hpe.com","trainingMode":"WALKING","airPressure":990.402588,"temperature":33.427083}
{"deviceid":"b81e905908354542","eventtype":"barometer","timestamp":1456248448017,"userid":"vincent.planat@hpe.com","trainingMode":"WALKING","airPressure":990.363281,"temperature":33.425}
{"deviceid":"b81e905908354542","eventtype":"barometer","timestamp":1456248459158,"userid":"vincent.planat@hpe.com","trainingMode":"WALKING_DOWN","airPressure":990.437012,"temperature":33.429167}
{"deviceid":"b81e905908354542","eventtype":"barometer","timestamp":1456248475095,"userid":"vincent.planat@hpe.com","trainingMode":"WALKING_DOWN","airPressure":990.90625,"temperature":33.3375}
{"deviceid":"b81e905908354542","eventtype":"barometer","timestamp":1456248481908,"userid":"vincent.planat@hpe.com","trainingMode":"WALKING_DOWN","airPressure":991.129883,"temperature":33.252083}
{"deviceid":"b81e905908354542","eventtype":"barometer","timestamp":1456248485066,"userid":"vincent.planat@hpe.com","trainingMode":"WALKING_DOWN","airPressure":991.209229,"temperature":33.227083}
{"deviceid":"b81e905908354542","eventtype":"barometer","timestamp":1456248469018,"userid":"vincent.planat@hpe.com","trainingMode":"WALKING_DOWN","airPressure":990.717285,"temperature":33.385417}
{"deviceid":"b81e905908354542","eventtype":"barometer","timestamp":1456248462940,"userid":"vincent.planat@hpe.com","trainingMode":"WALKING_DOWN","airPressure":990.57373,"temperature":33.414583}
