{"deviceid":"b81e905908354542","eventtype":"altimeter","timestamp":1456248567016,"userid":"vincent.planat@hpe.com","trainingMode":"WALKING_UP","flightsAscended":19,"flightsDescended":12,"rate":36.0,"steppingGain":5288,"steppingLoss":4280,"stepsAscended":842,"stepsDescended":856,"totalGain":19196,"totalLoss":17419}
{"deviceid":"b81e905908354542","eventtype":"altimeter","timestamp":1456248595051,"userid":"vincent.planat@hpe.com","trainingMode":"WALKING","flightsAscended":19,"flightsDescended":12,"rate":11.0,"steppingGain":5412,"steppingLoss":4280,"stepsAscended":870,"stepsDescended":856,"totalGain":19441,"totalLoss":17419}
{"deviceid":"b81e905908354542","eventtype":"altimeter","timestamp":1456248592111,"userid":"vincent.planat@hpe.com","trainingMode":"WALKING","flightsAscended":19,"flightsDescended":12,"rate":14.0,"steppingGain":5288,"steppingLoss":4280,"stepsAscended":842,"stepsDescended":856,"totalGain":19317,"totalLoss":17419}
{"deviceid":"b81e905908354542","eventtype":"altimeter","timestamp":1456248570038,"userid":"vincent.planat@hpe.com","trainingMode":"WALKING_UP","flightsAscended":19,"flightsDescended":12,"rate":21.0,"steppingGain":5288,"steppingLoss":4280,"stepsAscended":842,"stepsDescended":856,"totalGain":19317,"totalLoss":17419}
{"deviceid":"b81e905908354542","eventtype":"altimeter","timestamp":1456248566023,"userid":"vincent.planat@hpe.com","trainingMode":"WALKING_UP","flightsAscended":19,"flightsDescended":12,"rate":46.0,"steppingGain":5288,"steppingLoss":4280,"stepsAscended":842,"stepsDescended":856,"totalGain":19196,"totalLoss":17419}
{"deviceid":"b81e905908354542","eventtype":"altimeter","timestamp":1456248582338,"userid":"vincent.planat@hpe.com","trainingMode":"WALKING","flightsAscended":19,"flightsDescended":12,"rate":3.0,"steppingGain":5288,"steppingLoss":4280,"stepsAscended":842,"stepsDescended":856,"totalGain":19317,"totalLoss":17419}
{"deviceid":"b81e905908354542","eventtype":"altimeter","timestamp":1456248606046,"userid":"vincent.planat@hpe.com","trainingMode":"WALKING","flightsAscended":19,"flightsDescended":12,"rate":0.0,"steppingGain":5412,"steppingLoss":4280,"stepsAscended":870,"stepsDescended":856,"totalGain":19441,"totalLoss":17419}
{"deviceid":"b81e905908354542","eventtype":"altimeter","timestamp":1456248570022,"userid":"vincent.planat@hpe.com","trainingMode":"WALKING_UP","flightsAscended":19,"flightsDescended":12,"rate":21.0,"steppingGain":5288,"steppingLoss":4280,"stepsAscended":842,"stepsDescended":856,"totalGain":19317,"totalLoss":17419}
{"deviceid":"b81e905908354542","eventtype":"altimeter","timestamp":1456248599314,"userid":"vincent.planat@hpe.com","trainingMode":"WALKING","flightsAscended":19,"flightsDescended":12,"rate":9.0,"steppingGain":5412,"steppingLoss":4280,"stepsAscended":870,"stepsDescended":856,"totalGain":19441,"totalLoss":17419}
{"deviceid":"b81e905908354542","eventtype":"altimeter","timestamp":1456248594055,"userid":"vincent.planat@hpe.com","trainingMode":"WALKING","flightsAscended":19,"flightsDescended":12,"rate":14.0,"steppingGain":5288,"steppingLoss":4280,"stepsAscended":842,"stepsDescended":856,"totalGain":19317,"totalLoss":17419}
{"deviceid":"b81e905908354542","eventtype":"altimeter","timestamp":1456248591038,"userid":"vincent.planat@hpe.com","trainingMode":"WALKING","flightsAscended":19,"flightsDescended":12,"rate":11.0,"steppingGain":5288,"steppingLoss":4280,"stepsAscended":842,"stepsDescended":856,"totalGain":19317,"totalLoss":17419}
{"deviceid":"b81e905908354542","eventtype":"altimeter","timestamp":1456248567031,"userid":"vincent.planat@hpe.com","trainingMode":"WALKING_UP","flightsAscended":19,"flightsDescended":12,"rate":36.0,"steppingGain":5288,"steppingLoss":4280,"stepsAscended":842,"stepsDescended":856,"totalGain":19196,"totalLoss":17419}
{"deviceid":"b81e905908354542","eventtype":"altimeter","timestamp":1456248586050,"userid":"vincent.planat@hpe.com","trainingMode":"WALKING","flightsAscended":19,"flightsDescended":12,"rate":4.0,"steppingGain":5288,"steppingLoss":4280,"stepsAscended":842,"stepsDescended":856,"totalGain":19317,"totalLoss":17419}
{"deviceid":"b81e905908354542","eventtype":"altimeter","timestamp":1456248581525,"userid":"vincent.planat@hpe.com","trainingMode":"WALKING","flightsAscended":19,"flightsDescended":12,"rate":0.0,"steppingGain":5288,"steppingLoss":4280,"stepsAscended":842,"stepsDescended":856,"totalGain":19317,"totalLoss":17419}
{"deviceid":"b81e905908354542","eventtype":"altimeter","timestamp":1456248600236,"userid":"vincent.planat@hpe.com","trainingMode":"WALKING","flightsAscended":19,"flightsDescended":12,"rate":8.0,"steppingGain":5412,"steppingLoss":4280,"stepsAscended":870,"stepsDescended":856,"totalGain":19441,"totalLoss":17419}
{"deviceid":"b81e905908354542","eventtype":"altimeter","timestamp":1456248577009,"userid":"vincent.planat@hpe.com","trainingMode":"WALKING","flightsAscended":19,"flightsDescended":12,"rate":-3.0,"steppingGain":5288,"steppingLoss":4280,"stepsAscended":842,"stepsDescended":856,"totalGain":19317,"totalLoss":17419}
{"deviceid":"b81e905908354542","eventtype":"altimeter","timestamp":1456248602013,"userid":"vincent.planat@hpe.com","trainingMode":"WALKING","flightsAscended":19,"flightsDescended":12,"rate":5.0,"steppingGain":5412,"steppingLoss":4280,"stepsAscended":870,"stepsDescended":856,"totalGain":19441,"totalLoss":17419}
{"deviceid":"b81e905908354542","eventtype":"altimeter","timestamp":1456248594063,"userid":"vincent.planat@hpe.com","trainingMode":"WALKING","flightsAscended":19,"flightsDescended":12,"rate":14.0,"steppingGain":5288,"steppingLoss":4280,"stepsAscended":842,"stepsDescended":856,"totalGain":19317,"totalLoss":17419}
{"deviceid":"b81e905908354542","eventtype":"altimeter","timestamp":1456248605174,"userid":"vincent.planat@hpe.com","trainingMode":"WALKING","flightsAscended":19,"flightsDescended":12,"rate":-4.0,"steppingGain":5412,"steppingLoss":4280,"stepsAscended":870,"stepsDescended":856,"totalGain":19441,"totalLoss":17419}
{"deviceid":"b81e905908354542","eventtype":"altimeter","timestamp":1456248584997,"userid":"vincent.planat@hpe.com","trainingMode":"WALKING","flightsAscended":19,"flightsDescended":12,"rate":6.0,"steppingGain":5288,"steppingLoss":4280,"stepsAscended":842,"stepsDescended":856,"totalGain":19317,"totalLoss":17419}
{"deviceid":"b81e905908354542","eventtype":"altimeter","timestamp":1456248569036,"userid":"vincent.planat@hpe.com","trainingMode":"WALKING_UP","flightsAscended":19,"flightsDescended":12,"rate":27.0,"steppingGain":5288,"steppingLoss":4280,"stepsAscended":842,"stepsDescended":856,"totalGain":19317,"totalLoss":17419}
{"deviceid":"b81e905908354542","eventtype":"altimeter","timestamp":1456248607066,"userid":"vincent.planat@hpe.com","trainingMode":"WALKING","flightsAscended":19,"flightsDescended":12,"rate":-2.0,"steppingGain":5412,"steppingLoss":4280,"stepsAscended":870,"stepsDescended":856,"totalGain":19441,"totalLoss":17419}
{"deviceid":"b81e905908354542","eventtype":"altimeter","timestamp":1456248571006,"userid":"vincent.planat@hpe.com","trainingMode":"WALKING_UP","flightsAscended":19,"flightsDescended":12,"rate":12.0,"steppingGain":5288,"steppingLoss":4280,"stepsAscended":842,"stepsDescended":856,"totalGain":19317,"totalLoss":17419}
{"deviceid":"b81e905908354542","eventtype":"altimeter","timestamp":1456248604001,"userid":"vincent.planat@hpe.com","trainingMode":"WALKING","flightsAscended":19,"flightsDescended":12,"rate":1.0,"steppingGain":5412,"steppingLoss":4280,"stepsAscended":870,"stepsDescended":856,"totalGain":19441,"totalLoss":17419}
{"deviceid":"b81e905908354542","eventtype":"altimeter","timestamp":1456248588054,"userid":"vincent.planat@hpe.com","trainingMode":"WALKING","flightsAscended":19,"flightsDescended":12,"rate":-1.0,"steppingGain":5288,"steppingLoss":4280,"stepsAscended":842,"stepsDescended":856,"totalGain":19317,"totalLoss":17419}
{"deviceid":"b81e905908354542","eventtype":"altimeter","timestamp":1456248584119,"userid":"vincent.planat@hpe.com","trainingMode":"WALKING","flightsAscended":19,"flightsDescended":12,"rate":9.0,"steppingGain":5288,"steppingLoss":4280,"stepsAscended":842,"stepsDescended":856,"totalGain":19317,"totalLoss":17419}
{"deviceid":"b81e905908354542","eventtype":"altimeter","timestamp":1456248593120,"userid":"vincent.planat@hpe.com","trainingMode":"WALKING","flightsAscended":19,"flightsDescended":12,"rate":14.0,"steppingGain":5288,"steppingLoss":4280,"stepsAscended":842,"stepsDescended":856,"totalGain":19317,"totalLoss":17419}
{"deviceid":"b81e905908354542","eventtype":"altimeter","timestamp":1456248581512,"userid":"vincent.planat@hpe.com","trainingMode":"WALKING","flightsAscended":19,"flightsDescended":12,"rate":0.0,"steppingGain":5288,"steppingLoss":4280,"stepsAscended":842,"stepsDescended":856,"totalGain":19317,"totalLoss":17419}
{"deviceid":"b81e905908354542","eventtype":"altimeter","timestamp":1456248593093,"userid":"vincent.planat@hpe.com","trainingMode":"WALKING","flightsAscended":19,"flightsDescended":12,"rate":14.0,"steppingGain":5288,"steppingLoss":4280,"stepsAscended":842,"stepsDescended":856,"totalGain":19317,"totalLoss":17419}
{"deviceid":"b81e905908354542","eventtype":"altimeter","timestamp":1456248604017,"userid":"vincent.planat@hpe.com","trainingMode":"WALKING","flightsAscended":19,"flightsDescended":12,"rate":1.0,"steppingGain":5412,"steppingLoss":4280,"stepsAscended":870,"stepsDescended":856,"totalGain":19441,"totalLoss":17419}
{"deviceid":"b81e905908354542","eventtype":"altimeter","timestamp":1456248574215,"userid":"vincent.planat@hpe.com","trainingMode":"WALKING","flightsAscended":19,"flightsDescended":12,"rate":1.0,"steppingGain":5288,"steppingLoss":4280,"stepsAscended":842,"stepsDescended":856,"totalGain":19317,"totalLoss":17419}
{"deviceid":"b81e905908354542","eventtype":"altimeter","timestamp":1456248571969,"userid":"vincent.planat@hpe.com","trainingMode":"WALKING_UP","flightsAscended":19,"flightsDescended":12,"rate":3.0,"steppingGain":5288,"steppingLoss":4280,"stepsAscended":842,"stepsDescended":856,"totalGain":19317,"totalLoss":17419}
{"deviceid":"b81e905908354542","eventtype":"altimeter","timestamp":1456248574196,"userid":"vincent.planat@hpe.com","trainingMode":"WALKING","flightsAscended":19,"flightsDescended":12,"rate":1.0,"steppingGain":5288,"steppingLoss":4280,"stepsAscended":842,"stepsDescended":856,"totalGain":19317,"totalLoss":17419}
{"deviceid":"b81e905908354542","eventtype":"altimeter","timestamp":1456248592086,"userid":"vincent.planat@hpe.com","trainingMode":"WALKING","flightsAscended":19,"flightsDescended":12,"rate":14.0,"steppingGain":5288,"steppingLoss":4280,"stepsAscended":842,"stepsDescended":856,"totalGain":19317,"totalLoss":17419}
{"deviceid":"b81e905908354542","eventtype":"altimeter","timestamp":1456248580008,"userid":"vincent.planat@hpe.com","trainingMode":"WALKING","flightsAscended":19,"flightsDescended":12,"rate":-2.0,"steppingGain":5288,"steppingLoss":4280,"stepsAscended":842,"stepsDescended":856,"totalGain":19317,"totalLoss":17419}
{"deviceid":"b81e905908354542","eventtype":"altimeter","timestamp":1456248608980,"userid":"vincent.planat@hpe.com","trainingMode":"WALKING","flightsAscended":19,"flightsDescended":12,"rate":-4.0,"steppingGain":5412,"steppingLoss":4280,"stepsAscended":870,"stepsDescended":856,"totalGain":19441,"totalLoss":17419}
{"deviceid":"b81e905908354542","eventtype":"altimeter","timestamp":1456248595999,"userid":"vincent.planat@hpe.com","trainingMode":"WALKING","flightsAscended":19,"flightsDescended":12,"rate":10.0,"steppingGain":5412,"steppingLoss":4280,"stepsAscended":870,"stepsDescended":856,"totalGain":19441,"totalLoss":17419}
{"deviceid":"b81e905908354542","eventtype":"altimeter","timestamp":1456248576060,"userid":"vincent.planat@hpe.com","trainingMode":"WALKING","flightsAscended":19,"flightsDescended":12,"rate":2.0,"steppingGain":5288,"steppingLoss":4280,"stepsAscended":842,"stepsDescended":856,"totalGain":19317,"totalLoss":17419}
{"deviceid":"b81e905908354542","eventtype":"altimeter","timestamp":1456248605193,"userid":"vincent.planat@hpe.com","trainingMode":"WALKING","flightsAscended":19,"flightsDescended":12,"rate":-4.0,"steppingGain":5412,"steppingLoss":4280,"stepsAscended":870,"stepsDescended":856,"totalGain":19441,"totalLoss":17419}
{"deviceid":"b81e905908354542","eventtype":"altimeter","timestamp":1456248565197,"userid":"vincent.planat@hpe.com","trainingMode":"WALKING_UP","flightsAscended":18,"flightsDescended":12,"rate":49.0,"steppingGain":5288,"steppingLoss":4280,"stepsAscended":842,"stepsDescended":856,"totalGain":19196,"totalLoss":17419}
{"deviceid":"b81e905908354542","eventtype":"altimeter","timestamp":1456248587013,"userid":"vincent.planat@hpe.com","trainingMode":"WALKING","flightsAscended":19,"flightsDescended":12,"rate":2.0,"steppingGain":5288,"steppingLoss":4280,"stepsAscended":842,"stepsDescended":856,"totalGain":19317,"totalLoss":17419}
{"deviceid":"b81e905908354542","eventtype":"altimeter","timestamp":1456248608011,"userid":"vincent.planat@hpe.com","trainingMode":"WALKING","flightsAscended":19,"flightsDescended":12,"rate":-2.0,"steppingGain":5412,"steppingLoss":4280,"stepsAscended":870,"stepsDescended":856,"totalGain":19441,"totalLoss":17419}
{"deviceid":"b81e905908354542","eventtype":"altimeter","timestamp":1456248571019,"userid":"vincent.planat@hpe.com","trainingMode":"WALKING_UP","flightsAscended":19,"flightsDescended":12,"rate":12.0,"steppingGain":5288,"steppingLoss":4280,"stepsAscended":842,"stepsDescended":856,"totalGain":19317,"totalLoss":17419}
{"deviceid":"b81e905908354542","eventtype":"altimeter","timestamp":1456248598539,"userid":"vincent.planat@hpe.com","trainingMode":"WALKING","flightsAscended":19,"flightsDescended":12,"rate":9.0,"steppingGain":5412,"steppingLoss":4280,"stepsAscended":870,"stepsDescended":856,"totalGain":19441,"totalLoss":17419}
{"deviceid":"b81e905908354542","eventtype":"altimeter","timestamp":1456248583212,"userid":"vincent.planat@hpe.com","trainingMode":"WALKING","flightsAscended":19,"flightsDescended":12,"rate":7.0,"steppingGain":5288,"steppingLoss":4280,"stepsAscended":842,"stepsDescended":856,"totalGain":19317,"totalLoss":17419}
{"deviceid":"b81e905908354542","eventtype":"altimeter","timestamp":1456248571981,"userid":"vincent.planat@hpe.com","trainingMode":"WALKING_UP","flightsAscended":19,"flightsDescended":12,"rate":3.0,"steppingGain":5288,"steppingLoss":4280,"stepsAscended":842,"stepsDescended":856,"totalGain":19317,"totalLoss":17419}
{"deviceid":"b81e905908354542","eventtype":"altimeter","timestamp":1456248578043,"userid":"vincent.planat@hpe.com","trainingMode":"WALKING","flightsAscended":19,"flightsDescended":12,"rate":-5.0,"steppingGain":5288,"steppingLoss":4280,"stepsAscended":842,"stepsDescended":856,"totalGain":19317,"totalLoss":17419}
{"deviceid":"b81e905908354542","eventtype":"altimeter","timestamp":1456248569013,"userid":"vincent.planat@hpe.com","trainingMode":"WALKING_UP","flightsAscended":19,"flightsDescended":12,"rate":27.0,"steppingGain":5288,"steppingLoss":4280,"stepsAscended":842,"stepsDescended":856,"totalGain":19317,"totalLoss":17419}
{"deviceid":"b81e905908354542","eventtype":"altimeter","timestamp":1456248608956,"userid":"vincent.planat@hpe.com","trainingMode":"WALKING","flightsAscended":19,"flightsDescended":12,"rate":-4.0,"steppingGain":5412,"steppingLoss":4280,"stepsAscended":870,"stepsDescended":856,"totalGain":19441,"totalLoss":17419}
{"deviceid":"b81e905908354542","eventtype":"altimeter","timestamp":1456248589012,"userid":"vincent.planat@hpe.com","trainingMode":"WALKING","flightsAscended":19,"flightsDescended":12,"rate":-1.0,"steppingGain":5288,"steppingLoss":4280,"stepsAscended":842,"stepsDescended":856,"totalGain":19317,"totalLoss":17419}
{"deviceid":"b81e905908354542","eventtype":"altimeter","timestamp":1456248599298,"userid":"vincent.planat@hpe.com","trainingMode":"WALKING","flightsAscended":19,"flightsDescended":12,"rate":9.0,"steppingGain":5412,"steppingLoss":4280,"stepsAscended":870,"stepsDescended":856,"totalGain":19441,"totalLoss":17419}
{"deviceid":"b81e905908354542","eventtype":"altimeter","timestamp":1456248590055,"userid":"vincent.planat@hpe.com","trainingMode":"WALKING","flightsAscended":19,"flightsDescended":12,"rate":4.0,"steppingGain":5288,"steppingLoss":4280,"stepsAscended":842,"stepsDescended":856,"totalGain":19317,"totalLoss":17419}
{"deviceid":"b81e905908354542","eventtype":"altimeter","timestamp":1456248579128,"userid":"vincent.planat@hpe.com","trainingMode":"WALKING","flightsAscended":19,"flightsDescended":12,"rate":-2.0,"steppingGain":5288,"steppingLoss":4280,"stepsAscended":842,"stepsDescended":856,"totalGain":19317,"totalLoss":17419}
{"deviceid":"b81e905908354542","eventtype":"altimeter","timestamp":1456248573032,"userid":"vincent.planat@hpe.com","trainingMode":"WALKING_UP","flightsAscended":19,"flightsDescended":12,"rate":3.0,"steppingGain":5288,"steppingLoss":4280,"stepsAscended":842,"stepsDescended":856,"totalGain":19317,"totalLoss":17419}
{"deviceid":"b81e905908354542","eventtype":"altimeter","timestamp":1456248596012,"userid":"vincent.planat@hpe.com","trainingMode":"WALKING","flightsAscended":19,"flightsDescended":12,"rate":10.0,"steppingGain":5412,"steppingLoss":4280,"stepsAscended":870,"stepsDescended":856,"totalGain":19441,"totalLoss":17419}
{"deviceid":"b81e905908354542","eventtype":"altimeter","timestamp":1456248585012,"userid":"vincent.planat@hpe.com","trainingMode":"WALKING","flightsAscended":19,"flightsDescended":12,"rate":6.0,"steppingGain":5288,"steppingLoss":4280,"stepsAscended":842,"stepsDescended":856,"totalGain":19317,"totalLoss":17419}
{"deviceid":"b81e905908354542","eventtype":"altimeter","timestamp":1456248600221,"userid":"vincent.planat@hpe.com","trainingMode":"WALKING","flightsAscended":19,"flightsDescended":12,"rate":8.0,"steppingGain":5412,"steppingLoss":4280,"stepsAscended":870,"stepsDescended":856,"totalGain":19441,"totalLoss":17419}
{"deviceid":"b81e905908354542","eventtype":"altimeter","timestamp":1456248600994,"userid":"vincent.planat@hpe.com","trainingMode":"WALKING","flightsAscended":19,"flightsDescended":12,"rate":6.0,"steppingGain":5412,"steppingLoss":4280,"stepsAscended":870,"stepsDescended":856,"totalGain":19441,"totalLoss":17419}
{"deviceid":"b81e905908354542","eventtype":"altimeter","timestamp":1456248606036,"userid":"vincent.planat@hpe.com","trainingMode":"WALKING","flightsAscended":19,"flightsDescended":12,"rate":0.0,"steppingGain":5412,"steppingLoss":4280,"stepsAscended":870,"stepsDescended":856,"totalGain":19441,"totalLoss":17419}
{"deviceid":"b81e905908354542","eventtype":"altimeter","timestamp":1456248565180,"userid":"vincent.planat@hpe.com","trainingMode":"WALKING_UP","flightsAscended":18,"flightsDescended":12,"rate":49.0,"steppingGain":5288,"steppingLoss":4280,"stepsAscended":842,"stepsDescended":856,"totalGain":19196,"totalLoss":17419}
{"deviceid":"b81e905908354542","eventtype":"altimeter","timestamp":1456248584102,"userid":"vincent.planat@hpe.com","trainingMode":"WALKING","flightsAscended":19,"flightsDescended":12,"rate":9.0,"steppingGain":5288,"steppingLoss":4280,"stepsAscended":842,"stepsDescended":856,"totalGain":19317,"totalLoss":17419}
{"deviceid":"b81e905908354542","eventtype":"altimeter","timestamp":1456248601008,"userid":"vincent.planat@hpe.com","trainingMode":"WALKING","flightsAscended":19,"flightsDescended":12,"rate":6.0,"steppingGain":5412,"steppingLoss":4280,"stepsAscended":870,"stepsDescended":856,"totalGain":19441,"totalLoss":17419}
{"deviceid":"b81e905908354542","eventtype":"altimeter","timestamp":1456248576043,"userid":"vincent.planat@hpe.com","trainingMode":"WALKING","flightsAscended":19,"flightsDescended":12,"rate":2.0,"steppingGain":5288,"steppingLoss":4280,"stepsAscended":842,"stepsDescended":856,"totalGain":19317,"totalLoss":17419}
{"deviceid":"b81e905908354542","eventtype":"altimeter","timestamp":1456248579077,"userid":"vincent.planat@hpe.com","trainingMode":"WALKING","flightsAscended":19,"flightsDescended":12,"rate":-2.0,"steppingGain":5288,"steppingLoss":4280,"stepsAscended":842,"stepsDescended":856,"totalGain":19317,"totalLoss":17419}
{"deviceid":"b81e905908354542","eventtype":"altimeter","timestamp":1456248587030,"userid":"vincent.planat@hpe.com","trainingMode":"WALKING","flightsAscended":19,"flightsDescended":12,"rate":2.0,"steppingGain":5288,"steppingLoss":4280,"stepsAscended":842,"stepsDescended":856,"totalGain":19317,"totalLoss":17419}
{"deviceid":"b81e905908354542","eventtype":"altimeter","timestamp":1456248573048,"userid":"vincent.planat@hpe.com","trainingMode":"WALKING_UP","flightsAscended":19,"flightsDescended":12,"rate":3.0,"steppingGain":5288,"steppingLoss":4280,"stepsAscended":842,"stepsDescended":856,"totalGain":19317,"totalLoss":17419}
{"deviceid":"b81e905908354542","eventtype":"altimeter","timestamp":1456248564463,"userid":"vincent.planat@hpe.com","trainingMode":"WALKING_UP","flightsAscended":18,"flightsDescended":12,"rate":49.0,"steppingGain":5139,"steppingLoss":4280,"stepsAscended":838,"stepsDescended":856,"totalGain":19047,"totalLoss":17419}
{"deviceid":"b81e905908354542","eventtype":"altimeter","timestamp":1456248566039,"userid":"vincent.planat@hpe.com","trainingMode":"WALKING_UP","flightsAscended":19,"flightsDescended":12,"rate":46.0,"steppingGain":5288,"steppingLoss":4280,"stepsAscended":842,"stepsDescended":856,"totalGain":19196,"totalLoss":17419}
{"deviceid":"b81e905908354542","eventtype":"altimeter","timestamp":1456248597062,"userid":"vincent.planat@hpe.com","trainingMode":"WALKING","flightsAscended":19,"flightsDescended":12,"rate":11.0,"steppingGain":5412,"steppingLoss":4280,"stepsAscended":870,"stepsDescended":856,"totalGain":19441,"totalLoss":17419}
{"deviceid":"b81e905908354542","eventtype":"altimeter","timestamp":1456248588997,"userid":"vincent.planat@hpe.com","trainingMode":"WALKING","flightsAscended":19,"flightsDescended":12,"rate":-1.0,"steppingGain":5288,"steppingLoss":4280,"stepsAscended":842,"stepsDescended":856,"totalGain":19317,"totalLoss":17419}
{"deviceid":"b81e905908354542","eventtype":"altimeter","timestamp":1456248582322,"userid":"vincent.planat@hpe.com","trainingMode":"WALKING","flightsAscended":19,"flightsDescended":12,"rate":3.0,"steppingGain":5288,"steppingLoss":4280,"stepsAscended":842,"stepsDescended":856,"totalGain":19317,"totalLoss":17419}
{"deviceid":"b81e905908354542","eventtype":"altimeter","timestamp":1456248608032,"userid":"vincent.planat@hpe.com","trainingMode":"WALKING","flightsAscended":19,"flightsDescended":12,"rate":-2.0,"steppingGain":5412,"steppingLoss":4280,"stepsAscended":870,"stepsDescended":856,"totalGain":19441,"totalLoss":17419}
{"deviceid":"b81e905908354542","eventtype":"altimeter","timestamp":1456248578057,"userid":"vincent.planat@hpe.com","trainingMode":"WALKING","flightsAscended":19,"flightsDescended":12,"rate":-5.0,"steppingGain":5288,"steppingLoss":4280,"stepsAscended":842,"stepsDescended":856,"totalGain":19317,"totalLoss":17419}
{"deviceid":"b81e905908354542","eventtype":"altimeter","timestamp":1456248591059,"userid":"vincent.planat@hpe.com","trainingMode":"WALKING","flightsAscended":19,"flightsDescended":12,"rate":11.0,"steppingGain":5288,"steppingLoss":4280,"stepsAscended":842,"stepsDescended":856,"totalGain":19317,"totalLoss":17419}
{"deviceid":"b81e905908354542","eventtype":"altimeter","timestamp":1456248580028,"userid":"vincent.planat@hpe.com","trainingMode":"WALKING","flightsAscended":19,"flightsDescended":12,"rate":-2.0,"steppingGain":5288,"steppingLoss":4280,"stepsAscended":842,"stepsDescended":856,"totalGain":19317,"totalLoss":17419}
{"deviceid":"b81e905908354542","eventtype":"altimeter","timestamp":1456248603021,"userid":"vincent.planat@hpe.com","trainingMode":"WALKING","flightsAscended":19,"flightsDescended":12,"rate":5.0,"steppingGain":5412,"steppingLoss":4280,"stepsAscended":870,"stepsDescended":856,"totalGain":19441,"totalLoss":17419}
{"deviceid":"b81e905908354542","eventtype":"altimeter","timestamp":1456248607078,"userid":"vincent.planat@hpe.com","trainingMode":"WALKING","flightsAscended":19,"flightsDescended":12,"rate":-2.0,"steppingGain":5412,"steppingLoss":4280,"stepsAscended":870,"stepsDescended":856,"totalGain":19441,"totalLoss":17419}
{"deviceid":"b81e905908354542","eventtype":"altimeter","timestamp":1456248597082,"userid":"vincent.planat@hpe.com","trainingMode":"WALKING","flightsAscended":19,"flightsDescended":12,"rate":11.0,"steppingGain":5412,"steppingLoss":4280,"stepsAscended":870,"stepsDescended":856,"totalGain":19441,"totalLoss":17419}
{"deviceid":"b81e905908354542","eventtype":"altimeter","timestamp":1456248588003,"userid":"vincent.planat@hpe.com","trainingMode":"WALKING","flightsAscended":19,"flightsDescended":12,"rate":-1.0,"steppingGain":5288,"steppingLoss":4280,"stepsAscended":842,"stepsDescended":856,"totalGain":19317,"totalLoss":17419}
{"deviceid":"b81e905908354542","eventtype":"altimeter","timestamp":1456248590074,"userid":"vincent.planat@hpe.com","trainingMode":"WALKING","flightsAscended":19,"flightsDescended":12,"rate":4.0,"steppingGain":5288,"steppingLoss":4280,"stepsAscended":842,"stepsDescended":856,"totalGain":19317,"totalLoss":17419}
{"deviceid":"b81e905908354542","eventtype":"altimeter","timestamp":1456248583196,"userid":"vincent.planat@hpe.com","trainingMode":"WALKING","flightsAscended":19,"flightsDescended":12,"rate":7.0,"steppingGain":5288,"steppingLoss":4280,"stepsAscended":842,"stepsDescended":856,"totalGain":19317,"totalLoss":17419}
{"deviceid":"b81e905908354542","eventtype":"altimeter","timestamp":1456248575102,"userid":"vincent.planat@hpe.com","trainingMode":"WALKING","flightsAscended":19,"flightsDescended":12,"rate":2.0,"steppingGain":5288,"steppingLoss":4280,"stepsAscended":842,"stepsDescended":856,"totalGain":19317,"totalLoss":17419}
{"deviceid":"b81e905908354542","eventtype":"altimeter","timestamp":1456248575071,"userid":"vincent.planat@hpe.com","trainingMode":"WALKING","flightsAscended":19,"flightsDescended":12,"rate":2.0,"steppingGain":5288,"steppingLoss":4280,"stepsAscended":842,"stepsDescended":856,"totalGain":19317,"totalLoss":17419}
{"deviceid":"b81e905908354542","eventtype":"altimeter","timestamp":1456248598522,"userid":"vincent.planat@hpe.com","trainingMode":"WALKING","flightsAscended":19,"flightsDescended":12,"rate":9.0,"steppingGain":5412,"steppingLoss":4280,"stepsAscended":870,"stepsDescended":856,"totalGain":19441,"totalLoss":17419}
{"deviceid":"b81e905908354542","eventtype":"altimeter","timestamp":1456248568060,"userid":"vincent.planat@hpe.com","trainingMode":"WALKING_UP","flightsAscended":19,"flightsDescended":12,"rate":33.0,"steppingGain":5288,"steppingLoss":4280,"stepsAscended":842,"stepsDescended":856,"totalGain":19196,"totalLoss":17419}
{"deviceid":"b81e905908354542","eventtype":"altimeter","timestamp":1456248603039,"userid":"vincent.planat@hpe.com","trainingMode":"WALKING","flightsAscended":19,"flightsDescended":12,"rate":5.0,"steppingGain":5412,"steppingLoss":4280,"stepsAscended":870,"stepsDescended":856,"totalGain":19441,"totalLoss":17419}
{"deviceid":"b81e905908354542","eventtype":"altimeter","timestamp":1456248568077,"userid":"vincent.planat@hpe.com","trainingMode":"WALKING_UP","flightsAscended":19,"flightsDescended":12,"rate":33.0,"steppingGain":5288,"steppingLoss":4280,"stepsAscended":842,"stepsDescended":856,"totalGain":19196,"totalLoss":17419}
{"deviceid":"b81e905908354542","eventtype":"altimeter","timestamp":1456248586035,"userid":"vincent.planat@hpe.com","trainingMode":"WALKING","flightsAscended":19,"flightsDescended":12,"rate":4.0,"steppingGain":5288,"steppingLoss":4280,"stepsAscended":842,"stepsDescended":856,"totalGain":19317,"totalLoss":17419}
{"deviceid":"b81e905908354542","eventtype":"altimeter","timestamp":1456248564447,"userid":"vincent.planat@hpe.com","trainingMode":"WALKING_UP","flightsAscended":18,"flightsDescended":12,"rate":49.0,"steppingGain":5139,"steppingLoss":4280,"stepsAscended":838,"stepsDescended":856,"totalGain":19047,"totalLoss":17419}
{"deviceid":"b81e905908354542","eventtype":"altimeter","timestamp":1456248601986,"userid":"vincent.planat@hpe.com","trainingMode":"WALKING","flightsAscended":19,"flightsDescended":12,"rate":5.0,"steppingGain":5412,"steppingLoss":4280,"stepsAscended":870,"stepsDescended":856,"totalGain":19441,"totalLoss":17419}
{"deviceid":"b81e905908354542","eventtype":"altimeter","timestamp":1456248576995,"userid":"vincent.planat@hpe.com","trainingMode":"WALKING","flightsAscended":19,"flightsDescended":12,"rate":-3.0,"steppingGain":5288,"steppingLoss":4280,"stepsAscended":842,"stepsDescended":856,"totalGain":19317,"totalLoss":17419}
{"deviceid":"b81e905908354542","eventtype":"altimeter","timestamp":1456248595039,"userid":"vincent.planat@hpe.com","trainingMode":"WALKING","flightsAscended":19,"flightsDescended":12,"rate":11.0,"steppingGain":5412,"steppingLoss":4280,"stepsAscended":870,"stepsDescended":856,"totalGain":19441,"totalLoss":17419}
