{"deviceid":"b81e905908354542","eventtype":"altimeter","timestamp":1456247994143,"userid":"vincent.planat@hpe.com","trainingMode":"SITTING","flightsAscended":13,"flightsDescended":8,"rate":-1.0,"steppingGain":3805,"steppingLoss":2957,"stepsAscended":682,"stepsDescended":632,"totalGain":17038,"totalLoss":15195}
{"deviceid":"b81e905908354542","eventtype":"altimeter","timestamp":1456248004847,"userid":"vincent.planat@hpe.com","trainingMode":"SITTING","flightsAscended":13,"flightsDescended":8,"rate":8.0,"steppingGain":3805,"steppingLoss":2957,"stepsAscended":682,"stepsDescended":632,"totalGain":17038,"totalLoss":15195}
{"deviceid":"b81e905908354542","eventtype":"altimeter","timestamp":1456248017855,"userid":"vincent.planat@hpe.com","trainingMode":"SITTING","flightsAscended":13,"flightsDescended":8,"rate":4.0,"steppingGain":3805,"steppingLoss":2957,"stepsAscended":682,"stepsDescended":632,"totalGain":17164,"totalLoss":15195}
{"deviceid":"b81e905908354542","eventtype":"altimeter","timestamp":1456248054960,"userid":"vincent.planat@hpe.com","trainingMode":"SITTING","flightsAscended":13,"flightsDescended":8,"rate":0.0,"steppingGain":3805,"steppingLoss":2957,"stepsAscended":682,"stepsDescended":632,"totalGain":17164,"totalLoss":15195}
{"deviceid":"b81e905908354542","eventtype":"altimeter","timestamp":1456248040858,"userid":"vincent.planat@hpe.com","trainingMode":"SITTING","flightsAscended":13,"flightsDescended":8,"rate":-6.0,"steppingGain":3805,"steppingLoss":2957,"stepsAscended":682,"stepsDescended":632,"totalGain":17164,"totalLoss":15195}
{"deviceid":"b81e905908354542","eventtype":"altimeter","timestamp":1456248009860,"userid":"vincent.planat@hpe.com","trainingMode":"SITTING","flightsAscended":13,"flightsDescended":8,"rate":21.0,"steppingGain":3805,"steppingLoss":2957,"stepsAscended":682,"stepsDescended":632,"totalGain":17038,"totalLoss":15195}
{"deviceid":"b81e905908354542","eventtype":"altimeter","timestamp":1456248066921,"userid":"vincent.planat@hpe.com","trainingMode":"SITTING","flightsAscended":13,"flightsDescended":8,"rate":-7.0,"steppingGain":3805,"steppingLoss":2957,"stepsAscended":682,"stepsDescended":632,"totalGain":17164,"totalLoss":15195}
{"deviceid":"b81e905908354542","eventtype":"altimeter","timestamp":1456247998971,"userid":"vincent.planat@hpe.com","trainingMode":"SITTING","flightsAscended":13,"flightsDescended":8,"rate":5.0,"steppingGain":3805,"steppingLoss":2957,"stepsAscended":682,"stepsDescended":632,"totalGain":17038,"totalLoss":15195}
{"deviceid":"b81e905908354542","eventtype":"altimeter","timestamp":1456247983893,"userid":"vincent.planat@hpe.com","trainingMode":"NONE","flightsAscended":13,"flightsDescended":8,"rate":0.0,"steppingGain":3805,"steppingLoss":2957,"stepsAscended":682,"stepsDescended":632,"totalGain":17038,"totalLoss":15195}
{"deviceid":"b81e905908354542","eventtype":"altimeter","timestamp":1456248065862,"userid":"vincent.planat@hpe.com","trainingMode":"SITTING","flightsAscended":13,"flightsDescended":8,"rate":-6.0,"steppingGain":3805,"steppingLoss":2957,"stepsAscended":682,"stepsDescended":632,"totalGain":17164,"totalLoss":15195}
{"deviceid":"b81e905908354542","eventtype":"altimeter","timestamp":1456248061043,"userid":"vincent.planat@hpe.com","trainingMode":"SITTING","flightsAscended":13,"flightsDescended":8,"rate":-2.0,"steppingGain":3805,"steppingLoss":2957,"stepsAscended":682,"stepsDescended":632,"totalGain":17164,"totalLoss":15195}
{"deviceid":"b81e905908354542","eventtype":"altimeter","timestamp":1456248028855,"userid":"vincent.planat@hpe.com","trainingMode":"SITTING","flightsAscended":13,"flightsDescended":8,"rate":4.0,"steppingGain":3805,"steppingLoss":2957,"stepsAscended":682,"stepsDescended":632,"totalGain":17164,"totalLoss":15195}
{"deviceid":"b81e905908354542","eventtype":"altimeter","timestamp":1456248003922,"userid":"vincent.planat@hpe.com","trainingMode":"SITTING","flightsAscended":13,"flightsDescended":8,"rate":6.0,"steppingGain":3805,"steppingLoss":2957,"stepsAscended":682,"stepsDescended":632,"totalGain":17038,"totalLoss":15195}
{"deviceid":"b81e905908354542","eventtype":"altimeter","timestamp":1456247992887,"userid":"vincent.planat@hpe.com","trainingMode":"SITTING","flightsAscended":13,"flightsDescended":8,"rate":-5.0,"steppingGain":3805,"steppingLoss":2957,"stepsAscended":682,"stepsDescended":632,"totalGain":17038,"totalLoss":15195}
{"deviceid":"b81e905908354542","eventtype":"altimeter","timestamp":1456247994843,"userid":"vincent.planat@hpe.com","trainingMode":"SITTING","flightsAscended":13,"flightsDescended":8,"rate":4.0,"steppingGain":3805,"steppingLoss":2957,"stepsAscended":682,"stepsDescended":632,"totalGain":17038,"totalLoss":15195}
{"deviceid":"b81e905908354542","eventtype":"altimeter","timestamp":1456248054163,"userid":"vincent.planat@hpe.com","trainingMode":"SITTING","flightsAscended":13,"flightsDescended":8,"rate":1.0,"steppingGain":3805,"steppingLoss":2957,"stepsAscended":682,"stepsDescended":632,"totalGain":17164,"totalLoss":15195}
{"deviceid":"b81e905908354542","eventtype":"altimeter","timestamp":1456247981846,"userid":"vincent.planat@hpe.com","trainingMode":"NONE","flightsAscended":13,"flightsDescended":8,"rate":2.0,"steppingGain":3805,"steppingLoss":2957,"stepsAscended":682,"stepsDescended":632,"totalGain":17038,"totalLoss":15195}
{"deviceid":"b81e905908354542","eventtype":"altimeter","timestamp":1456248063938,"userid":"vincent.planat@hpe.com","trainingMode":"SITTING","flightsAscended":13,"flightsDescended":8,"rate":0.0,"steppingGain":3805,"steppingLoss":2957,"stepsAscended":682,"stepsDescended":632,"totalGain":17164,"totalLoss":15195}
{"deviceid":"b81e905908354542","eventtype":"altimeter","timestamp":1456248042893,"userid":"vincent.planat@hpe.com","trainingMode":"SITTING","flightsAscended":13,"flightsDescended":8,"rate":-7.0,"steppingGain":3805,"steppingLoss":2957,"stepsAscended":682,"stepsDescended":632,"totalGain":17164,"totalLoss":15195}
{"deviceid":"b81e905908354542","eventtype":"altimeter","timestamp":1456248033912,"userid":"vincent.planat@hpe.com","trainingMode":"SITTING","flightsAscended":13,"flightsDescended":8,"rate":-5.0,"steppingGain":3805,"steppingLoss":2957,"stepsAscended":682,"stepsDescended":632,"totalGain":17164,"totalLoss":15195}
{"deviceid":"b81e905908354542","eventtype":"altimeter","timestamp":1456247987554,"userid":"vincent.planat@hpe.com","trainingMode":"NONE","flightsAscended":13,"flightsDescended":8,"rate":-11.0,"steppingGain":3805,"steppingLoss":2957,"stepsAscended":682,"stepsDescended":632,"totalGain":17038,"totalLoss":15195}
{"deviceid":"b81e905908354542","eventtype":"altimeter","timestamp":1456248051758,"userid":"vincent.planat@hpe.com","trainingMode":"SITTING","flightsAscended":13,"flightsDescended":8,"rate":3.0,"steppingGain":3805,"steppingLoss":2957,"stepsAscended":682,"stepsDescended":632,"totalGain":17164,"totalLoss":15195}
{"deviceid":"b81e905908354542","eventtype":"altimeter","timestamp":1456248057991,"userid":"vincent.planat@hpe.com","trainingMode":"SITTING","flightsAscended":13,"flightsDescended":8,"rate":1.0,"steppingGain":3805,"steppingLoss":2957,"stepsAscended":682,"stepsDescended":632,"totalGain":17164,"totalLoss":15195}
{"deviceid":"b81e905908354542","eventtype":"altimeter","timestamp":1456247980852,"userid":"vincent.planat@hpe.com","trainingMode":"NONE","flightsAscended":13,"flightsDescended":8,"rate":1.0,"steppingGain":3805,"steppingLoss":2957,"stepsAscended":682,"stepsDescended":632,"totalGain":17038,"totalLoss":15195}
{"deviceid":"b81e905908354542","eventtype":"altimeter","timestamp":1456248053354,"userid":"vincent.planat@hpe.com","trainingMode":"SITTING","flightsAscended":13,"flightsDescended":8,"rate":2.0,"steppingGain":3805,"steppingLoss":2957,"stepsAscended":682,"stepsDescended":632,"totalGain":17164,"totalLoss":15195}
{"deviceid":"b81e905908354542","eventtype":"altimeter","timestamp":1456248032878,"userid":"vincent.planat@hpe.com","trainingMode":"SITTING","flightsAscended":13,"flightsDescended":8,"rate":-3.0,"steppingGain":3805,"steppingLoss":2957,"stepsAscended":682,"stepsDescended":632,"totalGain":17164,"totalLoss":15195}
{"deviceid":"b81e905908354542","eventtype":"altimeter","timestamp":1456248055879,"userid":"vincent.planat@hpe.com","trainingMode":"SITTING","flightsAscended":13,"flightsDescended":8,"rate":0.0,"steppingGain":3805,"steppingLoss":2957,"stepsAscended":682,"stepsDescended":632,"totalGain":17164,"totalLoss":15195}
{"deviceid":"b81e905908354542","eventtype":"altimeter","timestamp":1456248049969,"userid":"vincent.planat@hpe.com","trainingMode":"SITTING","flightsAscended":13,"flightsDescended":8,"rate":0.0,"steppingGain":3805,"steppingLoss":2957,"stepsAscended":682,"stepsDescended":632,"totalGain":17164,"totalLoss":15195}
{"deviceid":"b81e905908354542","eventtype":"altimeter","timestamp":1456248036921,"userid":"vincent.planat@hpe.com","trainingMode":"SITTING","flightsAscended":13,"flightsDescended":8,"rate":-4.0,"steppingGain":3805,"steppingLoss":2957,"stepsAscended":682,"stepsDescended":632,"totalGain":17164,"totalLoss":15195}
{"deviceid":"b81e905908354542","eventtype":"altimeter","timestamp":1456247977231,"userid":"vincent.planat@hpe.com","trainingMode":"NONE","flightsAscended":13,"flightsDescended":8,"rate":-4.0,"steppingGain":3805,"steppingLoss":2957,"stepsAscended":682,"stepsDescended":632,"totalGain":17038,"totalLoss":15195}
{"deviceid":"b81e905908354542","eventtype":"altimeter","timestamp":1456248054973,"userid":"vincent.planat@hpe.com","trainingMode":"SITTING","flightsAscended":13,"flightsDescended":8,"rate":0.0,"steppingGain":3805,"steppingLoss":2957,"stepsAscended":682,"stepsDescended":632,"totalGain":17164,"totalLoss":15195}
{"deviceid":"b81e905908354542","eventtype":"altimeter","timestamp":1456248020906,"userid":"vincent.planat@hpe.com","trainingMode":"SITTING","flightsAscended":13,"flightsDescended":8,"rate":-2.0,"steppingGain":3805,"steppingLoss":2957,"stepsAscended":682,"stepsDescended":632,"totalGain":17164,"totalLoss":15195}
{"deviceid":"b81e905908354542","eventtype":"altimeter","timestamp":1456248062949,"userid":"vincent.planat@hpe.com","trainingMode":"SITTING","flightsAscended":13,"flightsDescended":8,"rate":-2.0,"steppingGain":3805,"steppingLoss":2957,"stepsAscended":682,"stepsDescended":632,"totalGain":17164,"totalLoss":15195}
{"deviceid":"b81e905908354542","eventtype":"altimeter","timestamp":1456247989876,"userid":"vincent.planat@hpe.com","trainingMode":"SITTING","flightsAscended":13,"flightsDescended":8,"rate":-12.0,"steppingGain":3805,"steppingLoss":2957,"stepsAscended":682,"stepsDescended":632,"totalGain":17038,"totalLoss":15195}
{"deviceid":"b81e905908354542","eventtype":"altimeter","timestamp":1456247988076,"userid":"vincent.planat@hpe.com","trainingMode":"NONE","flightsAscended":13,"flightsDescended":8,"rate":-13.0,"steppingGain":3805,"steppingLoss":2957,"stepsAscended":682,"stepsDescended":632,"totalGain":17038,"totalLoss":15195}
{"deviceid":"b81e905908354542","eventtype":"altimeter","timestamp":1456248010861,"userid":"vincent.planat@hpe.com","trainingMode":"SITTING","flightsAscended":13,"flightsDescended":8,"rate":21.0,"steppingGain":3805,"steppingLoss":2957,"stepsAscended":682,"stepsDescended":632,"totalGain":17038,"totalLoss":15195}
{"deviceid":"b81e905908354542","eventtype":"altimeter","timestamp":1456248008873,"userid":"vincent.planat@hpe.com","trainingMode":"SITTING","flightsAscended":13,"flightsDescended":8,"rate":19.0,"steppingGain":3805,"steppingLoss":2957,"stepsAscended":682,"stepsDescended":632,"totalGain":17038,"totalLoss":15195}
{"deviceid":"b81e905908354542","eventtype":"altimeter","timestamp":1456248025289,"userid":"vincent.planat@hpe.com","trainingMode":"SITTING","flightsAscended":13,"flightsDescended":8,"rate":3.0,"steppingGain":3805,"steppingLoss":2957,"stepsAscended":682,"stepsDescended":632,"totalGain":17164,"totalLoss":15195}
{"deviceid":"b81e905908354542","eventtype":"altimeter","timestamp":1456247971134,"userid":"vincent.planat@hpe.com","trainingMode":"NONE","flightsAscended":13,"flightsDescended":8,"rate":-2.0,"steppingGain":3805,"steppingLoss":2957,"stepsAscended":682,"stepsDescended":632,"totalGain":17038,"totalLoss":15195}
{"deviceid":"b81e905908354542","eventtype":"altimeter","timestamp":1456248052532,"userid":"vincent.planat@hpe.com","trainingMode":"SITTING","flightsAscended":13,"flightsDescended":8,"rate":3.0,"steppingGain":3805,"steppingLoss":2957,"stepsAscended":682,"stepsDescended":632,"totalGain":17164,"totalLoss":15195}
{"deviceid":"b81e905908354542","eventtype":"altimeter","timestamp":1456248051773,"userid":"vincent.planat@hpe.com","trainingMode":"SITTING","flightsAscended":13,"flightsDescended":8,"rate":3.0,"steppingGain":3805,"steppingLoss":2957,"stepsAscended":682,"stepsDescended":632,"totalGain":17164,"totalLoss":15195}
{"deviceid":"b81e905908354542","eventtype":"altimeter","timestamp":1456248053369,"userid":"vincent.planat@hpe.com","trainingMode":"SITTING","flightsAscended":13,"flightsDescended":8,"rate":2.0,"steppingGain":3805,"steppingLoss":2957,"stepsAscended":682,"stepsDescended":632,"totalGain":17164,"totalLoss":15195}
{"deviceid":"b81e905908354542","eventtype":"altimeter","timestamp":1456248007844,"userid":"vincent.planat@hpe.com","trainingMode":"SITTING","flightsAscended":13,"flightsDescended":8,"rate":16.0,"steppingGain":3805,"steppingLoss":2957,"stepsAscended":682,"stepsDescended":632,"totalGain":17038,"totalLoss":15195}
{"deviceid":"b81e905908354542","eventtype":"altimeter","timestamp":1456248038925,"userid":"vincent.planat@hpe.com","trainingMode":"SITTING","flightsAscended":13,"flightsDescended":8,"rate":-4.0,"steppingGain":3805,"steppingLoss":2957,"stepsAscended":682,"stepsDescended":632,"totalGain":17164,"totalLoss":15195}
{"deviceid":"b81e905908354542","eventtype":"altimeter","timestamp":1456248039896,"userid":"vincent.planat@hpe.com","trainingMode":"SITTING","flightsAscended":13,"flightsDescended":8,"rate":-6.0,"steppingGain":3805,"steppingLoss":2957,"stepsAscended":682,"stepsDescended":632,"totalGain":17164,"totalLoss":15195}
{"deviceid":"b81e905908354542","eventtype":"altimeter","timestamp":1456248030846,"userid":"vincent.planat@hpe.com","trainingMode":"SITTING","flightsAscended":13,"flightsDescended":8,"rate":4.0,"steppingGain":3805,"steppingLoss":2957,"stepsAscended":682,"stepsDescended":632,"totalGain":17164,"totalLoss":15195}
{"deviceid":"b81e905908354542","eventtype":"altimeter","timestamp":1456248029871,"userid":"vincent.planat@hpe.com","trainingMode":"SITTING","flightsAscended":13,"flightsDescended":8,"rate":4.0,"steppingGain":3805,"steppingLoss":2957,"stepsAscended":682,"stepsDescended":632,"totalGain":17164,"totalLoss":15195}
{"deviceid":"b81e905908354542","eventtype":"altimeter","timestamp":1456248026229,"userid":"vincent.planat@hpe.com","trainingMode":"SITTING","flightsAscended":13,"flightsDescended":8,"rate":4.0,"steppingGain":3805,"steppingLoss":2957,"stepsAscended":682,"stepsDescended":632,"totalGain":17164,"totalLoss":15195}
{"deviceid":"b81e905908354542","eventtype":"altimeter","timestamp":1456248000848,"userid":"vincent.planat@hpe.com","trainingMode":"SITTING","flightsAscended":13,"flightsDescended":8,"rate":4.0,"steppingGain":3805,"steppingLoss":2957,"stepsAscended":682,"stepsDescended":632,"totalGain":17038,"totalLoss":15195}
{"deviceid":"b81e905908354542","eventtype":"altimeter","timestamp":1456248023928,"userid":"vincent.planat@hpe.com","trainingMode":"SITTING","flightsAscended":13,"flightsDescended":8,"rate":2.0,"steppingGain":3805,"steppingLoss":2957,"stepsAscended":682,"stepsDescended":632,"totalGain":17164,"totalLoss":15195}
{"deviceid":"b81e905908354542","eventtype":"altimeter","timestamp":1456248044866,"userid":"vincent.planat@hpe.com","trainingMode":"SITTING","flightsAscended":13,"flightsDescended":8,"rate":-5.0,"steppingGain":3805,"steppingLoss":2957,"stepsAscended":682,"stepsDescended":632,"totalGain":17164,"totalLoss":15195}
{"deviceid":"b81e905908354542","eventtype":"altimeter","timestamp":1456248012546,"userid":"vincent.planat@hpe.com","trainingMode":"SITTING","flightsAscended":13,"flightsDescended":8,"rate":16.0,"steppingGain":3805,"steppingLoss":2957,"stepsAscended":682,"stepsDescended":632,"totalGain":17038,"totalLoss":15195}
{"deviceid":"b81e905908354542","eventtype":"altimeter","timestamp":1456248001881,"userid":"vincent.planat@hpe.com","trainingMode":"SITTING","flightsAscended":13,"flightsDescended":8,"rate":7.0,"steppingGain":3805,"steppingLoss":2957,"stepsAscended":682,"stepsDescended":632,"totalGain":17038,"totalLoss":15195}
{"deviceid":"b81e905908354542","eventtype":"altimeter","timestamp":1456247973974,"userid":"vincent.planat@hpe.com","trainingMode":"NONE","flightsAscended":13,"flightsDescended":8,"rate":-2.0,"steppingGain":3805,"steppingLoss":2957,"stepsAscended":682,"stepsDescended":632,"totalGain":17038,"totalLoss":15195}
{"deviceid":"b81e905908354542","eventtype":"altimeter","timestamp":1456248064869,"userid":"vincent.planat@hpe.com","trainingMode":"SITTING","flightsAscended":13,"flightsDescended":8,"rate":-6.0,"steppingGain":3805,"steppingLoss":2957,"stepsAscended":682,"stepsDescended":632,"totalGain":17164,"totalLoss":15195}
{"deviceid":"b81e905908354542","eventtype":"altimeter","timestamp":1456247985489,"userid":"vincent.planat@hpe.com","trainingMode":"NONE","flightsAscended":13,"flightsDescended":8,"rate":-5.0,"steppingGain":3805,"steppingLoss":2957,"stepsAscended":682,"stepsDescended":632,"totalGain":17038,"totalLoss":15195}
{"deviceid":"b81e905908354542","eventtype":"altimeter","timestamp":1456248066904,"userid":"vincent.planat@hpe.com","trainingMode":"SITTING","flightsAscended":13,"flightsDescended":8,"rate":-7.0,"steppingGain":3805,"steppingLoss":2957,"stepsAscended":682,"stepsDescended":632,"totalGain":17164,"totalLoss":15195}
{"deviceid":"b81e905908354542","eventtype":"altimeter","timestamp":1456248037873,"userid":"vincent.planat@hpe.com","trainingMode":"SITTING","flightsAscended":13,"flightsDescended":8,"rate":-3.0,"steppingGain":3805,"steppingLoss":2957,"stepsAscended":682,"stepsDescended":632,"totalGain":17164,"totalLoss":15195}
{"deviceid":"b81e905908354542","eventtype":"altimeter","timestamp":1456248059973,"userid":"vincent.planat@hpe.com","trainingMode":"SITTING","flightsAscended":13,"flightsDescended":8,"rate":-1.0,"steppingGain":3805,"steppingLoss":2957,"stepsAscended":682,"stepsDescended":632,"totalGain":17164,"totalLoss":15195}
{"deviceid":"b81e905908354542","eventtype":"altimeter","timestamp":1456248019933,"userid":"vincent.planat@hpe.com","trainingMode":"SITTING","flightsAscended":13,"flightsDescended":8,"rate":2.0,"steppingGain":3805,"steppingLoss":2957,"stepsAscended":682,"stepsDescended":632,"totalGain":17164,"totalLoss":15195}
{"deviceid":"b81e905908354542","eventtype":"altimeter","timestamp":1456248048852,"userid":"vincent.planat@hpe.com","trainingMode":"SITTING","flightsAscended":13,"flightsDescended":8,"rate":0.0,"steppingGain":3805,"steppingLoss":2957,"stepsAscended":682,"stepsDescended":632,"totalGain":17164,"totalLoss":15195}
{"deviceid":"b81e905908354542","eventtype":"altimeter","timestamp":1456248068557,"userid":"vincent.planat@hpe.com","trainingMode":"SITTING","flightsAscended":13,"flightsDescended":8,"rate":-5.0,"steppingGain":3805,"steppingLoss":2957,"stepsAscended":682,"stepsDescended":632,"totalGain":17164,"totalLoss":15195}
{"deviceid":"b81e905908354542","eventtype":"altimeter","timestamp":1456248047878,"userid":"vincent.planat@hpe.com","trainingMode":"SITTING","flightsAscended":13,"flightsDescended":8,"rate":-1.0,"steppingGain":3805,"steppingLoss":2957,"stepsAscended":682,"stepsDescended":632,"totalGain":17164,"totalLoss":15195}
{"deviceid":"b81e905908354542","eventtype":"altimeter","timestamp":1456248056931,"userid":"vincent.planat@hpe.com","trainingMode":"SITTING","flightsAscended":13,"flightsDescended":8,"rate":-2.0,"steppingGain":3805,"steppingLoss":2957,"stepsAscended":682,"stepsDescended":632,"totalGain":17164,"totalLoss":15195}
{"deviceid":"b81e905908354542","eventtype":"altimeter","timestamp":1456247986884,"userid":"vincent.planat@hpe.com","trainingMode":"NONE","flightsAscended":13,"flightsDescended":8,"rate":-9.0,"steppingGain":3805,"steppingLoss":2957,"stepsAscended":682,"stepsDescended":632,"totalGain":17038,"totalLoss":15195}
{"deviceid":"b81e905908354542","eventtype":"altimeter","timestamp":1456248013893,"userid":"vincent.planat@hpe.com","trainingMode":"SITTING","flightsAscended":13,"flightsDescended":8,"rate":7.0,"steppingGain":3805,"steppingLoss":2957,"stepsAscended":682,"stepsDescended":632,"totalGain":17038,"totalLoss":15195}
{"deviceid":"b81e905908354542","eventtype":"altimeter","timestamp":1456248016886,"userid":"vincent.planat@hpe.com","trainingMode":"SITTING","flightsAscended":13,"flightsDescended":8,"rate":7.0,"steppingGain":3805,"steppingLoss":2957,"stepsAscended":682,"stepsDescended":632,"totalGain":17164,"totalLoss":15195}
{"deviceid":"b81e905908354542","eventtype":"altimeter","timestamp":1456248015875,"userid":"vincent.planat@hpe.com","trainingMode":"SITTING","flightsAscended":13,"flightsDescended":8,"rate":9.0,"steppingGain":3805,"steppingLoss":2957,"stepsAscended":682,"stepsDescended":632,"totalGain":17164,"totalLoss":15195}
{"deviceid":"b81e905908354542","eventtype":"altimeter","timestamp":1456248058009,"userid":"vincent.planat@hpe.com","trainingMode":"SITTING","flightsAscended":13,"flightsDescended":8,"rate":1.0,"steppingGain":3805,"steppingLoss":2957,"stepsAscended":682,"stepsDescended":632,"totalGain":17164,"totalLoss":15195}
{"deviceid":"b81e905908354542","eventtype":"altimeter","timestamp":1456248058905,"userid":"vincent.planat@hpe.com","trainingMode":"SITTING","flightsAscended":13,"flightsDescended":8,"rate":-1.0,"steppingGain":3805,"steppingLoss":2957,"stepsAscended":682,"stepsDescended":632,"totalGain":17164,"totalLoss":15195}
{"deviceid":"b81e905908354542","eventtype":"altimeter","timestamp":1456248006928,"userid":"vincent.planat@hpe.com","trainingMode":"SITTING","flightsAscended":13,"flightsDescended":8,"rate":14.0,"steppingGain":3805,"steppingLoss":2957,"stepsAscended":682,"stepsDescended":632,"totalGain":17038,"totalLoss":15195}
{"deviceid":"b81e905908354542","eventtype":"altimeter","timestamp":1456248046911,"userid":"vincent.planat@hpe.com","trainingMode":"SITTING","flightsAscended":13,"flightsDescended":8,"rate":1.0,"steppingGain":3805,"steppingLoss":2957,"stepsAscended":682,"stepsDescended":632,"totalGain":17164,"totalLoss":15195}
{"deviceid":"b81e905908354542","eventtype":"altimeter","timestamp":1456247969985,"userid":"vincent.planat@hpe.com","trainingMode":"NONE","flightsAscended":13,"flightsDescended":8,"rate":-3.0,"steppingGain":3805,"steppingLoss":2957,"stepsAscended":682,"stepsDescended":632,"totalGain":17038,"totalLoss":15195}
{"deviceid":"b81e905908354542","eventtype":"altimeter","timestamp":1456248035878,"userid":"vincent.planat@hpe.com","trainingMode":"SITTING","flightsAscended":13,"flightsDescended":8,"rate":-5.0,"steppingGain":3805,"steppingLoss":2957,"stepsAscended":682,"stepsDescended":632,"totalGain":17164,"totalLoss":15195}
{"deviceid":"b81e905908354542","eventtype":"altimeter","timestamp":1456248059987,"userid":"vincent.planat@hpe.com","trainingMode":"SITTING","flightsAscended":13,"flightsDescended":8,"rate":-1.0,"steppingGain":3805,"steppingLoss":2957,"stepsAscended":682,"stepsDescended":632,"totalGain":17164,"totalLoss":15195}
{"deviceid":"b81e905908354542","eventtype":"altimeter","timestamp":1456248031859,"userid":"vincent.planat@hpe.com","trainingMode":"SITTING","flightsAscended":13,"flightsDescended":8,"rate":0.0,"steppingGain":3805,"steppingLoss":2957,"stepsAscended":682,"stepsDescended":632,"totalGain":17164,"totalLoss":15195}
{"deviceid":"b81e905908354542","eventtype":"altimeter","timestamp":1456248056917,"userid":"vincent.planat@hpe.com","trainingMode":"SITTING","flightsAscended":13,"flightsDescended":8,"rate":-2.0,"steppingGain":3805,"steppingLoss":2957,"stepsAscended":682,"stepsDescended":632,"totalGain":17164,"totalLoss":15195}
{"deviceid":"b81e905908354542","eventtype":"altimeter","timestamp":1456247997873,"userid":"vincent.planat@hpe.com","trainingMode":"SITTING","flightsAscended":13,"flightsDescended":8,"rate":5.0,"steppingGain":3805,"steppingLoss":2957,"stepsAscended":682,"stepsDescended":632,"totalGain":17038,"totalLoss":15195}
{"deviceid":"b81e905908354542","eventtype":"altimeter","timestamp":1456247999883,"userid":"vincent.planat@hpe.com","trainingMode":"SITTING","flightsAscended":13,"flightsDescended":8,"rate":4.0,"steppingGain":3805,"steppingLoss":2957,"stepsAscended":682,"stepsDescended":632,"totalGain":17038,"totalLoss":15195}
{"deviceid":"b81e905908354542","eventtype":"altimeter","timestamp":1456248043916,"userid":"vincent.planat@hpe.com","trainingMode":"SITTING","flightsAscended":13,"flightsDescended":8,"rate":-5.0,"steppingGain":3805,"steppingLoss":2957,"stepsAscended":682,"stepsDescended":632,"totalGain":17164,"totalLoss":15195}
{"deviceid":"b81e905908354542","eventtype":"altimeter","timestamp":1456248018874,"userid":"vincent.planat@hpe.com","trainingMode":"SITTING","flightsAscended":13,"flightsDescended":8,"rate":2.0,"steppingGain":3805,"steppingLoss":2957,"stepsAscended":682,"stepsDescended":632,"totalGain":17164,"totalLoss":15195}
{"deviceid":"b81e905908354542","eventtype":"altimeter","timestamp":1456247990862,"userid":"vincent.planat@hpe.com","trainingMode":"SITTING","flightsAscended":13,"flightsDescended":8,"rate":-12.0,"steppingGain":3805,"steppingLoss":2957,"stepsAscended":682,"stepsDescended":632,"totalGain":17038,"totalLoss":15195}
{"deviceid":"b81e905908354542","eventtype":"altimeter","timestamp":1456247991852,"userid":"vincent.planat@hpe.com","trainingMode":"SITTING","flightsAscended":13,"flightsDescended":8,"rate":-7.0,"steppingGain":3805,"steppingLoss":2957,"stepsAscended":682,"stepsDescended":632,"totalGain":17038,"totalLoss":15195}
{"deviceid":"b81e905908354542","eventtype":"altimeter","timestamp":1456248021842,"userid":"vincent.planat@hpe.com","trainingMode":"SITTING","flightsAscended":13,"flightsDescended":8,"rate":-5.0,"steppingGain":3805,"steppingLoss":2957,"stepsAscended":682,"stepsDescended":632,"totalGain":17164,"totalLoss":15195}
{"deviceid":"b81e905908354542","eventtype":"altimeter","timestamp":1456247995934,"userid":"vincent.planat@hpe.com","trainingMode":"SITTING","flightsAscended":13,"flightsDescended":8,"rate":5.0,"steppingGain":3805,"steppingLoss":2957,"stepsAscended":682,"stepsDescended":632,"totalGain":17038,"totalLoss":15195}
{"deviceid":"b81e905908354542","eventtype":"altimeter","timestamp":1456248005852,"userid":"vincent.planat@hpe.com","trainingMode":"SITTING","flightsAscended":13,"flightsDescended":8,"rate":10.0,"steppingGain":3805,"steppingLoss":2957,"stepsAscended":682,"stepsDescended":632,"totalGain":17038,"totalLoss":15195}
{"deviceid":"b81e905908354542","eventtype":"altimeter","timestamp":1456247968852,"userid":"vincent.planat@hpe.com","trainingMode":"NONE","flightsAscended":13,"flightsDescended":8,"rate":-4.0,"steppingGain":3805,"steppingLoss":2957,"stepsAscended":682,"stepsDescended":632,"totalGain":17038,"totalLoss":15195}
{"deviceid":"b81e905908354542","eventtype":"altimeter","timestamp":1456248055862,"userid":"vincent.planat@hpe.com","trainingMode":"SITTING","flightsAscended":13,"flightsDescended":8,"rate":0.0,"steppingGain":3805,"steppingLoss":2957,"stepsAscended":682,"stepsDescended":632,"totalGain":17164,"totalLoss":15195}
{"deviceid":"b81e905908354542","eventtype":"altimeter","timestamp":1456248022868,"userid":"vincent.planat@hpe.com","trainingMode":"SITTING","flightsAscended":13,"flightsDescended":8,"rate":-2.0,"steppingGain":3805,"steppingLoss":2957,"stepsAscended":682,"stepsDescended":632,"totalGain":17164,"totalLoss":15195}
{"deviceid":"b81e905908354542","eventtype":"altimeter","timestamp":1456247979874,"userid":"vincent.planat@hpe.com","trainingMode":"NONE","flightsAscended":13,"flightsDescended":8,"rate":-3.0,"steppingGain":3805,"steppingLoss":2957,"stepsAscended":682,"stepsDescended":632,"totalGain":17038,"totalLoss":15195}
{"deviceid":"b81e905908354542","eventtype":"altimeter","timestamp":1456247982851,"userid":"vincent.planat@hpe.com","trainingMode":"NONE","flightsAscended":13,"flightsDescended":8,"rate":1.0,"steppingGain":3805,"steppingLoss":2957,"stepsAscended":682,"stepsDescended":632,"totalGain":17038,"totalLoss":15195}
{"deviceid":"b81e905908354542","eventtype":"altimeter","timestamp":1456248041877,"userid":"vincent.planat@hpe.com","trainingMode":"SITTING","flightsAscended":13,"flightsDescended":8,"rate":-7.0,"steppingGain":3805,"steppingLoss":2957,"stepsAscended":682,"stepsDescended":632,"totalGain":17164,"totalLoss":15195}
{"deviceid":"b81e905908354542","eventtype":"altimeter","timestamp":1456248034860,"userid":"vincent.planat@hpe.com","trainingMode":"SITTING","flightsAscended":13,"flightsDescended":8,"rate":-6.0,"steppingGain":3805,"steppingLoss":2957,"stepsAscended":682,"stepsDescended":632,"totalGain":17164,"totalLoss":15195}
{"deviceid":"b81e905908354542","eventtype":"altimeter","timestamp":1456247977957,"userid":"vincent.planat@hpe.com","trainingMode":"NONE","flightsAscended":13,"flightsDescended":8,"rate":-7.0,"steppingGain":3805,"steppingLoss":2957,"stepsAscended":682,"stepsDescended":632,"totalGain":17038,"totalLoss":15195}
{"deviceid":"b81e905908354542","eventtype":"altimeter","timestamp":1456247976043,"userid":"vincent.planat@hpe.com","trainingMode":"NONE","flightsAscended":13,"flightsDescended":8,"rate":-3.0,"steppingGain":3805,"steppingLoss":2957,"stepsAscended":682,"stepsDescended":632,"totalGain":17038,"totalLoss":15195}
{"deviceid":"b81e905908354542","eventtype":"altimeter","timestamp":1456248049948,"userid":"vincent.planat@hpe.com","trainingMode":"SITTING","flightsAscended":13,"flightsDescended":8,"rate":0.0,"steppingGain":3805,"steppingLoss":2957,"stepsAscended":682,"stepsDescended":632,"totalGain":17164,"totalLoss":15195}
{"deviceid":"b81e905908354542","eventtype":"altimeter","timestamp":1456248052519,"userid":"vincent.planat@hpe.com","trainingMode":"SITTING","flightsAscended":13,"flightsDescended":8,"rate":3.0,"steppingGain":3805,"steppingLoss":2957,"stepsAscended":682,"stepsDescended":632,"totalGain":17164,"totalLoss":15195}
{"deviceid":"b81e905908354542","eventtype":"altimeter","timestamp":1456248014872,"userid":"vincent.planat@hpe.com","trainingMode":"SITTING","flightsAscended":13,"flightsDescended":8,"rate":8.0,"steppingGain":3805,"steppingLoss":2957,"stepsAscended":682,"stepsDescended":632,"totalGain":17038,"totalLoss":15195}
{"deviceid":"b81e905908354542","eventtype":"altimeter","timestamp":1456248061985,"userid":"vincent.planat@hpe.com","trainingMode":"SITTING","flightsAscended":13,"flightsDescended":8,"rate":0.0,"steppingGain":3805,"steppingLoss":2957,"stepsAscended":682,"stepsDescended":632,"totalGain":17164,"totalLoss":15195}
{"deviceid":"b81e905908354542","eventtype":"altimeter","timestamp":1456248065876,"userid":"vincent.planat@hpe.com","trainingMode":"SITTING","flightsAscended":13,"flightsDescended":8,"rate":-6.0,"steppingGain":3805,"steppingLoss":2957,"stepsAscended":682,"stepsDescended":632,"totalGain":17164,"totalLoss":15195}
{"deviceid":"b81e905908354542","eventtype":"altimeter","timestamp":1456247971893,"userid":"vincent.planat@hpe.com","trainingMode":"NONE","flightsAscended":13,"flightsDescended":8,"rate":-3.0,"steppingGain":3805,"steppingLoss":2957,"stepsAscended":682,"stepsDescended":632,"totalGain":17038,"totalLoss":15195}
{"deviceid":"b81e905908354542","eventtype":"altimeter","timestamp":1456248054180,"userid":"vincent.planat@hpe.com","trainingMode":"SITTING","flightsAscended":13,"flightsDescended":8,"rate":1.0,"steppingGain":3805,"steppingLoss":2957,"stepsAscended":682,"stepsDescended":632,"totalGain":17164,"totalLoss":15195}
{"deviceid":"b81e905908354542","eventtype":"altimeter","timestamp":1456247975003,"userid":"vincent.planat@hpe.com","trainingMode":"NONE","flightsAscended":13,"flightsDescended":8,"rate":0.0,"steppingGain":3805,"steppingLoss":2957,"stepsAscended":682,"stepsDescended":632,"totalGain":17038,"totalLoss":15195}
{"deviceid":"b81e905908354542","eventtype":"altimeter","timestamp":1456248045878,"userid":"vincent.planat@hpe.com","trainingMode":"SITTING","flightsAscended":13,"flightsDescended":8,"rate":-3.0,"steppingGain":3805,"steppingLoss":2957,"stepsAscended":682,"stepsDescended":632,"totalGain":17164,"totalLoss":15195}
{"deviceid":"b81e905908354542","eventtype":"altimeter","timestamp":1456247972857,"userid":"vincent.planat@hpe.com","trainingMode":"NONE","flightsAscended":13,"flightsDescended":8,"rate":-3.0,"steppingGain":3805,"steppingLoss":2957,"stepsAscended":682,"stepsDescended":632,"totalGain":17038,"totalLoss":15195}
{"deviceid":"b81e905908354542","eventtype":"altimeter","timestamp":1456248013189,"userid":"vincent.planat@hpe.com","trainingMode":"SITTING","flightsAscended":13,"flightsDescended":8,"rate":11.0,"steppingGain":3805,"steppingLoss":2957,"stepsAscended":682,"stepsDescended":632,"totalGain":17038,"totalLoss":15195}
{"deviceid":"b81e905908354542","eventtype":"altimeter","timestamp":1456248062966,"userid":"vincent.planat@hpe.com","trainingMode":"SITTING","flightsAscended":13,"flightsDescended":8,"rate":-2.0,"steppingGain":3805,"steppingLoss":2957,"stepsAscended":682,"stepsDescended":632,"totalGain":17164,"totalLoss":15195}
{"deviceid":"b81e905908354542","eventtype":"altimeter","timestamp":1456248058891,"userid":"vincent.planat@hpe.com","trainingMode":"SITTING","flightsAscended":13,"flightsDescended":8,"rate":-1.0,"steppingGain":3805,"steppingLoss":2957,"stepsAscended":682,"stepsDescended":632,"totalGain":17164,"totalLoss":15195}
{"deviceid":"b81e905908354542","eventtype":"altimeter","timestamp":1456247988909,"userid":"vincent.planat@hpe.com","trainingMode":"SITTING","flightsAscended":13,"flightsDescended":8,"rate":-11.0,"steppingGain":3805,"steppingLoss":2957,"stepsAscended":682,"stepsDescended":632,"totalGain":17038,"totalLoss":15195}
{"deviceid":"b81e905908354542","eventtype":"altimeter","timestamp":1456248063926,"userid":"vincent.planat@hpe.com","trainingMode":"SITTING","flightsAscended":13,"flightsDescended":8,"rate":0.0,"steppingGain":3805,"steppingLoss":2957,"stepsAscended":682,"stepsDescended":632,"totalGain":17164,"totalLoss":15195}
{"deviceid":"b81e905908354542","eventtype":"altimeter","timestamp":1456248027865,"userid":"vincent.planat@hpe.com","trainingMode":"SITTING","flightsAscended":13,"flightsDescended":8,"rate":1.0,"steppingGain":3805,"steppingLoss":2957,"stepsAscended":682,"stepsDescended":632,"totalGain":17164,"totalLoss":15195}
{"deviceid":"b81e905908354542","eventtype":"altimeter","timestamp":1456248026883,"userid":"vincent.planat@hpe.com","trainingMode":"SITTING","flightsAscended":13,"flightsDescended":8,"rate":0.0,"steppingGain":3805,"steppingLoss":2957,"stepsAscended":682,"stepsDescended":632,"totalGain":17164,"totalLoss":15195}
{"deviceid":"b81e905908354542","eventtype":"altimeter","timestamp":1456248068570,"userid":"vincent.planat@hpe.com","trainingMode":"SITTING","flightsAscended":13,"flightsDescended":8,"rate":-5.0,"steppingGain":3805,"steppingLoss":2957,"stepsAscended":682,"stepsDescended":632,"totalGain":17164,"totalLoss":15195}
{"deviceid":"b81e905908354542","eventtype":"altimeter","timestamp":1456248061027,"userid":"vincent.planat@hpe.com","trainingMode":"SITTING","flightsAscended":13,"flightsDescended":8,"rate":-2.0,"steppingGain":3805,"steppingLoss":2957,"stepsAscended":682,"stepsDescended":632,"totalGain":17164,"totalLoss":15195}
{"deviceid":"b81e905908354542","eventtype":"altimeter","timestamp":1456248002847,"userid":"vincent.planat@hpe.com","trainingMode":"SITTING","flightsAscended":13,"flightsDescended":8,"rate":5.0,"steppingGain":3805,"steppingLoss":2957,"stepsAscended":682,"stepsDescended":632,"totalGain":17038,"totalLoss":15195}
{"deviceid":"b81e905908354542","eventtype":"altimeter","timestamp":1456247996886,"userid":"vincent.planat@hpe.com","trainingMode":"SITTING","flightsAscended":13,"flightsDescended":8,"rate":5.0,"steppingGain":3805,"steppingLoss":2957,"stepsAscended":682,"stepsDescended":632,"totalGain":17038,"totalLoss":15195}
{"deviceid":"b81e905908354542","eventtype":"altimeter","timestamp":1456248064893,"userid":"vincent.planat@hpe.com","trainingMode":"SITTING","flightsAscended":13,"flightsDescended":8,"rate":-6.0,"steppingGain":3805,"steppingLoss":2957,"stepsAscended":682,"stepsDescended":632,"totalGain":17164,"totalLoss":15195}
{"deviceid":"b81e905908354542","eventtype":"altimeter","timestamp":1456248061969,"userid":"vincent.planat@hpe.com","trainingMode":"SITTING","flightsAscended":13,"flightsDescended":8,"rate":0.0,"steppingGain":3805,"steppingLoss":2957,"stepsAscended":682,"stepsDescended":632,"totalGain":17164,"totalLoss":15195}
{"deviceid":"b81e905908354542","eventtype":"altimeter","timestamp":1456247978858,"userid":"vincent.planat@hpe.com","trainingMode":"NONE","flightsAscended":13,"flightsDescended":8,"rate":-4.0,"steppingGain":3805,"steppingLoss":2957,"stepsAscended":682,"stepsDescended":632,"totalGain":17038,"totalLoss":15195}
