{"deviceid":"b81e905908354542","eventtype":"barometer","timestamp":1456248345077,"userid":"vincent.planat@hpe.com","trainingMode":"WALKING_UP","airPressure":991.094727,"temperature":34.066667}
{"deviceid":"b81e905908354542","eventtype":"barometer","timestamp":1456248366478,"userid":"vincent.planat@hpe.com","trainingMode":"WALKING_UP","airPressure":990.336914,"temperature":33.891667}
{"deviceid":"b81e905908354542","eventtype":"barometer","timestamp":1456248356936,"userid":"vincent.planat@hpe.com","trainingMode":"WALKING_UP","airPressure":990.457764,"temperature":33.952083}
{"deviceid":"b81e905908354542","eventtype":"barometer","timestamp":1456248345883,"userid":"vincent.planat@hpe.com","trainingMode":"WALKING_UP","airPressure":991.084473,"temperature":34.05625}
{"deviceid":"b81e905908354542","eventtype":"barometer","timestamp":1456248353888,"userid":"vincent.planat@hpe.com","trainingMode":"WALKING_UP","airPressure":990.647461,"temperature":33.979167}
{"deviceid":"b81e905908354542","eventtype":"barometer","timestamp":1456248344262,"userid":"vincent.planat@hpe.com","trainingMode":"WALKING_UP","airPressure":991.137695,"temperature":34.075}
{"deviceid":"b81e905908354542","eventtype":"barometer","timestamp":1456248360917,"userid":"vincent.planat@hpe.com","trainingMode":"WALKING_UP","airPressure":990.260986,"temperature":33.91875}
{"deviceid":"b81e905908354542","eventtype":"barometer","timestamp":1456248352895,"userid":"vincent.planat@hpe.com","trainingMode":"WALKING_UP","airPressure":990.683594,"temperature":33.985417}
{"deviceid":"b81e905908354542","eventtype":"barometer","timestamp":1456248338014,"userid":"vincent.planat@hpe.com","trainingMode":"WALKING_UP","airPressure":991.281738,"temperature":34.1125}
{"deviceid":"b81e905908354542","eventtype":"barometer","timestamp":1456248356914,"userid":"vincent.planat@hpe.com","trainingMode":"WALKING_UP","airPressure":990.457764,"temperature":33.952083}
{"deviceid":"b81e905908354542","eventtype":"barometer","timestamp":1456248345885,"userid":"vincent.planat@hpe.com","trainingMode":"WALKING_UP","airPressure":991.084473,"temperature":34.05625}
{"deviceid":"b81e905908354542","eventtype":"barometer","timestamp":1456248355891,"userid":"vincent.planat@hpe.com","trainingMode":"WALKING_UP","airPressure":990.532227,"temperature":33.960417}
{"deviceid":"b81e905908354542","eventtype":"barometer","timestamp":1456248351203,"userid":"vincent.planat@hpe.com","trainingMode":"WALKING_UP","airPressure":990.837402,"temperature":34.004167}
{"deviceid":"b81e905908354542","eventtype":"barometer","timestamp":1456248362872,"userid":"vincent.planat@hpe.com","trainingMode":"WALKING_UP","airPressure":990.329102,"temperature":33.90625}
{"deviceid":"b81e905908354542","eventtype":"barometer","timestamp":1456248346887,"userid":"vincent.planat@hpe.com","trainingMode":"WALKING_UP","airPressure":990.99707,"temperature":34.0375}
{"deviceid":"b81e905908354542","eventtype":"barometer","timestamp":1456248353889,"userid":"vincent.planat@hpe.com","trainingMode":"WALKING_UP","airPressure":990.647461,"temperature":33.979167}
{"deviceid":"b81e905908354542","eventtype":"barometer","timestamp":1456248338968,"userid":"vincent.planat@hpe.com","trainingMode":"WALKING_UP","airPressure":991.314453,"temperature":34.110417}
{"deviceid":"b81e905908354542","eventtype":"barometer","timestamp":1456248347911,"userid":"vincent.planat@hpe.com","trainingMode":"WALKING_UP","airPressure":990.950439,"temperature":34.035417}
{"deviceid":"b81e905908354542","eventtype":"barometer","timestamp":1456248361950,"userid":"vincent.planat@hpe.com","trainingMode":"WALKING_UP","airPressure":990.33374,"temperature":33.9125}
{"deviceid":"b81e905908354542","eventtype":"barometer","timestamp":1456248339927,"userid":"vincent.planat@hpe.com","trainingMode":"WALKING_UP","airPressure":991.289062,"temperature":34.10625}
{"deviceid":"b81e905908354542","eventtype":"barometer","timestamp":1456248359898,"userid":"vincent.planat@hpe.com","trainingMode":"WALKING_UP","airPressure":990.398193,"temperature":33.927083}
{"deviceid":"b81e905908354542","eventtype":"barometer","timestamp":1456248346873,"userid":"vincent.planat@hpe.com","trainingMode":"WALKING_UP","airPressure":990.99707,"temperature":34.0375}
{"deviceid":"b81e905908354542","eventtype":"barometer","timestamp":1456248350356,"userid":"vincent.planat@hpe.com","trainingMode":"WALKING_UP","airPressure":990.898682,"temperature":34.016667}
{"deviceid":"b81e905908354542","eventtype":"barometer","timestamp":1456248355047,"userid":"vincent.planat@hpe.com","trainingMode":"WALKING_UP","airPressure":990.554688,"temperature":33.96875}
{"deviceid":"b81e905908354542","eventtype":"barometer","timestamp":1456248363887,"userid":"vincent.planat@hpe.com","trainingMode":"WALKING_UP","airPressure":990.323975,"temperature":33.902083}
{"deviceid":"b81e905908354542","eventtype":"barometer","timestamp":1456248368072,"userid":"vincent.planat@hpe.com","trainingMode":"WALKING_UP","airPressure":990.355957,"temperature":33.85625}
{"deviceid":"b81e905908354542","eventtype":"barometer","timestamp":1456248360942,"userid":"vincent.planat@hpe.com","trainingMode":"WALKING_UP","airPressure":990.260986,"temperature":33.91875}
{"deviceid":"b81e905908354542","eventtype":"barometer","timestamp":1456248365672,"userid":"vincent.planat@hpe.com","trainingMode":"WALKING_UP","airPressure":990.336914,"temperature":33.891667}
{"deviceid":"b81e905908354542","eventtype":"barometer","timestamp":1456248358019,"userid":"vincent.planat@hpe.com","trainingMode":"WALKING_UP","airPressure":990.400391,"temperature":33.945833}
{"deviceid":"b81e905908354542","eventtype":"barometer","timestamp":1456248343379,"userid":"vincent.planat@hpe.com","trainingMode":"WALKING_UP","airPressure":991.15625,"temperature":34.079167}
{"deviceid":"b81e905908354542","eventtype":"barometer","timestamp":1456248344242,"userid":"vincent.planat@hpe.com","trainingMode":"WALKING_UP","airPressure":991.137695,"temperature":34.075}
{"deviceid":"b81e905908354542","eventtype":"barometer","timestamp":1456248339944,"userid":"vincent.planat@hpe.com","trainingMode":"WALKING_UP","airPressure":991.289062,"temperature":34.10625}
{"deviceid":"b81e905908354542","eventtype":"barometer","timestamp":1456248358944,"userid":"vincent.planat@hpe.com","trainingMode":"WALKING_UP","airPressure":990.388428,"temperature":33.935417}
{"deviceid":"b81e905908354542","eventtype":"barometer","timestamp":1456248358929,"userid":"vincent.planat@hpe.com","trainingMode":"WALKING_UP","airPressure":990.388428,"temperature":33.935417}
{"deviceid":"b81e905908354542","eventtype":"barometer","timestamp":1456248340939,"userid":"vincent.planat@hpe.com","trainingMode":"WALKING_UP","airPressure":991.225342,"temperature":34.097917}
{"deviceid":"b81e905908354542","eventtype":"barometer","timestamp":1456248347926,"userid":"vincent.planat@hpe.com","trainingMode":"WALKING_UP","airPressure":990.950439,"temperature":34.035417}
{"deviceid":"b81e905908354542","eventtype":"barometer","timestamp":1456248342655,"userid":"vincent.planat@hpe.com","trainingMode":"WALKING_UP","airPressure":991.224609,"temperature":34.091667}
{"deviceid":"b81e905908354542","eventtype":"barometer","timestamp":1456248338955,"userid":"vincent.planat@hpe.com","trainingMode":"WALKING_UP","airPressure":991.314453,"temperature":34.110417}
{"deviceid":"b81e905908354542","eventtype":"barometer","timestamp":1456248363900,"userid":"vincent.planat@hpe.com","trainingMode":"WALKING_UP","airPressure":990.323975,"temperature":33.902083}
{"deviceid":"b81e905908354542","eventtype":"barometer","timestamp":1456248352878,"userid":"vincent.planat@hpe.com","trainingMode":"WALKING_UP","airPressure":990.683594,"temperature":33.985417}
{"deviceid":"b81e905908354542","eventtype":"barometer","timestamp":1456248345063,"userid":"vincent.planat@hpe.com","trainingMode":"WALKING_UP","airPressure":991.094727,"temperature":34.066667}
{"deviceid":"b81e905908354542","eventtype":"barometer","timestamp":1456248343396,"userid":"vincent.planat@hpe.com","trainingMode":"WALKING_UP","airPressure":991.15625,"temperature":34.079167}
{"deviceid":"b81e905908354542","eventtype":"barometer","timestamp":1456248351998,"userid":"vincent.planat@hpe.com","trainingMode":"WALKING_UP","airPressure":990.739746,"temperature":33.995833}
{"deviceid":"b81e905908354542","eventtype":"barometer","timestamp":1456248368092,"userid":"vincent.planat@hpe.com","trainingMode":"WALKING_UP","airPressure":990.355957,"temperature":33.85625}
{"deviceid":"b81e905908354542","eventtype":"barometer","timestamp":1456248359912,"userid":"vincent.planat@hpe.com","trainingMode":"WALKING_UP","airPressure":990.398193,"temperature":33.927083}
{"deviceid":"b81e905908354542","eventtype":"barometer","timestamp":1456248337218,"userid":"vincent.planat@hpe.com","trainingMode":"WALKING_UP","airPressure":991.27002,"temperature":34.11875}
{"deviceid":"b81e905908354542","eventtype":"barometer","timestamp":1456248366496,"userid":"vincent.planat@hpe.com","trainingMode":"WALKING_UP","airPressure":990.336914,"temperature":33.891667}
{"deviceid":"b81e905908354542","eventtype":"barometer","timestamp":1456248367273,"userid":"vincent.planat@hpe.com","trainingMode":"WALKING_UP","airPressure":990.357178,"temperature":33.872917}
{"deviceid":"b81e905908354542","eventtype":"barometer","timestamp":1456248338031,"userid":"vincent.planat@hpe.com","trainingMode":"WALKING_UP","airPressure":991.281738,"temperature":34.1125}
{"deviceid":"b81e905908354542","eventtype":"barometer","timestamp":1456248355882,"userid":"vincent.planat@hpe.com","trainingMode":"WALKING_UP","airPressure":990.532227,"temperature":33.960417}
{"deviceid":"b81e905908354542","eventtype":"barometer","timestamp":1456248351216,"userid":"vincent.planat@hpe.com","trainingMode":"WALKING_UP","airPressure":990.837402,"temperature":34.004167}
{"deviceid":"b81e905908354542","eventtype":"barometer","timestamp":1456248351973,"userid":"vincent.planat@hpe.com","trainingMode":"WALKING_UP","airPressure":990.739746,"temperature":33.995833}
{"deviceid":"b81e905908354542","eventtype":"barometer","timestamp":1456248362879,"userid":"vincent.planat@hpe.com","trainingMode":"WALKING_UP","airPressure":990.329102,"temperature":33.90625}
{"deviceid":"b81e905908354542","eventtype":"barometer","timestamp":1456248361969,"userid":"vincent.planat@hpe.com","trainingMode":"WALKING_UP","airPressure":990.33374,"temperature":33.9125}
{"deviceid":"b81e905908354542","eventtype":"barometer","timestamp":1456248350338,"userid":"vincent.planat@hpe.com","trainingMode":"WALKING_UP","airPressure":990.898682,"temperature":34.016667}
{"deviceid":"b81e905908354542","eventtype":"barometer","timestamp":1456248340952,"userid":"vincent.planat@hpe.com","trainingMode":"WALKING_UP","airPressure":991.225342,"temperature":34.097917}
{"deviceid":"b81e905908354542","eventtype":"barometer","timestamp":1456248367257,"userid":"vincent.planat@hpe.com","trainingMode":"WALKING_UP","airPressure":990.357178,"temperature":33.872917}
{"deviceid":"b81e905908354542","eventtype":"barometer","timestamp":1456248349541,"userid":"vincent.planat@hpe.com","trainingMode":"WALKING_UP","airPressure":990.926025,"temperature":34.022917}
{"deviceid":"b81e905908354542","eventtype":"barometer","timestamp":1456248349555,"userid":"vincent.planat@hpe.com","trainingMode":"WALKING_UP","airPressure":990.926025,"temperature":34.022917}
{"deviceid":"b81e905908354542","eventtype":"barometer","timestamp":1456248342641,"userid":"vincent.planat@hpe.com","trainingMode":"WALKING_UP","airPressure":991.224609,"temperature":34.091667}
{"deviceid":"b81e905908354542","eventtype":"barometer","timestamp":1456248365657,"userid":"vincent.planat@hpe.com","trainingMode":"WALKING_UP","airPressure":990.336914,"temperature":33.891667}
{"deviceid":"b81e905908354542","eventtype":"barometer","timestamp":1456248357967,"userid":"vincent.planat@hpe.com","trainingMode":"WALKING_UP","airPressure":990.400391,"temperature":33.945833}
{"deviceid":"b81e905908354542","eventtype":"barometer","timestamp":1456248355032,"userid":"vincent.planat@hpe.com","trainingMode":"WALKING_UP","airPressure":990.554688,"temperature":33.96875}
{"deviceid":"b81e905908354542","eventtype":"barometer","timestamp":1456248337197,"userid":"vincent.planat@hpe.com","trainingMode":"WALKING_UP","airPressure":991.27002,"temperature":34.11875}
