{"deviceid":"b81e905908354542","eventtype":"altimeter","timestamp":1456248657045,"userid":"vincent.planat@hpe.com","trainingMode":"SITTING","flightsAscended":19,"flightsDescended":12,"rate":1.0,"steppingGain":5412,"steppingLoss":4408,"stepsAscended":870,"stepsDescended":938,"totalGain":19441,"totalLoss":17547}
{"deviceid":"b81e905908354542","eventtype":"altimeter","timestamp":1456248624549,"userid":"vincent.planat@hpe.com","trainingMode":"WALKING","flightsAscended":19,"flightsDescended":12,"rate":-1.0,"steppingGain":5412,"steppingLoss":4280,"stepsAscended":870,"stepsDescended":856,"totalGain":19441,"totalLoss":17419}
{"deviceid":"b81e905908354542","eventtype":"altimeter","timestamp":1456248641977,"userid":"vincent.planat@hpe.com","trainingMode":"WALKING","flightsAscended":19,"flightsDescended":12,"rate":-8.0,"steppingGain":5412,"steppingLoss":4408,"stepsAscended":870,"stepsDescended":938,"totalGain":19441,"totalLoss":17547}
{"deviceid":"b81e905908354542","eventtype":"altimeter","timestamp":1456248639013,"userid":"vincent.planat@hpe.com","trainingMode":"WALKING","flightsAscended":19,"flightsDescended":12,"rate":-14.0,"steppingGain":5412,"steppingLoss":4408,"stepsAscended":870,"stepsDescended":938,"totalGain":19441,"totalLoss":17547}
{"deviceid":"b81e905908354542","eventtype":"altimeter","timestamp":1456248650021,"userid":"vincent.planat@hpe.com","trainingMode":"SITTING","flightsAscended":19,"flightsDescended":12,"rate":-8.0,"steppingGain":5412,"steppingLoss":4408,"stepsAscended":870,"stepsDescended":938,"totalGain":19441,"totalLoss":17547}
{"deviceid":"b81e905908354542","eventtype":"altimeter","timestamp":1456248634081,"userid":"vincent.planat@hpe.com","trainingMode":"WALKING","flightsAscended":19,"flightsDescended":12,"rate":-8.0,"steppingGain":5412,"steppingLoss":4280,"stepsAscended":870,"stepsDescended":856,"totalGain":19441,"totalLoss":17419}
{"deviceid":"b81e905908354542","eventtype":"altimeter","timestamp":1456248650004,"userid":"vincent.planat@hpe.com","trainingMode":"SITTING","flightsAscended":19,"flightsDescended":12,"rate":-8.0,"steppingGain":5412,"steppingLoss":4408,"stepsAscended":870,"stepsDescended":938,"totalGain":19441,"totalLoss":17547}
{"deviceid":"b81e905908354542","eventtype":"altimeter","timestamp":1456248659517,"userid":"vincent.planat@hpe.com","trainingMode":"SITTING","flightsAscended":19,"flightsDescended":12,"rate":1.0,"steppingGain":5412,"steppingLoss":4408,"stepsAscended":870,"stepsDescended":938,"totalGain":19441,"totalLoss":17547}
{"deviceid":"b81e905908354542","eventtype":"altimeter","timestamp":1456248668975,"userid":"vincent.planat@hpe.com","trainingMode":"SITTING","flightsAscended":19,"flightsDescended":12,"rate":12.0,"steppingGain":5412,"steppingLoss":4408,"stepsAscended":870,"stepsDescended":938,"totalGain":19441,"totalLoss":17547}
{"deviceid":"b81e905908354542","eventtype":"altimeter","timestamp":1456248643052,"userid":"vincent.planat@hpe.com","trainingMode":"WALKING","flightsAscended":19,"flightsDescended":12,"rate":-5.0,"steppingGain":5412,"steppingLoss":4408,"stepsAscended":870,"stepsDescended":938,"totalGain":19441,"totalLoss":17547}
{"deviceid":"b81e905908354542","eventtype":"altimeter","timestamp":1456248630050,"userid":"vincent.planat@hpe.com","trainingMode":"WALKING","flightsAscended":19,"flightsDescended":12,"rate":1.0,"steppingGain":5412,"steppingLoss":4280,"stepsAscended":870,"stepsDescended":856,"totalGain":19441,"totalLoss":17419}
{"deviceid":"b81e905908354542","eventtype":"altimeter","timestamp":1456248655078,"userid":"vincent.planat@hpe.com","trainingMode":"SITTING","flightsAscended":19,"flightsDescended":12,"rate":-4.0,"steppingGain":5412,"steppingLoss":4408,"stepsAscended":870,"stepsDescended":938,"totalGain":19441,"totalLoss":17547}
{"deviceid":"b81e905908354542","eventtype":"altimeter","timestamp":1456248639026,"userid":"vincent.planat@hpe.com","trainingMode":"WALKING","flightsAscended":19,"flightsDescended":12,"rate":-14.0,"steppingGain":5412,"steppingLoss":4408,"stepsAscended":870,"stepsDescended":938,"totalGain":19441,"totalLoss":17547}
{"deviceid":"b81e905908354542","eventtype":"altimeter","timestamp":1456248627168,"userid":"vincent.planat@hpe.com","trainingMode":"WALKING","flightsAscended":19,"flightsDescended":12,"rate":-6.0,"steppingGain":5412,"steppingLoss":4280,"stepsAscended":870,"stepsDescended":856,"totalGain":19441,"totalLoss":17419}
{"deviceid":"b81e905908354542","eventtype":"altimeter","timestamp":1456248628977,"userid":"vincent.planat@hpe.com","trainingMode":"WALKING","flightsAscended":19,"flightsDescended":12,"rate":-1.0,"steppingGain":5412,"steppingLoss":4280,"stepsAscended":870,"stepsDescended":856,"totalGain":19441,"totalLoss":17419}
{"deviceid":"b81e905908354542","eventtype":"altimeter","timestamp":1456248660425,"userid":"vincent.planat@hpe.com","trainingMode":"SITTING","flightsAscended":19,"flightsDescended":12,"rate":6.0,"steppingGain":5412,"steppingLoss":4408,"stepsAscended":870,"stepsDescended":938,"totalGain":19441,"totalLoss":17547}
{"deviceid":"b81e905908354542","eventtype":"altimeter","timestamp":1456248636043,"userid":"vincent.planat@hpe.com","trainingMode":"WALKING","flightsAscended":19,"flightsDescended":12,"rate":-12.0,"steppingGain":5412,"steppingLoss":4280,"stepsAscended":870,"stepsDescended":856,"totalGain":19441,"totalLoss":17419}
{"deviceid":"b81e905908354542","eventtype":"altimeter","timestamp":1456248645757,"userid":"vincent.planat@hpe.com","trainingMode":"SITTING","flightsAscended":19,"flightsDescended":12,"rate":-4.0,"steppingGain":5412,"steppingLoss":4408,"stepsAscended":870,"stepsDescended":938,"totalGain":19441,"totalLoss":17547}
{"deviceid":"b81e905908354542","eventtype":"altimeter","timestamp":1456248658659,"userid":"vincent.planat@hpe.com","trainingMode":"SITTING","flightsAscended":19,"flightsDescended":12,"rate":3.0,"steppingGain":5412,"steppingLoss":4408,"stepsAscended":870,"stepsDescended":938,"totalGain":19441,"totalLoss":17547}
{"deviceid":"b81e905908354542","eventtype":"altimeter","timestamp":1456248628995,"userid":"vincent.planat@hpe.com","trainingMode":"WALKING","flightsAscended":19,"flightsDescended":12,"rate":-1.0,"steppingGain":5412,"steppingLoss":4280,"stepsAscended":870,"stepsDescended":856,"totalGain":19441,"totalLoss":17419}
{"deviceid":"b81e905908354542","eventtype":"altimeter","timestamp":1456248666020,"userid":"vincent.planat@hpe.com","trainingMode":"SITTING","flightsAscended":19,"flightsDescended":12,"rate":14.0,"steppingGain":5412,"steppingLoss":4408,"stepsAscended":870,"stepsDescended":938,"totalGain":19441,"totalLoss":17547}
{"deviceid":"b81e905908354542","eventtype":"altimeter","timestamp":1456248625326,"userid":"vincent.planat@hpe.com","trainingMode":"WALKING","flightsAscended":19,"flightsDescended":12,"rate":-3.0,"steppingGain":5412,"steppingLoss":4280,"stepsAscended":870,"stepsDescended":856,"totalGain":19441,"totalLoss":17419}
{"deviceid":"b81e905908354542","eventtype":"altimeter","timestamp":1456248662155,"userid":"vincent.planat@hpe.com","trainingMode":"SITTING","flightsAscended":19,"flightsDescended":12,"rate":13.0,"steppingGain":5412,"steppingLoss":4408,"stepsAscended":870,"stepsDescended":938,"totalGain":19441,"totalLoss":17547}
{"deviceid":"b81e905908354542","eventtype":"altimeter","timestamp":1456248653011,"userid":"vincent.planat@hpe.com","trainingMode":"SITTING","flightsAscended":19,"flightsDescended":12,"rate":-1.0,"steppingGain":5412,"steppingLoss":4408,"stepsAscended":870,"stepsDescended":938,"totalGain":19441,"totalLoss":17547}
{"deviceid":"b81e905908354542","eventtype":"altimeter","timestamp":1456248654043,"userid":"vincent.planat@hpe.com","trainingMode":"SITTING","flightsAscended":19,"flightsDescended":12,"rate":-3.0,"steppingGain":5412,"steppingLoss":4408,"stepsAscended":870,"stepsDescended":938,"totalGain":19441,"totalLoss":17547}
{"deviceid":"b81e905908354542","eventtype":"altimeter","timestamp":1456248657066,"userid":"vincent.planat@hpe.com","trainingMode":"SITTING","flightsAscended":19,"flightsDescended":12,"rate":1.0,"steppingGain":5412,"steppingLoss":4408,"stepsAscended":870,"stepsDescended":938,"totalGain":19441,"totalLoss":17547}
{"deviceid":"b81e905908354542","eventtype":"altimeter","timestamp":1456248666037,"userid":"vincent.planat@hpe.com","trainingMode":"SITTING","flightsAscended":19,"flightsDescended":12,"rate":14.0,"steppingGain":5412,"steppingLoss":4408,"stepsAscended":870,"stepsDescended":938,"totalGain":19441,"totalLoss":17547}
{"deviceid":"b81e905908354542","eventtype":"altimeter","timestamp":1456248665255,"userid":"vincent.planat@hpe.com","trainingMode":"SITTING","flightsAscended":19,"flightsDescended":12,"rate":13.0,"steppingGain":5412,"steppingLoss":4408,"stepsAscended":870,"stepsDescended":938,"totalGain":19441,"totalLoss":17547}
{"deviceid":"b81e905908354542","eventtype":"altimeter","timestamp":1456248640062,"userid":"vincent.planat@hpe.com","trainingMode":"WALKING","flightsAscended":19,"flightsDescended":12,"rate":-11.0,"steppingGain":5412,"steppingLoss":4408,"stepsAscended":870,"stepsDescended":938,"totalGain":19441,"totalLoss":17547}
{"deviceid":"b81e905908354542","eventtype":"altimeter","timestamp":1456248627153,"userid":"vincent.planat@hpe.com","trainingMode":"WALKING","flightsAscended":19,"flightsDescended":12,"rate":-6.0,"steppingGain":5412,"steppingLoss":4280,"stepsAscended":870,"stepsDescended":856,"totalGain":19441,"totalLoss":17419}
{"deviceid":"b81e905908354542","eventtype":"altimeter","timestamp":1456248668996,"userid":"vincent.planat@hpe.com","trainingMode":"SITTING","flightsAscended":19,"flightsDescended":12,"rate":12.0,"steppingGain":5412,"steppingLoss":4408,"stepsAscended":870,"stepsDescended":938,"totalGain":19441,"totalLoss":17547}
{"deviceid":"b81e905908354542","eventtype":"altimeter","timestamp":1456248632167,"userid":"vincent.planat@hpe.com","trainingMode":"WALKING","flightsAscended":19,"flightsDescended":12,"rate":-6.0,"steppingGain":5412,"steppingLoss":4280,"stepsAscended":870,"stepsDescended":856,"totalGain":19441,"totalLoss":17419}
{"deviceid":"b81e905908354542","eventtype":"altimeter","timestamp":1456248658640,"userid":"vincent.planat@hpe.com","trainingMode":"SITTING","flightsAscended":19,"flightsDescended":12,"rate":3.0,"steppingGain":5412,"steppingLoss":4408,"stepsAscended":870,"stepsDescended":938,"totalGain":19441,"totalLoss":17547}
{"deviceid":"b81e905908354542","eventtype":"altimeter","timestamp":1456248636061,"userid":"vincent.planat@hpe.com","trainingMode":"WALKING","flightsAscended":19,"flightsDescended":12,"rate":-12.0,"steppingGain":5412,"steppingLoss":4280,"stepsAscended":870,"stepsDescended":856,"totalGain":19441,"totalLoss":17419}
{"deviceid":"b81e905908354542","eventtype":"altimeter","timestamp":1456248660372,"userid":"vincent.planat@hpe.com","trainingMode":"SITTING","flightsAscended":19,"flightsDescended":12,"rate":6.0,"steppingGain":5412,"steppingLoss":4408,"stepsAscended":870,"stepsDescended":938,"totalGain":19441,"totalLoss":17547}
{"deviceid":"b81e905908354542","eventtype":"altimeter","timestamp":1456248633093,"userid":"vincent.planat@hpe.com","trainingMode":"WALKING","flightsAscended":19,"flightsDescended":12,"rate":-8.0,"steppingGain":5412,"steppingLoss":4280,"stepsAscended":870,"stepsDescended":856,"totalGain":19441,"totalLoss":17419}
{"deviceid":"b81e905908354542","eventtype":"altimeter","timestamp":1456248648990,"userid":"vincent.planat@hpe.com","trainingMode":"SITTING","flightsAscended":19,"flightsDescended":12,"rate":-10.0,"steppingGain":5412,"steppingLoss":4408,"stepsAscended":870,"stepsDescended":938,"totalGain":19441,"totalLoss":17547}
{"deviceid":"b81e905908354542","eventtype":"altimeter","timestamp":1456248654058,"userid":"vincent.planat@hpe.com","trainingMode":"SITTING","flightsAscended":19,"flightsDescended":12,"rate":-3.0,"steppingGain":5412,"steppingLoss":4408,"stepsAscended":870,"stepsDescended":938,"totalGain":19441,"totalLoss":17547}
{"deviceid":"b81e905908354542","eventtype":"altimeter","timestamp":1456248649003,"userid":"vincent.planat@hpe.com","trainingMode":"SITTING","flightsAscended":19,"flightsDescended":12,"rate":-10.0,"steppingGain":5412,"steppingLoss":4408,"stepsAscended":870,"stepsDescended":938,"totalGain":19441,"totalLoss":17547}
{"deviceid":"b81e905908354542","eventtype":"altimeter","timestamp":1456248667032,"userid":"vincent.planat@hpe.com","trainingMode":"SITTING","flightsAscended":19,"flightsDescended":12,"rate":14.0,"steppingGain":5412,"steppingLoss":4408,"stepsAscended":870,"stepsDescended":938,"totalGain":19441,"totalLoss":17547}
{"deviceid":"b81e905908354542","eventtype":"altimeter","timestamp":1456248651992,"userid":"vincent.planat@hpe.com","trainingMode":"SITTING","flightsAscended":19,"flightsDescended":12,"rate":-2.0,"steppingGain":5412,"steppingLoss":4408,"stepsAscended":870,"stepsDescended":938,"totalGain":19441,"totalLoss":17547}
{"deviceid":"b81e905908354542","eventtype":"altimeter","timestamp":1456248646502,"userid":"vincent.planat@hpe.com","trainingMode":"SITTING","flightsAscended":19,"flightsDescended":12,"rate":-4.0,"steppingGain":5412,"steppingLoss":4408,"stepsAscended":870,"stepsDescended":938,"totalGain":19441,"totalLoss":17547}
{"deviceid":"b81e905908354542","eventtype":"altimeter","timestamp":1456248664091,"userid":"vincent.planat@hpe.com","trainingMode":"SITTING","flightsAscended":19,"flightsDescended":12,"rate":15.0,"steppingGain":5412,"steppingLoss":4408,"stepsAscended":870,"stepsDescended":938,"totalGain":19441,"totalLoss":17547}
{"deviceid":"b81e905908354542","eventtype":"altimeter","timestamp":1456248659567,"userid":"vincent.planat@hpe.com","trainingMode":"SITTING","flightsAscended":19,"flightsDescended":12,"rate":1.0,"steppingGain":5412,"steppingLoss":4408,"stepsAscended":870,"stepsDescended":938,"totalGain":19441,"totalLoss":17547}
{"deviceid":"b81e905908354542","eventtype":"altimeter","timestamp":1456248640046,"userid":"vincent.planat@hpe.com","trainingMode":"WALKING","flightsAscended":19,"flightsDescended":12,"rate":-11.0,"steppingGain":5412,"steppingLoss":4408,"stepsAscended":870,"stepsDescended":938,"totalGain":19441,"totalLoss":17547}
{"deviceid":"b81e905908354542","eventtype":"altimeter","timestamp":1456248648227,"userid":"vincent.planat@hpe.com","trainingMode":"SITTING","flightsAscended":19,"flightsDescended":12,"rate":-9.0,"steppingGain":5412,"steppingLoss":4408,"stepsAscended":870,"stepsDescended":938,"totalGain":19441,"totalLoss":17547}
{"deviceid":"b81e905908354542","eventtype":"altimeter","timestamp":1456248667050,"userid":"vincent.planat@hpe.com","trainingMode":"SITTING","flightsAscended":19,"flightsDescended":12,"rate":14.0,"steppingGain":5412,"steppingLoss":4408,"stepsAscended":870,"stepsDescended":938,"totalGain":19441,"totalLoss":17547}
{"deviceid":"b81e905908354542","eventtype":"altimeter","timestamp":1456248662985,"userid":"vincent.planat@hpe.com","trainingMode":"SITTING","flightsAscended":19,"flightsDescended":12,"rate":15.0,"steppingGain":5412,"steppingLoss":4408,"stepsAscended":870,"stepsDescended":938,"totalGain":19441,"totalLoss":17547}
{"deviceid":"b81e905908354542","eventtype":"altimeter","timestamp":1456248664112,"userid":"vincent.planat@hpe.com","trainingMode":"SITTING","flightsAscended":19,"flightsDescended":12,"rate":15.0,"steppingGain":5412,"steppingLoss":4408,"stepsAscended":870,"stepsDescended":938,"totalGain":19441,"totalLoss":17547}
{"deviceid":"b81e905908354542","eventtype":"altimeter","timestamp":1456248638098,"userid":"vincent.planat@hpe.com","trainingMode":"WALKING","flightsAscended":19,"flightsDescended":12,"rate":-15.0,"steppingGain":5412,"steppingLoss":4408,"stepsAscended":870,"stepsDescended":938,"totalGain":19441,"totalLoss":17547}
{"deviceid":"b81e905908354542","eventtype":"altimeter","timestamp":1456248655126,"userid":"vincent.planat@hpe.com","trainingMode":"SITTING","flightsAscended":19,"flightsDescended":12,"rate":-4.0,"steppingGain":5412,"steppingLoss":4408,"stepsAscended":870,"stepsDescended":938,"totalGain":19441,"totalLoss":17547}
{"deviceid":"b81e905908354542","eventtype":"altimeter","timestamp":1456248665273,"userid":"vincent.planat@hpe.com","trainingMode":"SITTING","flightsAscended":19,"flightsDescended":12,"rate":13.0,"steppingGain":5412,"steppingLoss":4408,"stepsAscended":870,"stepsDescended":938,"totalGain":19441,"totalLoss":17547}
{"deviceid":"b81e905908354542","eventtype":"altimeter","timestamp":1456248668072,"userid":"vincent.planat@hpe.com","trainingMode":"SITTING","flightsAscended":19,"flightsDescended":12,"rate":12.0,"steppingGain":5412,"steppingLoss":4408,"stepsAscended":870,"stepsDescended":938,"totalGain":19441,"totalLoss":17547}
{"deviceid":"b81e905908354542","eventtype":"altimeter","timestamp":1456248626278,"userid":"vincent.planat@hpe.com","trainingMode":"WALKING","flightsAscended":19,"flightsDescended":12,"rate":-5.0,"steppingGain":5412,"steppingLoss":4280,"stepsAscended":870,"stepsDescended":856,"totalGain":19441,"totalLoss":17419}
{"deviceid":"b81e905908354542","eventtype":"altimeter","timestamp":1456248633046,"userid":"vincent.planat@hpe.com","trainingMode":"WALKING","flightsAscended":19,"flightsDescended":12,"rate":-8.0,"steppingGain":5412,"steppingLoss":4280,"stepsAscended":870,"stepsDescended":856,"totalGain":19441,"totalLoss":17419}
{"deviceid":"b81e905908354542","eventtype":"altimeter","timestamp":1456248647461,"userid":"vincent.planat@hpe.com","trainingMode":"SITTING","flightsAscended":19,"flightsDescended":12,"rate":-4.0,"steppingGain":5412,"steppingLoss":4408,"stepsAscended":870,"stepsDescended":938,"totalGain":19441,"totalLoss":17547}
{"deviceid":"b81e905908354542","eventtype":"altimeter","timestamp":1456248661264,"userid":"vincent.planat@hpe.com","trainingMode":"SITTING","flightsAscended":19,"flightsDescended":12,"rate":8.0,"steppingGain":5412,"steppingLoss":4408,"stepsAscended":870,"stepsDescended":938,"totalGain":19441,"totalLoss":17547}
{"deviceid":"b81e905908354542","eventtype":"altimeter","timestamp":1456248631408,"userid":"vincent.planat@hpe.com","trainingMode":"WALKING","flightsAscended":19,"flightsDescended":12,"rate":-3.0,"steppingGain":5412,"steppingLoss":4280,"stepsAscended":870,"stepsDescended":856,"totalGain":19441,"totalLoss":17419}
{"deviceid":"b81e905908354542","eventtype":"altimeter","timestamp":1456248637086,"userid":"vincent.planat@hpe.com","trainingMode":"WALKING","flightsAscended":19,"flightsDescended":12,"rate":-14.0,"steppingGain":5412,"steppingLoss":4408,"stepsAscended":870,"stepsDescended":938,"totalGain":19441,"totalLoss":17547}
{"deviceid":"b81e905908354542","eventtype":"altimeter","timestamp":1456248631358,"userid":"vincent.planat@hpe.com","trainingMode":"WALKING","flightsAscended":19,"flightsDescended":12,"rate":-3.0,"steppingGain":5412,"steppingLoss":4280,"stepsAscended":870,"stepsDescended":856,"totalGain":19441,"totalLoss":17419}
{"deviceid":"b81e905908354542","eventtype":"altimeter","timestamp":1456248651177,"userid":"vincent.planat@hpe.com","trainingMode":"SITTING","flightsAscended":19,"flightsDescended":12,"rate":-7.0,"steppingGain":5412,"steppingLoss":4408,"stepsAscended":870,"stepsDescended":938,"totalGain":19441,"totalLoss":17547}
{"deviceid":"b81e905908354542","eventtype":"altimeter","timestamp":1456248668086,"userid":"vincent.planat@hpe.com","trainingMode":"SITTING","flightsAscended":19,"flightsDescended":12,"rate":12.0,"steppingGain":5412,"steppingLoss":4408,"stepsAscended":870,"stepsDescended":938,"totalGain":19441,"totalLoss":17547}
{"deviceid":"b81e905908354542","eventtype":"altimeter","timestamp":1456248663000,"userid":"vincent.planat@hpe.com","trainingMode":"SITTING","flightsAscended":19,"flightsDescended":12,"rate":15.0,"steppingGain":5412,"steppingLoss":4408,"stepsAscended":870,"stepsDescended":938,"totalGain":19441,"totalLoss":17547}
{"deviceid":"b81e905908354542","eventtype":"altimeter","timestamp":1456248661327,"userid":"vincent.planat@hpe.com","trainingMode":"SITTING","flightsAscended":19,"flightsDescended":12,"rate":8.0,"steppingGain":5412,"steppingLoss":4408,"stepsAscended":870,"stepsDescended":938,"totalGain":19441,"totalLoss":17547}
{"deviceid":"b81e905908354542","eventtype":"altimeter","timestamp":1456248624564,"userid":"vincent.planat@hpe.com","trainingMode":"WALKING","flightsAscended":19,"flightsDescended":12,"rate":-1.0,"steppingGain":5412,"steppingLoss":4280,"stepsAscended":870,"stepsDescended":856,"totalGain":19441,"totalLoss":17419}
{"deviceid":"b81e905908354542","eventtype":"altimeter","timestamp":1456248652018,"userid":"vincent.planat@hpe.com","trainingMode":"SITTING","flightsAscended":19,"flightsDescended":12,"rate":-2.0,"steppingGain":5412,"steppingLoss":4408,"stepsAscended":870,"stepsDescended":938,"totalGain":19441,"totalLoss":17547}
{"deviceid":"b81e905908354542","eventtype":"altimeter","timestamp":1456248641036,"userid":"vincent.planat@hpe.com","trainingMode":"WALKING","flightsAscended":19,"flightsDescended":12,"rate":-7.0,"steppingGain":5412,"steppingLoss":4408,"stepsAscended":870,"stepsDescended":938,"totalGain":19441,"totalLoss":17547}
{"deviceid":"b81e905908354542","eventtype":"altimeter","timestamp":1456248653027,"userid":"vincent.planat@hpe.com","trainingMode":"SITTING","flightsAscended":19,"flightsDescended":12,"rate":-1.0,"steppingGain":5412,"steppingLoss":4408,"stepsAscended":870,"stepsDescended":938,"totalGain":19441,"totalLoss":17547}
{"deviceid":"b81e905908354542","eventtype":"altimeter","timestamp":1456248662111,"userid":"vincent.planat@hpe.com","trainingMode":"SITTING","flightsAscended":19,"flightsDescended":12,"rate":13.0,"steppingGain":5412,"steppingLoss":4408,"stepsAscended":870,"stepsDescended":938,"totalGain":19441,"totalLoss":17547}
{"deviceid":"b81e905908354542","eventtype":"altimeter","timestamp":1456248626293,"userid":"vincent.planat@hpe.com","trainingMode":"WALKING","flightsAscended":19,"flightsDescended":12,"rate":-5.0,"steppingGain":5412,"steppingLoss":4280,"stepsAscended":870,"stepsDescended":856,"totalGain":19441,"totalLoss":17419}
{"deviceid":"b81e905908354542","eventtype":"altimeter","timestamp":1456248628047,"userid":"vincent.planat@hpe.com","trainingMode":"WALKING","flightsAscended":19,"flightsDescended":12,"rate":-6.0,"steppingGain":5412,"steppingLoss":4280,"stepsAscended":870,"stepsDescended":856,"totalGain":19441,"totalLoss":17419}
{"deviceid":"b81e905908354542","eventtype":"altimeter","timestamp":1456248634057,"userid":"vincent.planat@hpe.com","trainingMode":"WALKING","flightsAscended":19,"flightsDescended":12,"rate":-8.0,"steppingGain":5412,"steppingLoss":4280,"stepsAscended":870,"stepsDescended":856,"totalGain":19441,"totalLoss":17419}
{"deviceid":"b81e905908354542","eventtype":"altimeter","timestamp":1456248644723,"userid":"vincent.planat@hpe.com","trainingMode":"SITTING","flightsAscended":19,"flightsDescended":12,"rate":-5.0,"steppingGain":5412,"steppingLoss":4408,"stepsAscended":870,"stepsDescended":938,"totalGain":19441,"totalLoss":17547}
{"deviceid":"b81e905908354542","eventtype":"altimeter","timestamp":1456248646483,"userid":"vincent.planat@hpe.com","trainingMode":"SITTING","flightsAscended":19,"flightsDescended":12,"rate":-4.0,"steppingGain":5412,"steppingLoss":4408,"stepsAscended":870,"stepsDescended":938,"totalGain":19441,"totalLoss":17547}
{"deviceid":"b81e905908354542","eventtype":"altimeter","timestamp":1456248625310,"userid":"vincent.planat@hpe.com","trainingMode":"WALKING","flightsAscended":19,"flightsDescended":12,"rate":-3.0,"steppingGain":5412,"steppingLoss":4280,"stepsAscended":870,"stepsDescended":856,"totalGain":19441,"totalLoss":17419}
{"deviceid":"b81e905908354542","eventtype":"altimeter","timestamp":1456248632219,"userid":"vincent.planat@hpe.com","trainingMode":"WALKING","flightsAscended":19,"flightsDescended":12,"rate":-6.0,"steppingGain":5412,"steppingLoss":4280,"stepsAscended":870,"stepsDescended":856,"totalGain":19441,"totalLoss":17419}
{"deviceid":"b81e905908354542","eventtype":"altimeter","timestamp":1456248656008,"userid":"vincent.planat@hpe.com","trainingMode":"SITTING","flightsAscended":19,"flightsDescended":12,"rate":-2.0,"steppingGain":5412,"steppingLoss":4408,"stepsAscended":870,"stepsDescended":938,"totalGain":19441,"totalLoss":17547}
{"deviceid":"b81e905908354542","eventtype":"altimeter","timestamp":1456248656021,"userid":"vincent.planat@hpe.com","trainingMode":"SITTING","flightsAscended":19,"flightsDescended":12,"rate":-2.0,"steppingGain":5412,"steppingLoss":4408,"stepsAscended":870,"stepsDescended":938,"totalGain":19441,"totalLoss":17547}
{"deviceid":"b81e905908354542","eventtype":"altimeter","timestamp":1456248634975,"userid":"vincent.planat@hpe.com","trainingMode":"WALKING","flightsAscended":19,"flightsDescended":12,"rate":-9.0,"steppingGain":5412,"steppingLoss":4280,"stepsAscended":870,"stepsDescended":856,"totalGain":19441,"totalLoss":17419}
{"deviceid":"b81e905908354542","eventtype":"altimeter","timestamp":1456248634991,"userid":"vincent.planat@hpe.com","trainingMode":"WALKING","flightsAscended":19,"flightsDescended":12,"rate":-9.0,"steppingGain":5412,"steppingLoss":4280,"stepsAscended":870,"stepsDescended":856,"totalGain":19441,"totalLoss":17419}
{"deviceid":"b81e905908354542","eventtype":"altimeter","timestamp":1456248637062,"userid":"vincent.planat@hpe.com","trainingMode":"WALKING","flightsAscended":19,"flightsDescended":12,"rate":-14.0,"steppingGain":5412,"steppingLoss":4408,"stepsAscended":870,"stepsDescended":938,"totalGain":19441,"totalLoss":17547}
{"deviceid":"b81e905908354542","eventtype":"altimeter","timestamp":1456248628066,"userid":"vincent.planat@hpe.com","trainingMode":"WALKING","flightsAscended":19,"flightsDescended":12,"rate":-6.0,"steppingGain":5412,"steppingLoss":4280,"stepsAscended":870,"stepsDescended":856,"totalGain":19441,"totalLoss":17419}
{"deviceid":"b81e905908354542","eventtype":"altimeter","timestamp":1456248641058,"userid":"vincent.planat@hpe.com","trainingMode":"WALKING","flightsAscended":19,"flightsDescended":12,"rate":-7.0,"steppingGain":5412,"steppingLoss":4408,"stepsAscended":870,"stepsDescended":938,"totalGain":19441,"totalLoss":17547}
{"deviceid":"b81e905908354542","eventtype":"altimeter","timestamp":1456248643037,"userid":"vincent.planat@hpe.com","trainingMode":"WALKING","flightsAscended":19,"flightsDescended":12,"rate":-5.0,"steppingGain":5412,"steppingLoss":4408,"stepsAscended":870,"stepsDescended":938,"totalGain":19441,"totalLoss":17547}
{"deviceid":"b81e905908354542","eventtype":"altimeter","timestamp":1456248630033,"userid":"vincent.planat@hpe.com","trainingMode":"WALKING","flightsAscended":19,"flightsDescended":12,"rate":1.0,"steppingGain":5412,"steppingLoss":4280,"stepsAscended":870,"stepsDescended":856,"totalGain":19441,"totalLoss":17419}
{"deviceid":"b81e905908354542","eventtype":"altimeter","timestamp":1456248648242,"userid":"vincent.planat@hpe.com","trainingMode":"SITTING","flightsAscended":19,"flightsDescended":12,"rate":-9.0,"steppingGain":5412,"steppingLoss":4408,"stepsAscended":870,"stepsDescended":938,"totalGain":19441,"totalLoss":17547}
{"deviceid":"b81e905908354542","eventtype":"altimeter","timestamp":1456248647443,"userid":"vincent.planat@hpe.com","trainingMode":"SITTING","flightsAscended":19,"flightsDescended":12,"rate":-4.0,"steppingGain":5412,"steppingLoss":4408,"stepsAscended":870,"stepsDescended":938,"totalGain":19441,"totalLoss":17547}
{"deviceid":"b81e905908354542","eventtype":"altimeter","timestamp":1456248638082,"userid":"vincent.planat@hpe.com","trainingMode":"WALKING","flightsAscended":19,"flightsDescended":12,"rate":-15.0,"steppingGain":5412,"steppingLoss":4408,"stepsAscended":870,"stepsDescended":938,"totalGain":19441,"totalLoss":17547}
{"deviceid":"b81e905908354542","eventtype":"altimeter","timestamp":1456248645742,"userid":"vincent.planat@hpe.com","trainingMode":"SITTING","flightsAscended":19,"flightsDescended":12,"rate":-4.0,"steppingGain":5412,"steppingLoss":4408,"stepsAscended":870,"stepsDescended":938,"totalGain":19441,"totalLoss":17547}
{"deviceid":"b81e905908354542","eventtype":"altimeter","timestamp":1456248641992,"userid":"vincent.planat@hpe.com","trainingMode":"WALKING","flightsAscended":19,"flightsDescended":12,"rate":-8.0,"steppingGain":5412,"steppingLoss":4408,"stepsAscended":870,"stepsDescended":938,"totalGain":19441,"totalLoss":17547}
{"deviceid":"b81e905908354542","eventtype":"altimeter","timestamp":1456248651158,"userid":"vincent.planat@hpe.com","trainingMode":"SITTING","flightsAscended":19,"flightsDescended":12,"rate":-7.0,"steppingGain":5412,"steppingLoss":4408,"stepsAscended":870,"stepsDescended":938,"totalGain":19441,"totalLoss":17547}
{"deviceid":"b81e905908354542","eventtype":"altimeter","timestamp":1456248644513,"userid":"vincent.planat@hpe.com","trainingMode":"SITTING","flightsAscended":19,"flightsDescended":12,"rate":-5.0,"steppingGain":5412,"steppingLoss":4408,"stepsAscended":870,"stepsDescended":938,"totalGain":19441,"totalLoss":17547}
