{"deviceid":"b81e905908354542","eventtype":"barometer","timestamp":1456248584981,"userid":"vincent.planat@hpe.com","trainingMode":"WALKING","airPressure":990.361816,"temperature":32.752083}
{"deviceid":"b81e905908354542","eventtype":"barometer","timestamp":1456248579095,"userid":"vincent.planat@hpe.com","trainingMode":"WALKING","airPressure":990.368164,"temperature":32.75}
{"deviceid":"b81e905908354542","eventtype":"barometer","timestamp":1456248600966,"userid":"vincent.planat@hpe.com","trainingMode":"WALKING","airPressure":990.197998,"temperature":32.685417}
{"deviceid":"b81e905908354542","eventtype":"barometer","timestamp":1456248600200,"userid":"vincent.planat@hpe.com","trainingMode":"WALKING","airPressure":990.175293,"temperature":32.6875}
{"deviceid":"b81e905908354542","eventtype":"barometer","timestamp":1456248566004,"userid":"vincent.planat@hpe.com","trainingMode":"WALKING_UP","airPressure":990.339111,"temperature":32.779167}
{"deviceid":"b81e905908354542","eventtype":"barometer","timestamp":1456248607023,"userid":"vincent.planat@hpe.com","trainingMode":"WALKING","airPressure":990.236572,"temperature":32.658333}
{"deviceid":"b81e905908354542","eventtype":"barometer","timestamp":1456248579991,"userid":"vincent.planat@hpe.com","trainingMode":"WALKING","airPressure":990.4104,"temperature":32.752083}
{"deviceid":"b81e905908354542","eventtype":"barometer","timestamp":1456248607043,"userid":"vincent.planat@hpe.com","trainingMode":"WALKING","airPressure":990.236572,"temperature":32.658333}
{"deviceid":"b81e905908354542","eventtype":"barometer","timestamp":1456248565993,"userid":"vincent.planat@hpe.com","trainingMode":"WALKING_UP","airPressure":990.339111,"temperature":32.779167}
{"deviceid":"b81e905908354542","eventtype":"barometer","timestamp":1456248578015,"userid":"vincent.planat@hpe.com","trainingMode":"WALKING","airPressure":990.423828,"temperature":32.747917}
{"deviceid":"b81e905908354542","eventtype":"barometer","timestamp":1456248594036,"userid":"vincent.planat@hpe.com","trainingMode":"WALKING","airPressure":990.217041,"temperature":32.714583}
{"deviceid":"b81e905908354542","eventtype":"barometer","timestamp":1456248566985,"userid":"vincent.planat@hpe.com","trainingMode":"WALKING_UP","airPressure":990.416748,"temperature":32.766667}
{"deviceid":"b81e905908354542","eventtype":"barometer","timestamp":1456248582303,"userid":"vincent.planat@hpe.com","trainingMode":"WALKING","airPressure":990.345459,"temperature":32.75}
{"deviceid":"b81e905908354542","eventtype":"barometer","timestamp":1456248597047,"userid":"vincent.planat@hpe.com","trainingMode":"WALKING","airPressure":990.17749,"temperature":32.697917}
{"deviceid":"b81e905908354542","eventtype":"barometer","timestamp":1456248565149,"userid":"vincent.planat@hpe.com","trainingMode":"WALKING_UP","airPressure":990.357178,"temperature":32.795833}
{"deviceid":"b81e905908354542","eventtype":"barometer","timestamp":1456248568999,"userid":"vincent.planat@hpe.com","trainingMode":"WALKING_UP","airPressure":990.348145,"temperature":32.758333}
{"deviceid":"b81e905908354542","eventtype":"barometer","timestamp":1456248579031,"userid":"vincent.planat@hpe.com","trainingMode":"WALKING","airPressure":990.368164,"temperature":32.75}
{"deviceid":"b81e905908354542","eventtype":"barometer","timestamp":1456248571953,"userid":"vincent.planat@hpe.com","trainingMode":"WALKING_UP","airPressure":990.444824,"temperature":32.754167}
{"deviceid":"b81e905908354542","eventtype":"barometer","timestamp":1456248603972,"userid":"vincent.planat@hpe.com","trainingMode":"WALKING","airPressure":990.219971,"temperature":32.679167}
{"deviceid":"b81e905908354542","eventtype":"barometer","timestamp":1456248588019,"userid":"vincent.planat@hpe.com","trainingMode":"WALKING","airPressure":990.372803,"temperature":32.733333}
{"deviceid":"b81e905908354542","eventtype":"barometer","timestamp":1456248592037,"userid":"vincent.planat@hpe.com","trainingMode":"WALKING","airPressure":990.230225,"temperature":32.716667}
{"deviceid":"b81e905908354542","eventtype":"barometer","timestamp":1456248605142,"userid":"vincent.planat@hpe.com","trainingMode":"WALKING","airPressure":990.256592,"temperature":32.66875}
{"deviceid":"b81e905908354542","eventtype":"barometer","timestamp":1456248583176,"userid":"vincent.planat@hpe.com","trainingMode":"WALKING","airPressure":990.319824,"temperature":32.745833}
{"deviceid":"b81e905908354542","eventtype":"barometer","timestamp":1456248595984,"userid":"vincent.planat@hpe.com","trainingMode":"WALKING","airPressure":990.208496,"temperature":32.708333}
{"deviceid":"b81e905908354542","eventtype":"barometer","timestamp":1456248591025,"userid":"vincent.planat@hpe.com","trainingMode":"WALKING","airPressure":990.229004,"temperature":32.725}
{"deviceid":"b81e905908354542","eventtype":"barometer","timestamp":1456248598491,"userid":"vincent.planat@hpe.com","trainingMode":"WALKING","airPressure":990.204102,"temperature":32.697917}
{"deviceid":"b81e905908354542","eventtype":"barometer","timestamp":1456248570002,"userid":"vincent.planat@hpe.com","trainingMode":"WALKING_UP","airPressure":990.33667,"temperature":32.758333}
{"deviceid":"b81e905908354542","eventtype":"barometer","timestamp":1456248605997,"userid":"vincent.planat@hpe.com","trainingMode":"WALKING","airPressure":990.142334,"temperature":32.666667}
{"deviceid":"b81e905908354542","eventtype":"barometer","timestamp":1456248576979,"userid":"vincent.planat@hpe.com","trainingMode":"WALKING","airPressure":990.449463,"temperature":32.75}
{"deviceid":"b81e905908354542","eventtype":"barometer","timestamp":1456248587965,"userid":"vincent.planat@hpe.com","trainingMode":"WALKING","airPressure":990.372803,"temperature":32.733333}
{"deviceid":"b81e905908354542","eventtype":"barometer","timestamp":1456248585975,"userid":"vincent.planat@hpe.com","trainingMode":"WALKING","airPressure":990.34082,"temperature":32.741667}
{"deviceid":"b81e905908354542","eventtype":"barometer","timestamp":1456248566999,"userid":"vincent.planat@hpe.com","trainingMode":"WALKING_UP","airPressure":990.416748,"temperature":32.766667}
{"deviceid":"b81e905908354542","eventtype":"barometer","timestamp":1456248569986,"userid":"vincent.planat@hpe.com","trainingMode":"WALKING_UP","airPressure":990.33667,"temperature":32.758333}
{"deviceid":"b81e905908354542","eventtype":"barometer","timestamp":1456248592059,"userid":"vincent.planat@hpe.com","trainingMode":"WALKING","airPressure":990.230225,"temperature":32.716667}
{"deviceid":"b81e905908354542","eventtype":"barometer","timestamp":1456248590018,"userid":"vincent.planat@hpe.com","trainingMode":"WALKING","airPressure":990.281006,"temperature":32.73125}
{"deviceid":"b81e905908354542","eventtype":"barometer","timestamp":1456248573001,"userid":"vincent.planat@hpe.com","trainingMode":"WALKING_UP","airPressure":990.352539,"temperature":32.758333}
{"deviceid":"b81e905908354542","eventtype":"barometer","timestamp":1456248578029,"userid":"vincent.planat@hpe.com","trainingMode":"WALKING","airPressure":990.423828,"temperature":32.747917}
{"deviceid":"b81e905908354542","eventtype":"barometer","timestamp":1456248588964,"userid":"vincent.planat@hpe.com","trainingMode":"WALKING","airPressure":990.356201,"temperature":32.733333}
{"deviceid":"b81e905908354542","eventtype":"barometer","timestamp":1456248564417,"userid":"vincent.planat@hpe.com","trainingMode":"WALKING_UP","airPressure":990.413086,"temperature":32.80625}
{"deviceid":"b81e905908354542","eventtype":"barometer","timestamp":1456248607973,"userid":"vincent.planat@hpe.com","trainingMode":"WALKING","airPressure":990.209473,"temperature":32.65625}
{"deviceid":"b81e905908354542","eventtype":"barometer","timestamp":1456248608937,"userid":"vincent.planat@hpe.com","trainingMode":"WALKING","airPressure":990.235596,"temperature":32.647917}
{"deviceid":"b81e905908354542","eventtype":"barometer","timestamp":1456248584070,"userid":"vincent.planat@hpe.com","trainingMode":"WALKING","airPressure":990.319824,"temperature":32.745833}
{"deviceid":"b81e905908354542","eventtype":"barometer","timestamp":1456248595013,"userid":"vincent.planat@hpe.com","trainingMode":"WALKING","airPressure":990.247314,"temperature":32.7125}
{"deviceid":"b81e905908354542","eventtype":"barometer","timestamp":1456248593072,"userid":"vincent.planat@hpe.com","trainingMode":"WALKING","airPressure":990.243652,"temperature":32.720833}
{"deviceid":"b81e905908354542","eventtype":"barometer","timestamp":1456248574156,"userid":"vincent.planat@hpe.com","trainingMode":"WALKING","airPressure":990.390137,"temperature":32.758333}
{"deviceid":"b81e905908354542","eventtype":"barometer","timestamp":1456248583162,"userid":"vincent.planat@hpe.com","trainingMode":"WALKING","airPressure":990.319824,"temperature":32.745833}
{"deviceid":"b81e905908354542","eventtype":"barometer","timestamp":1456248600180,"userid":"vincent.planat@hpe.com","trainingMode":"WALKING","airPressure":990.175293,"temperature":32.6875}
{"deviceid":"b81e905908354542","eventtype":"barometer","timestamp":1456248579976,"userid":"vincent.planat@hpe.com","trainingMode":"WALKING","airPressure":990.4104,"temperature":32.752083}
{"deviceid":"b81e905908354542","eventtype":"barometer","timestamp":1456248581475,"userid":"vincent.planat@hpe.com","trainingMode":"WALKING","airPressure":990.380859,"temperature":32.752083}
{"deviceid":"b81e905908354542","eventtype":"barometer","timestamp":1456248565165,"userid":"vincent.planat@hpe.com","trainingMode":"WALKING_UP","airPressure":990.357178,"temperature":32.795833}
{"deviceid":"b81e905908354542","eventtype":"barometer","timestamp":1456248586023,"userid":"vincent.planat@hpe.com","trainingMode":"WALKING","airPressure":990.34082,"temperature":32.741667}
{"deviceid":"b81e905908354542","eventtype":"barometer","timestamp":1456248599279,"userid":"vincent.planat@hpe.com","trainingMode":"WALKING","airPressure":990.170898,"temperature":32.69375}
{"deviceid":"b81e905908354542","eventtype":"barometer","timestamp":1456248598506,"userid":"vincent.planat@hpe.com","trainingMode":"WALKING","airPressure":990.204102,"temperature":32.697917}
{"deviceid":"b81e905908354542","eventtype":"barometer","timestamp":1456248594011,"userid":"vincent.planat@hpe.com","trainingMode":"WALKING","airPressure":990.217041,"temperature":32.714583}
{"deviceid":"b81e905908354542","eventtype":"barometer","timestamp":1456248575036,"userid":"vincent.planat@hpe.com","trainingMode":"WALKING","airPressure":990.35498,"temperature":32.752083}
{"deviceid":"b81e905908354542","eventtype":"barometer","timestamp":1456248568041,"userid":"vincent.planat@hpe.com","trainingMode":"WALKING_UP","airPressure":990.304443,"temperature":32.7625}
{"deviceid":"b81e905908354542","eventtype":"barometer","timestamp":1456248581455,"userid":"vincent.planat@hpe.com","trainingMode":"WALKING","airPressure":990.380859,"temperature":32.752083}
{"deviceid":"b81e905908354542","eventtype":"barometer","timestamp":1456248586993,"userid":"vincent.planat@hpe.com","trainingMode":"WALKING","airPressure":990.357178,"temperature":32.741667}
{"deviceid":"b81e905908354542","eventtype":"barometer","timestamp":1456248599264,"userid":"vincent.planat@hpe.com","trainingMode":"WALKING","airPressure":990.170898,"temperature":32.69375}
{"deviceid":"b81e905908354542","eventtype":"barometer","timestamp":1456248590038,"userid":"vincent.planat@hpe.com","trainingMode":"WALKING","airPressure":990.281006,"temperature":32.73125}
{"deviceid":"b81e905908354542","eventtype":"barometer","timestamp":1456248576961,"userid":"vincent.planat@hpe.com","trainingMode":"WALKING","airPressure":990.449463,"temperature":32.75}
{"deviceid":"b81e905908354542","eventtype":"barometer","timestamp":1456248601954,"userid":"vincent.planat@hpe.com","trainingMode":"WALKING","airPressure":990.169678,"temperature":32.68125}
{"deviceid":"b81e905908354542","eventtype":"barometer","timestamp":1456248597032,"userid":"vincent.planat@hpe.com","trainingMode":"WALKING","airPressure":990.17749,"temperature":32.697917}
{"deviceid":"b81e905908354542","eventtype":"barometer","timestamp":1456248584965,"userid":"vincent.planat@hpe.com","trainingMode":"WALKING","airPressure":990.361816,"temperature":32.752083}
{"deviceid":"b81e905908354542","eventtype":"barometer","timestamp":1456248593051,"userid":"vincent.planat@hpe.com","trainingMode":"WALKING","airPressure":990.243652,"temperature":32.720833}
{"deviceid":"b81e905908354542","eventtype":"barometer","timestamp":1456248601972,"userid":"vincent.planat@hpe.com","trainingMode":"WALKING","airPressure":990.169678,"temperature":32.68125}
{"deviceid":"b81e905908354542","eventtype":"barometer","timestamp":1456248605123,"userid":"vincent.planat@hpe.com","trainingMode":"WALKING","airPressure":990.256592,"temperature":32.66875}
{"deviceid":"b81e905908354542","eventtype":"barometer","timestamp":1456248603988,"userid":"vincent.planat@hpe.com","trainingMode":"WALKING","airPressure":990.219971,"temperature":32.679167}
{"deviceid":"b81e905908354542","eventtype":"barometer","timestamp":1456248603007,"userid":"vincent.planat@hpe.com","trainingMode":"WALKING","airPressure":990.168945,"temperature":32.68125}
{"deviceid":"b81e905908354542","eventtype":"barometer","timestamp":1456248591009,"userid":"vincent.planat@hpe.com","trainingMode":"WALKING","airPressure":990.229004,"temperature":32.725}
{"deviceid":"b81e905908354542","eventtype":"barometer","timestamp":1456248582289,"userid":"vincent.planat@hpe.com","trainingMode":"WALKING","airPressure":990.345459,"temperature":32.75}
{"deviceid":"b81e905908354542","eventtype":"barometer","timestamp":1456248573017,"userid":"vincent.planat@hpe.com","trainingMode":"WALKING_UP","airPressure":990.352539,"temperature":32.758333}
{"deviceid":"b81e905908354542","eventtype":"barometer","timestamp":1456248595960,"userid":"vincent.planat@hpe.com","trainingMode":"WALKING","airPressure":990.208496,"temperature":32.708333}
{"deviceid":"b81e905908354542","eventtype":"barometer","timestamp":1456248575017,"userid":"vincent.planat@hpe.com","trainingMode":"WALKING","airPressure":990.35498,"temperature":32.752083}
{"deviceid":"b81e905908354542","eventtype":"barometer","timestamp":1456248576029,"userid":"vincent.planat@hpe.com","trainingMode":"WALKING","airPressure":990.377441,"temperature":32.75}
{"deviceid":"b81e905908354542","eventtype":"barometer","timestamp":1456248568027,"userid":"vincent.planat@hpe.com","trainingMode":"WALKING_UP","airPressure":990.304443,"temperature":32.7625}
{"deviceid":"b81e905908354542","eventtype":"barometer","timestamp":1456248606012,"userid":"vincent.planat@hpe.com","trainingMode":"WALKING","airPressure":990.142334,"temperature":32.666667}
{"deviceid":"b81e905908354542","eventtype":"barometer","timestamp":1456248584083,"userid":"vincent.planat@hpe.com","trainingMode":"WALKING","airPressure":990.319824,"temperature":32.745833}
{"deviceid":"b81e905908354542","eventtype":"barometer","timestamp":1456248576007,"userid":"vincent.planat@hpe.com","trainingMode":"WALKING","airPressure":990.377441,"temperature":32.75}
{"deviceid":"b81e905908354542","eventtype":"barometer","timestamp":1456248570971,"userid":"vincent.planat@hpe.com","trainingMode":"WALKING_UP","airPressure":990.405029,"temperature":32.75625}
{"deviceid":"b81e905908354542","eventtype":"barometer","timestamp":1456248600982,"userid":"vincent.planat@hpe.com","trainingMode":"WALKING","airPressure":990.197998,"temperature":32.685417}
{"deviceid":"b81e905908354542","eventtype":"barometer","timestamp":1456248594997,"userid":"vincent.planat@hpe.com","trainingMode":"WALKING","airPressure":990.247314,"temperature":32.7125}
{"deviceid":"b81e905908354542","eventtype":"barometer","timestamp":1456248588985,"userid":"vincent.planat@hpe.com","trainingMode":"WALKING","airPressure":990.356201,"temperature":32.733333}
{"deviceid":"b81e905908354542","eventtype":"barometer","timestamp":1456248564433,"userid":"vincent.planat@hpe.com","trainingMode":"WALKING_UP","airPressure":990.413086,"temperature":32.80625}
{"deviceid":"b81e905908354542","eventtype":"barometer","timestamp":1456248570985,"userid":"vincent.planat@hpe.com","trainingMode":"WALKING_UP","airPressure":990.405029,"temperature":32.75625}
{"deviceid":"b81e905908354542","eventtype":"barometer","timestamp":1456248608929,"userid":"vincent.planat@hpe.com","trainingMode":"WALKING","airPressure":990.235596,"temperature":32.647917}
{"deviceid":"b81e905908354542","eventtype":"barometer","timestamp":1456248574177,"userid":"vincent.planat@hpe.com","trainingMode":"WALKING","airPressure":990.390137,"temperature":32.758333}
{"deviceid":"b81e905908354542","eventtype":"barometer","timestamp":1456248586979,"userid":"vincent.planat@hpe.com","trainingMode":"WALKING","airPressure":990.357178,"temperature":32.741667}
{"deviceid":"b81e905908354542","eventtype":"barometer","timestamp":1456248568984,"userid":"vincent.planat@hpe.com","trainingMode":"WALKING_UP","airPressure":990.348145,"temperature":32.758333}
{"deviceid":"b81e905908354542","eventtype":"barometer","timestamp":1456248602994,"userid":"vincent.planat@hpe.com","trainingMode":"WALKING","airPressure":990.168945,"temperature":32.68125}
{"deviceid":"b81e905908354542","eventtype":"barometer","timestamp":1456248607988,"userid":"vincent.planat@hpe.com","trainingMode":"WALKING","airPressure":990.209473,"temperature":32.65625}
{"deviceid":"b81e905908354542","eventtype":"barometer","timestamp":1456248571938,"userid":"vincent.planat@hpe.com","trainingMode":"WALKING_UP","airPressure":990.444824,"temperature":32.754167}
