{"deviceid":"b81e905908354542","eventtype":"altimeter","timestamp":1456248425298,"userid":"vincent.planat@hpe.com","trainingMode":"WALKING","flightsAscended":16,"flightsDescended":10,"rate":0.0,"steppingGain":4709,"steppingLoss":3381,"stepsAscended":784,"stepsDescended":666,"totalGain":18329,"totalLoss":16264}
{"deviceid":"b81e905908354542","eventtype":"altimeter","timestamp":1456248393995,"userid":"vincent.planat@hpe.com","trainingMode":"WALKING","flightsAscended":16,"flightsDescended":10,"rate":11.0,"steppingGain":4588,"steppingLoss":3381,"stepsAscended":774,"stepsDescended":666,"totalGain":18208,"totalLoss":16264}
{"deviceid":"b81e905908354542","eventtype":"altimeter","timestamp":1456248397213,"userid":"vincent.planat@hpe.com","trainingMode":"WALKING","flightsAscended":16,"flightsDescended":10,"rate":3.0,"steppingGain":4709,"steppingLoss":3381,"stepsAscended":784,"stepsDescended":666,"totalGain":18329,"totalLoss":16264}
{"deviceid":"b81e905908354542","eventtype":"altimeter","timestamp":1456248413366,"userid":"vincent.planat@hpe.com","trainingMode":"WALKING","flightsAscended":16,"flightsDescended":10,"rate":-6.0,"steppingGain":4709,"steppingLoss":3381,"stepsAscended":784,"stepsDescended":666,"totalGain":18329,"totalLoss":16264}
{"deviceid":"b81e905908354542","eventtype":"altimeter","timestamp":1456248423943,"userid":"vincent.planat@hpe.com","trainingMode":"WALKING","flightsAscended":16,"flightsDescended":10,"rate":-2.0,"steppingGain":4709,"steppingLoss":3381,"stepsAscended":784,"stepsDescended":666,"totalGain":18329,"totalLoss":16264}
{"deviceid":"b81e905908354542","eventtype":"altimeter","timestamp":1456248414231,"userid":"vincent.planat@hpe.com","trainingMode":"WALKING","flightsAscended":16,"flightsDescended":10,"rate":-5.0,"steppingGain":4709,"steppingLoss":3381,"stepsAscended":784,"stepsDescended":666,"totalGain":18329,"totalLoss":16264}
{"deviceid":"b81e905908354542","eventtype":"altimeter","timestamp":1456248422216,"userid":"vincent.planat@hpe.com","trainingMode":"WALKING","flightsAscended":16,"flightsDescended":10,"rate":-2.0,"steppingGain":4709,"steppingLoss":3381,"stepsAscended":784,"stepsDescended":666,"totalGain":18329,"totalLoss":16264}
{"deviceid":"b81e905908354542","eventtype":"altimeter","timestamp":1456248387987,"userid":"vincent.planat@hpe.com","trainingMode":"WALKING","flightsAscended":16,"flightsDescended":10,"rate":9.0,"steppingGain":4588,"steppingLoss":3381,"stepsAscended":774,"stepsDescended":666,"totalGain":18208,"totalLoss":16264}
{"deviceid":"b81e905908354542","eventtype":"altimeter","timestamp":1456248384344,"userid":"vincent.planat@hpe.com","trainingMode":"WALKING","flightsAscended":16,"flightsDescended":10,"rate":0.0,"steppingGain":4588,"steppingLoss":3381,"stepsAscended":774,"stepsDescended":666,"totalGain":18208,"totalLoss":16264}
{"deviceid":"b81e905908354542","eventtype":"altimeter","timestamp":1456248405972,"userid":"vincent.planat@hpe.com","trainingMode":"WALKING","flightsAscended":16,"flightsDescended":10,"rate":-2.0,"steppingGain":4709,"steppingLoss":3381,"stepsAscended":784,"stepsDescended":666,"totalGain":18329,"totalLoss":16264}
{"deviceid":"b81e905908354542","eventtype":"altimeter","timestamp":1456248415049,"userid":"vincent.planat@hpe.com","trainingMode":"WALKING","flightsAscended":16,"flightsDescended":10,"rate":-5.0,"steppingGain":4709,"steppingLoss":3381,"stepsAscended":784,"stepsDescended":666,"totalGain":18329,"totalLoss":16264}
{"deviceid":"b81e905908354542","eventtype":"altimeter","timestamp":1456248417939,"userid":"vincent.planat@hpe.com","trainingMode":"WALKING","flightsAscended":16,"flightsDescended":10,"rate":-1.0,"steppingGain":4709,"steppingLoss":3381,"stepsAscended":784,"stepsDescended":666,"totalGain":18329,"totalLoss":16264}
{"deviceid":"b81e905908354542","eventtype":"altimeter","timestamp":1456248421434,"userid":"vincent.planat@hpe.com","trainingMode":"WALKING","flightsAscended":16,"flightsDescended":10,"rate":-3.0,"steppingGain":4709,"steppingLoss":3381,"stepsAscended":784,"stepsDescended":666,"totalGain":18329,"totalLoss":16264}
{"deviceid":"b81e905908354542","eventtype":"altimeter","timestamp":1456248416963,"userid":"vincent.planat@hpe.com","trainingMode":"WALKING","flightsAscended":16,"flightsDescended":10,"rate":-1.0,"steppingGain":4709,"steppingLoss":3381,"stepsAscended":784,"stepsDescended":666,"totalGain":18329,"totalLoss":16264}
{"deviceid":"b81e905908354542","eventtype":"altimeter","timestamp":1456248380282,"userid":"vincent.planat@hpe.com","trainingMode":"WALKING","flightsAscended":16,"flightsDescended":10,"rate":1.0,"steppingGain":4588,"steppingLoss":3381,"stepsAscended":774,"stepsDescended":666,"totalGain":18208,"totalLoss":16264}
{"deviceid":"b81e905908354542","eventtype":"altimeter","timestamp":1456248406970,"userid":"vincent.planat@hpe.com","trainingMode":"WALKING","flightsAscended":16,"flightsDescended":10,"rate":-1.0,"steppingGain":4709,"steppingLoss":3381,"stepsAscended":784,"stepsDescended":666,"totalGain":18329,"totalLoss":16264}
{"deviceid":"b81e905908354542","eventtype":"altimeter","timestamp":1456248416976,"userid":"vincent.planat@hpe.com","trainingMode":"WALKING","flightsAscended":16,"flightsDescended":10,"rate":-1.0,"steppingGain":4709,"steppingLoss":3381,"stepsAscended":784,"stepsDescended":666,"totalGain":18329,"totalLoss":16264}
{"deviceid":"b81e905908354542","eventtype":"altimeter","timestamp":1456248405022,"userid":"vincent.planat@hpe.com","trainingMode":"WALKING","flightsAscended":16,"flightsDescended":10,"rate":-3.0,"steppingGain":4709,"steppingLoss":3381,"stepsAscended":784,"stepsDescended":666,"totalGain":18329,"totalLoss":16264}
{"deviceid":"b81e905908354542","eventtype":"altimeter","timestamp":1456248391994,"userid":"vincent.planat@hpe.com","trainingMode":"WALKING","flightsAscended":16,"flightsDescended":10,"rate":16.0,"steppingGain":4588,"steppingLoss":3381,"stepsAscended":774,"stepsDescended":666,"totalGain":18208,"totalLoss":16264}
{"deviceid":"b81e905908354542","eventtype":"altimeter","timestamp":1456248423035,"userid":"vincent.planat@hpe.com","trainingMode":"WALKING","flightsAscended":16,"flightsDescended":10,"rate":-3.0,"steppingGain":4709,"steppingLoss":3381,"stepsAscended":784,"stepsDescended":666,"totalGain":18329,"totalLoss":16264}
{"deviceid":"b81e905908354542","eventtype":"altimeter","timestamp":1456248381922,"userid":"vincent.planat@hpe.com","trainingMode":"WALKING","flightsAscended":16,"flightsDescended":10,"rate":0.0,"steppingGain":4588,"steppingLoss":3381,"stepsAscended":774,"stepsDescended":666,"totalGain":18208,"totalLoss":16264}
{"deviceid":"b81e905908354542","eventtype":"altimeter","timestamp":1456248386987,"userid":"vincent.planat@hpe.com","trainingMode":"WALKING","flightsAscended":16,"flightsDescended":10,"rate":9.0,"steppingGain":4588,"steppingLoss":3381,"stepsAscended":774,"stepsDescended":666,"totalGain":18208,"totalLoss":16264}
{"deviceid":"b81e905908354542","eventtype":"altimeter","timestamp":1456248393982,"userid":"vincent.planat@hpe.com","trainingMode":"WALKING","flightsAscended":16,"flightsDescended":10,"rate":11.0,"steppingGain":4588,"steppingLoss":3381,"stepsAscended":774,"stepsDescended":666,"totalGain":18208,"totalLoss":16264}
{"deviceid":"b81e905908354542","eventtype":"altimeter","timestamp":1456248417954,"userid":"vincent.planat@hpe.com","trainingMode":"WALKING","flightsAscended":16,"flightsDescended":10,"rate":-1.0,"steppingGain":4709,"steppingLoss":3381,"stepsAscended":784,"stepsDescended":666,"totalGain":18329,"totalLoss":16264}
{"deviceid":"b81e905908354542","eventtype":"altimeter","timestamp":1456248392006,"userid":"vincent.planat@hpe.com","trainingMode":"WALKING","flightsAscended":16,"flightsDescended":10,"rate":16.0,"steppingGain":4588,"steppingLoss":3381,"stepsAscended":774,"stepsDescended":666,"totalGain":18208,"totalLoss":16264}
{"deviceid":"b81e905908354542","eventtype":"altimeter","timestamp":1456248408990,"userid":"vincent.planat@hpe.com","trainingMode":"WALKING","flightsAscended":16,"flightsDescended":10,"rate":-2.0,"steppingGain":4709,"steppingLoss":3381,"stepsAscended":784,"stepsDescended":666,"totalGain":18329,"totalLoss":16264}
{"deviceid":"b81e905908354542","eventtype":"altimeter","timestamp":1456248405005,"userid":"vincent.planat@hpe.com","trainingMode":"WALKING","flightsAscended":16,"flightsDescended":10,"rate":-3.0,"steppingGain":4709,"steppingLoss":3381,"stepsAscended":784,"stepsDescended":666,"totalGain":18329,"totalLoss":16264}
{"deviceid":"b81e905908354542","eventtype":"altimeter","timestamp":1456248384332,"userid":"vincent.planat@hpe.com","trainingMode":"WALKING","flightsAscended":16,"flightsDescended":10,"rate":0.0,"steppingGain":4588,"steppingLoss":3381,"stepsAscended":774,"stepsDescended":666,"totalGain":18208,"totalLoss":16264}
{"deviceid":"b81e905908354542","eventtype":"altimeter","timestamp":1456248404015,"userid":"vincent.planat@hpe.com","trainingMode":"WALKING","flightsAscended":16,"flightsDescended":10,"rate":-2.0,"steppingGain":4709,"steppingLoss":3381,"stepsAscended":784,"stepsDescended":666,"totalGain":18329,"totalLoss":16264}
{"deviceid":"b81e905908354542","eventtype":"altimeter","timestamp":1456248403014,"userid":"vincent.planat@hpe.com","trainingMode":"WALKING","flightsAscended":16,"flightsDescended":10,"rate":0.0,"steppingGain":4709,"steppingLoss":3381,"stepsAscended":784,"stepsDescended":666,"totalGain":18329,"totalLoss":16264}
{"deviceid":"b81e905908354542","eventtype":"altimeter","timestamp":1456248387002,"userid":"vincent.planat@hpe.com","trainingMode":"WALKING","flightsAscended":16,"flightsDescended":10,"rate":9.0,"steppingGain":4588,"steppingLoss":3381,"stepsAscended":774,"stepsDescended":666,"totalGain":18208,"totalLoss":16264}
{"deviceid":"b81e905908354542","eventtype":"altimeter","timestamp":1456248401014,"userid":"vincent.planat@hpe.com","trainingMode":"WALKING","flightsAscended":16,"flightsDescended":10,"rate":-1.0,"steppingGain":4709,"steppingLoss":3381,"stepsAscended":784,"stepsDescended":666,"totalGain":18329,"totalLoss":16264}
{"deviceid":"b81e905908354542","eventtype":"altimeter","timestamp":1456248395567,"userid":"vincent.planat@hpe.com","trainingMode":"WALKING","flightsAscended":16,"flightsDescended":10,"rate":6.0,"steppingGain":4709,"steppingLoss":3381,"stepsAscended":784,"stepsDescended":666,"totalGain":18329,"totalLoss":16264}
{"deviceid":"b81e905908354542","eventtype":"altimeter","timestamp":1456248389010,"userid":"vincent.planat@hpe.com","trainingMode":"WALKING","flightsAscended":16,"flightsDescended":10,"rate":11.0,"steppingGain":4588,"steppingLoss":3381,"stepsAscended":774,"stepsDescended":666,"totalGain":18208,"totalLoss":16264}
{"deviceid":"b81e905908354542","eventtype":"altimeter","timestamp":1456248399970,"userid":"vincent.planat@hpe.com","trainingMode":"WALKING","flightsAscended":16,"flightsDescended":10,"rate":0.0,"steppingGain":4709,"steppingLoss":3381,"stepsAscended":784,"stepsDescended":666,"totalGain":18329,"totalLoss":16264}
{"deviceid":"b81e905908354542","eventtype":"altimeter","timestamp":1456248413383,"userid":"vincent.planat@hpe.com","trainingMode":"WALKING","flightsAscended":16,"flightsDescended":10,"rate":-6.0,"steppingGain":4709,"steppingLoss":3381,"stepsAscended":784,"stepsDescended":666,"totalGain":18329,"totalLoss":16264}
{"deviceid":"b81e905908354542","eventtype":"altimeter","timestamp":1456248422986,"userid":"vincent.planat@hpe.com","trainingMode":"WALKING","flightsAscended":16,"flightsDescended":10,"rate":-3.0,"steppingGain":4709,"steppingLoss":3381,"stepsAscended":784,"stepsDescended":666,"totalGain":18329,"totalLoss":16264}
{"deviceid":"b81e905908354542","eventtype":"altimeter","timestamp":1456248420624,"userid":"vincent.planat@hpe.com","trainingMode":"WALKING","flightsAscended":16,"flightsDescended":10,"rate":-6.0,"steppingGain":4709,"steppingLoss":3381,"stepsAscended":784,"stepsDescended":666,"totalGain":18329,"totalLoss":16264}
{"deviceid":"b81e905908354542","eventtype":"altimeter","timestamp":1456248407969,"userid":"vincent.planat@hpe.com","trainingMode":"WALKING","flightsAscended":16,"flightsDescended":10,"rate":-2.0,"steppingGain":4709,"steppingLoss":3381,"stepsAscended":784,"stepsDescended":666,"totalGain":18329,"totalLoss":16264}
{"deviceid":"b81e905908354542","eventtype":"altimeter","timestamp":1456248383432,"userid":"vincent.planat@hpe.com","trainingMode":"WALKING","flightsAscended":16,"flightsDescended":10,"rate":0.0,"steppingGain":4588,"steppingLoss":3381,"stepsAscended":774,"stepsDescended":666,"totalGain":18208,"totalLoss":16264}
{"deviceid":"b81e905908354542","eventtype":"altimeter","timestamp":1456248397196,"userid":"vincent.planat@hpe.com","trainingMode":"WALKING","flightsAscended":16,"flightsDescended":10,"rate":3.0,"steppingGain":4709,"steppingLoss":3381,"stepsAscended":784,"stepsDescended":666,"totalGain":18329,"totalLoss":16264}
{"deviceid":"b81e905908354542","eventtype":"altimeter","timestamp":1456248419660,"userid":"vincent.planat@hpe.com","trainingMode":"WALKING","flightsAscended":16,"flightsDescended":10,"rate":-3.0,"steppingGain":4709,"steppingLoss":3381,"stepsAscended":784,"stepsDescended":666,"totalGain":18329,"totalLoss":16264}
{"deviceid":"b81e905908354542","eventtype":"altimeter","timestamp":1456248412660,"userid":"vincent.planat@hpe.com","trainingMode":"WALKING","flightsAscended":16,"flightsDescended":10,"rate":-1.0,"steppingGain":4709,"steppingLoss":3381,"stepsAscended":784,"stepsDescended":666,"totalGain":18329,"totalLoss":16264}
{"deviceid":"b81e905908354542","eventtype":"altimeter","timestamp":1456248410984,"userid":"vincent.planat@hpe.com","trainingMode":"WALKING","flightsAscended":16,"flightsDescended":10,"rate":3.0,"steppingGain":4709,"steppingLoss":3381,"stepsAscended":784,"stepsDescended":666,"totalGain":18329,"totalLoss":16264}
{"deviceid":"b81e905908354542","eventtype":"altimeter","timestamp":1456248381050,"userid":"vincent.planat@hpe.com","trainingMode":"WALKING","flightsAscended":16,"flightsDescended":10,"rate":0.0,"steppingGain":4588,"steppingLoss":3381,"stepsAscended":774,"stepsDescended":666,"totalGain":18208,"totalLoss":16264}
{"deviceid":"b81e905908354542","eventtype":"altimeter","timestamp":1456248389962,"userid":"vincent.planat@hpe.com","trainingMode":"WALKING","flightsAscended":16,"flightsDescended":10,"rate":13.0,"steppingGain":4588,"steppingLoss":3381,"stepsAscended":774,"stepsDescended":666,"totalGain":18208,"totalLoss":16264}
{"deviceid":"b81e905908354542","eventtype":"altimeter","timestamp":1456248427955,"userid":"vincent.planat@hpe.com","trainingMode":"WALKING","flightsAscended":16,"flightsDescended":10,"rate":0.0,"steppingGain":4709,"steppingLoss":3381,"stepsAscended":784,"stepsDescended":666,"totalGain":18329,"totalLoss":16264}
{"deviceid":"b81e905908354542","eventtype":"altimeter","timestamp":1456248386246,"userid":"vincent.planat@hpe.com","trainingMode":"WALKING","flightsAscended":16,"flightsDescended":10,"rate":7.0,"steppingGain":4588,"steppingLoss":3381,"stepsAscended":774,"stepsDescended":666,"totalGain":18208,"totalLoss":16264}
{"deviceid":"b81e905908354542","eventtype":"altimeter","timestamp":1456248390955,"userid":"vincent.planat@hpe.com","trainingMode":"WALKING","flightsAscended":16,"flightsDescended":10,"rate":14.0,"steppingGain":4588,"steppingLoss":3381,"stepsAscended":774,"stepsDescended":666,"totalGain":18208,"totalLoss":16264}
{"deviceid":"b81e905908354542","eventtype":"altimeter","timestamp":1456248399955,"userid":"vincent.planat@hpe.com","trainingMode":"WALKING","flightsAscended":16,"flightsDescended":10,"rate":0.0,"steppingGain":4709,"steppingLoss":3381,"stepsAscended":784,"stepsDescended":666,"totalGain":18329,"totalLoss":16264}
{"deviceid":"b81e905908354542","eventtype":"altimeter","timestamp":1456248406001,"userid":"vincent.planat@hpe.com","trainingMode":"WALKING","flightsAscended":16,"flightsDescended":10,"rate":-2.0,"steppingGain":4709,"steppingLoss":3381,"stepsAscended":784,"stepsDescended":666,"totalGain":18329,"totalLoss":16264}
{"deviceid":"b81e905908354542","eventtype":"altimeter","timestamp":1456248387972,"userid":"vincent.planat@hpe.com","trainingMode":"WALKING","flightsAscended":16,"flightsDescended":10,"rate":9.0,"steppingGain":4588,"steppingLoss":3381,"stepsAscended":774,"stepsDescended":666,"totalGain":18208,"totalLoss":16264}
{"deviceid":"b81e905908354542","eventtype":"altimeter","timestamp":1456248399034,"userid":"vincent.planat@hpe.com","trainingMode":"WALKING","flightsAscended":16,"flightsDescended":10,"rate":0.0,"steppingGain":4709,"steppingLoss":3381,"stepsAscended":784,"stepsDescended":666,"totalGain":18329,"totalLoss":16264}
{"deviceid":"b81e905908354542","eventtype":"altimeter","timestamp":1456248398049,"userid":"vincent.planat@hpe.com","trainingMode":"WALKING","flightsAscended":16,"flightsDescended":10,"rate":2.0,"steppingGain":4709,"steppingLoss":3381,"stepsAscended":784,"stepsDescended":666,"totalGain":18329,"totalLoss":16264}
{"deviceid":"b81e905908354542","eventtype":"altimeter","timestamp":1456248392925,"userid":"vincent.planat@hpe.com","trainingMode":"WALKING","flightsAscended":16,"flightsDescended":10,"rate":12.0,"steppingGain":4588,"steppingLoss":3381,"stepsAscended":774,"stepsDescended":666,"totalGain":18208,"totalLoss":16264}
{"deviceid":"b81e905908354542","eventtype":"altimeter","timestamp":1456248389944,"userid":"vincent.planat@hpe.com","trainingMode":"WALKING","flightsAscended":16,"flightsDescended":10,"rate":13.0,"steppingGain":4588,"steppingLoss":3381,"stepsAscended":774,"stepsDescended":666,"totalGain":18208,"totalLoss":16264}
{"deviceid":"b81e905908354542","eventtype":"altimeter","timestamp":1456248425317,"userid":"vincent.planat@hpe.com","trainingMode":"WALKING","flightsAscended":16,"flightsDescended":10,"rate":0.0,"steppingGain":4709,"steppingLoss":3381,"stepsAscended":784,"stepsDescended":666,"totalGain":18329,"totalLoss":16264}
{"deviceid":"b81e905908354542","eventtype":"altimeter","timestamp":1456248415967,"userid":"vincent.planat@hpe.com","trainingMode":"WALKING","flightsAscended":16,"flightsDescended":10,"rate":-4.0,"steppingGain":4709,"steppingLoss":3381,"stepsAscended":784,"stepsDescended":666,"totalGain":18329,"totalLoss":16264}
{"deviceid":"b81e905908354542","eventtype":"altimeter","timestamp":1456248383446,"userid":"vincent.planat@hpe.com","trainingMode":"WALKING","flightsAscended":16,"flightsDescended":10,"rate":0.0,"steppingGain":4588,"steppingLoss":3381,"stepsAscended":774,"stepsDescended":666,"totalGain":18208,"totalLoss":16264}
{"deviceid":"b81e905908354542","eventtype":"altimeter","timestamp":1456248414247,"userid":"vincent.planat@hpe.com","trainingMode":"WALKING","flightsAscended":16,"flightsDescended":10,"rate":-5.0,"steppingGain":4709,"steppingLoss":3381,"stepsAscended":784,"stepsDescended":666,"totalGain":18329,"totalLoss":16264}
{"deviceid":"b81e905908354542","eventtype":"altimeter","timestamp":1456248427965,"userid":"vincent.planat@hpe.com","trainingMode":"WALKING","flightsAscended":16,"flightsDescended":10,"rate":0.0,"steppingGain":4709,"steppingLoss":3381,"stepsAscended":784,"stepsDescended":666,"totalGain":18329,"totalLoss":16264}
{"deviceid":"b81e905908354542","eventtype":"altimeter","timestamp":1456248403025,"userid":"vincent.planat@hpe.com","trainingMode":"WALKING","flightsAscended":16,"flightsDescended":10,"rate":0.0,"steppingGain":4709,"steppingLoss":3381,"stepsAscended":784,"stepsDescended":666,"totalGain":18329,"totalLoss":16264}
{"deviceid":"b81e905908354542","eventtype":"altimeter","timestamp":1456248422257,"userid":"vincent.planat@hpe.com","trainingMode":"WALKING","flightsAscended":16,"flightsDescended":10,"rate":-2.0,"steppingGain":4709,"steppingLoss":3381,"stepsAscended":784,"stepsDescended":666,"totalGain":18329,"totalLoss":16264}
{"deviceid":"b81e905908354542","eventtype":"altimeter","timestamp":1456248426991,"userid":"vincent.planat@hpe.com","trainingMode":"WALKING","flightsAscended":16,"flightsDescended":10,"rate":0.0,"steppingGain":4709,"steppingLoss":3381,"stepsAscended":784,"stepsDescended":666,"totalGain":18329,"totalLoss":16264}
{"deviceid":"b81e905908354542","eventtype":"altimeter","timestamp":1456248398064,"userid":"vincent.planat@hpe.com","trainingMode":"WALKING","flightsAscended":16,"flightsDescended":10,"rate":2.0,"steppingGain":4709,"steppingLoss":3381,"stepsAscended":784,"stepsDescended":666,"totalGain":18329,"totalLoss":16264}
{"deviceid":"b81e905908354542","eventtype":"altimeter","timestamp":1456248426178,"userid":"vincent.planat@hpe.com","trainingMode":"WALKING","flightsAscended":16,"flightsDescended":10,"rate":0.0,"steppingGain":4709,"steppingLoss":3381,"stepsAscended":784,"stepsDescended":666,"totalGain":18329,"totalLoss":16264}
{"deviceid":"b81e905908354542","eventtype":"altimeter","timestamp":1456248395581,"userid":"vincent.planat@hpe.com","trainingMode":"WALKING","flightsAscended":16,"flightsDescended":10,"rate":6.0,"steppingGain":4709,"steppingLoss":3381,"stepsAscended":784,"stepsDescended":666,"totalGain":18329,"totalLoss":16264}
{"deviceid":"b81e905908354542","eventtype":"altimeter","timestamp":1456248403998,"userid":"vincent.planat@hpe.com","trainingMode":"WALKING","flightsAscended":16,"flightsDescended":10,"rate":-2.0,"steppingGain":4709,"steppingLoss":3381,"stepsAscended":784,"stepsDescended":666,"totalGain":18329,"totalLoss":16264}
{"deviceid":"b81e905908354542","eventtype":"altimeter","timestamp":1456248407954,"userid":"vincent.planat@hpe.com","trainingMode":"WALKING","flightsAscended":16,"flightsDescended":10,"rate":-2.0,"steppingGain":4709,"steppingLoss":3381,"stepsAscended":784,"stepsDescended":666,"totalGain":18329,"totalLoss":16264}
{"deviceid":"b81e905908354542","eventtype":"altimeter","timestamp":1456248381067,"userid":"vincent.planat@hpe.com","trainingMode":"WALKING","flightsAscended":16,"flightsDescended":10,"rate":0.0,"steppingGain":4588,"steppingLoss":3381,"stepsAscended":774,"stepsDescended":666,"totalGain":18208,"totalLoss":16264}
{"deviceid":"b81e905908354542","eventtype":"altimeter","timestamp":1456248406985,"userid":"vincent.planat@hpe.com","trainingMode":"WALKING","flightsAscended":16,"flightsDescended":10,"rate":-1.0,"steppingGain":4709,"steppingLoss":3381,"stepsAscended":784,"stepsDescended":666,"totalGain":18329,"totalLoss":16264}
{"deviceid":"b81e905908354542","eventtype":"altimeter","timestamp":1456248409947,"userid":"vincent.planat@hpe.com","trainingMode":"WALKING","flightsAscended":16,"flightsDescended":10,"rate":0.0,"steppingGain":4709,"steppingLoss":3381,"stepsAscended":784,"stepsDescended":666,"totalGain":18329,"totalLoss":16264}
{"deviceid":"b81e905908354542","eventtype":"altimeter","timestamp":1456248400999,"userid":"vincent.planat@hpe.com","trainingMode":"WALKING","flightsAscended":16,"flightsDescended":10,"rate":-1.0,"steppingGain":4709,"steppingLoss":3381,"stepsAscended":784,"stepsDescended":666,"totalGain":18329,"totalLoss":16264}
{"deviceid":"b81e905908354542","eventtype":"altimeter","timestamp":1456248399055,"userid":"vincent.planat@hpe.com","trainingMode":"WALKING","flightsAscended":16,"flightsDescended":10,"rate":0.0,"steppingGain":4709,"steppingLoss":3381,"stepsAscended":784,"stepsDescended":666,"totalGain":18329,"totalLoss":16264}
{"deviceid":"b81e905908354542","eventtype":"altimeter","timestamp":1456248396410,"userid":"vincent.planat@hpe.com","trainingMode":"WALKING","flightsAscended":16,"flightsDescended":10,"rate":4.0,"steppingGain":4709,"steppingLoss":3381,"stepsAscended":784,"stepsDescended":666,"totalGain":18329,"totalLoss":16264}
{"deviceid":"b81e905908354542","eventtype":"altimeter","timestamp":1456248382717,"userid":"vincent.planat@hpe.com","trainingMode":"WALKING","flightsAscended":16,"flightsDescended":10,"rate":0.0,"steppingGain":4588,"steppingLoss":3381,"stepsAscended":774,"stepsDescended":666,"totalGain":18208,"totalLoss":16264}
{"deviceid":"b81e905908354542","eventtype":"altimeter","timestamp":1456248421390,"userid":"vincent.planat@hpe.com","trainingMode":"WALKING","flightsAscended":16,"flightsDescended":10,"rate":-3.0,"steppingGain":4709,"steppingLoss":3381,"stepsAscended":784,"stepsDescended":666,"totalGain":18329,"totalLoss":16264}
{"deviceid":"b81e905908354542","eventtype":"altimeter","timestamp":1456248381943,"userid":"vincent.planat@hpe.com","trainingMode":"WALKING","flightsAscended":16,"flightsDescended":10,"rate":0.0,"steppingGain":4588,"steppingLoss":3381,"stepsAscended":774,"stepsDescended":666,"totalGain":18208,"totalLoss":16264}
{"deviceid":"b81e905908354542","eventtype":"altimeter","timestamp":1456248415981,"userid":"vincent.planat@hpe.com","trainingMode":"WALKING","flightsAscended":16,"flightsDescended":10,"rate":-4.0,"steppingGain":4709,"steppingLoss":3381,"stepsAscended":784,"stepsDescended":666,"totalGain":18329,"totalLoss":16264}
{"deviceid":"b81e905908354542","eventtype":"altimeter","timestamp":1456248415069,"userid":"vincent.planat@hpe.com","trainingMode":"WALKING","flightsAscended":16,"flightsDescended":10,"rate":-5.0,"steppingGain":4709,"steppingLoss":3381,"stepsAscended":784,"stepsDescended":666,"totalGain":18329,"totalLoss":16264}
{"deviceid":"b81e905908354542","eventtype":"altimeter","timestamp":1456248402136,"userid":"vincent.planat@hpe.com","trainingMode":"WALKING","flightsAscended":16,"flightsDescended":10,"rate":0.0,"steppingGain":4709,"steppingLoss":3381,"stepsAscended":784,"stepsDescended":666,"totalGain":18329,"totalLoss":16264}
{"deviceid":"b81e905908354542","eventtype":"altimeter","timestamp":1456248426971,"userid":"vincent.planat@hpe.com","trainingMode":"WALKING","flightsAscended":16,"flightsDescended":10,"rate":0.0,"steppingGain":4709,"steppingLoss":3381,"stepsAscended":784,"stepsDescended":666,"totalGain":18329,"totalLoss":16264}
{"deviceid":"b81e905908354542","eventtype":"altimeter","timestamp":1456248380265,"userid":"vincent.planat@hpe.com","trainingMode":"WALKING","flightsAscended":16,"flightsDescended":10,"rate":1.0,"steppingGain":4588,"steppingLoss":3381,"stepsAscended":774,"stepsDescended":666,"totalGain":18208,"totalLoss":16264}
{"deviceid":"b81e905908354542","eventtype":"altimeter","timestamp":1456248391022,"userid":"vincent.planat@hpe.com","trainingMode":"WALKING","flightsAscended":16,"flightsDescended":10,"rate":14.0,"steppingGain":4588,"steppingLoss":3381,"stepsAscended":774,"stepsDescended":666,"totalGain":18208,"totalLoss":16264}
{"deviceid":"b81e905908354542","eventtype":"altimeter","timestamp":1456248426193,"userid":"vincent.planat@hpe.com","trainingMode":"WALKING","flightsAscended":16,"flightsDescended":10,"rate":0.0,"steppingGain":4709,"steppingLoss":3381,"stepsAscended":784,"stepsDescended":666,"totalGain":18329,"totalLoss":16264}
{"deviceid":"b81e905908354542","eventtype":"altimeter","timestamp":1456248410967,"userid":"vincent.planat@hpe.com","trainingMode":"WALKING","flightsAscended":16,"flightsDescended":10,"rate":3.0,"steppingGain":4709,"steppingLoss":3381,"stepsAscended":784,"stepsDescended":666,"totalGain":18329,"totalLoss":16264}
{"deviceid":"b81e905908354542","eventtype":"altimeter","timestamp":1456248412629,"userid":"vincent.planat@hpe.com","trainingMode":"WALKING","flightsAscended":16,"flightsDescended":10,"rate":-1.0,"steppingGain":4709,"steppingLoss":3381,"stepsAscended":784,"stepsDescended":666,"totalGain":18329,"totalLoss":16264}
{"deviceid":"b81e905908354542","eventtype":"altimeter","timestamp":1456248385424,"userid":"vincent.planat@hpe.com","trainingMode":"WALKING","flightsAscended":16,"flightsDescended":10,"rate":3.0,"steppingGain":4588,"steppingLoss":3381,"stepsAscended":774,"stepsDescended":666,"totalGain":18208,"totalLoss":16264}
{"deviceid":"b81e905908354542","eventtype":"altimeter","timestamp":1456248389031,"userid":"vincent.planat@hpe.com","trainingMode":"WALKING","flightsAscended":16,"flightsDescended":10,"rate":11.0,"steppingGain":4588,"steppingLoss":3381,"stepsAscended":774,"stepsDescended":666,"totalGain":18208,"totalLoss":16264}
{"deviceid":"b81e905908354542","eventtype":"altimeter","timestamp":1456248382731,"userid":"vincent.planat@hpe.com","trainingMode":"WALKING","flightsAscended":16,"flightsDescended":10,"rate":0.0,"steppingGain":4588,"steppingLoss":3381,"stepsAscended":774,"stepsDescended":666,"totalGain":18208,"totalLoss":16264}
{"deviceid":"b81e905908354542","eventtype":"altimeter","timestamp":1456248386263,"userid":"vincent.planat@hpe.com","trainingMode":"WALKING","flightsAscended":16,"flightsDescended":10,"rate":7.0,"steppingGain":4588,"steppingLoss":3381,"stepsAscended":774,"stepsDescended":666,"totalGain":18208,"totalLoss":16264}
{"deviceid":"b81e905908354542","eventtype":"altimeter","timestamp":1456248419641,"userid":"vincent.planat@hpe.com","trainingMode":"WALKING","flightsAscended":16,"flightsDescended":10,"rate":-3.0,"steppingGain":4709,"steppingLoss":3381,"stepsAscended":784,"stepsDescended":666,"totalGain":18329,"totalLoss":16264}
{"deviceid":"b81e905908354542","eventtype":"altimeter","timestamp":1456248423929,"userid":"vincent.planat@hpe.com","trainingMode":"WALKING","flightsAscended":16,"flightsDescended":10,"rate":-2.0,"steppingGain":4709,"steppingLoss":3381,"stepsAscended":784,"stepsDescended":666,"totalGain":18329,"totalLoss":16264}
{"deviceid":"b81e905908354542","eventtype":"altimeter","timestamp":1456248420394,"userid":"vincent.planat@hpe.com","trainingMode":"WALKING","flightsAscended":16,"flightsDescended":10,"rate":-6.0,"steppingGain":4709,"steppingLoss":3381,"stepsAscended":784,"stepsDescended":666,"totalGain":18329,"totalLoss":16264}
{"deviceid":"b81e905908354542","eventtype":"altimeter","timestamp":1456248409931,"userid":"vincent.planat@hpe.com","trainingMode":"WALKING","flightsAscended":16,"flightsDescended":10,"rate":0.0,"steppingGain":4709,"steppingLoss":3381,"stepsAscended":784,"stepsDescended":666,"totalGain":18329,"totalLoss":16264}
{"deviceid":"b81e905908354542","eventtype":"altimeter","timestamp":1456248408971,"userid":"vincent.planat@hpe.com","trainingMode":"WALKING","flightsAscended":16,"flightsDescended":10,"rate":-2.0,"steppingGain":4709,"steppingLoss":3381,"stepsAscended":784,"stepsDescended":666,"totalGain":18329,"totalLoss":16264}
{"deviceid":"b81e905908354542","eventtype":"altimeter","timestamp":1456248402159,"userid":"vincent.planat@hpe.com","trainingMode":"WALKING","flightsAscended":16,"flightsDescended":10,"rate":0.0,"steppingGain":4709,"steppingLoss":3381,"stepsAscended":784,"stepsDescended":666,"totalGain":18329,"totalLoss":16264}
{"deviceid":"b81e905908354542","eventtype":"altimeter","timestamp":1456248396428,"userid":"vincent.planat@hpe.com","trainingMode":"WALKING","flightsAscended":16,"flightsDescended":10,"rate":4.0,"steppingGain":4709,"steppingLoss":3381,"stepsAscended":784,"stepsDescended":666,"totalGain":18329,"totalLoss":16264}
{"deviceid":"b81e905908354542","eventtype":"altimeter","timestamp":1456248385437,"userid":"vincent.planat@hpe.com","trainingMode":"WALKING","flightsAscended":16,"flightsDescended":10,"rate":3.0,"steppingGain":4588,"steppingLoss":3381,"stepsAscended":774,"stepsDescended":666,"totalGain":18208,"totalLoss":16264}
{"deviceid":"b81e905908354542","eventtype":"altimeter","timestamp":1456248392940,"userid":"vincent.planat@hpe.com","trainingMode":"WALKING","flightsAscended":16,"flightsDescended":10,"rate":12.0,"steppingGain":4588,"steppingLoss":3381,"stepsAscended":774,"stepsDescended":666,"totalGain":18208,"totalLoss":16264}
