{"deviceid":"b81e905908354542","eventtype":"calorie","timestamp":1456247985687,"userid":"vincent.planat@hpe.com","trainingMode":"NONE","calories":18673}
{"deviceid":"b81e905908354542","eventtype":"calorie","timestamp":1456248020942,"userid":"vincent.planat@hpe.com","trainingMode":"SITTING","calories":18674}
{"deviceid":"b81e905908354542","eventtype":"calorie","timestamp":1456247982968,"userid":"vincent.planat@hpe.com","trainingMode":"NONE","calories":18673}
{"deviceid":"b81e905908354542","eventtype":"calorie","timestamp":1456247990168,"userid":"vincent.planat@hpe.com","trainingMode":"SITTING","calories":18673}
{"deviceid":"b81e905908354542","eventtype":"calorie","timestamp":1456247983997,"userid":"vincent.planat@hpe.com","trainingMode":"NONE","calories":18673}
{"deviceid":"b81e905908354542","eventtype":"calorie","timestamp":1456248014713,"userid":"vincent.planat@hpe.com","trainingMode":"SITTING","calories":18674}
{"deviceid":"b81e905908354542","eventtype":"calorie","timestamp":1456247988263,"userid":"vincent.planat@hpe.com","trainingMode":"NONE","calories":18673}
{"deviceid":"b81e905908354542","eventtype":"calorie","timestamp":1456247997286,"userid":"vincent.planat@hpe.com","trainingMode":"SITTING","calories":18673}
{"deviceid":"b81e905908354542","eventtype":"calorie","timestamp":1456247987643,"userid":"vincent.planat@hpe.com","trainingMode":"NONE","calories":18673}
{"deviceid":"b81e905908354542","eventtype":"calorie","timestamp":1456248013741,"userid":"vincent.planat@hpe.com","trainingMode":"SITTING","calories":18674}
{"deviceid":"b81e905908354542","eventtype":"calorie","timestamp":1456248060868,"userid":"vincent.planat@hpe.com","trainingMode":"SITTING","calories":18675}
{"deviceid":"b81e905908354542","eventtype":"calorie","timestamp":1456248065022,"userid":"vincent.planat@hpe.com","trainingMode":"SITTING","calories":18675}
{"deviceid":"b81e905908354542","eventtype":"calorie","timestamp":1456247987037,"userid":"vincent.planat@hpe.com","trainingMode":"NONE","calories":18673}
{"deviceid":"b81e905908354542","eventtype":"calorie","timestamp":1456247974965,"userid":"vincent.planat@hpe.com","trainingMode":"NONE","calories":18673}
{"deviceid":"b81e905908354542","eventtype":"calorie","timestamp":1456247998317,"userid":"vincent.planat@hpe.com","trainingMode":"SITTING","calories":18673}
{"deviceid":"b81e905908354542","eventtype":"calorie","timestamp":1456248028029,"userid":"vincent.planat@hpe.com","trainingMode":"SITTING","calories":18674}
{"deviceid":"b81e905908354542","eventtype":"calorie","timestamp":1456248012964,"userid":"vincent.planat@hpe.com","trainingMode":"SITTING","calories":18674}
{"deviceid":"b81e905908354542","eventtype":"calorie","timestamp":1456247972720,"userid":"vincent.planat@hpe.com","trainingMode":"NONE","calories":18673}
{"deviceid":"b81e905908354542","eventtype":"calorie","timestamp":1456248002463,"userid":"vincent.planat@hpe.com","trainingMode":"SITTING","calories":18674}
{"deviceid":"b81e905908354542","eventtype":"calorie","timestamp":1456248038666,"userid":"vincent.planat@hpe.com","trainingMode":"SITTING","calories":18674}
{"deviceid":"b81e905908354542","eventtype":"calorie","timestamp":1456248040309,"userid":"vincent.planat@hpe.com","trainingMode":"SITTING","calories":18674}
{"deviceid":"b81e905908354542","eventtype":"calorie","timestamp":1456248052241,"userid":"vincent.planat@hpe.com","trainingMode":"SITTING","calories":18675}
{"deviceid":"b81e905908354542","eventtype":"calorie","timestamp":1456248041336,"userid":"vincent.planat@hpe.com","trainingMode":"SITTING","calories":18674}
{"deviceid":"b81e905908354542","eventtype":"calorie","timestamp":1456248008550,"userid":"vincent.planat@hpe.com","trainingMode":"SITTING","calories":18674}
{"deviceid":"b81e905908354542","eventtype":"calorie","timestamp":1456248059859,"userid":"vincent.planat@hpe.com","trainingMode":"SITTING","calories":18675}
{"deviceid":"b81e905908354542","eventtype":"calorie","timestamp":1456248005476,"userid":"vincent.planat@hpe.com","trainingMode":"SITTING","calories":18674}
{"deviceid":"b81e905908354542","eventtype":"calorie","timestamp":1456248003437,"userid":"vincent.planat@hpe.com","trainingMode":"SITTING","calories":18674}
{"deviceid":"b81e905908354542","eventtype":"calorie","timestamp":1456247979898,"userid":"vincent.planat@hpe.com","trainingMode":"NONE","calories":18673}
{"deviceid":"b81e905908354542","eventtype":"calorie","timestamp":1456247969642,"userid":"vincent.planat@hpe.com","trainingMode":"NONE","calories":18673}
{"deviceid":"b81e905908354542","eventtype":"calorie","timestamp":1456248004467,"userid":"vincent.planat@hpe.com","trainingMode":"SITTING","calories":18674}
{"deviceid":"b81e905908354542","eventtype":"calorie","timestamp":1456248065039,"userid":"vincent.planat@hpe.com","trainingMode":"SITTING","calories":18675}
{"deviceid":"b81e905908354542","eventtype":"calorie","timestamp":1456248045433,"userid":"vincent.planat@hpe.com","trainingMode":"SITTING","calories":18674}
{"deviceid":"b81e905908354542","eventtype":"calorie","timestamp":1456248015770,"userid":"vincent.planat@hpe.com","trainingMode":"SITTING","calories":18674}
{"deviceid":"b81e905908354542","eventtype":"calorie","timestamp":1456248062875,"userid":"vincent.planat@hpe.com","trainingMode":"SITTING","calories":18675}
{"deviceid":"b81e905908354542","eventtype":"calorie","timestamp":1456248037264,"userid":"vincent.planat@hpe.com","trainingMode":"SITTING","calories":18674}
{"deviceid":"b81e905908354542","eventtype":"calorie","timestamp":1456248046501,"userid":"vincent.planat@hpe.com","trainingMode":"SITTING","calories":18674}
{"deviceid":"b81e905908354542","eventtype":"calorie","timestamp":1456248031074,"userid":"vincent.planat@hpe.com","trainingMode":"SITTING","calories":18674}
{"deviceid":"b81e905908354542","eventtype":"calorie","timestamp":1456247980948,"userid":"vincent.planat@hpe.com","trainingMode":"NONE","calories":18673}
{"deviceid":"b81e905908354542","eventtype":"calorie","timestamp":1456248036273,"userid":"vincent.planat@hpe.com","trainingMode":"SITTING","calories":18674}
{"deviceid":"b81e905908354542","eventtype":"calorie","timestamp":1456248029085,"userid":"vincent.planat@hpe.com","trainingMode":"SITTING","calories":18674}
{"deviceid":"b81e905908354542","eventtype":"calorie","timestamp":1456248057880,"userid":"vincent.planat@hpe.com","trainingMode":"SITTING","calories":18675}
{"deviceid":"b81e905908354542","eventtype":"calorie","timestamp":1456247995247,"userid":"vincent.planat@hpe.com","trainingMode":"SITTING","calories":18673}
{"deviceid":"b81e905908354542","eventtype":"calorie","timestamp":1456248055722,"userid":"vincent.planat@hpe.com","trainingMode":"SITTING","calories":18675}
{"deviceid":"b81e905908354542","eventtype":"calorie","timestamp":1456248066943,"userid":"vincent.planat@hpe.com","trainingMode":"SITTING","calories":18675}
{"deviceid":"b81e905908354542","eventtype":"calorie","timestamp":1456247996281,"userid":"vincent.planat@hpe.com","trainingMode":"SITTING","calories":18673}
{"deviceid":"b81e905908354542","eventtype":"calorie","timestamp":1456248049510,"userid":"vincent.planat@hpe.com","trainingMode":"SITTING","calories":18675}
{"deviceid":"b81e905908354542","eventtype":"calorie","timestamp":1456248062894,"userid":"vincent.planat@hpe.com","trainingMode":"SITTING","calories":18675}
{"deviceid":"b81e905908354542","eventtype":"calorie","timestamp":1456248055704,"userid":"vincent.planat@hpe.com","trainingMode":"SITTING","calories":18675}
{"deviceid":"b81e905908354542","eventtype":"calorie","timestamp":1456247992281,"userid":"vincent.planat@hpe.com","trainingMode":"SITTING","calories":18673}
{"deviceid":"b81e905908354542","eventtype":"calorie","timestamp":1456247971011,"userid":"vincent.planat@hpe.com","trainingMode":"NONE","calories":18673}
{"deviceid":"b81e905908354542","eventtype":"calorie","timestamp":1456248023961,"userid":"vincent.planat@hpe.com","trainingMode":"SITTING","calories":18674}
{"deviceid":"b81e905908354542","eventtype":"calorie","timestamp":1456248018813,"userid":"vincent.planat@hpe.com","trainingMode":"SITTING","calories":18674}
{"deviceid":"b81e905908354542","eventtype":"calorie","timestamp":1456248019861,"userid":"vincent.planat@hpe.com","trainingMode":"SITTING","calories":18674}
{"deviceid":"b81e905908354542","eventtype":"calorie","timestamp":1456248053916,"userid":"vincent.planat@hpe.com","trainingMode":"SITTING","calories":18675}
{"deviceid":"b81e905908354542","eventtype":"calorie","timestamp":1456248054808,"userid":"vincent.planat@hpe.com","trainingMode":"SITTING","calories":18675}
{"deviceid":"b81e905908354542","eventtype":"calorie","timestamp":1456248053073,"userid":"vincent.planat@hpe.com","trainingMode":"SITTING","calories":18675}
{"deviceid":"b81e905908354542","eventtype":"calorie","timestamp":1456248057857,"userid":"vincent.planat@hpe.com","trainingMode":"SITTING","calories":18675}
{"deviceid":"b81e905908354542","eventtype":"calorie","timestamp":1456247981992,"userid":"vincent.planat@hpe.com","trainingMode":"NONE","calories":18673}
{"deviceid":"b81e905908354542","eventtype":"calorie","timestamp":1456248059842,"userid":"vincent.planat@hpe.com","trainingMode":"SITTING","calories":18675}
{"deviceid":"b81e905908354542","eventtype":"calorie","timestamp":1456247978891,"userid":"vincent.planat@hpe.com","trainingMode":"NONE","calories":18673}
{"deviceid":"b81e905908354542","eventtype":"calorie","timestamp":1456248043377,"userid":"vincent.planat@hpe.com","trainingMode":"SITTING","calories":18674}
{"deviceid":"b81e905908354542","eventtype":"calorie","timestamp":1456248047517,"userid":"vincent.planat@hpe.com","trainingMode":"SITTING","calories":18674}
{"deviceid":"b81e905908354542","eventtype":"calorie","timestamp":1456248054822,"userid":"vincent.planat@hpe.com","trainingMode":"SITTING","calories":18675}
{"deviceid":"b81e905908354542","eventtype":"calorie","timestamp":1456248022896,"userid":"vincent.planat@hpe.com","trainingMode":"SITTING","calories":18674}
{"deviceid":"b81e905908354542","eventtype":"calorie","timestamp":1456248033177,"userid":"vincent.planat@hpe.com","trainingMode":"SITTING","calories":18674}
{"deviceid":"b81e905908354542","eventtype":"calorie","timestamp":1456248056762,"userid":"vincent.planat@hpe.com","trainingMode":"SITTING","calories":18675}
{"deviceid":"b81e905908354542","eventtype":"calorie","timestamp":1456248017784,"userid":"vincent.planat@hpe.com","trainingMode":"SITTING","calories":18674}
{"deviceid":"b81e905908354542","eventtype":"calorie","timestamp":1456248027009,"userid":"vincent.planat@hpe.com","trainingMode":"SITTING","calories":18674}
{"deviceid":"b81e905908354542","eventtype":"calorie","timestamp":1456247975957,"userid":"vincent.planat@hpe.com","trainingMode":"NONE","calories":18673}
{"deviceid":"b81e905908354542","eventtype":"calorie","timestamp":1456248058767,"userid":"vincent.planat@hpe.com","trainingMode":"SITTING","calories":18675}
{"deviceid":"b81e905908354542","eventtype":"calorie","timestamp":1456248042366,"userid":"vincent.planat@hpe.com","trainingMode":"SITTING","calories":18674}
{"deviceid":"b81e905908354542","eventtype":"calorie","timestamp":1456248010602,"userid":"vincent.planat@hpe.com","trainingMode":"SITTING","calories":18674}
{"deviceid":"b81e905908354542","eventtype":"calorie","timestamp":1456248032110,"userid":"vincent.planat@hpe.com","trainingMode":"SITTING","calories":18674}
{"deviceid":"b81e905908354542","eventtype":"calorie","timestamp":1456248068694,"userid":"vincent.planat@hpe.com","trainingMode":"SITTING","calories":18675}
{"deviceid":"b81e905908354542","eventtype":"calorie","timestamp":1456248026312,"userid":"vincent.planat@hpe.com","trainingMode":"SITTING","calories":18674}
{"deviceid":"b81e905908354542","eventtype":"calorie","timestamp":1456247968702,"userid":"vincent.planat@hpe.com","trainingMode":"NONE","calories":18673}
{"deviceid":"b81e905908354542","eventtype":"calorie","timestamp":1456248009607,"userid":"vincent.planat@hpe.com","trainingMode":"SITTING","calories":18674}
{"deviceid":"b81e905908354542","eventtype":"calorie","timestamp":1456247973772,"userid":"vincent.planat@hpe.com","trainingMode":"NONE","calories":18673}
{"deviceid":"b81e905908354542","eventtype":"calorie","timestamp":1456247993608,"userid":"vincent.planat@hpe.com","trainingMode":"SITTING","calories":18673}
{"deviceid":"b81e905908354542","eventtype":"calorie","timestamp":1456248060856,"userid":"vincent.planat@hpe.com","trainingMode":"SITTING","calories":18675}
{"deviceid":"b81e905908354542","eventtype":"calorie","timestamp":1456248063966,"userid":"vincent.planat@hpe.com","trainingMode":"SITTING","calories":18675}
{"deviceid":"b81e905908354542","eventtype":"calorie","timestamp":1456247994391,"userid":"vincent.planat@hpe.com","trainingMode":"SITTING","calories":18673}
{"deviceid":"b81e905908354542","eventtype":"calorie","timestamp":1456248034151,"userid":"vincent.planat@hpe.com","trainingMode":"SITTING","calories":18674}
{"deviceid":"b81e905908354542","eventtype":"calorie","timestamp":1456248051393,"userid":"vincent.planat@hpe.com","trainingMode":"SITTING","calories":18675}
{"deviceid":"b81e905908354542","eventtype":"calorie","timestamp":1456248012072,"userid":"vincent.planat@hpe.com","trainingMode":"SITTING","calories":18674}
{"deviceid":"b81e905908354542","eventtype":"calorie","timestamp":1456248065972,"userid":"vincent.planat@hpe.com","trainingMode":"SITTING","calories":18675}
{"deviceid":"b81e905908354542","eventtype":"calorie","timestamp":1456248053933,"userid":"vincent.planat@hpe.com","trainingMode":"SITTING","calories":18675}
{"deviceid":"b81e905908354542","eventtype":"calorie","timestamp":1456248052258,"userid":"vincent.planat@hpe.com","trainingMode":"SITTING","calories":18675}
{"deviceid":"b81e905908354542","eventtype":"calorie","timestamp":1456248061855,"userid":"vincent.planat@hpe.com","trainingMode":"SITTING","calories":18675}
{"deviceid":"b81e905908354542","eventtype":"calorie","timestamp":1456247976808,"userid":"vincent.planat@hpe.com","trainingMode":"NONE","calories":18673}
{"deviceid":"b81e905908354542","eventtype":"calorie","timestamp":1456248000363,"userid":"vincent.planat@hpe.com","trainingMode":"SITTING","calories":18673}
{"deviceid":"b81e905908354542","eventtype":"calorie","timestamp":1456248001474,"userid":"vincent.planat@hpe.com","trainingMode":"SITTING","calories":18673}
{"deviceid":"b81e905908354542","eventtype":"calorie","timestamp":1456248063953,"userid":"vincent.planat@hpe.com","trainingMode":"SITTING","calories":18675}
{"deviceid":"b81e905908354542","eventtype":"calorie","timestamp":1456248049508,"userid":"vincent.planat@hpe.com","trainingMode":"SITTING","calories":18675}
{"deviceid":"b81e905908354542","eventtype":"calorie","timestamp":1456248058750,"userid":"vincent.planat@hpe.com","trainingMode":"SITTING","calories":18675}
{"deviceid":"b81e905908354542","eventtype":"calorie","timestamp":1456248056774,"userid":"vincent.planat@hpe.com","trainingMode":"SITTING","calories":18675}
{"deviceid":"b81e905908354542","eventtype":"calorie","timestamp":1456247971711,"userid":"vincent.planat@hpe.com","trainingMode":"NONE","calories":18673}
{"deviceid":"b81e905908354542","eventtype":"calorie","timestamp":1456248066955,"userid":"vincent.planat@hpe.com","trainingMode":"SITTING","calories":18675}
{"deviceid":"b81e905908354542","eventtype":"calorie","timestamp":1456248044433,"userid":"vincent.planat@hpe.com","trainingMode":"SITTING","calories":18674}
{"deviceid":"b81e905908354542","eventtype":"calorie","timestamp":1456248039285,"userid":"vincent.planat@hpe.com","trainingMode":"SITTING","calories":18674}
{"deviceid":"b81e905908354542","eventtype":"calorie","timestamp":1456248025632,"userid":"vincent.planat@hpe.com","trainingMode":"SITTING","calories":18674}
{"deviceid":"b81e905908354542","eventtype":"calorie","timestamp":1456248068674,"userid":"vincent.planat@hpe.com","trainingMode":"SITTING","calories":18675}
{"deviceid":"b81e905908354542","eventtype":"calorie","timestamp":1456248048492,"userid":"vincent.planat@hpe.com","trainingMode":"SITTING","calories":18675}
{"deviceid":"b81e905908354542","eventtype":"calorie","timestamp":1456247989123,"userid":"vincent.planat@hpe.com","trainingMode":"SITTING","calories":18673}
{"deviceid":"b81e905908354542","eventtype":"calorie","timestamp":1456248035197,"userid":"vincent.planat@hpe.com","trainingMode":"SITTING","calories":18674}
{"deviceid":"b81e905908354542","eventtype":"calorie","timestamp":1456248006485,"userid":"vincent.planat@hpe.com","trainingMode":"SITTING","calories":18674}
{"deviceid":"b81e905908354542","eventtype":"calorie","timestamp":1456247999347,"userid":"vincent.planat@hpe.com","trainingMode":"SITTING","calories":18673}
{"deviceid":"b81e905908354542","eventtype":"calorie","timestamp":1456248053058,"userid":"vincent.planat@hpe.com","trainingMode":"SITTING","calories":18675}
{"deviceid":"b81e905908354542","eventtype":"calorie","timestamp":1456248065957,"userid":"vincent.planat@hpe.com","trainingMode":"SITTING","calories":18675}
{"deviceid":"b81e905908354542","eventtype":"calorie","timestamp":1456248030098,"userid":"vincent.planat@hpe.com","trainingMode":"SITTING","calories":18674}
{"deviceid":"b81e905908354542","eventtype":"calorie","timestamp":1456247991153,"userid":"vincent.planat@hpe.com","trainingMode":"SITTING","calories":18673}
{"deviceid":"b81e905908354542","eventtype":"calorie","timestamp":1456248051374,"userid":"vincent.planat@hpe.com","trainingMode":"SITTING","calories":18675}
{"deviceid":"b81e905908354542","eventtype":"calorie","timestamp":1456247977982,"userid":"vincent.planat@hpe.com","trainingMode":"NONE","calories":18673}
{"deviceid":"b81e905908354542","eventtype":"calorie","timestamp":1456248021883,"userid":"vincent.planat@hpe.com","trainingMode":"SITTING","calories":18674}
{"deviceid":"b81e905908354542","eventtype":"calorie","timestamp":1456248007531,"userid":"vincent.planat@hpe.com","trainingMode":"SITTING","calories":18674}
{"deviceid":"b81e905908354542","eventtype":"calorie","timestamp":1456248061886,"userid":"vincent.planat@hpe.com","trainingMode":"SITTING","calories":18675}
{"deviceid":"b81e905908354542","eventtype":"calorie","timestamp":1456248016794,"userid":"vincent.planat@hpe.com","trainingMode":"SITTING","calories":18674}
