{"deviceid":"b81e905908354542","eventtype":"distance","timestamp":1456248238113,"userid":"vincent.planat@hpe.com","trainingMode":"WALKING","currentMotion":2,"pace":694.0,"speed":144.0,"totalDistance":2832714}
{"deviceid":"b81e905908354542","eventtype":"distance","timestamp":1456248211610,"userid":"vincent.planat@hpe.com","trainingMode":"WALKING","currentMotion":2,"pace":641.0,"speed":156.0,"totalDistance":2828882}
{"deviceid":"b81e905908354542","eventtype":"distance","timestamp":1456248234243,"userid":"vincent.planat@hpe.com","trainingMode":"WALKING","currentMotion":2,"pace":694.0,"speed":144.0,"totalDistance":2832130}
{"deviceid":"b81e905908354542","eventtype":"distance","timestamp":1456248221085,"userid":"vincent.planat@hpe.com","trainingMode":"WALKING","currentMotion":2,"pace":746.0,"speed":134.0,"totalDistance":2830192}
{"deviceid":"b81e905908354542","eventtype":"distance","timestamp":1456248237083,"userid":"vincent.planat@hpe.com","trainingMode":"WALKING","currentMotion":2,"pace":694.0,"speed":144.0,"totalDistance":2832568}
{"deviceid":"b81e905908354542","eventtype":"distance","timestamp":1456248218082,"userid":"vincent.planat@hpe.com","trainingMode":"WALKING","currentMotion":2,"pace":694.0,"speed":144.0,"totalDistance":2829900}
{"deviceid":"b81e905908354542","eventtype":"distance","timestamp":1456248236146,"userid":"vincent.planat@hpe.com","trainingMode":"WALKING","currentMotion":2,"pace":694.0,"speed":144.0,"totalDistance":2832422}
{"deviceid":"b81e905908354542","eventtype":"distance","timestamp":1456248248237,"userid":"vincent.planat@hpe.com","trainingMode":"WALKING","currentMotion":2,"pace":675.0,"speed":148.0,"totalDistance":2834238}
{"deviceid":"b81e905908354542","eventtype":"distance","timestamp":1456248246336,"userid":"vincent.planat@hpe.com","trainingMode":"WALKING","currentMotion":2,"pace":680.0,"speed":147.0,"totalDistance":2833930}
{"deviceid":"b81e905908354542","eventtype":"distance","timestamp":1456248234207,"userid":"vincent.planat@hpe.com","trainingMode":"WALKING","currentMotion":2,"pace":694.0,"speed":144.0,"totalDistance":2832130}
{"deviceid":"b81e905908354542","eventtype":"distance","timestamp":1456248248203,"userid":"vincent.planat@hpe.com","trainingMode":"WALKING","currentMotion":2,"pace":675.0,"speed":148.0,"totalDistance":2834238}
{"deviceid":"b81e905908354542","eventtype":"distance","timestamp":1456248217038,"userid":"vincent.planat@hpe.com","trainingMode":"WALKING","currentMotion":2,"pace":694.0,"speed":144.0,"totalDistance":2829754}
{"deviceid":"b81e905908354542","eventtype":"distance","timestamp":1456248245123,"userid":"vincent.planat@hpe.com","trainingMode":"WALKING","currentMotion":2,"pace":684.0,"speed":146.0,"totalDistance":2833776}
{"deviceid":"b81e905908354542","eventtype":"distance","timestamp":1456248242418,"userid":"vincent.planat@hpe.com","trainingMode":"WALKING","currentMotion":2,"pace":694.0,"speed":144.0,"totalDistance":2833314}
{"deviceid":"b81e905908354542","eventtype":"distance","timestamp":1456248228398,"userid":"vincent.planat@hpe.com","trainingMode":"WALKING","currentMotion":2,"pace":763.0,"speed":131.0,"totalDistance":2831246}
{"deviceid":"b81e905908354542","eventtype":"distance","timestamp":1456248243167,"userid":"vincent.planat@hpe.com","trainingMode":"WALKING","currentMotion":2,"pace":694.0,"speed":144.0,"totalDistance":2833468}
{"deviceid":"b81e905908354542","eventtype":"distance","timestamp":1456248212409,"userid":"vincent.planat@hpe.com","trainingMode":"WALKING","currentMotion":2,"pace":657.0,"speed":152.0,"totalDistance":2829028}
{"deviceid":"b81e905908354542","eventtype":"distance","timestamp":1456248222037,"userid":"vincent.planat@hpe.com","trainingMode":"WALKING","currentMotion":2,"pace":757.0,"speed":132.0,"totalDistance":2830338}
{"deviceid":"b81e905908354542","eventtype":"distance","timestamp":1456248223969,"userid":"vincent.planat@hpe.com","trainingMode":"WALKING","currentMotion":2,"pace":763.0,"speed":131.0,"totalDistance":2830646}
{"deviceid":"b81e905908354542","eventtype":"distance","timestamp":1456248235103,"userid":"vincent.planat@hpe.com","trainingMode":"WALKING","currentMotion":2,"pace":694.0,"speed":144.0,"totalDistance":2832276}
{"deviceid":"b81e905908354542","eventtype":"distance","timestamp":1456248214182,"userid":"vincent.planat@hpe.com","trainingMode":"WALKING","currentMotion":2,"pace":680.0,"speed":147.0,"totalDistance":2829320}
{"deviceid":"b81e905908354542","eventtype":"distance","timestamp":1456248222231,"userid":"vincent.planat@hpe.com","trainingMode":"WALKING","currentMotion":2,"pace":757.0,"speed":132.0,"totalDistance":2830338}
{"deviceid":"b81e905908354542","eventtype":"distance","timestamp":1456248209787,"userid":"vincent.planat@hpe.com","trainingMode":"WALKING","currentMotion":2,"pace":641.0,"speed":156.0,"totalDistance":2828590}
{"deviceid":"b81e905908354542","eventtype":"distance","timestamp":1456248216176,"userid":"vincent.planat@hpe.com","trainingMode":"WALKING","currentMotion":2,"pace":689.0,"speed":145.0,"totalDistance":2829608}
{"deviceid":"b81e905908354542","eventtype":"distance","timestamp":1456248215051,"userid":"vincent.planat@hpe.com","trainingMode":"WALKING","currentMotion":2,"pace":684.0,"speed":146.0,"totalDistance":2829462}
{"deviceid":"b81e905908354542","eventtype":"distance","timestamp":1456248223986,"userid":"vincent.planat@hpe.com","trainingMode":"WALKING","currentMotion":2,"pace":763.0,"speed":131.0,"totalDistance":2830646}
{"deviceid":"b81e905908354542","eventtype":"distance","timestamp":1456248244122,"userid":"vincent.planat@hpe.com","trainingMode":"WALKING","currentMotion":2,"pace":689.0,"speed":145.0,"totalDistance":2833622}
{"deviceid":"b81e905908354542","eventtype":"distance","timestamp":1456248219049,"userid":"vincent.planat@hpe.com","trainingMode":"WALKING","currentMotion":2,"pace":719.0,"speed":139.0,"totalDistance":2829900}
{"deviceid":"b81e905908354542","eventtype":"distance","timestamp":1456248229213,"userid":"vincent.planat@hpe.com","trainingMode":"WALKING","currentMotion":2,"pace":735.0,"speed":136.0,"totalDistance":2831392}
{"deviceid":"b81e905908354542","eventtype":"distance","timestamp":1456248241526,"userid":"vincent.planat@hpe.com","trainingMode":"WALKING","currentMotion":2,"pace":694.0,"speed":144.0,"totalDistance":2833160}
{"deviceid":"b81e905908354542","eventtype":"distance","timestamp":1456248235116,"userid":"vincent.planat@hpe.com","trainingMode":"WALKING","currentMotion":2,"pace":694.0,"speed":144.0,"totalDistance":2832276}
{"deviceid":"b81e905908354542","eventtype":"distance","timestamp":1456248226668,"userid":"vincent.planat@hpe.com","trainingMode":"WALKING","currentMotion":2,"pace":763.0,"speed":131.0,"totalDistance":2830954}
{"deviceid":"b81e905908354542","eventtype":"distance","timestamp":1456248227552,"userid":"vincent.planat@hpe.com","trainingMode":"WALKING","currentMotion":2,"pace":763.0,"speed":131.0,"totalDistance":2831100}
{"deviceid":"b81e905908354542","eventtype":"distance","timestamp":1456248233065,"userid":"vincent.planat@hpe.com","trainingMode":"WALKING","currentMotion":2,"pace":694.0,"speed":144.0,"totalDistance":2831984}
{"deviceid":"b81e905908354542","eventtype":"distance","timestamp":1456248231125,"userid":"vincent.planat@hpe.com","trainingMode":"WALKING","currentMotion":2,"pace":709.0,"speed":141.0,"totalDistance":2831684}
{"deviceid":"b81e905908354542","eventtype":"distance","timestamp":1456248212422,"userid":"vincent.planat@hpe.com","trainingMode":"WALKING","currentMotion":2,"pace":657.0,"speed":152.0,"totalDistance":2829028}
{"deviceid":"b81e905908354542","eventtype":"distance","timestamp":1456248232202,"userid":"vincent.planat@hpe.com","trainingMode":"WALKING","currentMotion":2,"pace":699.0,"speed":143.0,"totalDistance":2831838}
{"deviceid":"b81e905908354542","eventtype":"distance","timestamp":1456248231093,"userid":"vincent.planat@hpe.com","trainingMode":"WALKING","currentMotion":2,"pace":709.0,"speed":141.0,"totalDistance":2831684}
{"deviceid":"b81e905908354542","eventtype":"distance","timestamp":1456248214169,"userid":"vincent.planat@hpe.com","trainingMode":"WALKING","currentMotion":2,"pace":680.0,"speed":147.0,"totalDistance":2829320}
{"deviceid":"b81e905908354542","eventtype":"distance","timestamp":1456248220003,"userid":"vincent.planat@hpe.com","trainingMode":"WALKING","currentMotion":2,"pace":735.0,"speed":136.0,"totalDistance":2830046}
{"deviceid":"b81e905908354542","eventtype":"distance","timestamp":1456248247146,"userid":"vincent.planat@hpe.com","trainingMode":"WALKING","currentMotion":2,"pace":680.0,"speed":147.0,"totalDistance":2834084}
{"deviceid":"b81e905908354542","eventtype":"distance","timestamp":1456248230033,"userid":"vincent.planat@hpe.com","trainingMode":"WALKING","currentMotion":2,"pace":719.0,"speed":139.0,"totalDistance":2831538}
{"deviceid":"b81e905908354542","eventtype":"distance","timestamp":1456248216193,"userid":"vincent.planat@hpe.com","trainingMode":"WALKING","currentMotion":2,"pace":689.0,"speed":145.0,"totalDistance":2829608}
{"deviceid":"b81e905908354542","eventtype":"distance","timestamp":1456248219067,"userid":"vincent.planat@hpe.com","trainingMode":"WALKING","currentMotion":2,"pace":719.0,"speed":139.0,"totalDistance":2829900}
{"deviceid":"b81e905908354542","eventtype":"distance","timestamp":1456248213342,"userid":"vincent.planat@hpe.com","trainingMode":"WALKING","currentMotion":2,"pace":671.0,"speed":149.0,"totalDistance":2829174}
{"deviceid":"b81e905908354542","eventtype":"distance","timestamp":1456248226651,"userid":"vincent.planat@hpe.com","trainingMode":"WALKING","currentMotion":2,"pace":763.0,"speed":131.0,"totalDistance":2830954}
{"deviceid":"b81e905908354542","eventtype":"distance","timestamp":1456248240748,"userid":"vincent.planat@hpe.com","trainingMode":"WALKING","currentMotion":2,"pace":694.0,"speed":144.0,"totalDistance":2833006}
{"deviceid":"b81e905908354542","eventtype":"distance","timestamp":1456248225107,"userid":"vincent.planat@hpe.com","trainingMode":"WALKING","currentMotion":2,"pace":763.0,"speed":131.0,"totalDistance":2830800}
{"deviceid":"b81e905908354542","eventtype":"distance","timestamp":1456248213362,"userid":"vincent.planat@hpe.com","trainingMode":"WALKING","currentMotion":2,"pace":671.0,"speed":149.0,"totalDistance":2829174}
{"deviceid":"b81e905908354542","eventtype":"distance","timestamp":1456248209755,"userid":"vincent.planat@hpe.com","trainingMode":"WALKING","currentMotion":2,"pace":641.0,"speed":156.0,"totalDistance":2828590}
{"deviceid":"b81e905908354542","eventtype":"distance","timestamp":1456248244138,"userid":"vincent.planat@hpe.com","trainingMode":"WALKING","currentMotion":2,"pace":689.0,"speed":145.0,"totalDistance":2833622}
{"deviceid":"b81e905908354542","eventtype":"distance","timestamp":1456248242406,"userid":"vincent.planat@hpe.com","trainingMode":"WALKING","currentMotion":2,"pace":694.0,"speed":144.0,"totalDistance":2833314}
{"deviceid":"b81e905908354542","eventtype":"distance","timestamp":1456248241545,"userid":"vincent.planat@hpe.com","trainingMode":"WALKING","currentMotion":2,"pace":694.0,"speed":144.0,"totalDistance":2833160}
{"deviceid":"b81e905908354542","eventtype":"distance","timestamp":1456248210682,"userid":"vincent.planat@hpe.com","trainingMode":"WALKING","currentMotion":2,"pace":641.0,"speed":156.0,"totalDistance":2828736}
{"deviceid":"b81e905908354542","eventtype":"distance","timestamp":1456248223046,"userid":"vincent.planat@hpe.com","trainingMode":"WALKING","currentMotion":2,"pace":763.0,"speed":131.0,"totalDistance":2830492}
{"deviceid":"b81e905908354542","eventtype":"distance","timestamp":1456248228412,"userid":"vincent.planat@hpe.com","trainingMode":"WALKING","currentMotion":2,"pace":763.0,"speed":131.0,"totalDistance":2831246}
{"deviceid":"b81e905908354542","eventtype":"distance","timestamp":1456248233017,"userid":"vincent.planat@hpe.com","trainingMode":"WALKING","currentMotion":2,"pace":694.0,"speed":144.0,"totalDistance":2831984}
{"deviceid":"b81e905908354542","eventtype":"distance","timestamp":1456248237109,"userid":"vincent.planat@hpe.com","trainingMode":"WALKING","currentMotion":2,"pace":694.0,"speed":144.0,"totalDistance":2832568}
{"deviceid":"b81e905908354542","eventtype":"distance","timestamp":1456248232189,"userid":"vincent.planat@hpe.com","trainingMode":"WALKING","currentMotion":2,"pace":699.0,"speed":143.0,"totalDistance":2831838}
{"deviceid":"b81e905908354542","eventtype":"distance","timestamp":1456248218066,"userid":"vincent.planat@hpe.com","trainingMode":"WALKING","currentMotion":2,"pace":694.0,"speed":144.0,"totalDistance":2829900}
{"deviceid":"b81e905908354542","eventtype":"distance","timestamp":1456248236127,"userid":"vincent.planat@hpe.com","trainingMode":"WALKING","currentMotion":2,"pace":694.0,"speed":144.0,"totalDistance":2832422}
{"deviceid":"b81e905908354542","eventtype":"distance","timestamp":1456248245126,"userid":"vincent.planat@hpe.com","trainingMode":"WALKING","currentMotion":2,"pace":684.0,"speed":146.0,"totalDistance":2833776}
{"deviceid":"b81e905908354542","eventtype":"distance","timestamp":1456248221069,"userid":"vincent.planat@hpe.com","trainingMode":"WALKING","currentMotion":2,"pace":746.0,"speed":134.0,"totalDistance":2830192}
{"deviceid":"b81e905908354542","eventtype":"distance","timestamp":1456248217059,"userid":"vincent.planat@hpe.com","trainingMode":"WALKING","currentMotion":2,"pace":694.0,"speed":144.0,"totalDistance":2829754}
{"deviceid":"b81e905908354542","eventtype":"distance","timestamp":1456248247201,"userid":"vincent.planat@hpe.com","trainingMode":"WALKING","currentMotion":2,"pace":680.0,"speed":147.0,"totalDistance":2834084}
{"deviceid":"b81e905908354542","eventtype":"distance","timestamp":1456248211593,"userid":"vincent.planat@hpe.com","trainingMode":"WALKING","currentMotion":2,"pace":641.0,"speed":156.0,"totalDistance":2828882}
{"deviceid":"b81e905908354542","eventtype":"distance","timestamp":1456248229231,"userid":"vincent.planat@hpe.com","trainingMode":"WALKING","currentMotion":2,"pace":735.0,"speed":136.0,"totalDistance":2831392}
{"deviceid":"b81e905908354542","eventtype":"distance","timestamp":1456248215064,"userid":"vincent.planat@hpe.com","trainingMode":"WALKING","currentMotion":2,"pace":684.0,"speed":146.0,"totalDistance":2829462}
{"deviceid":"b81e905908354542","eventtype":"distance","timestamp":1456248238080,"userid":"vincent.planat@hpe.com","trainingMode":"WALKING","currentMotion":2,"pace":694.0,"speed":144.0,"totalDistance":2832714}
{"deviceid":"b81e905908354542","eventtype":"distance","timestamp":1456248240734,"userid":"vincent.planat@hpe.com","trainingMode":"WALKING","currentMotion":2,"pace":694.0,"speed":144.0,"totalDistance":2833006}
{"deviceid":"b81e905908354542","eventtype":"distance","timestamp":1456248246322,"userid":"vincent.planat@hpe.com","trainingMode":"WALKING","currentMotion":2,"pace":680.0,"speed":147.0,"totalDistance":2833930}
{"deviceid":"b81e905908354542","eventtype":"distance","timestamp":1456248210707,"userid":"vincent.planat@hpe.com","trainingMode":"WALKING","currentMotion":2,"pace":641.0,"speed":156.0,"totalDistance":2828736}
{"deviceid":"b81e905908354542","eventtype":"distance","timestamp":1456248225090,"userid":"vincent.planat@hpe.com","trainingMode":"WALKING","currentMotion":2,"pace":763.0,"speed":131.0,"totalDistance":2830800}
{"deviceid":"b81e905908354542","eventtype":"distance","timestamp":1456248230016,"userid":"vincent.planat@hpe.com","trainingMode":"WALKING","currentMotion":2,"pace":719.0,"speed":139.0,"totalDistance":2831538}
{"deviceid":"b81e905908354542","eventtype":"distance","timestamp":1456248243180,"userid":"vincent.planat@hpe.com","trainingMode":"WALKING","currentMotion":2,"pace":694.0,"speed":144.0,"totalDistance":2833468}
{"deviceid":"b81e905908354542","eventtype":"distance","timestamp":1456248227567,"userid":"vincent.planat@hpe.com","trainingMode":"WALKING","currentMotion":2,"pace":763.0,"speed":131.0,"totalDistance":2831100}
{"deviceid":"b81e905908354542","eventtype":"distance","timestamp":1456248223030,"userid":"vincent.planat@hpe.com","trainingMode":"WALKING","currentMotion":2,"pace":763.0,"speed":131.0,"totalDistance":2830492}
{"deviceid":"b81e905908354542","eventtype":"distance","timestamp":1456248239878,"userid":"vincent.planat@hpe.com","trainingMode":"WALKING","currentMotion":2,"pace":694.0,"speed":144.0,"totalDistance":2832860}
{"deviceid":"b81e905908354542","eventtype":"distance","timestamp":1456248239853,"userid":"vincent.planat@hpe.com","trainingMode":"WALKING","currentMotion":2,"pace":694.0,"speed":144.0,"totalDistance":2832860}
{"deviceid":"b81e905908354542","eventtype":"distance","timestamp":1456248219984,"userid":"vincent.planat@hpe.com","trainingMode":"WALKING","currentMotion":2,"pace":735.0,"speed":136.0,"totalDistance":2830046}
