{"deviceid":"b81e905908354542","eventtype":"distance","timestamp":1456248540619,"userid":"vincent.planat@hpe.com","trainingMode":"WALKING_UP","currentMotion":1,"pace":1162.0,"speed":86.0,"totalDistance":2862636}
{"deviceid":"b81e905908354542","eventtype":"distance","timestamp":1456248529485,"userid":"vincent.planat@hpe.com","trainingMode":"WALKING","currentMotion":2,"pace":724.0,"speed":138.0,"totalDistance":2861866}
{"deviceid":"b81e905908354542","eventtype":"distance","timestamp":1456248525491,"userid":"vincent.planat@hpe.com","trainingMode":"WALKING","currentMotion":2,"pace":684.0,"speed":146.0,"totalDistance":2861250}
{"deviceid":"b81e905908354542","eventtype":"distance","timestamp":1456248532458,"userid":"vincent.planat@hpe.com","trainingMode":"WALKING","currentMotion":2,"pace":757.0,"speed":132.0,"totalDistance":2862174}
{"deviceid":"b81e905908354542","eventtype":"distance","timestamp":1456248522070,"userid":"vincent.planat@hpe.com","trainingMode":"WALKING","currentMotion":2,"pace":666.0,"speed":150.0,"totalDistance":2860788}
{"deviceid":"b81e905908354542","eventtype":"distance","timestamp":1456248524559,"userid":"vincent.planat@hpe.com","trainingMode":"WALKING","currentMotion":2,"pace":666.0,"speed":150.0,"totalDistance":2861250}
{"deviceid":"b81e905908354542","eventtype":"distance","timestamp":1456248519341,"userid":"vincent.planat@hpe.com","trainingMode":"WALKING","currentMotion":2,"pace":671.0,"speed":149.0,"totalDistance":2860480}
{"deviceid":"b81e905908354542","eventtype":"distance","timestamp":1456248545674,"userid":"vincent.planat@hpe.com","trainingMode":"WALKING_UP","currentMotion":1,"pace":2564.0,"speed":39.0,"totalDistance":2862636}
{"deviceid":"b81e905908354542","eventtype":"distance","timestamp":1456248509268,"userid":"vincent.planat@hpe.com","trainingMode":"WALKING","currentMotion":2,"pace":787.0,"speed":127.0,"totalDistance":2858948}
{"deviceid":"b81e905908354542","eventtype":"distance","timestamp":1456248538117,"userid":"vincent.planat@hpe.com","trainingMode":"NONE","currentMotion":2,"pace":869.0,"speed":115.0,"totalDistance":2862636}
{"deviceid":"b81e905908354542","eventtype":"distance","timestamp":1456248536457,"userid":"vincent.planat@hpe.com","trainingMode":"NONE","currentMotion":2,"pace":840.0,"speed":119.0,"totalDistance":2862636}
{"deviceid":"b81e905908354542","eventtype":"distance","timestamp":1456248545661,"userid":"vincent.planat@hpe.com","trainingMode":"WALKING_UP","currentMotion":1,"pace":2564.0,"speed":39.0,"totalDistance":2862636}
{"deviceid":"b81e905908354542","eventtype":"distance","timestamp":1456248513260,"userid":"vincent.planat@hpe.com","trainingMode":"WALKING","currentMotion":2,"pace":704.0,"speed":142.0,"totalDistance":2859556}
{"deviceid":"b81e905908354542","eventtype":"distance","timestamp":1456248521133,"userid":"vincent.planat@hpe.com","trainingMode":"WALKING","currentMotion":2,"pace":666.0,"speed":150.0,"totalDistance":2860634}
{"deviceid":"b81e905908354542","eventtype":"distance","timestamp":1456248538980,"userid":"vincent.planat@hpe.com","trainingMode":"NONE","currentMotion":1,"pace":925.0,"speed":108.0,"totalDistance":2862636}
{"deviceid":"b81e905908354542","eventtype":"distance","timestamp":1456248534505,"userid":"vincent.planat@hpe.com","trainingMode":"NONE","currentMotion":2,"pace":847.0,"speed":118.0,"totalDistance":2862328}
{"deviceid":"b81e905908354542","eventtype":"distance","timestamp":1456248521163,"userid":"vincent.planat@hpe.com","trainingMode":"WALKING","currentMotion":2,"pace":666.0,"speed":150.0,"totalDistance":2860634}
{"deviceid":"b81e905908354542","eventtype":"distance","timestamp":1456248514807,"userid":"vincent.planat@hpe.com","trainingMode":"WALKING","currentMotion":2,"pace":694.0,"speed":144.0,"totalDistance":2859710}
{"deviceid":"b81e905908354542","eventtype":"distance","timestamp":1456248512323,"userid":"vincent.planat@hpe.com","trainingMode":"WALKING","currentMotion":2,"pace":719.0,"speed":139.0,"totalDistance":2859402}
{"deviceid":"b81e905908354542","eventtype":"distance","timestamp":1456248526461,"userid":"vincent.planat@hpe.com","trainingMode":"WALKING","currentMotion":2,"pace":699.0,"speed":143.0,"totalDistance":2861404}
{"deviceid":"b81e905908354542","eventtype":"distance","timestamp":1456248539697,"userid":"vincent.planat@hpe.com","trainingMode":"NONE","currentMotion":1,"pace":1020.0,"speed":98.0,"totalDistance":2862636}
{"deviceid":"b81e905908354542","eventtype":"distance","timestamp":1456248546610,"userid":"vincent.planat@hpe.com","trainingMode":"WALKING_UP","currentMotion":1,"pace":0.0,"speed":27.0,"totalDistance":2862636}
{"deviceid":"b81e905908354542","eventtype":"distance","timestamp":1456248507454,"userid":"vincent.planat@hpe.com","trainingMode":"WALKING","currentMotion":2,"pace":862.0,"speed":116.0,"totalDistance":2858656}
{"deviceid":"b81e905908354542","eventtype":"distance","timestamp":1456248516594,"userid":"vincent.planat@hpe.com","trainingMode":"WALKING","currentMotion":2,"pace":684.0,"speed":146.0,"totalDistance":2860018}
{"deviceid":"b81e905908354542","eventtype":"distance","timestamp":1456248535455,"userid":"vincent.planat@hpe.com","trainingMode":"NONE","currentMotion":2,"pace":840.0,"speed":119.0,"totalDistance":2862482}
{"deviceid":"b81e905908354542","eventtype":"distance","timestamp":1456248509270,"userid":"vincent.planat@hpe.com","trainingMode":"WALKING","currentMotion":2,"pace":787.0,"speed":127.0,"totalDistance":2858948}
{"deviceid":"b81e905908354542","eventtype":"distance","timestamp":1456248527660,"userid":"vincent.planat@hpe.com","trainingMode":"WALKING","currentMotion":2,"pace":709.0,"speed":141.0,"totalDistance":2861558}
{"deviceid":"b81e905908354542","eventtype":"distance","timestamp":1456248544753,"userid":"vincent.planat@hpe.com","trainingMode":"WALKING_UP","currentMotion":1,"pace":2000.0,"speed":50.0,"totalDistance":2862636}
{"deviceid":"b81e905908354542","eventtype":"distance","timestamp":1456248546593,"userid":"vincent.planat@hpe.com","trainingMode":"WALKING_UP","currentMotion":1,"pace":0.0,"speed":27.0,"totalDistance":2862636}
{"deviceid":"b81e905908354542","eventtype":"distance","timestamp":1456248540600,"userid":"vincent.planat@hpe.com","trainingMode":"WALKING_UP","currentMotion":1,"pace":1162.0,"speed":86.0,"totalDistance":2862636}
{"deviceid":"b81e905908354542","eventtype":"distance","timestamp":1456248518382,"userid":"vincent.planat@hpe.com","trainingMode":"WALKING","currentMotion":2,"pace":675.0,"speed":148.0,"totalDistance":2860326}
{"deviceid":"b81e905908354542","eventtype":"distance","timestamp":1456248510256,"userid":"vincent.planat@hpe.com","trainingMode":"WALKING","currentMotion":2,"pace":763.0,"speed":131.0,"totalDistance":2859094}
{"deviceid":"b81e905908354542","eventtype":"distance","timestamp":1456248547788,"userid":"vincent.planat@hpe.com","trainingMode":"WALKING_UP","currentMotion":1,"pace":0.0,"speed":18.0,"totalDistance":2862636}
{"deviceid":"b81e905908354542","eventtype":"distance","timestamp":1456248523716,"userid":"vincent.planat@hpe.com","trainingMode":"WALKING","currentMotion":2,"pace":666.0,"speed":150.0,"totalDistance":2861096}
{"deviceid":"b81e905908354542","eventtype":"distance","timestamp":1456248522055,"userid":"vincent.planat@hpe.com","trainingMode":"WALKING","currentMotion":2,"pace":666.0,"speed":150.0,"totalDistance":2860788}
{"deviceid":"b81e905908354542","eventtype":"distance","timestamp":1456248511246,"userid":"vincent.planat@hpe.com","trainingMode":"WALKING","currentMotion":2,"pace":740.0,"speed":135.0,"totalDistance":2859248}
{"deviceid":"b81e905908354542","eventtype":"distance","timestamp":1456248547598,"userid":"vincent.planat@hpe.com","trainingMode":"WALKING_UP","currentMotion":1,"pace":0.0,"speed":18.0,"totalDistance":2862636}
{"deviceid":"b81e905908354542","eventtype":"distance","timestamp":1456248533491,"userid":"vincent.planat@hpe.com","trainingMode":"WALKING","currentMotion":1,"pace":806.0,"speed":124.0,"totalDistance":2862174}
{"deviceid":"b81e905908354542","eventtype":"distance","timestamp":1456248541575,"userid":"vincent.planat@hpe.com","trainingMode":"WALKING_UP","currentMotion":1,"pace":1351.0,"speed":74.0,"totalDistance":2862636}
{"deviceid":"b81e905908354542","eventtype":"distance","timestamp":1456248533507,"userid":"vincent.planat@hpe.com","trainingMode":"WALKING","currentMotion":1,"pace":806.0,"speed":124.0,"totalDistance":2862174}
{"deviceid":"b81e905908354542","eventtype":"distance","timestamp":1456248548636,"userid":"vincent.planat@hpe.com","trainingMode":"WALKING_UP","currentMotion":1,"pace":0.0,"speed":12.0,"totalDistance":2862636}
{"deviceid":"b81e905908354542","eventtype":"distance","timestamp":1456248543557,"userid":"vincent.planat@hpe.com","trainingMode":"WALKING_UP","currentMotion":1,"pace":1694.0,"speed":59.0,"totalDistance":2862636}
{"deviceid":"b81e905908354542","eventtype":"distance","timestamp":1456248517366,"userid":"vincent.planat@hpe.com","trainingMode":"WALKING","currentMotion":2,"pace":680.0,"speed":147.0,"totalDistance":2860172}
{"deviceid":"b81e905908354542","eventtype":"distance","timestamp":1456248525505,"userid":"vincent.planat@hpe.com","trainingMode":"WALKING","currentMotion":2,"pace":684.0,"speed":146.0,"totalDistance":2861250}
{"deviceid":"b81e905908354542","eventtype":"distance","timestamp":1456248524541,"userid":"vincent.planat@hpe.com","trainingMode":"WALKING","currentMotion":2,"pace":666.0,"speed":150.0,"totalDistance":2861250}
{"deviceid":"b81e905908354542","eventtype":"distance","timestamp":1456248542594,"userid":"vincent.planat@hpe.com","trainingMode":"WALKING_UP","currentMotion":1,"pace":1538.0,"speed":65.0,"totalDistance":2862636}
{"deviceid":"b81e905908354542","eventtype":"distance","timestamp":1456248515844,"userid":"vincent.planat@hpe.com","trainingMode":"WALKING","currentMotion":2,"pace":689.0,"speed":145.0,"totalDistance":2859864}
{"deviceid":"b81e905908354542","eventtype":"distance","timestamp":1456248510234,"userid":"vincent.planat@hpe.com","trainingMode":"WALKING","currentMotion":2,"pace":763.0,"speed":131.0,"totalDistance":2859094}
{"deviceid":"b81e905908354542","eventtype":"distance","timestamp":1456248529507,"userid":"vincent.planat@hpe.com","trainingMode":"WALKING","currentMotion":2,"pace":724.0,"speed":138.0,"totalDistance":2861866}
{"deviceid":"b81e905908354542","eventtype":"distance","timestamp":1456248523733,"userid":"vincent.planat@hpe.com","trainingMode":"WALKING","currentMotion":2,"pace":666.0,"speed":150.0,"totalDistance":2861096}
{"deviceid":"b81e905908354542","eventtype":"distance","timestamp":1456248526478,"userid":"vincent.planat@hpe.com","trainingMode":"WALKING","currentMotion":2,"pace":699.0,"speed":143.0,"totalDistance":2861404}
{"deviceid":"b81e905908354542","eventtype":"distance","timestamp":1456248538111,"userid":"vincent.planat@hpe.com","trainingMode":"NONE","currentMotion":2,"pace":869.0,"speed":115.0,"totalDistance":2862636}
{"deviceid":"b81e905908354542","eventtype":"distance","timestamp":1456248534527,"userid":"vincent.planat@hpe.com","trainingMode":"NONE","currentMotion":2,"pace":847.0,"speed":118.0,"totalDistance":2862328}
{"deviceid":"b81e905908354542","eventtype":"distance","timestamp":1456248535443,"userid":"vincent.planat@hpe.com","trainingMode":"NONE","currentMotion":2,"pace":840.0,"speed":119.0,"totalDistance":2862482}
{"deviceid":"b81e905908354542","eventtype":"distance","timestamp":1456248543537,"userid":"vincent.planat@hpe.com","trainingMode":"WALKING_UP","currentMotion":1,"pace":1694.0,"speed":59.0,"totalDistance":2862636}
{"deviceid":"b81e905908354542","eventtype":"distance","timestamp":1456248508357,"userid":"vincent.planat@hpe.com","trainingMode":"WALKING","currentMotion":2,"pace":819.0,"speed":122.0,"totalDistance":2858802}
{"deviceid":"b81e905908354542","eventtype":"distance","timestamp":1456248515826,"userid":"vincent.planat@hpe.com","trainingMode":"WALKING","currentMotion":2,"pace":689.0,"speed":145.0,"totalDistance":2859864}
{"deviceid":"b81e905908354542","eventtype":"distance","timestamp":1456248544771,"userid":"vincent.planat@hpe.com","trainingMode":"WALKING_UP","currentMotion":1,"pace":2000.0,"speed":50.0,"totalDistance":2862636}
{"deviceid":"b81e905908354542","eventtype":"distance","timestamp":1456248532476,"userid":"vincent.planat@hpe.com","trainingMode":"WALKING","currentMotion":2,"pace":757.0,"speed":132.0,"totalDistance":2862174}
{"deviceid":"b81e905908354542","eventtype":"distance","timestamp":1456248531466,"userid":"vincent.planat@hpe.com","trainingMode":"WALKING","currentMotion":2,"pace":729.0,"speed":137.0,"totalDistance":2862174}
{"deviceid":"b81e905908354542","eventtype":"distance","timestamp":1456248538962,"userid":"vincent.planat@hpe.com","trainingMode":"NONE","currentMotion":1,"pace":925.0,"speed":108.0,"totalDistance":2862636}
{"deviceid":"b81e905908354542","eventtype":"distance","timestamp":1456248511264,"userid":"vincent.planat@hpe.com","trainingMode":"WALKING","currentMotion":2,"pace":740.0,"speed":135.0,"totalDistance":2859248}
{"deviceid":"b81e905908354542","eventtype":"distance","timestamp":1456248508323,"userid":"vincent.planat@hpe.com","trainingMode":"WALKING","currentMotion":2,"pace":819.0,"speed":122.0,"totalDistance":2858802}
{"deviceid":"b81e905908354542","eventtype":"distance","timestamp":1456248536447,"userid":"vincent.planat@hpe.com","trainingMode":"NONE","currentMotion":2,"pace":840.0,"speed":119.0,"totalDistance":2862636}
{"deviceid":"b81e905908354542","eventtype":"distance","timestamp":1456248507468,"userid":"vincent.planat@hpe.com","trainingMode":"WALKING","currentMotion":2,"pace":862.0,"speed":116.0,"totalDistance":2858656}
{"deviceid":"b81e905908354542","eventtype":"distance","timestamp":1456248530535,"userid":"vincent.planat@hpe.com","trainingMode":"WALKING","currentMotion":2,"pace":729.0,"speed":137.0,"totalDistance":2862020}
{"deviceid":"b81e905908354542","eventtype":"distance","timestamp":1456248527675,"userid":"vincent.planat@hpe.com","trainingMode":"WALKING","currentMotion":2,"pace":709.0,"speed":141.0,"totalDistance":2861558}
{"deviceid":"b81e905908354542","eventtype":"distance","timestamp":1456248528505,"userid":"vincent.planat@hpe.com","trainingMode":"WALKING","currentMotion":2,"pace":719.0,"speed":139.0,"totalDistance":2861712}
{"deviceid":"b81e905908354542","eventtype":"distance","timestamp":1456248519314,"userid":"vincent.planat@hpe.com","trainingMode":"WALKING","currentMotion":2,"pace":671.0,"speed":149.0,"totalDistance":2860480}
{"deviceid":"b81e905908354542","eventtype":"distance","timestamp":1456248541590,"userid":"vincent.planat@hpe.com","trainingMode":"WALKING_UP","currentMotion":1,"pace":1351.0,"speed":74.0,"totalDistance":2862636}
{"deviceid":"b81e905908354542","eventtype":"distance","timestamp":1456248531457,"userid":"vincent.planat@hpe.com","trainingMode":"WALKING","currentMotion":2,"pace":729.0,"speed":137.0,"totalDistance":2862174}
{"deviceid":"b81e905908354542","eventtype":"distance","timestamp":1456248512343,"userid":"vincent.planat@hpe.com","trainingMode":"WALKING","currentMotion":2,"pace":719.0,"speed":139.0,"totalDistance":2859402}
{"deviceid":"b81e905908354542","eventtype":"distance","timestamp":1456248517352,"userid":"vincent.planat@hpe.com","trainingMode":"WALKING","currentMotion":2,"pace":680.0,"speed":147.0,"totalDistance":2860172}
{"deviceid":"b81e905908354542","eventtype":"distance","timestamp":1456248548680,"userid":"vincent.planat@hpe.com","trainingMode":"WALKING_UP","currentMotion":1,"pace":0.0,"speed":12.0,"totalDistance":2862636}
{"deviceid":"b81e905908354542","eventtype":"distance","timestamp":1456248516612,"userid":"vincent.planat@hpe.com","trainingMode":"WALKING","currentMotion":2,"pace":684.0,"speed":146.0,"totalDistance":2860018}
{"deviceid":"b81e905908354542","eventtype":"distance","timestamp":1456248522855,"userid":"vincent.planat@hpe.com","trainingMode":"WALKING","currentMotion":2,"pace":666.0,"speed":150.0,"totalDistance":2860942}
{"deviceid":"b81e905908354542","eventtype":"distance","timestamp":1456248518367,"userid":"vincent.planat@hpe.com","trainingMode":"WALKING","currentMotion":2,"pace":675.0,"speed":148.0,"totalDistance":2860326}
{"deviceid":"b81e905908354542","eventtype":"distance","timestamp":1456248539718,"userid":"vincent.planat@hpe.com","trainingMode":"NONE","currentMotion":1,"pace":1020.0,"speed":98.0,"totalDistance":2862636}
{"deviceid":"b81e905908354542","eventtype":"distance","timestamp":1456248513263,"userid":"vincent.planat@hpe.com","trainingMode":"WALKING","currentMotion":2,"pace":704.0,"speed":142.0,"totalDistance":2859556}
{"deviceid":"b81e905908354542","eventtype":"distance","timestamp":1456248522827,"userid":"vincent.planat@hpe.com","trainingMode":"WALKING","currentMotion":2,"pace":666.0,"speed":150.0,"totalDistance":2860942}
{"deviceid":"b81e905908354542","eventtype":"distance","timestamp":1456248514822,"userid":"vincent.planat@hpe.com","trainingMode":"WALKING","currentMotion":2,"pace":694.0,"speed":144.0,"totalDistance":2859710}
{"deviceid":"b81e905908354542","eventtype":"distance","timestamp":1456248530509,"userid":"vincent.planat@hpe.com","trainingMode":"WALKING","currentMotion":2,"pace":729.0,"speed":137.0,"totalDistance":2862020}
{"deviceid":"b81e905908354542","eventtype":"distance","timestamp":1456248528490,"userid":"vincent.planat@hpe.com","trainingMode":"WALKING","currentMotion":2,"pace":719.0,"speed":139.0,"totalDistance":2861712}
{"deviceid":"b81e905908354542","eventtype":"distance","timestamp":1456248542616,"userid":"vincent.planat@hpe.com","trainingMode":"WALKING_UP","currentMotion":1,"pace":1538.0,"speed":65.0,"totalDistance":2862636}
