{"deviceid":"b81e905908354542","eventtype":"barometer","timestamp":1456248030826,"userid":"vincent.planat@hpe.com","trainingMode":"SITTING","airPressure":990.272461,"temperature":35.589583}
{"deviceid":"b81e905908354542","eventtype":"barometer","timestamp":1456247978838,"userid":"vincent.planat@hpe.com","trainingMode":"NONE","airPressure":990.484619,"temperature":35.7375}
{"deviceid":"b81e905908354542","eventtype":"barometer","timestamp":1456248008830,"userid":"vincent.planat@hpe.com","trainingMode":"SITTING","airPressure":990.323975,"temperature":35.685417}
{"deviceid":"b81e905908354542","eventtype":"barometer","timestamp":1456248026183,"userid":"vincent.planat@hpe.com","trainingMode":"SITTING","airPressure":990.288818,"temperature":35.614583}
{"deviceid":"b81e905908354542","eventtype":"barometer","timestamp":1456248053337,"userid":"vincent.planat@hpe.com","trainingMode":"SITTING","airPressure":990.346191,"temperature":35.489583}
{"deviceid":"b81e905908354542","eventtype":"barometer","timestamp":1456248048830,"userid":"vincent.planat@hpe.com","trainingMode":"SITTING","airPressure":990.33667,"temperature":35.502083}
{"deviceid":"b81e905908354542","eventtype":"barometer","timestamp":1456248044827,"userid":"vincent.planat@hpe.com","trainingMode":"SITTING","airPressure":990.385254,"temperature":35.514583}
{"deviceid":"b81e905908354542","eventtype":"barometer","timestamp":1456248004827,"userid":"vincent.planat@hpe.com","trainingMode":"SITTING","airPressure":990.463379,"temperature":35.6875}
{"deviceid":"b81e905908354542","eventtype":"barometer","timestamp":1456248051741,"userid":"vincent.planat@hpe.com","trainingMode":"SITTING","airPressure":990.307617,"temperature":35.495833}
{"deviceid":"b81e905908354542","eventtype":"barometer","timestamp":1456248052505,"userid":"vincent.planat@hpe.com","trainingMode":"SITTING","airPressure":990.336914,"temperature":35.49375}
{"deviceid":"b81e905908354542","eventtype":"barometer","timestamp":1456248054125,"userid":"vincent.planat@hpe.com","trainingMode":"SITTING","airPressure":990.346191,"temperature":35.489583}
{"deviceid":"b81e905908354542","eventtype":"barometer","timestamp":1456247983872,"userid":"vincent.planat@hpe.com","trainingMode":"NONE","airPressure":990.504395,"temperature":35.720833}
{"deviceid":"b81e905908354542","eventtype":"barometer","timestamp":1456248057956,"userid":"vincent.planat@hpe.com","trainingMode":"SITTING","airPressure":990.30249,"temperature":35.466667}
{"deviceid":"b81e905908354542","eventtype":"barometer","timestamp":1456248063912,"userid":"vincent.planat@hpe.com","trainingMode":"SITTING","airPressure":990.325439,"temperature":35.464583}
{"deviceid":"b81e905908354542","eventtype":"barometer","timestamp":1456247988815,"userid":"vincent.planat@hpe.com","trainingMode":"SITTING","airPressure":990.57666,"temperature":35.6875}
{"deviceid":"b81e905908354542","eventtype":"barometer","timestamp":1456247989846,"userid":"vincent.planat@hpe.com","trainingMode":"SITTING","airPressure":990.638184,"temperature":35.689583}
{"deviceid":"b81e905908354542","eventtype":"barometer","timestamp":1456248049923,"userid":"vincent.planat@hpe.com","trainingMode":"SITTING","airPressure":990.356934,"temperature":35.504167}
{"deviceid":"b81e905908354542","eventtype":"barometer","timestamp":1456248039873,"userid":"vincent.planat@hpe.com","trainingMode":"SITTING","airPressure":990.364014,"temperature":35.54375}
{"deviceid":"b81e905908354542","eventtype":"barometer","timestamp":1456248002823,"userid":"vincent.planat@hpe.com","trainingMode":"SITTING","airPressure":990.534668,"temperature":35.685417}
{"deviceid":"b81e905908354542","eventtype":"barometer","timestamp":1456248057973,"userid":"vincent.planat@hpe.com","trainingMode":"SITTING","airPressure":990.30249,"temperature":35.466667}
{"deviceid":"b81e905908354542","eventtype":"barometer","timestamp":1456248005830,"userid":"vincent.planat@hpe.com","trainingMode":"SITTING","airPressure":990.445312,"temperature":35.6875}
{"deviceid":"b81e905908354542","eventtype":"barometer","timestamp":1456247992861,"userid":"vincent.planat@hpe.com","trainingMode":"SITTING","airPressure":990.61792,"temperature":35.689583}
{"deviceid":"b81e905908354542","eventtype":"barometer","timestamp":1456247986313,"userid":"vincent.planat@hpe.com","trainingMode":"NONE","airPressure":990.587891,"temperature":35.7}
{"deviceid":"b81e905908354542","eventtype":"barometer","timestamp":1456248031832,"userid":"vincent.planat@hpe.com","trainingMode":"SITTING","airPressure":990.326416,"temperature":35.585417}
{"deviceid":"b81e905908354542","eventtype":"barometer","timestamp":1456247975994,"userid":"vincent.planat@hpe.com","trainingMode":"NONE","airPressure":990.530029,"temperature":35.7375}
{"deviceid":"b81e905908354542","eventtype":"barometer","timestamp":1456248049939,"userid":"vincent.planat@hpe.com","trainingMode":"SITTING","airPressure":990.356934,"temperature":35.504167}
{"deviceid":"b81e905908354542","eventtype":"barometer","timestamp":1456248019901,"userid":"vincent.planat@hpe.com","trainingMode":"SITTING","airPressure":990.289551,"temperature":35.63125}
{"deviceid":"b81e905908354542","eventtype":"barometer","timestamp":1456248046881,"userid":"vincent.planat@hpe.com","trainingMode":"SITTING","airPressure":990.311279,"temperature":35.508333}
{"deviceid":"b81e905908354542","eventtype":"barometer","timestamp":1456248054946,"userid":"vincent.planat@hpe.com","trainingMode":"SITTING","airPressure":990.35083,"temperature":35.485417}
{"deviceid":"b81e905908354542","eventtype":"barometer","timestamp":1456247981827,"userid":"vincent.planat@hpe.com","trainingMode":"NONE","airPressure":990.494629,"temperature":35.739583}
{"deviceid":"b81e905908354542","eventtype":"barometer","timestamp":1456247980828,"userid":"vincent.planat@hpe.com","trainingMode":"NONE","airPressure":990.46167,"temperature":35.7375}
{"deviceid":"b81e905908354542","eventtype":"barometer","timestamp":1456248045852,"userid":"vincent.planat@hpe.com","trainingMode":"SITTING","airPressure":990.355713,"temperature":35.514583}
{"deviceid":"b81e905908354542","eventtype":"barometer","timestamp":1456247969968,"userid":"vincent.planat@hpe.com","trainingMode":"NONE","airPressure":990.474854,"temperature":35.745833}
{"deviceid":"b81e905908354542","eventtype":"barometer","timestamp":1456248065847,"userid":"vincent.planat@hpe.com","trainingMode":"SITTING","airPressure":990.378662,"temperature":35.4625}
{"deviceid":"b81e905908354542","eventtype":"barometer","timestamp":1456248038903,"userid":"vincent.planat@hpe.com","trainingMode":"SITTING","airPressure":990.351318,"temperature":35.545833}
{"deviceid":"b81e905908354542","eventtype":"barometer","timestamp":1456248037834,"userid":"vincent.planat@hpe.com","trainingMode":"SITTING","airPressure":990.320557,"temperature":35.554167}
{"deviceid":"b81e905908354542","eventtype":"barometer","timestamp":1456248003877,"userid":"vincent.planat@hpe.com","trainingMode":"SITTING","airPressure":990.482178,"temperature":35.68125}
{"deviceid":"b81e905908354542","eventtype":"barometer","timestamp":1456248013151,"userid":"vincent.planat@hpe.com","trainingMode":"SITTING","airPressure":990.332275,"temperature":35.658333}
{"deviceid":"b81e905908354542","eventtype":"barometer","timestamp":1456248051722,"userid":"vincent.planat@hpe.com","trainingMode":"SITTING","airPressure":990.307617,"temperature":35.495833}
{"deviceid":"b81e905908354542","eventtype":"barometer","timestamp":1456247996862,"userid":"vincent.planat@hpe.com","trainingMode":"SITTING","airPressure":990.551514,"temperature":35.689583}
{"deviceid":"b81e905908354542","eventtype":"barometer","timestamp":1456248056890,"userid":"vincent.planat@hpe.com","trainingMode":"SITTING","airPressure":990.366455,"temperature":35.472917}
{"deviceid":"b81e905908354542","eventtype":"barometer","timestamp":1456248068532,"userid":"vincent.planat@hpe.com","trainingMode":"SITTING","airPressure":990.371582,"temperature":35.464583}
{"deviceid":"b81e905908354542","eventtype":"barometer","timestamp":1456248041838,"userid":"vincent.planat@hpe.com","trainingMode":"SITTING","airPressure":990.383545,"temperature":35.53125}
{"deviceid":"b81e905908354542","eventtype":"barometer","timestamp":1456248013862,"userid":"vincent.planat@hpe.com","trainingMode":"SITTING","airPressure":990.349365,"temperature":35.65625}
{"deviceid":"b81e905908354542","eventtype":"barometer","timestamp":1456247987512,"userid":"vincent.planat@hpe.com","trainingMode":"NONE","airPressure":990.584717,"temperature":35.689583}
{"deviceid":"b81e905908354542","eventtype":"barometer","timestamp":1456248012520,"userid":"vincent.planat@hpe.com","trainingMode":"SITTING","airPressure":990.339355,"temperature":35.664583}
{"deviceid":"b81e905908354542","eventtype":"barometer","timestamp":1456248016864,"userid":"vincent.planat@hpe.com","trainingMode":"SITTING","airPressure":990.30249,"temperature":35.639583}
{"deviceid":"b81e905908354542","eventtype":"barometer","timestamp":1456248021824,"userid":"vincent.planat@hpe.com","trainingMode":"SITTING","airPressure":990.356201,"temperature":35.627083}
{"deviceid":"b81e905908354542","eventtype":"barometer","timestamp":1456247984835,"userid":"vincent.planat@hpe.com","trainingMode":"NONE","airPressure":990.568604,"temperature":35.710417}
{"deviceid":"b81e905908354542","eventtype":"barometer","timestamp":1456247973931,"userid":"vincent.planat@hpe.com","trainingMode":"NONE","airPressure":990.474854,"temperature":35.74375}
{"deviceid":"b81e905908354542","eventtype":"barometer","timestamp":1456248007826,"userid":"vincent.planat@hpe.com","trainingMode":"SITTING","airPressure":990.386719,"temperature":35.68125}
{"deviceid":"b81e905908354542","eventtype":"barometer","timestamp":1456248014831,"userid":"vincent.planat@hpe.com","trainingMode":"SITTING","airPressure":990.273682,"temperature":35.645833}
{"deviceid":"b81e905908354542","eventtype":"barometer","timestamp":1456248058854,"userid":"vincent.planat@hpe.com","trainingMode":"SITTING","airPressure":990.374268,"temperature":35.466667}
{"deviceid":"b81e905908354542","eventtype":"barometer","timestamp":1456248059935,"userid":"vincent.planat@hpe.com","trainingMode":"SITTING","airPressure":990.33667,"temperature":35.466667}
{"deviceid":"b81e905908354542","eventtype":"barometer","timestamp":1456248043883,"userid":"vincent.planat@hpe.com","trainingMode":"SITTING","airPressure":990.351074,"temperature":35.5125}
{"deviceid":"b81e905908354542","eventtype":"barometer","timestamp":1456248020891,"userid":"vincent.planat@hpe.com","trainingMode":"SITTING","airPressure":990.356201,"temperature":35.627083}
{"deviceid":"b81e905908354542","eventtype":"barometer","timestamp":1456248062933,"userid":"vincent.planat@hpe.com","trainingMode":"SITTING","airPressure":990.374756,"temperature":35.466667}
{"deviceid":"b81e905908354542","eventtype":"barometer","timestamp":1456248068506,"userid":"vincent.planat@hpe.com","trainingMode":"SITTING","airPressure":990.371582,"temperature":35.464583}
{"deviceid":"b81e905908354542","eventtype":"barometer","timestamp":1456248064830,"userid":"vincent.planat@hpe.com","trainingMode":"SITTING","airPressure":990.441406,"temperature":35.46875}
{"deviceid":"b81e905908354542","eventtype":"barometer","timestamp":1456248062912,"userid":"vincent.planat@hpe.com","trainingMode":"SITTING","airPressure":990.374756,"temperature":35.466667}
{"deviceid":"b81e905908354542","eventtype":"barometer","timestamp":1456248061956,"userid":"vincent.planat@hpe.com","trainingMode":"SITTING","airPressure":990.312988,"temperature":35.464583}
{"deviceid":"b81e905908354542","eventtype":"barometer","timestamp":1456248054150,"userid":"vincent.planat@hpe.com","trainingMode":"SITTING","airPressure":990.346191,"temperature":35.489583}
{"deviceid":"b81e905908354542","eventtype":"barometer","timestamp":1456248064831,"userid":"vincent.planat@hpe.com","trainingMode":"SITTING","airPressure":990.441406,"temperature":35.46875}
{"deviceid":"b81e905908354542","eventtype":"barometer","timestamp":1456248061935,"userid":"vincent.planat@hpe.com","trainingMode":"SITTING","airPressure":990.312988,"temperature":35.464583}
{"deviceid":"b81e905908354542","eventtype":"barometer","timestamp":1456248026864,"userid":"vincent.planat@hpe.com","trainingMode":"SITTING","airPressure":990.34082,"temperature":35.608333}
{"deviceid":"b81e905908354542","eventtype":"barometer","timestamp":1456248055847,"userid":"vincent.planat@hpe.com","trainingMode":"SITTING","airPressure":990.341309,"temperature":35.479167}
{"deviceid":"b81e905908354542","eventtype":"barometer","timestamp":1456248018843,"userid":"vincent.planat@hpe.com","trainingMode":"SITTING","airPressure":990.32251,"temperature":35.633333}
{"deviceid":"b81e905908354542","eventtype":"barometer","timestamp":1456248006902,"userid":"vincent.planat@hpe.com","trainingMode":"SITTING","airPressure":990.374023,"temperature":35.685417}
{"deviceid":"b81e905908354542","eventtype":"barometer","timestamp":1456247998834,"userid":"vincent.planat@hpe.com","trainingMode":"SITTING","airPressure":990.528076,"temperature":35.683333}
{"deviceid":"b81e905908354542","eventtype":"barometer","timestamp":1456248066869,"userid":"vincent.planat@hpe.com","trainingMode":"SITTING","airPressure":990.40332,"temperature":35.4625}
{"deviceid":"b81e905908354542","eventtype":"barometer","timestamp":1456248060992,"userid":"vincent.planat@hpe.com","trainingMode":"SITTING","airPressure":990.364746,"temperature":35.46875}
{"deviceid":"b81e905908354542","eventtype":"barometer","timestamp":1456247971112,"userid":"vincent.planat@hpe.com","trainingMode":"NONE","airPressure":990.479248,"temperature":35.74375}
{"deviceid":"b81e905908354542","eventtype":"barometer","timestamp":1456248022833,"userid":"vincent.planat@hpe.com","trainingMode":"SITTING","airPressure":990.297363,"temperature":35.622917}
{"deviceid":"b81e905908354542","eventtype":"barometer","timestamp":1456248029846,"userid":"vincent.planat@hpe.com","trainingMode":"SITTING","airPressure":990.2771,"temperature":35.595833}
{"deviceid":"b81e905908354542","eventtype":"barometer","timestamp":1456247990838,"userid":"vincent.planat@hpe.com","trainingMode":"SITTING","airPressure":990.638184,"temperature":35.689583}
{"deviceid":"b81e905908354542","eventtype":"barometer","timestamp":1456248061009,"userid":"vincent.planat@hpe.com","trainingMode":"SITTING","airPressure":990.364746,"temperature":35.46875}
{"deviceid":"b81e905908354542","eventtype":"barometer","timestamp":1456248035841,"userid":"vincent.planat@hpe.com","trainingMode":"SITTING","airPressure":990.327637,"temperature":35.5625}
{"deviceid":"b81e905908354542","eventtype":"barometer","timestamp":1456247995901,"userid":"vincent.planat@hpe.com","trainingMode":"SITTING","airPressure":990.550293,"temperature":35.689583}
{"deviceid":"b81e905908354542","eventtype":"barometer","timestamp":1456247988059,"userid":"vincent.planat@hpe.com","trainingMode":"NONE","airPressure":990.613525,"temperature":35.689583}
{"deviceid":"b81e905908354542","eventtype":"barometer","timestamp":1456248063896,"userid":"vincent.planat@hpe.com","trainingMode":"SITTING","airPressure":990.325439,"temperature":35.464583}
{"deviceid":"b81e905908354542","eventtype":"barometer","timestamp":1456248033892,"userid":"vincent.planat@hpe.com","trainingMode":"SITTING","airPressure":990.330566,"temperature":35.572917}
{"deviceid":"b81e905908354542","eventtype":"barometer","timestamp":1456248040821,"userid":"vincent.planat@hpe.com","trainingMode":"SITTING","airPressure":990.350098,"temperature":35.535417}
{"deviceid":"b81e905908354542","eventtype":"barometer","timestamp":1456247977934,"userid":"vincent.planat@hpe.com","trainingMode":"NONE","airPressure":990.549805,"temperature":35.741667}
{"deviceid":"b81e905908354542","eventtype":"barometer","timestamp":1456248056901,"userid":"vincent.planat@hpe.com","trainingMode":"SITTING","airPressure":990.366455,"temperature":35.472917}
{"deviceid":"b81e905908354542","eventtype":"barometer","timestamp":1456248009841,"userid":"vincent.planat@hpe.com","trainingMode":"SITTING","airPressure":990.295898,"temperature":35.672917}
{"deviceid":"b81e905908354542","eventtype":"barometer","timestamp":1456248042865,"userid":"vincent.planat@hpe.com","trainingMode":"SITTING","airPressure":990.375488,"temperature":35.527083}
{"deviceid":"b81e905908354542","eventtype":"barometer","timestamp":1456248001840,"userid":"vincent.planat@hpe.com","trainingMode":"SITTING","airPressure":990.480713,"temperature":35.6875}
{"deviceid":"b81e905908354542","eventtype":"barometer","timestamp":1456247974986,"userid":"vincent.planat@hpe.com","trainingMode":"NONE","airPressure":990.462158,"temperature":35.745833}
{"deviceid":"b81e905908354542","eventtype":"barometer","timestamp":1456248000823,"userid":"vincent.planat@hpe.com","trainingMode":"SITTING","airPressure":990.523682,"temperature":35.685417}
{"deviceid":"b81e905908354542","eventtype":"barometer","timestamp":1456247972836,"userid":"vincent.planat@hpe.com","trainingMode":"NONE","airPressure":990.486084,"temperature":35.745833}
{"deviceid":"b81e905908354542","eventtype":"barometer","timestamp":1456248034841,"userid":"vincent.planat@hpe.com","trainingMode":"SITTING","airPressure":990.332031,"temperature":35.56875}
{"deviceid":"b81e905908354542","eventtype":"barometer","timestamp":1456247994826,"userid":"vincent.planat@hpe.com","trainingMode":"SITTING","airPressure":990.530518,"temperature":35.6875}
{"deviceid":"b81e905908354542","eventtype":"barometer","timestamp":1456248017835,"userid":"vincent.planat@hpe.com","trainingMode":"SITTING","airPressure":990.317139,"temperature":35.635417}
{"deviceid":"b81e905908354542","eventtype":"barometer","timestamp":1456248058870,"userid":"vincent.planat@hpe.com","trainingMode":"SITTING","airPressure":990.374268,"temperature":35.466667}
{"deviceid":"b81e905908354542","eventtype":"barometer","timestamp":1456248059959,"userid":"vincent.planat@hpe.com","trainingMode":"SITTING","airPressure":990.33667,"temperature":35.466667}
{"deviceid":"b81e905908354542","eventtype":"barometer","timestamp":1456248054933,"userid":"vincent.planat@hpe.com","trainingMode":"SITTING","airPressure":990.35083,"temperature":35.485417}
{"deviceid":"b81e905908354542","eventtype":"barometer","timestamp":1456248053315,"userid":"vincent.planat@hpe.com","trainingMode":"SITTING","airPressure":990.346191,"temperature":35.489583}
{"deviceid":"b81e905908354542","eventtype":"barometer","timestamp":1456247997825,"userid":"vincent.planat@hpe.com","trainingMode":"SITTING","airPressure":990.544189,"temperature":35.691667}
{"deviceid":"b81e905908354542","eventtype":"barometer","timestamp":1456248023890,"userid":"vincent.planat@hpe.com","trainingMode":"SITTING","airPressure":990.279785,"temperature":35.625}
{"deviceid":"b81e905908354542","eventtype":"barometer","timestamp":1456248027847,"userid":"vincent.planat@hpe.com","trainingMode":"SITTING","airPressure":990.282471,"temperature":35.60625}
{"deviceid":"b81e905908354542","eventtype":"barometer","timestamp":1456247982836,"userid":"vincent.planat@hpe.com","trainingMode":"NONE","airPressure":990.505371,"temperature":35.73125}
{"deviceid":"b81e905908354542","eventtype":"barometer","timestamp":1456248010835,"userid":"vincent.planat@hpe.com","trainingMode":"SITTING","airPressure":990.303223,"temperature":35.66875}
{"deviceid":"b81e905908354542","eventtype":"barometer","timestamp":1456247979856,"userid":"vincent.planat@hpe.com","trainingMode":"NONE","airPressure":990.51709,"temperature":35.739583}
{"deviceid":"b81e905908354542","eventtype":"barometer","timestamp":1456248052490,"userid":"vincent.planat@hpe.com","trainingMode":"SITTING","airPressure":990.336914,"temperature":35.49375}
{"deviceid":"b81e905908354542","eventtype":"barometer","timestamp":1456248036893,"userid":"vincent.planat@hpe.com","trainingMode":"SITTING","airPressure":990.316895,"temperature":35.558333}
{"deviceid":"b81e905908354542","eventtype":"barometer","timestamp":1456247971836,"userid":"vincent.planat@hpe.com","trainingMode":"NONE","airPressure":990.507568,"temperature":35.745833}
{"deviceid":"b81e905908354542","eventtype":"barometer","timestamp":1456248065831,"userid":"vincent.planat@hpe.com","trainingMode":"SITTING","airPressure":990.378662,"temperature":35.4625}
{"deviceid":"b81e905908354542","eventtype":"barometer","timestamp":1456247999860,"userid":"vincent.planat@hpe.com","trainingMode":"SITTING","airPressure":990.54248,"temperature":35.691667}
{"deviceid":"b81e905908354542","eventtype":"barometer","timestamp":1456248024827,"userid":"vincent.planat@hpe.com","trainingMode":"SITTING","airPressure":990.293213,"temperature":35.614583}
{"deviceid":"b81e905908354542","eventtype":"barometer","timestamp":1456247991833,"userid":"vincent.planat@hpe.com","trainingMode":"SITTING","airPressure":990.571777,"temperature":35.683333}
{"deviceid":"b81e905908354542","eventtype":"barometer","timestamp":1456248015853,"userid":"vincent.planat@hpe.com","trainingMode":"SITTING","airPressure":990.2854,"temperature":35.645833}
{"deviceid":"b81e905908354542","eventtype":"barometer","timestamp":1456248047839,"userid":"vincent.planat@hpe.com","trainingMode":"SITTING","airPressure":990.388916,"temperature":35.504167}
{"deviceid":"b81e905908354542","eventtype":"barometer","timestamp":1456248028835,"userid":"vincent.planat@hpe.com","trainingMode":"SITTING","airPressure":990.250977,"temperature":35.597917}
{"deviceid":"b81e905908354542","eventtype":"barometer","timestamp":1456247968835,"userid":"vincent.planat@hpe.com","trainingMode":"NONE","airPressure":990.494873,"temperature":35.747917}
{"deviceid":"b81e905908354542","eventtype":"barometer","timestamp":1456248066890,"userid":"vincent.planat@hpe.com","trainingMode":"SITTING","airPressure":990.40332,"temperature":35.4625}
{"deviceid":"b81e905908354542","eventtype":"barometer","timestamp":1456248055830,"userid":"vincent.planat@hpe.com","trainingMode":"SITTING","airPressure":990.341309,"temperature":35.479167}
{"deviceid":"b81e905908354542","eventtype":"barometer","timestamp":1456248032838,"userid":"vincent.planat@hpe.com","trainingMode":"SITTING","airPressure":990.320557,"temperature":35.579167}
{"deviceid":"b81e905908354542","eventtype":"barometer","timestamp":1456247977207,"userid":"vincent.planat@hpe.com","trainingMode":"NONE","airPressure":990.507568,"temperature":35.74375}
{"deviceid":"b81e905908354542","eventtype":"barometer","timestamp":1456247994122,"userid":"vincent.planat@hpe.com","trainingMode":"SITTING","airPressure":990.567139,"temperature":35.683333}
