{"deviceid":"b81e905908354542","eventtype":"calorie","timestamp":1456248512526,"userid":"vincent.planat@hpe.com","trainingMode":"WALKING","calories":18696}
{"deviceid":"b81e905908354542","eventtype":"calorie","timestamp":1456248529836,"userid":"vincent.planat@hpe.com","trainingMode":"WALKING","calories":18697}
{"deviceid":"b81e905908354542","eventtype":"calorie","timestamp":1456248528792,"userid":"vincent.planat@hpe.com","trainingMode":"WALKING","calories":18697}
{"deviceid":"b81e905908354542","eventtype":"calorie","timestamp":1456248546243,"userid":"vincent.planat@hpe.com","trainingMode":"WALKING_UP","calories":18698}
{"deviceid":"b81e905908354542","eventtype":"calorie","timestamp":1456248517601,"userid":"vincent.planat@hpe.com","trainingMode":"WALKING","calories":18696}
{"deviceid":"b81e905908354542","eventtype":"calorie","timestamp":1456248530887,"userid":"vincent.planat@hpe.com","trainingMode":"WALKING","calories":18697}
{"deviceid":"b81e905908354542","eventtype":"calorie","timestamp":1456248506744,"userid":"vincent.planat@hpe.com","trainingMode":"WALKING","calories":18696}
{"deviceid":"b81e905908354542","eventtype":"calorie","timestamp":1456248507508,"userid":"vincent.planat@hpe.com","trainingMode":"WALKING","calories":18696}
{"deviceid":"b81e905908354542","eventtype":"calorie","timestamp":1456248534981,"userid":"vincent.planat@hpe.com","trainingMode":"NONE","calories":18697}
{"deviceid":"b81e905908354542","eventtype":"calorie","timestamp":1456248546222,"userid":"vincent.planat@hpe.com","trainingMode":"WALKING_UP","calories":18698}
{"deviceid":"b81e905908354542","eventtype":"calorie","timestamp":1456248517588,"userid":"vincent.planat@hpe.com","trainingMode":"WALKING","calories":18696}
{"deviceid":"b81e905908354542","eventtype":"calorie","timestamp":1456248523191,"userid":"vincent.planat@hpe.com","trainingMode":"WALKING","calories":18697}
{"deviceid":"b81e905908354542","eventtype":"calorie","timestamp":1456248523176,"userid":"vincent.planat@hpe.com","trainingMode":"WALKING","calories":18697}
{"deviceid":"b81e905908354542","eventtype":"calorie","timestamp":1456248524780,"userid":"vincent.planat@hpe.com","trainingMode":"WALKING","calories":18697}
{"deviceid":"b81e905908354542","eventtype":"calorie","timestamp":1456248518607,"userid":"vincent.planat@hpe.com","trainingMode":"WALKING","calories":18696}
{"deviceid":"b81e905908354542","eventtype":"calorie","timestamp":1456248521462,"userid":"vincent.planat@hpe.com","trainingMode":"WALKING","calories":18696}
{"deviceid":"b81e905908354542","eventtype":"calorie","timestamp":1456248542179,"userid":"vincent.planat@hpe.com","trainingMode":"WALKING_UP","calories":18698}
{"deviceid":"b81e905908354542","eventtype":"calorie","timestamp":1456248513487,"userid":"vincent.planat@hpe.com","trainingMode":"WALKING","calories":18696}
{"deviceid":"b81e905908354542","eventtype":"calorie","timestamp":1456248526763,"userid":"vincent.planat@hpe.com","trainingMode":"WALKING","calories":18697}
{"deviceid":"b81e905908354542","eventtype":"calorie","timestamp":1456248538556,"userid":"vincent.planat@hpe.com","trainingMode":"NONE","calories":18697}
{"deviceid":"b81e905908354542","eventtype":"calorie","timestamp":1456248510486,"userid":"vincent.planat@hpe.com","trainingMode":"WALKING","calories":18696}
{"deviceid":"b81e905908354542","eventtype":"calorie","timestamp":1456248509402,"userid":"vincent.planat@hpe.com","trainingMode":"WALKING","calories":18696}
{"deviceid":"b81e905908354542","eventtype":"calorie","timestamp":1456248524794,"userid":"vincent.planat@hpe.com","trainingMode":"WALKING","calories":18697}
{"deviceid":"b81e905908354542","eventtype":"calorie","timestamp":1456248540238,"userid":"vincent.planat@hpe.com","trainingMode":"NONE","calories":18697}
{"deviceid":"b81e905908354542","eventtype":"calorie","timestamp":1456248534078,"userid":"vincent.planat@hpe.com","trainingMode":"NONE","calories":18697}
{"deviceid":"b81e905908354542","eventtype":"calorie","timestamp":1456248508377,"userid":"vincent.planat@hpe.com","trainingMode":"WALKING","calories":18696}
{"deviceid":"b81e905908354542","eventtype":"calorie","timestamp":1456248524022,"userid":"vincent.planat@hpe.com","trainingMode":"WALKING","calories":18697}
{"deviceid":"b81e905908354542","eventtype":"calorie","timestamp":1456248508394,"userid":"vincent.planat@hpe.com","trainingMode":"WALKING","calories":18696}
{"deviceid":"b81e905908354542","eventtype":"calorie","timestamp":1456248506793,"userid":"vincent.planat@hpe.com","trainingMode":"WALKING","calories":18696}
{"deviceid":"b81e905908354542","eventtype":"calorie","timestamp":1456248525723,"userid":"vincent.planat@hpe.com","trainingMode":"WALKING","calories":18697}
{"deviceid":"b81e905908354542","eventtype":"calorie","timestamp":1456248538539,"userid":"vincent.planat@hpe.com","trainingMode":"NONE","calories":18697}
{"deviceid":"b81e905908354542","eventtype":"calorie","timestamp":1456248532946,"userid":"vincent.planat@hpe.com","trainingMode":"WALKING","calories":18697}
{"deviceid":"b81e905908354542","eventtype":"calorie","timestamp":1456248518603,"userid":"vincent.planat@hpe.com","trainingMode":"WALKING","calories":18696}
{"deviceid":"b81e905908354542","eventtype":"calorie","timestamp":1456248543296,"userid":"vincent.planat@hpe.com","trainingMode":"WALKING_UP","calories":18698}
{"deviceid":"b81e905908354542","eventtype":"calorie","timestamp":1456248527944,"userid":"vincent.planat@hpe.com","trainingMode":"WALKING","calories":18697}
{"deviceid":"b81e905908354542","eventtype":"calorie","timestamp":1456248537056,"userid":"vincent.planat@hpe.com","trainingMode":"NONE","calories":18697}
{"deviceid":"b81e905908354542","eventtype":"calorie","timestamp":1456248548414,"userid":"vincent.planat@hpe.com","trainingMode":"WALKING_UP","calories":18698}
{"deviceid":"b81e905908354542","eventtype":"calorie","timestamp":1456248531998,"userid":"vincent.planat@hpe.com","trainingMode":"WALKING","calories":18697}
{"deviceid":"b81e905908354542","eventtype":"calorie","timestamp":1456248534104,"userid":"vincent.planat@hpe.com","trainingMode":"NONE","calories":18697}
{"deviceid":"b81e905908354542","eventtype":"calorie","timestamp":1456248525726,"userid":"vincent.planat@hpe.com","trainingMode":"WALKING","calories":18697}
{"deviceid":"b81e905908354542","eventtype":"calorie","timestamp":1456248530900,"userid":"vincent.planat@hpe.com","trainingMode":"WALKING","calories":18697}
{"deviceid":"b81e905908354542","eventtype":"calorie","timestamp":1456248536062,"userid":"vincent.planat@hpe.com","trainingMode":"NONE","calories":18697}
{"deviceid":"b81e905908354542","eventtype":"calorie","timestamp":1456248541142,"userid":"vincent.planat@hpe.com","trainingMode":"WALKING_UP","calories":18698}
{"deviceid":"b81e905908354542","eventtype":"calorie","timestamp":1456248515108,"userid":"vincent.planat@hpe.com","trainingMode":"WALKING","calories":18696}
{"deviceid":"b81e905908354542","eventtype":"calorie","timestamp":1456248541130,"userid":"vincent.planat@hpe.com","trainingMode":"WALKING_UP","calories":18698}
{"deviceid":"b81e905908354542","eventtype":"calorie","timestamp":1456248516058,"userid":"vincent.planat@hpe.com","trainingMode":"WALKING","calories":18696}
{"deviceid":"b81e905908354542","eventtype":"calorie","timestamp":1456248543311,"userid":"vincent.planat@hpe.com","trainingMode":"WALKING_UP","calories":18698}
{"deviceid":"b81e905908354542","eventtype":"calorie","timestamp":1456248516043,"userid":"vincent.planat@hpe.com","trainingMode":"WALKING","calories":18696}
{"deviceid":"b81e905908354542","eventtype":"calorie","timestamp":1456248540222,"userid":"vincent.planat@hpe.com","trainingMode":"NONE","calories":18697}
{"deviceid":"b81e905908354542","eventtype":"calorie","timestamp":1456248539385,"userid":"vincent.planat@hpe.com","trainingMode":"NONE","calories":18697}
{"deviceid":"b81e905908354542","eventtype":"calorie","timestamp":1456248511423,"userid":"vincent.planat@hpe.com","trainingMode":"WALKING","calories":18696}
{"deviceid":"b81e905908354542","eventtype":"calorie","timestamp":1456248539396,"userid":"vincent.planat@hpe.com","trainingMode":"NONE","calories":18697}
{"deviceid":"b81e905908354542","eventtype":"calorie","timestamp":1456248510441,"userid":"vincent.planat@hpe.com","trainingMode":"WALKING","calories":18696}
{"deviceid":"b81e905908354542","eventtype":"calorie","timestamp":1456248519583,"userid":"vincent.planat@hpe.com","trainingMode":"WALKING","calories":18696}
{"deviceid":"b81e905908354542","eventtype":"calorie","timestamp":1456248528793,"userid":"vincent.planat@hpe.com","trainingMode":"WALKING","calories":18697}
{"deviceid":"b81e905908354542","eventtype":"calorie","timestamp":1456248511436,"userid":"vincent.planat@hpe.com","trainingMode":"WALKING","calories":18696}
{"deviceid":"b81e905908354542","eventtype":"calorie","timestamp":1456248527930,"userid":"vincent.planat@hpe.com","trainingMode":"WALKING","calories":18697}
{"deviceid":"b81e905908354542","eventtype":"calorie","timestamp":1456248547254,"userid":"vincent.planat@hpe.com","trainingMode":"WALKING_UP","calories":18698}
{"deviceid":"b81e905908354542","eventtype":"calorie","timestamp":1456248509384,"userid":"vincent.planat@hpe.com","trainingMode":"WALKING","calories":18696}
{"deviceid":"b81e905908354542","eventtype":"calorie","timestamp":1456248532960,"userid":"vincent.planat@hpe.com","trainingMode":"WALKING","calories":18697}
{"deviceid":"b81e905908354542","eventtype":"calorie","timestamp":1456248507492,"userid":"vincent.planat@hpe.com","trainingMode":"WALKING","calories":18696}
{"deviceid":"b81e905908354542","eventtype":"calorie","timestamp":1456248534998,"userid":"vincent.planat@hpe.com","trainingMode":"NONE","calories":18697}
{"deviceid":"b81e905908354542","eventtype":"calorie","timestamp":1456248522315,"userid":"vincent.planat@hpe.com","trainingMode":"WALKING","calories":18697}
{"deviceid":"b81e905908354542","eventtype":"calorie","timestamp":1456248513501,"userid":"vincent.planat@hpe.com","trainingMode":"WALKING","calories":18696}
{"deviceid":"b81e905908354542","eventtype":"calorie","timestamp":1456248547277,"userid":"vincent.planat@hpe.com","trainingMode":"WALKING_UP","calories":18698}
{"deviceid":"b81e905908354542","eventtype":"calorie","timestamp":1456248532014,"userid":"vincent.planat@hpe.com","trainingMode":"WALKING","calories":18697}
{"deviceid":"b81e905908354542","eventtype":"calorie","timestamp":1456248536038,"userid":"vincent.planat@hpe.com","trainingMode":"NONE","calories":18697}
{"deviceid":"b81e905908354542","eventtype":"calorie","timestamp":1456248519588,"userid":"vincent.planat@hpe.com","trainingMode":"WALKING","calories":18696}
{"deviceid":"b81e905908354542","eventtype":"calorie","timestamp":1456248548363,"userid":"vincent.planat@hpe.com","trainingMode":"WALKING_UP","calories":18698}
{"deviceid":"b81e905908354542","eventtype":"calorie","timestamp":1456248545341,"userid":"vincent.planat@hpe.com","trainingMode":"WALKING_UP","calories":18698}
{"deviceid":"b81e905908354542","eventtype":"calorie","timestamp":1456248524011,"userid":"vincent.planat@hpe.com","trainingMode":"WALKING","calories":18697}
{"deviceid":"b81e905908354542","eventtype":"calorie","timestamp":1456248512552,"userid":"vincent.planat@hpe.com","trainingMode":"WALKING","calories":18696}
{"deviceid":"b81e905908354542","eventtype":"calorie","timestamp":1456248544451,"userid":"vincent.planat@hpe.com","trainingMode":"WALKING_UP","calories":18698}
{"deviceid":"b81e905908354542","eventtype":"calorie","timestamp":1456248529852,"userid":"vincent.planat@hpe.com","trainingMode":"WALKING","calories":18697}
{"deviceid":"b81e905908354542","eventtype":"calorie","timestamp":1456248516801,"userid":"vincent.planat@hpe.com","trainingMode":"WALKING","calories":18696}
{"deviceid":"b81e905908354542","eventtype":"calorie","timestamp":1456248516815,"userid":"vincent.planat@hpe.com","trainingMode":"WALKING","calories":18696}
{"deviceid":"b81e905908354542","eventtype":"calorie","timestamp":1456248515092,"userid":"vincent.planat@hpe.com","trainingMode":"WALKING","calories":18696}
{"deviceid":"b81e905908354542","eventtype":"calorie","timestamp":1456248544434,"userid":"vincent.planat@hpe.com","trainingMode":"WALKING_UP","calories":18698}
{"deviceid":"b81e905908354542","eventtype":"calorie","timestamp":1456248526806,"userid":"vincent.planat@hpe.com","trainingMode":"WALKING","calories":18697}
{"deviceid":"b81e905908354542","eventtype":"calorie","timestamp":1456248521476,"userid":"vincent.planat@hpe.com","trainingMode":"WALKING","calories":18696}
{"deviceid":"b81e905908354542","eventtype":"calorie","timestamp":1456248542200,"userid":"vincent.planat@hpe.com","trainingMode":"WALKING_UP","calories":18698}
{"deviceid":"b81e905908354542","eventtype":"calorie","timestamp":1456248522331,"userid":"vincent.planat@hpe.com","trainingMode":"WALKING","calories":18697}
{"deviceid":"b81e905908354542","eventtype":"calorie","timestamp":1456248545327,"userid":"vincent.planat@hpe.com","trainingMode":"WALKING_UP","calories":18698}
{"deviceid":"b81e905908354542","eventtype":"calorie","timestamp":1456248537072,"userid":"vincent.planat@hpe.com","trainingMode":"NONE","calories":18697}
