{"deviceid":"b81e905908354542","eventtype":"altimeter","timestamp":1456248283095,"userid":"vincent.planat@hpe.com","trainingMode":"WALKING_DOWN","flightsAscended":14,"flightsDescended":10,"rate":-38.0,"steppingGain":3805,"steppingLoss":3381,"stepsAscended":682,"stepsDescended":666,"totalGain":17298,"totalLoss":15889}
{"deviceid":"b81e905908354542","eventtype":"altimeter","timestamp":1456248306896,"userid":"vincent.planat@hpe.com","trainingMode":"WALKING","flightsAscended":14,"flightsDescended":10,"rate":9.0,"steppingGain":3805,"steppingLoss":3381,"stepsAscended":682,"stepsDescended":666,"totalGain":17298,"totalLoss":16264}
{"deviceid":"b81e905908354542","eventtype":"altimeter","timestamp":1456248272683,"userid":"vincent.planat@hpe.com","trainingMode":"WALKING_DOWN","flightsAscended":14,"flightsDescended":9,"rate":-12.0,"steppingGain":3805,"steppingLoss":2957,"stepsAscended":682,"stepsDescended":632,"totalGain":17298,"totalLoss":15465}
{"deviceid":"b81e905908354542","eventtype":"altimeter","timestamp":1456248291900,"userid":"vincent.planat@hpe.com","trainingMode":"WALKING_DOWN","flightsAscended":14,"flightsDescended":10,"rate":-24.0,"steppingGain":3805,"steppingLoss":3381,"stepsAscended":682,"stepsDescended":666,"totalGain":17298,"totalLoss":16137}
{"deviceid":"b81e905908354542","eventtype":"altimeter","timestamp":1456248307926,"userid":"vincent.planat@hpe.com","trainingMode":"WALKING","flightsAscended":14,"flightsDescended":10,"rate":10.0,"steppingGain":3805,"steppingLoss":3381,"stepsAscended":682,"stepsDescended":666,"totalGain":17298,"totalLoss":16264}
{"deviceid":"b81e905908354542","eventtype":"altimeter","timestamp":1456248270957,"userid":"vincent.planat@hpe.com","trainingMode":"WALKING_DOWN","flightsAscended":14,"flightsDescended":9,"rate":-14.0,"steppingGain":3805,"steppingLoss":2957,"stepsAscended":682,"stepsDescended":632,"totalGain":17298,"totalLoss":15465}
{"deviceid":"b81e905908354542","eventtype":"altimeter","timestamp":1456248289918,"userid":"vincent.planat@hpe.com","trainingMode":"WALKING_DOWN","flightsAscended":14,"flightsDescended":10,"rate":-25.0,"steppingGain":3805,"steppingLoss":3381,"stepsAscended":682,"stepsDescended":666,"totalGain":17298,"totalLoss":16010}
{"deviceid":"b81e905908354542","eventtype":"altimeter","timestamp":1456248305129,"userid":"vincent.planat@hpe.com","trainingMode":"WALKING","flightsAscended":14,"flightsDescended":10,"rate":3.0,"steppingGain":3805,"steppingLoss":3381,"stepsAscended":682,"stepsDescended":666,"totalGain":17298,"totalLoss":16264}
{"deviceid":"b81e905908354542","eventtype":"altimeter","timestamp":1456248299495,"userid":"vincent.planat@hpe.com","trainingMode":"WALKING","flightsAscended":14,"flightsDescended":10,"rate":-14.0,"steppingGain":3805,"steppingLoss":3381,"stepsAscended":682,"stepsDescended":666,"totalGain":17298,"totalLoss":16264}
{"deviceid":"b81e905908354542","eventtype":"altimeter","timestamp":1456248274456,"userid":"vincent.planat@hpe.com","trainingMode":"WALKING_DOWN","flightsAscended":14,"flightsDescended":9,"rate":-19.0,"steppingGain":3805,"steppingLoss":3096,"stepsAscended":682,"stepsDescended":658,"totalGain":17298,"totalLoss":15604}
{"deviceid":"b81e905908354542","eventtype":"altimeter","timestamp":1456248295893,"userid":"vincent.planat@hpe.com","trainingMode":"WALKING_DOWN","flightsAscended":14,"flightsDescended":10,"rate":-22.0,"steppingGain":3805,"steppingLoss":3381,"stepsAscended":682,"stepsDescended":666,"totalGain":17298,"totalLoss":16137}
{"deviceid":"b81e905908354542","eventtype":"altimeter","timestamp":1456248291025,"userid":"vincent.planat@hpe.com","trainingMode":"WALKING_DOWN","flightsAscended":14,"flightsDescended":10,"rate":-25.0,"steppingGain":3805,"steppingLoss":3381,"stepsAscended":682,"stepsDescended":666,"totalGain":17298,"totalLoss":16010}
{"deviceid":"b81e905908354542","eventtype":"altimeter","timestamp":1456248282349,"userid":"vincent.planat@hpe.com","trainingMode":"WALKING_DOWN","flightsAscended":14,"flightsDescended":10,"rate":-38.0,"steppingGain":3805,"steppingLoss":3381,"stepsAscended":682,"stepsDescended":666,"totalGain":17298,"totalLoss":15889}
{"deviceid":"b81e905908354542","eventtype":"altimeter","timestamp":1456248292882,"userid":"vincent.planat@hpe.com","trainingMode":"WALKING_DOWN","flightsAscended":14,"flightsDescended":10,"rate":-26.0,"steppingGain":3805,"steppingLoss":3381,"stepsAscended":682,"stepsDescended":666,"totalGain":17298,"totalLoss":16137}
{"deviceid":"b81e905908354542","eventtype":"altimeter","timestamp":1456248294027,"userid":"vincent.planat@hpe.com","trainingMode":"WALKING_DOWN","flightsAscended":14,"flightsDescended":10,"rate":-22.0,"steppingGain":3805,"steppingLoss":3381,"stepsAscended":682,"stepsDescended":666,"totalGain":17298,"totalLoss":16137}
{"deviceid":"b81e905908354542","eventtype":"altimeter","timestamp":1456248285313,"userid":"vincent.planat@hpe.com","trainingMode":"WALKING_DOWN","flightsAscended":14,"flightsDescended":10,"rate":-35.0,"steppingGain":3805,"steppingLoss":3381,"stepsAscended":682,"stepsDescended":666,"totalGain":17298,"totalLoss":15889}
{"deviceid":"b81e905908354542","eventtype":"altimeter","timestamp":1456248267293,"userid":"vincent.planat@hpe.com","trainingMode":"WALKING_DOWN","flightsAscended":14,"flightsDescended":8,"rate":-17.0,"steppingGain":3805,"steppingLoss":2957,"stepsAscended":682,"stepsDescended":632,"totalGain":17298,"totalLoss":15465}
{"deviceid":"b81e905908354542","eventtype":"altimeter","timestamp":1456248274448,"userid":"vincent.planat@hpe.com","trainingMode":"WALKING_DOWN","flightsAscended":14,"flightsDescended":9,"rate":-19.0,"steppingGain":3805,"steppingLoss":3096,"stepsAscended":682,"stepsDescended":658,"totalGain":17298,"totalLoss":15604}
{"deviceid":"b81e905908354542","eventtype":"altimeter","timestamp":1456248305933,"userid":"vincent.planat@hpe.com","trainingMode":"WALKING","flightsAscended":14,"flightsDescended":10,"rate":6.0,"steppingGain":3805,"steppingLoss":3381,"stepsAscended":682,"stepsDescended":666,"totalGain":17298,"totalLoss":16264}
{"deviceid":"b81e905908354542","eventtype":"altimeter","timestamp":1456248276981,"userid":"vincent.planat@hpe.com","trainingMode":"WALKING_DOWN","flightsAscended":14,"flightsDescended":9,"rate":-34.0,"steppingGain":3805,"steppingLoss":3096,"stepsAscended":682,"stepsDescended":658,"totalGain":17298,"totalLoss":15604}
{"deviceid":"b81e905908354542","eventtype":"altimeter","timestamp":1456248305143,"userid":"vincent.planat@hpe.com","trainingMode":"WALKING","flightsAscended":14,"flightsDescended":10,"rate":3.0,"steppingGain":3805,"steppingLoss":3381,"stepsAscended":682,"stepsDescended":666,"totalGain":17298,"totalLoss":16264}
{"deviceid":"b81e905908354542","eventtype":"altimeter","timestamp":1456248273519,"userid":"vincent.planat@hpe.com","trainingMode":"WALKING_DOWN","flightsAscended":14,"flightsDescended":9,"rate":-15.0,"steppingGain":3805,"steppingLoss":2957,"stepsAscended":682,"stepsDescended":632,"totalGain":17298,"totalLoss":15465}
{"deviceid":"b81e905908354542","eventtype":"altimeter","timestamp":1456248283150,"userid":"vincent.planat@hpe.com","trainingMode":"WALKING_DOWN","flightsAscended":14,"flightsDescended":10,"rate":-38.0,"steppingGain":3805,"steppingLoss":3381,"stepsAscended":682,"stepsDescended":666,"totalGain":17298,"totalLoss":15889}
{"deviceid":"b81e905908354542","eventtype":"altimeter","timestamp":1456248270967,"userid":"vincent.planat@hpe.com","trainingMode":"WALKING_DOWN","flightsAscended":14,"flightsDescended":9,"rate":-14.0,"steppingGain":3805,"steppingLoss":2957,"stepsAscended":682,"stepsDescended":632,"totalGain":17298,"totalLoss":15465}
{"deviceid":"b81e905908354542","eventtype":"altimeter","timestamp":1456248301135,"userid":"vincent.planat@hpe.com","trainingMode":"WALKING","flightsAscended":14,"flightsDescended":10,"rate":-12.0,"steppingGain":3805,"steppingLoss":3381,"stepsAscended":682,"stepsDescended":666,"totalGain":17298,"totalLoss":16264}
{"deviceid":"b81e905908354542","eventtype":"altimeter","timestamp":1456248294999,"userid":"vincent.planat@hpe.com","trainingMode":"WALKING_DOWN","flightsAscended":14,"flightsDescended":10,"rate":-23.0,"steppingGain":3805,"steppingLoss":3381,"stepsAscended":682,"stepsDescended":666,"totalGain":17298,"totalLoss":16137}
{"deviceid":"b81e905908354542","eventtype":"altimeter","timestamp":1456248277935,"userid":"vincent.planat@hpe.com","trainingMode":"WALKING_DOWN","flightsAscended":14,"flightsDescended":9,"rate":-32.0,"steppingGain":3805,"steppingLoss":3234,"stepsAscended":682,"stepsDescended":662,"totalGain":17298,"totalLoss":15742}
{"deviceid":"b81e905908354542","eventtype":"altimeter","timestamp":1456248279511,"userid":"vincent.planat@hpe.com","trainingMode":"WALKING_DOWN","flightsAscended":14,"flightsDescended":9,"rate":-34.0,"steppingGain":3805,"steppingLoss":3234,"stepsAscended":682,"stepsDescended":662,"totalGain":17298,"totalLoss":15742}
{"deviceid":"b81e905908354542","eventtype":"altimeter","timestamp":1456248301975,"userid":"vincent.planat@hpe.com","trainingMode":"WALKING","flightsAscended":14,"flightsDescended":10,"rate":-5.0,"steppingGain":3805,"steppingLoss":3381,"stepsAscended":682,"stepsDescended":666,"totalGain":17298,"totalLoss":16264}
{"deviceid":"b81e905908354542","eventtype":"altimeter","timestamp":1456248275470,"userid":"vincent.planat@hpe.com","trainingMode":"WALKING_DOWN","flightsAscended":14,"flightsDescended":9,"rate":-29.0,"steppingGain":3805,"steppingLoss":3096,"stepsAscended":682,"stepsDescended":658,"totalGain":17298,"totalLoss":15604}
{"deviceid":"b81e905908354542","eventtype":"altimeter","timestamp":1456248283991,"userid":"vincent.planat@hpe.com","trainingMode":"WALKING_DOWN","flightsAscended":14,"flightsDescended":10,"rate":-38.0,"steppingGain":3805,"steppingLoss":3381,"stepsAscended":682,"stepsDescended":666,"totalGain":17298,"totalLoss":15889}
{"deviceid":"b81e905908354542","eventtype":"altimeter","timestamp":1456248276202,"userid":"vincent.planat@hpe.com","trainingMode":"WALKING_DOWN","flightsAscended":14,"flightsDescended":9,"rate":-31.0,"steppingGain":3805,"steppingLoss":3096,"stepsAscended":682,"stepsDescended":658,"totalGain":17298,"totalLoss":15604}
{"deviceid":"b81e905908354542","eventtype":"altimeter","timestamp":1456248287115,"userid":"vincent.planat@hpe.com","trainingMode":"WALKING_DOWN","flightsAscended":14,"flightsDescended":10,"rate":-19.0,"steppingGain":3805,"steppingLoss":3381,"stepsAscended":682,"stepsDescended":666,"totalGain":17298,"totalLoss":16010}
{"deviceid":"b81e905908354542","eventtype":"altimeter","timestamp":1456248282302,"userid":"vincent.planat@hpe.com","trainingMode":"WALKING_DOWN","flightsAscended":14,"flightsDescended":10,"rate":-38.0,"steppingGain":3805,"steppingLoss":3381,"stepsAscended":682,"stepsDescended":666,"totalGain":17298,"totalLoss":15889}
{"deviceid":"b81e905908354542","eventtype":"altimeter","timestamp":1456248291042,"userid":"vincent.planat@hpe.com","trainingMode":"WALKING_DOWN","flightsAscended":14,"flightsDescended":10,"rate":-25.0,"steppingGain":3805,"steppingLoss":3381,"stepsAscended":682,"stepsDescended":666,"totalGain":17298,"totalLoss":16010}
{"deviceid":"b81e905908354542","eventtype":"altimeter","timestamp":1456248288938,"userid":"vincent.planat@hpe.com","trainingMode":"WALKING_DOWN","flightsAscended":14,"flightsDescended":10,"rate":-20.0,"steppingGain":3805,"steppingLoss":3381,"stepsAscended":682,"stepsDescended":666,"totalGain":17298,"totalLoss":16010}
{"deviceid":"b81e905908354542","eventtype":"altimeter","timestamp":1456248292906,"userid":"vincent.planat@hpe.com","trainingMode":"WALKING_DOWN","flightsAscended":14,"flightsDescended":10,"rate":-26.0,"steppingGain":3805,"steppingLoss":3381,"stepsAscended":682,"stepsDescended":666,"totalGain":17298,"totalLoss":16137}
{"deviceid":"b81e905908354542","eventtype":"altimeter","timestamp":1456248286147,"userid":"vincent.planat@hpe.com","trainingMode":"WALKING_DOWN","flightsAscended":14,"flightsDescended":10,"rate":-25.0,"steppingGain":3805,"steppingLoss":3381,"stepsAscended":682,"stepsDescended":666,"totalGain":17298,"totalLoss":16010}
{"deviceid":"b81e905908354542","eventtype":"altimeter","timestamp":1456248273502,"userid":"vincent.planat@hpe.com","trainingMode":"WALKING_DOWN","flightsAscended":14,"flightsDescended":9,"rate":-15.0,"steppingGain":3805,"steppingLoss":2957,"stepsAscended":682,"stepsDescended":632,"totalGain":17298,"totalLoss":15465}
{"deviceid":"b81e905908354542","eventtype":"altimeter","timestamp":1456248268894,"userid":"vincent.planat@hpe.com","trainingMode":"WALKING_DOWN","flightsAscended":14,"flightsDescended":8,"rate":-16.0,"steppingGain":3805,"steppingLoss":2957,"stepsAscended":682,"stepsDescended":632,"totalGain":17298,"totalLoss":15465}
{"deviceid":"b81e905908354542","eventtype":"altimeter","timestamp":1456248289903,"userid":"vincent.planat@hpe.com","trainingMode":"WALKING_DOWN","flightsAscended":14,"flightsDescended":10,"rate":-25.0,"steppingGain":3805,"steppingLoss":3381,"stepsAscended":682,"stepsDescended":666,"totalGain":17298,"totalLoss":16010}
{"deviceid":"b81e905908354542","eventtype":"altimeter","timestamp":1456248272669,"userid":"vincent.planat@hpe.com","trainingMode":"WALKING_DOWN","flightsAscended":14,"flightsDescended":9,"rate":-12.0,"steppingGain":3805,"steppingLoss":2957,"stepsAscended":682,"stepsDescended":632,"totalGain":17298,"totalLoss":15465}
{"deviceid":"b81e905908354542","eventtype":"altimeter","timestamp":1456248288068,"userid":"vincent.planat@hpe.com","trainingMode":"WALKING_DOWN","flightsAscended":14,"flightsDescended":10,"rate":-18.0,"steppingGain":3805,"steppingLoss":3381,"stepsAscended":682,"stepsDescended":666,"totalGain":17298,"totalLoss":16010}
{"deviceid":"b81e905908354542","eventtype":"altimeter","timestamp":1456248276218,"userid":"vincent.planat@hpe.com","trainingMode":"WALKING_DOWN","flightsAscended":14,"flightsDescended":9,"rate":-31.0,"steppingGain":3805,"steppingLoss":3096,"stepsAscended":682,"stepsDescended":658,"totalGain":17298,"totalLoss":15604}
{"deviceid":"b81e905908354542","eventtype":"altimeter","timestamp":1456248296911,"userid":"vincent.planat@hpe.com","trainingMode":"WALKING_DOWN","flightsAscended":14,"flightsDescended":10,"rate":-20.0,"steppingGain":3805,"steppingLoss":3381,"stepsAscended":682,"stepsDescended":666,"totalGain":17298,"totalLoss":16137}
{"deviceid":"b81e905908354542","eventtype":"altimeter","timestamp":1456248281309,"userid":"vincent.planat@hpe.com","trainingMode":"WALKING_DOWN","flightsAscended":14,"flightsDescended":10,"rate":-34.0,"steppingGain":3805,"steppingLoss":3234,"stepsAscended":682,"stepsDescended":662,"totalGain":17298,"totalLoss":15742}
{"deviceid":"b81e905908354542","eventtype":"altimeter","timestamp":1456248285285,"userid":"vincent.planat@hpe.com","trainingMode":"WALKING_DOWN","flightsAscended":14,"flightsDescended":10,"rate":-35.0,"steppingGain":3805,"steppingLoss":3381,"stepsAscended":682,"stepsDescended":666,"totalGain":17298,"totalLoss":15889}
{"deviceid":"b81e905908354542","eventtype":"altimeter","timestamp":1456248284042,"userid":"vincent.planat@hpe.com","trainingMode":"WALKING_DOWN","flightsAscended":14,"flightsDescended":10,"rate":-38.0,"steppingGain":3805,"steppingLoss":3381,"stepsAscended":682,"stepsDescended":666,"totalGain":17298,"totalLoss":15889}
{"deviceid":"b81e905908354542","eventtype":"altimeter","timestamp":1456248269916,"userid":"vincent.planat@hpe.com","trainingMode":"WALKING_DOWN","flightsAscended":14,"flightsDescended":9,"rate":-16.0,"steppingGain":3805,"steppingLoss":2957,"stepsAscended":682,"stepsDescended":632,"totalGain":17298,"totalLoss":15465}
{"deviceid":"b81e905908354542","eventtype":"altimeter","timestamp":1456248280409,"userid":"vincent.planat@hpe.com","trainingMode":"WALKING_DOWN","flightsAscended":14,"flightsDescended":10,"rate":-37.0,"steppingGain":3805,"steppingLoss":3234,"stepsAscended":682,"stepsDescended":662,"totalGain":17298,"totalLoss":15742}
{"deviceid":"b81e905908354542","eventtype":"altimeter","timestamp":1456248288955,"userid":"vincent.planat@hpe.com","trainingMode":"WALKING_DOWN","flightsAscended":14,"flightsDescended":10,"rate":-20.0,"steppingGain":3805,"steppingLoss":3381,"stepsAscended":682,"stepsDescended":666,"totalGain":17298,"totalLoss":16010}
{"deviceid":"b81e905908354542","eventtype":"altimeter","timestamp":1456248268242,"userid":"vincent.planat@hpe.com","trainingMode":"WALKING_DOWN","flightsAscended":14,"flightsDescended":8,"rate":-16.0,"steppingGain":3805,"steppingLoss":2957,"stepsAscended":682,"stepsDescended":632,"totalGain":17298,"totalLoss":15465}
{"deviceid":"b81e905908354542","eventtype":"altimeter","timestamp":1456248298720,"userid":"vincent.planat@hpe.com","trainingMode":"WALKING","flightsAscended":14,"flightsDescended":10,"rate":-15.0,"steppingGain":3805,"steppingLoss":3381,"stepsAscended":682,"stepsDescended":666,"totalGain":17298,"totalLoss":16137}
{"deviceid":"b81e905908354542","eventtype":"altimeter","timestamp":1456248277950,"userid":"vincent.planat@hpe.com","trainingMode":"WALKING_DOWN","flightsAscended":14,"flightsDescended":9,"rate":-32.0,"steppingGain":3805,"steppingLoss":3234,"stepsAscended":682,"stepsDescended":662,"totalGain":17298,"totalLoss":15742}
{"deviceid":"b81e905908354542","eventtype":"altimeter","timestamp":1456248307940,"userid":"vincent.planat@hpe.com","trainingMode":"WALKING","flightsAscended":14,"flightsDescended":10,"rate":10.0,"steppingGain":3805,"steppingLoss":3381,"stepsAscended":682,"stepsDescended":666,"totalGain":17298,"totalLoss":16264}
{"deviceid":"b81e905908354542","eventtype":"altimeter","timestamp":1456248269899,"userid":"vincent.planat@hpe.com","trainingMode":"WALKING_DOWN","flightsAscended":14,"flightsDescended":9,"rate":-16.0,"steppingGain":3805,"steppingLoss":2957,"stepsAscended":682,"stepsDescended":632,"totalGain":17298,"totalLoss":15465}
{"deviceid":"b81e905908354542","eventtype":"altimeter","timestamp":1456248294003,"userid":"vincent.planat@hpe.com","trainingMode":"WALKING_DOWN","flightsAscended":14,"flightsDescended":10,"rate":-22.0,"steppingGain":3805,"steppingLoss":3381,"stepsAscended":682,"stepsDescended":666,"totalGain":17298,"totalLoss":16137}
{"deviceid":"b81e905908354542","eventtype":"altimeter","timestamp":1456248300346,"userid":"vincent.planat@hpe.com","trainingMode":"WALKING","flightsAscended":14,"flightsDescended":10,"rate":-12.0,"steppingGain":3805,"steppingLoss":3381,"stepsAscended":682,"stepsDescended":666,"totalGain":17298,"totalLoss":16264}
{"deviceid":"b81e905908354542","eventtype":"altimeter","timestamp":1456248305918,"userid":"vincent.planat@hpe.com","trainingMode":"WALKING","flightsAscended":14,"flightsDescended":10,"rate":6.0,"steppingGain":3805,"steppingLoss":3381,"stepsAscended":682,"stepsDescended":666,"totalGain":17298,"totalLoss":16264}
{"deviceid":"b81e905908354542","eventtype":"altimeter","timestamp":1456248276993,"userid":"vincent.planat@hpe.com","trainingMode":"WALKING_DOWN","flightsAscended":14,"flightsDescended":9,"rate":-34.0,"steppingGain":3805,"steppingLoss":3096,"stepsAscended":682,"stepsDescended":658,"totalGain":17298,"totalLoss":15604}
{"deviceid":"b81e905908354542","eventtype":"altimeter","timestamp":1456248279530,"userid":"vincent.planat@hpe.com","trainingMode":"WALKING_DOWN","flightsAscended":14,"flightsDescended":9,"rate":-34.0,"steppingGain":3805,"steppingLoss":3234,"stepsAscended":682,"stepsDescended":662,"totalGain":17298,"totalLoss":15742}
{"deviceid":"b81e905908354542","eventtype":"altimeter","timestamp":1456248280388,"userid":"vincent.planat@hpe.com","trainingMode":"WALKING_DOWN","flightsAscended":14,"flightsDescended":10,"rate":-37.0,"steppingGain":3805,"steppingLoss":3234,"stepsAscended":682,"stepsDescended":662,"totalGain":17298,"totalLoss":15742}
{"deviceid":"b81e905908354542","eventtype":"altimeter","timestamp":1456248268333,"userid":"vincent.planat@hpe.com","trainingMode":"WALKING_DOWN","flightsAscended":14,"flightsDescended":8,"rate":-16.0,"steppingGain":3805,"steppingLoss":2957,"stepsAscended":682,"stepsDescended":632,"totalGain":17298,"totalLoss":15465}
{"deviceid":"b81e905908354542","eventtype":"altimeter","timestamp":1456248300323,"userid":"vincent.planat@hpe.com","trainingMode":"WALKING","flightsAscended":14,"flightsDescended":10,"rate":-12.0,"steppingGain":3805,"steppingLoss":3381,"stepsAscended":682,"stepsDescended":666,"totalGain":17298,"totalLoss":16264}
{"deviceid":"b81e905908354542","eventtype":"altimeter","timestamp":1456248295913,"userid":"vincent.planat@hpe.com","trainingMode":"WALKING_DOWN","flightsAscended":14,"flightsDescended":10,"rate":-22.0,"steppingGain":3805,"steppingLoss":3381,"stepsAscended":682,"stepsDescended":666,"totalGain":17298,"totalLoss":16137}
{"deviceid":"b81e905908354542","eventtype":"altimeter","timestamp":1456248301121,"userid":"vincent.planat@hpe.com","trainingMode":"WALKING","flightsAscended":14,"flightsDescended":10,"rate":-12.0,"steppingGain":3805,"steppingLoss":3381,"stepsAscended":682,"stepsDescended":666,"totalGain":17298,"totalLoss":16264}
{"deviceid":"b81e905908354542","eventtype":"altimeter","timestamp":1456248288017,"userid":"vincent.planat@hpe.com","trainingMode":"WALKING_DOWN","flightsAscended":14,"flightsDescended":10,"rate":-18.0,"steppingGain":3805,"steppingLoss":3381,"stepsAscended":682,"stepsDescended":666,"totalGain":17298,"totalLoss":16010}
{"deviceid":"b81e905908354542","eventtype":"altimeter","timestamp":1456248291916,"userid":"vincent.planat@hpe.com","trainingMode":"WALKING_DOWN","flightsAscended":14,"flightsDescended":10,"rate":-24.0,"steppingGain":3805,"steppingLoss":3381,"stepsAscended":682,"stepsDescended":666,"totalGain":17298,"totalLoss":16137}
{"deviceid":"b81e905908354542","eventtype":"altimeter","timestamp":1456248302947,"userid":"vincent.planat@hpe.com","trainingMode":"WALKING","flightsAscended":14,"flightsDescended":10,"rate":1.0,"steppingGain":3805,"steppingLoss":3381,"stepsAscended":682,"stepsDescended":666,"totalGain":17298,"totalLoss":16264}
{"deviceid":"b81e905908354542","eventtype":"altimeter","timestamp":1456248281358,"userid":"vincent.planat@hpe.com","trainingMode":"WALKING_DOWN","flightsAscended":14,"flightsDescended":10,"rate":-34.0,"steppingGain":3805,"steppingLoss":3234,"stepsAscended":682,"stepsDescended":662,"totalGain":17298,"totalLoss":15742}
{"deviceid":"b81e905908354542","eventtype":"altimeter","timestamp":1456248302931,"userid":"vincent.planat@hpe.com","trainingMode":"WALKING","flightsAscended":14,"flightsDescended":10,"rate":1.0,"steppingGain":3805,"steppingLoss":3381,"stepsAscended":682,"stepsDescended":666,"totalGain":17298,"totalLoss":16264}
{"deviceid":"b81e905908354542","eventtype":"altimeter","timestamp":1456248268886,"userid":"vincent.planat@hpe.com","trainingMode":"WALKING_DOWN","flightsAscended":14,"flightsDescended":8,"rate":-16.0,"steppingGain":3805,"steppingLoss":2957,"stepsAscended":682,"stepsDescended":632,"totalGain":17298,"totalLoss":15465}
{"deviceid":"b81e905908354542","eventtype":"altimeter","timestamp":1456248298704,"userid":"vincent.planat@hpe.com","trainingMode":"WALKING","flightsAscended":14,"flightsDescended":10,"rate":-15.0,"steppingGain":3805,"steppingLoss":3381,"stepsAscended":682,"stepsDescended":666,"totalGain":17298,"totalLoss":16137}
{"deviceid":"b81e905908354542","eventtype":"altimeter","timestamp":1456248303927,"userid":"vincent.planat@hpe.com","trainingMode":"WALKING","flightsAscended":14,"flightsDescended":10,"rate":3.0,"steppingGain":3805,"steppingLoss":3381,"stepsAscended":682,"stepsDescended":666,"totalGain":17298,"totalLoss":16264}
{"deviceid":"b81e905908354542","eventtype":"altimeter","timestamp":1456248275455,"userid":"vincent.planat@hpe.com","trainingMode":"WALKING_DOWN","flightsAscended":14,"flightsDescended":9,"rate":-29.0,"steppingGain":3805,"steppingLoss":3096,"stepsAscended":682,"stepsDescended":658,"totalGain":17298,"totalLoss":15604}
{"deviceid":"b81e905908354542","eventtype":"altimeter","timestamp":1456248287064,"userid":"vincent.planat@hpe.com","trainingMode":"WALKING_DOWN","flightsAscended":14,"flightsDescended":10,"rate":-19.0,"steppingGain":3805,"steppingLoss":3381,"stepsAscended":682,"stepsDescended":666,"totalGain":17298,"totalLoss":16010}
{"deviceid":"b81e905908354542","eventtype":"altimeter","timestamp":1456248301991,"userid":"vincent.planat@hpe.com","trainingMode":"WALKING","flightsAscended":14,"flightsDescended":10,"rate":-5.0,"steppingGain":3805,"steppingLoss":3381,"stepsAscended":682,"stepsDescended":666,"totalGain":17298,"totalLoss":16264}
{"deviceid":"b81e905908354542","eventtype":"altimeter","timestamp":1456248286162,"userid":"vincent.planat@hpe.com","trainingMode":"WALKING_DOWN","flightsAscended":14,"flightsDescended":10,"rate":-25.0,"steppingGain":3805,"steppingLoss":3381,"stepsAscended":682,"stepsDescended":666,"totalGain":17298,"totalLoss":16010}
{"deviceid":"b81e905908354542","eventtype":"altimeter","timestamp":1456248306910,"userid":"vincent.planat@hpe.com","trainingMode":"WALKING","flightsAscended":14,"flightsDescended":10,"rate":9.0,"steppingGain":3805,"steppingLoss":3381,"stepsAscended":682,"stepsDescended":666,"totalGain":17298,"totalLoss":16264}
{"deviceid":"b81e905908354542","eventtype":"altimeter","timestamp":1456248296897,"userid":"vincent.planat@hpe.com","trainingMode":"WALKING_DOWN","flightsAscended":14,"flightsDescended":10,"rate":-20.0,"steppingGain":3805,"steppingLoss":3381,"stepsAscended":682,"stepsDescended":666,"totalGain":17298,"totalLoss":16137}
{"deviceid":"b81e905908354542","eventtype":"altimeter","timestamp":1456248299481,"userid":"vincent.planat@hpe.com","trainingMode":"WALKING","flightsAscended":14,"flightsDescended":10,"rate":-14.0,"steppingGain":3805,"steppingLoss":3381,"stepsAscended":682,"stepsDescended":666,"totalGain":17298,"totalLoss":16264}
{"deviceid":"b81e905908354542","eventtype":"altimeter","timestamp":1456248294985,"userid":"vincent.planat@hpe.com","trainingMode":"WALKING_DOWN","flightsAscended":14,"flightsDescended":10,"rate":-23.0,"steppingGain":3805,"steppingLoss":3381,"stepsAscended":682,"stepsDescended":666,"totalGain":17298,"totalLoss":16137}
{"deviceid":"b81e905908354542","eventtype":"altimeter","timestamp":1456248303948,"userid":"vincent.planat@hpe.com","trainingMode":"WALKING","flightsAscended":14,"flightsDescended":10,"rate":3.0,"steppingGain":3805,"steppingLoss":3381,"stepsAscended":682,"stepsDescended":666,"totalGain":17298,"totalLoss":16264}
{"deviceid":"b81e905908354542","eventtype":"altimeter","timestamp":1456248267308,"userid":"vincent.planat@hpe.com","trainingMode":"WALKING_DOWN","flightsAscended":14,"flightsDescended":8,"rate":-17.0,"steppingGain":3805,"steppingLoss":2957,"stepsAscended":682,"stepsDescended":632,"totalGain":17298,"totalLoss":15465}
