{"deviceid":"b81e905908354542","eventtype":"distance","timestamp":1456248277426,"userid":"vincent.planat@hpe.com","trainingMode":"WALKING_DOWN","currentMotion":2,"pace":735.0,"speed":136.0,"totalDistance":2836484}
{"deviceid":"b81e905908354542","eventtype":"distance","timestamp":1456248267619,"userid":"vincent.planat@hpe.com","trainingMode":"WALKING_DOWN","currentMotion":2,"pace":1694.0,"speed":59.0,"totalDistance":2835110}
{"deviceid":"b81e905908354542","eventtype":"distance","timestamp":1456248302582,"userid":"vincent.planat@hpe.com","trainingMode":"WALKING","currentMotion":1,"pace":0.0,"speed":0.0,"totalDistance":2837380}
{"deviceid":"b81e905908354542","eventtype":"distance","timestamp":1456248281965,"userid":"vincent.planat@hpe.com","trainingMode":"WALKING_DOWN","currentMotion":1,"pace":694.0,"speed":144.0,"totalDistance":2837072}
{"deviceid":"b81e905908354542","eventtype":"distance","timestamp":1456248279082,"userid":"vincent.planat@hpe.com","trainingMode":"WALKING_DOWN","currentMotion":2,"pace":704.0,"speed":142.0,"totalDistance":2836844}
{"deviceid":"b81e905908354542","eventtype":"distance","timestamp":1456248294584,"userid":"vincent.planat@hpe.com","trainingMode":"WALKING_DOWN","currentMotion":1,"pace":0.0,"speed":23.0,"totalDistance":2837380}
{"deviceid":"b81e905908354542","eventtype":"distance","timestamp":1456248273938,"userid":"vincent.planat@hpe.com","trainingMode":"WALKING_DOWN","currentMotion":3,"pace":763.0,"speed":131.0,"totalDistance":2836304}
{"deviceid":"b81e905908354542","eventtype":"distance","timestamp":1456248282806,"userid":"vincent.planat@hpe.com","trainingMode":"WALKING_DOWN","currentMotion":1,"pace":729.0,"speed":137.0,"totalDistance":2837072}
{"deviceid":"b81e905908354542","eventtype":"distance","timestamp":1456248304908,"userid":"vincent.planat@hpe.com","trainingMode":"WALKING","currentMotion":1,"pace":0.0,"speed":0.0,"totalDistance":2837380}
{"deviceid":"b81e905908354542","eventtype":"distance","timestamp":1456248301652,"userid":"vincent.planat@hpe.com","trainingMode":"WALKING","currentMotion":1,"pace":0.0,"speed":0.0,"totalDistance":2837380}
{"deviceid":"b81e905908354542","eventtype":"distance","timestamp":1456248275804,"userid":"vincent.planat@hpe.com","trainingMode":"WALKING_DOWN","currentMotion":1,"pace":719.0,"speed":139.0,"totalDistance":2836304}
{"deviceid":"b81e905908354542","eventtype":"distance","timestamp":1456248275818,"userid":"vincent.planat@hpe.com","trainingMode":"WALKING_DOWN","currentMotion":1,"pace":719.0,"speed":139.0,"totalDistance":2836304}
{"deviceid":"b81e905908354542","eventtype":"distance","timestamp":1456248290543,"userid":"vincent.planat@hpe.com","trainingMode":"WALKING_DOWN","currentMotion":1,"pace":1724.0,"speed":58.0,"totalDistance":2837380}
{"deviceid":"b81e905908354542","eventtype":"distance","timestamp":1456248282754,"userid":"vincent.planat@hpe.com","trainingMode":"WALKING_DOWN","currentMotion":1,"pace":729.0,"speed":137.0,"totalDistance":2837072}
{"deviceid":"b81e905908354542","eventtype":"distance","timestamp":1456248285823,"userid":"vincent.planat@hpe.com","trainingMode":"WALKING_DOWN","currentMotion":2,"pace":877.0,"speed":114.0,"totalDistance":2837380}
{"deviceid":"b81e905908354542","eventtype":"distance","timestamp":1456248289461,"userid":"vincent.planat@hpe.com","trainingMode":"WALKING_DOWN","currentMotion":1,"pace":1428.0,"speed":70.0,"totalDistance":2837380}
{"deviceid":"b81e905908354542","eventtype":"distance","timestamp":1456248280873,"userid":"vincent.planat@hpe.com","trainingMode":"WALKING_DOWN","currentMotion":2,"pace":675.0,"speed":148.0,"totalDistance":2837072}
{"deviceid":"b81e905908354542","eventtype":"distance","timestamp":1456248284432,"userid":"vincent.planat@hpe.com","trainingMode":"WALKING_DOWN","currentMotion":2,"pace":847.0,"speed":118.0,"totalDistance":2837380}
{"deviceid":"b81e905908354542","eventtype":"distance","timestamp":1456248300807,"userid":"vincent.planat@hpe.com","trainingMode":"WALKING","currentMotion":1,"pace":0.0,"speed":1.0,"totalDistance":2837380}
{"deviceid":"b81e905908354542","eventtype":"distance","timestamp":1456248268514,"userid":"vincent.planat@hpe.com","trainingMode":"WALKING_DOWN","currentMotion":2,"pace":1298.0,"speed":77.0,"totalDistance":2835256}
{"deviceid":"b81e905908354542","eventtype":"distance","timestamp":1456248291648,"userid":"vincent.planat@hpe.com","trainingMode":"WALKING_DOWN","currentMotion":1,"pace":2040.0,"speed":49.0,"totalDistance":2837380}
{"deviceid":"b81e905908354542","eventtype":"distance","timestamp":1456248286685,"userid":"vincent.planat@hpe.com","trainingMode":"WALKING_DOWN","currentMotion":1,"pace":900.0,"speed":111.0,"totalDistance":2837380}
{"deviceid":"b81e905908354542","eventtype":"distance","timestamp":1456248276581,"userid":"vincent.planat@hpe.com","trainingMode":"WALKING_DOWN","currentMotion":1,"pace":729.0,"speed":137.0,"totalDistance":2836304}
{"deviceid":"b81e905908354542","eventtype":"distance","timestamp":1456248303632,"userid":"vincent.planat@hpe.com","trainingMode":"WALKING","currentMotion":1,"pace":0.0,"speed":0.0,"totalDistance":2837380}
{"deviceid":"b81e905908354542","eventtype":"distance","timestamp":1456248273033,"userid":"vincent.planat@hpe.com","trainingMode":"WALKING_DOWN","currentMotion":2,"pace":862.0,"speed":116.0,"totalDistance":2835848}
{"deviceid":"b81e905908354542","eventtype":"distance","timestamp":1456248292506,"userid":"vincent.planat@hpe.com","trainingMode":"WALKING_DOWN","currentMotion":1,"pace":2325.0,"speed":43.0,"totalDistance":2837380}
{"deviceid":"b81e905908354542","eventtype":"distance","timestamp":1456248296591,"userid":"vincent.planat@hpe.com","trainingMode":"WALKING_DOWN","currentMotion":1,"pace":0.0,"speed":11.0,"totalDistance":2837380}
{"deviceid":"b81e905908354542","eventtype":"distance","timestamp":1456248271313,"userid":"vincent.planat@hpe.com","trainingMode":"WALKING_DOWN","currentMotion":2,"pace":909.0,"speed":110.0,"totalDistance":2835706}
{"deviceid":"b81e905908354542","eventtype":"distance","timestamp":1456248282015,"userid":"vincent.planat@hpe.com","trainingMode":"WALKING_DOWN","currentMotion":1,"pace":694.0,"speed":144.0,"totalDistance":2837072}
{"deviceid":"b81e905908354542","eventtype":"distance","timestamp":1456248306677,"userid":"vincent.planat@hpe.com","trainingMode":"WALKING","currentMotion":1,"pace":0.0,"speed":0.0,"totalDistance":2837380}
{"deviceid":"b81e905908354542","eventtype":"distance","timestamp":1456248307660,"userid":"vincent.planat@hpe.com","trainingMode":"WALKING","currentMotion":1,"pace":0.0,"speed":0.0,"totalDistance":2837380}
{"deviceid":"b81e905908354542","eventtype":"distance","timestamp":1456248269347,"userid":"vincent.planat@hpe.com","trainingMode":"WALKING_DOWN","currentMotion":2,"pace":1098.0,"speed":91.0,"totalDistance":2835410}
{"deviceid":"b81e905908354542","eventtype":"distance","timestamp":1456248306688,"userid":"vincent.planat@hpe.com","trainingMode":"WALKING","currentMotion":1,"pace":0.0,"speed":0.0,"totalDistance":2837380}
{"deviceid":"b81e905908354542","eventtype":"distance","timestamp":1456248299261,"userid":"vincent.planat@hpe.com","trainingMode":"WALKING","currentMotion":1,"pace":0.0,"speed":4.0,"totalDistance":2837380}
{"deviceid":"b81e905908354542","eventtype":"distance","timestamp":1456248286668,"userid":"vincent.planat@hpe.com","trainingMode":"WALKING_DOWN","currentMotion":1,"pace":900.0,"speed":111.0,"totalDistance":2837380}
{"deviceid":"b81e905908354542","eventtype":"distance","timestamp":1456248295580,"userid":"vincent.planat@hpe.com","trainingMode":"WALKING_DOWN","currentMotion":1,"pace":0.0,"speed":16.0,"totalDistance":2837380}
{"deviceid":"b81e905908354542","eventtype":"distance","timestamp":1456248273020,"userid":"vincent.planat@hpe.com","trainingMode":"WALKING_DOWN","currentMotion":2,"pace":862.0,"speed":116.0,"totalDistance":2835848}
{"deviceid":"b81e905908354542","eventtype":"distance","timestamp":1456248274974,"userid":"vincent.planat@hpe.com","trainingMode":"WALKING_DOWN","currentMotion":2,"pace":724.0,"speed":138.0,"totalDistance":2836304}
{"deviceid":"b81e905908354542","eventtype":"distance","timestamp":1456248270383,"userid":"vincent.planat@hpe.com","trainingMode":"WALKING_DOWN","currentMotion":2,"pace":980.0,"speed":102.0,"totalDistance":2835564}
{"deviceid":"b81e905908354542","eventtype":"distance","timestamp":1456248279981,"userid":"vincent.planat@hpe.com","trainingMode":"WALKING_DOWN","currentMotion":3,"pace":675.0,"speed":148.0,"totalDistance":2837072}
{"deviceid":"b81e905908354542","eventtype":"distance","timestamp":1456248290559,"userid":"vincent.planat@hpe.com","trainingMode":"WALKING_DOWN","currentMotion":1,"pace":1724.0,"speed":58.0,"totalDistance":2837380}
{"deviceid":"b81e905908354542","eventtype":"distance","timestamp":1456248271320,"userid":"vincent.planat@hpe.com","trainingMode":"WALKING_DOWN","currentMotion":2,"pace":909.0,"speed":110.0,"totalDistance":2835706}
{"deviceid":"b81e905908354542","eventtype":"distance","timestamp":1456248285801,"userid":"vincent.planat@hpe.com","trainingMode":"WALKING_DOWN","currentMotion":2,"pace":877.0,"speed":114.0,"totalDistance":2837380}
{"deviceid":"b81e905908354542","eventtype":"distance","timestamp":1456248300068,"userid":"vincent.planat@hpe.com","trainingMode":"WALKING","currentMotion":1,"pace":0.0,"speed":2.0,"totalDistance":2837380}
{"deviceid":"b81e905908354542","eventtype":"distance","timestamp":1456248273957,"userid":"vincent.planat@hpe.com","trainingMode":"WALKING_DOWN","currentMotion":3,"pace":763.0,"speed":131.0,"totalDistance":2836304}
{"deviceid":"b81e905908354542","eventtype":"distance","timestamp":1456248303611,"userid":"vincent.planat@hpe.com","trainingMode":"WALKING","currentMotion":1,"pace":0.0,"speed":0.0,"totalDistance":2837380}
{"deviceid":"b81e905908354542","eventtype":"distance","timestamp":1456248293512,"userid":"vincent.planat@hpe.com","trainingMode":"WALKING_DOWN","currentMotion":1,"pace":2941.0,"speed":34.0,"totalDistance":2837380}
{"deviceid":"b81e905908354542","eventtype":"distance","timestamp":1456248269329,"userid":"vincent.planat@hpe.com","trainingMode":"WALKING_DOWN","currentMotion":2,"pace":1098.0,"speed":91.0,"totalDistance":2835410}
{"deviceid":"b81e905908354542","eventtype":"distance","timestamp":1456248296603,"userid":"vincent.planat@hpe.com","trainingMode":"WALKING_DOWN","currentMotion":1,"pace":0.0,"speed":11.0,"totalDistance":2837380}
{"deviceid":"b81e905908354542","eventtype":"distance","timestamp":1456248280006,"userid":"vincent.planat@hpe.com","trainingMode":"WALKING_DOWN","currentMotion":3,"pace":675.0,"speed":148.0,"totalDistance":2837072}
{"deviceid":"b81e905908354542","eventtype":"distance","timestamp":1456248289460,"userid":"vincent.planat@hpe.com","trainingMode":"WALKING_DOWN","currentMotion":1,"pace":1428.0,"speed":70.0,"totalDistance":2837380}
{"deviceid":"b81e905908354542","eventtype":"distance","timestamp":1456248300831,"userid":"vincent.planat@hpe.com","trainingMode":"WALKING","currentMotion":1,"pace":0.0,"speed":1.0,"totalDistance":2837380}
{"deviceid":"b81e905908354542","eventtype":"distance","timestamp":1456248274936,"userid":"vincent.planat@hpe.com","trainingMode":"WALKING_DOWN","currentMotion":2,"pace":724.0,"speed":138.0,"totalDistance":2836304}
{"deviceid":"b81e905908354542","eventtype":"distance","timestamp":1456248301665,"userid":"vincent.planat@hpe.com","trainingMode":"WALKING","currentMotion":1,"pace":0.0,"speed":0.0,"totalDistance":2837380}
{"deviceid":"b81e905908354542","eventtype":"distance","timestamp":1456248267856,"userid":"vincent.planat@hpe.com","trainingMode":"WALKING_DOWN","currentMotion":2,"pace":1694.0,"speed":59.0,"totalDistance":2835110}
{"deviceid":"b81e905908354542","eventtype":"distance","timestamp":1456248291665,"userid":"vincent.planat@hpe.com","trainingMode":"WALKING_DOWN","currentMotion":1,"pace":2040.0,"speed":49.0,"totalDistance":2837380}
{"deviceid":"b81e905908354542","eventtype":"distance","timestamp":1456248307676,"userid":"vincent.planat@hpe.com","trainingMode":"WALKING","currentMotion":1,"pace":0.0,"speed":0.0,"totalDistance":2837380}
{"deviceid":"b81e905908354542","eventtype":"distance","timestamp":1456248279122,"userid":"vincent.planat@hpe.com","trainingMode":"WALKING_DOWN","currentMotion":2,"pace":704.0,"speed":142.0,"totalDistance":2836844}
{"deviceid":"b81e905908354542","eventtype":"distance","timestamp":1456248302585,"userid":"vincent.planat@hpe.com","trainingMode":"WALKING","currentMotion":1,"pace":0.0,"speed":0.0,"totalDistance":2837380}
{"deviceid":"b81e905908354542","eventtype":"distance","timestamp":1456248288508,"userid":"vincent.planat@hpe.com","trainingMode":"WALKING_DOWN","currentMotion":1,"pace":1136.0,"speed":88.0,"totalDistance":2837380}
{"deviceid":"b81e905908354542","eventtype":"distance","timestamp":1456248297664,"userid":"vincent.planat@hpe.com","trainingMode":"WALKING","currentMotion":1,"pace":0.0,"speed":7.0,"totalDistance":2837380}
{"deviceid":"b81e905908354542","eventtype":"distance","timestamp":1456248292535,"userid":"vincent.planat@hpe.com","trainingMode":"WALKING_DOWN","currentMotion":1,"pace":2325.0,"speed":43.0,"totalDistance":2837380}
{"deviceid":"b81e905908354542","eventtype":"distance","timestamp":1456248293495,"userid":"vincent.planat@hpe.com","trainingMode":"WALKING_DOWN","currentMotion":1,"pace":2941.0,"speed":34.0,"totalDistance":2837380}
{"deviceid":"b81e905908354542","eventtype":"distance","timestamp":1456248280927,"userid":"vincent.planat@hpe.com","trainingMode":"WALKING_DOWN","currentMotion":2,"pace":675.0,"speed":148.0,"totalDistance":2837072}
{"deviceid":"b81e905908354542","eventtype":"distance","timestamp":1456248283695,"userid":"vincent.planat@hpe.com","trainingMode":"WALKING_DOWN","currentMotion":2,"pace":813.0,"speed":123.0,"totalDistance":2837226}
{"deviceid":"b81e905908354542","eventtype":"distance","timestamp":1456248284447,"userid":"vincent.planat@hpe.com","trainingMode":"WALKING_DOWN","currentMotion":2,"pace":847.0,"speed":118.0,"totalDistance":2837380}
{"deviceid":"b81e905908354542","eventtype":"distance","timestamp":1456248300049,"userid":"vincent.planat@hpe.com","trainingMode":"WALKING","currentMotion":1,"pace":0.0,"speed":2.0,"totalDistance":2837380}
{"deviceid":"b81e905908354542","eventtype":"distance","timestamp":1456248304924,"userid":"vincent.planat@hpe.com","trainingMode":"WALKING","currentMotion":1,"pace":0.0,"speed":0.0,"totalDistance":2837380}
{"deviceid":"b81e905908354542","eventtype":"distance","timestamp":1456248283642,"userid":"vincent.planat@hpe.com","trainingMode":"WALKING_DOWN","currentMotion":2,"pace":813.0,"speed":123.0,"totalDistance":2837226}
{"deviceid":"b81e905908354542","eventtype":"distance","timestamp":1456248287686,"userid":"vincent.planat@hpe.com","trainingMode":"WALKING_DOWN","currentMotion":1,"pace":961.0,"speed":104.0,"totalDistance":2837380}
{"deviceid":"b81e905908354542","eventtype":"distance","timestamp":1456248305645,"userid":"vincent.planat@hpe.com","trainingMode":"WALKING","currentMotion":1,"pace":0.0,"speed":0.0,"totalDistance":2837380}
{"deviceid":"b81e905908354542","eventtype":"distance","timestamp":1456248295597,"userid":"vincent.planat@hpe.com","trainingMode":"WALKING_DOWN","currentMotion":1,"pace":0.0,"speed":16.0,"totalDistance":2837380}
{"deviceid":"b81e905908354542","eventtype":"distance","timestamp":1456248277450,"userid":"vincent.planat@hpe.com","trainingMode":"WALKING_DOWN","currentMotion":2,"pace":735.0,"speed":136.0,"totalDistance":2836484}
{"deviceid":"b81e905908354542","eventtype":"distance","timestamp":1456248276599,"userid":"vincent.planat@hpe.com","trainingMode":"WALKING_DOWN","currentMotion":1,"pace":729.0,"speed":137.0,"totalDistance":2836304}
{"deviceid":"b81e905908354542","eventtype":"distance","timestamp":1456248305661,"userid":"vincent.planat@hpe.com","trainingMode":"WALKING","currentMotion":1,"pace":0.0,"speed":0.0,"totalDistance":2837380}
{"deviceid":"b81e905908354542","eventtype":"distance","timestamp":1456248268582,"userid":"vincent.planat@hpe.com","trainingMode":"WALKING_DOWN","currentMotion":2,"pace":1298.0,"speed":77.0,"totalDistance":2835256}
{"deviceid":"b81e905908354542","eventtype":"distance","timestamp":1456248270366,"userid":"vincent.planat@hpe.com","trainingMode":"WALKING_DOWN","currentMotion":2,"pace":980.0,"speed":102.0,"totalDistance":2835564}
{"deviceid":"b81e905908354542","eventtype":"distance","timestamp":1456248299236,"userid":"vincent.planat@hpe.com","trainingMode":"WALKING","currentMotion":1,"pace":0.0,"speed":4.0,"totalDistance":2837380}
{"deviceid":"b81e905908354542","eventtype":"distance","timestamp":1456248297677,"userid":"vincent.planat@hpe.com","trainingMode":"WALKING","currentMotion":1,"pace":0.0,"speed":7.0,"totalDistance":2837380}
{"deviceid":"b81e905908354542","eventtype":"distance","timestamp":1456248287733,"userid":"vincent.planat@hpe.com","trainingMode":"WALKING_DOWN","currentMotion":1,"pace":961.0,"speed":104.0,"totalDistance":2837380}
{"deviceid":"b81e905908354542","eventtype":"distance","timestamp":1456248294565,"userid":"vincent.planat@hpe.com","trainingMode":"WALKING_DOWN","currentMotion":1,"pace":0.0,"speed":23.0,"totalDistance":2837380}
{"deviceid":"b81e905908354542","eventtype":"distance","timestamp":1456248288557,"userid":"vincent.planat@hpe.com","trainingMode":"WALKING_DOWN","currentMotion":1,"pace":1136.0,"speed":88.0,"totalDistance":2837380}
