{"deviceid":"b81e905908354542","eventtype":"ambientLight","timestamp":1456248059236,"userid":"vincent.planat@hpe.com","trainingMode":"SITTING","brightness":215}
{"deviceid":"b81e905908354542","eventtype":"ambientLight","timestamp":1456248051953,"userid":"vincent.planat@hpe.com","trainingMode":"SITTING","brightness":104}
{"deviceid":"b81e905908354542","eventtype":"ambientLight","timestamp":1456247988386,"userid":"vincent.planat@hpe.com","trainingMode":"SITTING","brightness":100}
{"deviceid":"b81e905908354542","eventtype":"ambientLight","timestamp":1456248045181,"userid":"vincent.planat@hpe.com","trainingMode":"SITTING","brightness":223}
{"deviceid":"b81e905908354542","eventtype":"ambientLight","timestamp":1456248028190,"userid":"vincent.planat@hpe.com","trainingMode":"SITTING","brightness":54}
{"deviceid":"b81e905908354542","eventtype":"ambientLight","timestamp":1456248054858,"userid":"vincent.planat@hpe.com","trainingMode":"SITTING","brightness":215}
{"deviceid":"b81e905908354542","eventtype":"ambientLight","timestamp":1456247998690,"userid":"vincent.planat@hpe.com","trainingMode":"SITTING","brightness":218}
{"deviceid":"b81e905908354542","eventtype":"ambientLight","timestamp":1456248005218,"userid":"vincent.planat@hpe.com","trainingMode":"SITTING","brightness":214}
{"deviceid":"b81e905908354542","eventtype":"ambientLight","timestamp":1456248063266,"userid":"vincent.planat@hpe.com","trainingMode":"SITTING","brightness":214}
{"deviceid":"b81e905908354542","eventtype":"ambientLight","timestamp":1456247976281,"userid":"vincent.planat@hpe.com","trainingMode":"NONE","brightness":0}
{"deviceid":"b81e905908354542","eventtype":"ambientLight","timestamp":1456248061238,"userid":"vincent.planat@hpe.com","trainingMode":"SITTING","brightness":217}
{"deviceid":"b81e905908354542","eventtype":"ambientLight","timestamp":1456248066281,"userid":"vincent.planat@hpe.com","trainingMode":"SITTING","brightness":217}
{"deviceid":"b81e905908354542","eventtype":"ambientLight","timestamp":1456247999653,"userid":"vincent.planat@hpe.com","trainingMode":"SITTING","brightness":218}
{"deviceid":"b81e905908354542","eventtype":"ambientLight","timestamp":1456247978671,"userid":"vincent.planat@hpe.com","trainingMode":"NONE","brightness":0}
{"deviceid":"b81e905908354542","eventtype":"ambientLight","timestamp":1456248057449,"userid":"vincent.planat@hpe.com","trainingMode":"SITTING","brightness":215}
{"deviceid":"b81e905908354542","eventtype":"ambientLight","timestamp":1456248062733,"userid":"vincent.planat@hpe.com","trainingMode":"SITTING","brightness":215}
{"deviceid":"b81e905908354542","eventtype":"ambientLight","timestamp":1456248053183,"userid":"vincent.planat@hpe.com","trainingMode":"SITTING","brightness":215}
{"deviceid":"b81e905908354542","eventtype":"ambientLight","timestamp":1456247977843,"userid":"vincent.planat@hpe.com","trainingMode":"NONE","brightness":0}
{"deviceid":"b81e905908354542","eventtype":"ambientLight","timestamp":1456248053158,"userid":"vincent.planat@hpe.com","trainingMode":"SITTING","brightness":215}
{"deviceid":"b81e905908354542","eventtype":"ambientLight","timestamp":1456248005698,"userid":"vincent.planat@hpe.com","trainingMode":"SITTING","brightness":214}
{"deviceid":"b81e905908354542","eventtype":"ambientLight","timestamp":1456248017157,"userid":"vincent.planat@hpe.com","trainingMode":"SITTING","brightness":107}
{"deviceid":"b81e905908354542","eventtype":"ambientLight","timestamp":1456248034180,"userid":"vincent.planat@hpe.com","trainingMode":"SITTING","brightness":52}
{"deviceid":"b81e905908354542","eventtype":"ambientLight","timestamp":1456248030661,"userid":"vincent.planat@hpe.com","trainingMode":"SITTING","brightness":51}
{"deviceid":"b81e905908354542","eventtype":"ambientLight","timestamp":1456247997692,"userid":"vincent.planat@hpe.com","trainingMode":"SITTING","brightness":218}
{"deviceid":"b81e905908354542","eventtype":"ambientLight","timestamp":1456248039173,"userid":"vincent.planat@hpe.com","trainingMode":"SITTING","brightness":215}
{"deviceid":"b81e905908354542","eventtype":"ambientLight","timestamp":1456247996190,"userid":"vincent.planat@hpe.com","trainingMode":"SITTING","brightness":217}
{"deviceid":"b81e905908354542","eventtype":"ambientLight","timestamp":1456248061251,"userid":"vincent.planat@hpe.com","trainingMode":"SITTING","brightness":217}
{"deviceid":"b81e905908354542","eventtype":"ambientLight","timestamp":1456248059221,"userid":"vincent.planat@hpe.com","trainingMode":"SITTING","brightness":215}
{"deviceid":"b81e905908354542","eventtype":"ambientLight","timestamp":1456248062259,"userid":"vincent.planat@hpe.com","trainingMode":"SITTING","brightness":214}
{"deviceid":"b81e905908354542","eventtype":"ambientLight","timestamp":1456248001248,"userid":"vincent.planat@hpe.com","trainingMode":"SITTING","brightness":218}
{"deviceid":"b81e905908354542","eventtype":"ambientLight","timestamp":1456248027671,"userid":"vincent.planat@hpe.com","trainingMode":"SITTING","brightness":49}
{"deviceid":"b81e905908354542","eventtype":"ambientLight","timestamp":1456248017672,"userid":"vincent.planat@hpe.com","trainingMode":"SITTING","brightness":110}
{"deviceid":"b81e905908354542","eventtype":"ambientLight","timestamp":1456248031191,"userid":"vincent.planat@hpe.com","trainingMode":"SITTING","brightness":54}
{"deviceid":"b81e905908354542","eventtype":"ambientLight","timestamp":1456248013063,"userid":"vincent.planat@hpe.com","trainingMode":"SITTING","brightness":115}
{"deviceid":"b81e905908354542","eventtype":"ambientLight","timestamp":1456248002722,"userid":"vincent.planat@hpe.com","trainingMode":"SITTING","brightness":220}
{"deviceid":"b81e905908354542","eventtype":"ambientLight","timestamp":1456248037679,"userid":"vincent.planat@hpe.com","trainingMode":"SITTING","brightness":66}
{"deviceid":"b81e905908354542","eventtype":"ambientLight","timestamp":1456248008197,"userid":"vincent.planat@hpe.com","trainingMode":"SITTING","brightness":60}
{"deviceid":"b81e905908354542","eventtype":"ambientLight","timestamp":1456247990658,"userid":"vincent.planat@hpe.com","trainingMode":"SITTING","brightness":149}
{"deviceid":"b81e905908354542","eventtype":"ambientLight","timestamp":1456247980637,"userid":"vincent.planat@hpe.com","trainingMode":"NONE","brightness":153}
{"deviceid":"b81e905908354542","eventtype":"ambientLight","timestamp":1456248023279,"userid":"vincent.planat@hpe.com","trainingMode":"SITTING","brightness":61}
{"deviceid":"b81e905908354542","eventtype":"ambientLight","timestamp":1456247970168,"userid":"vincent.planat@hpe.com","trainingMode":"NONE","brightness":0}
{"deviceid":"b81e905908354542","eventtype":"ambientLight","timestamp":1456247981230,"userid":"vincent.planat@hpe.com","trainingMode":"NONE","brightness":135}
{"deviceid":"b81e905908354542","eventtype":"ambientLight","timestamp":1456248043229,"userid":"vincent.planat@hpe.com","trainingMode":"SITTING","brightness":223}
{"deviceid":"b81e905908354542","eventtype":"ambientLight","timestamp":1456247979659,"userid":"vincent.planat@hpe.com","trainingMode":"NONE","brightness":0}
{"deviceid":"b81e905908354542","eventtype":"ambientLight","timestamp":1456247974293,"userid":"vincent.planat@hpe.com","trainingMode":"NONE","brightness":0}
{"deviceid":"b81e905908354542","eventtype":"ambientLight","timestamp":1456247977410,"userid":"vincent.planat@hpe.com","trainingMode":"NONE","brightness":0}
{"deviceid":"b81e905908354542","eventtype":"ambientLight","timestamp":1456247989673,"userid":"vincent.planat@hpe.com","trainingMode":"SITTING","brightness":100}
{"deviceid":"b81e905908354542","eventtype":"ambientLight","timestamp":1456247971368,"userid":"vincent.planat@hpe.com","trainingMode":"NONE","brightness":0}
{"deviceid":"b81e905908354542","eventtype":"ambientLight","timestamp":1456247975237,"userid":"vincent.planat@hpe.com","trainingMode":"NONE","brightness":0}
{"deviceid":"b81e905908354542","eventtype":"ambientLight","timestamp":1456248012428,"userid":"vincent.planat@hpe.com","trainingMode":"SITTING","brightness":115}
{"deviceid":"b81e905908354542","eventtype":"ambientLight","timestamp":1456248056731,"userid":"vincent.planat@hpe.com","trainingMode":"SITTING","brightness":212}
{"deviceid":"b81e905908354542","eventtype":"ambientLight","timestamp":1456248038842,"userid":"vincent.planat@hpe.com","trainingMode":"SITTING","brightness":203}
{"deviceid":"b81e905908354542","eventtype":"ambientLight","timestamp":1456248024662,"userid":"vincent.planat@hpe.com","trainingMode":"SITTING","brightness":55}
{"deviceid":"b81e905908354542","eventtype":"ambientLight","timestamp":1456248010176,"userid":"vincent.planat@hpe.com","trainingMode":"SITTING","brightness":110}
{"deviceid":"b81e905908354542","eventtype":"ambientLight","timestamp":1456248053979,"userid":"vincent.planat@hpe.com","trainingMode":"SITTING","brightness":211}
{"deviceid":"b81e905908354542","eventtype":"ambientLight","timestamp":1456247993166,"userid":"vincent.planat@hpe.com","trainingMode":"SITTING","brightness":149}
{"deviceid":"b81e905908354542","eventtype":"ambientLight","timestamp":1456247970983,"userid":"vincent.planat@hpe.com","trainingMode":"NONE","brightness":0}
{"deviceid":"b81e905908354542","eventtype":"ambientLight","timestamp":1456248004667,"userid":"vincent.planat@hpe.com","trainingMode":"SITTING","brightness":214}
{"deviceid":"b81e905908354542","eventtype":"ambientLight","timestamp":1456248058717,"userid":"vincent.planat@hpe.com","trainingMode":"SITTING","brightness":218}
{"deviceid":"b81e905908354542","eventtype":"ambientLight","timestamp":1456248056270,"userid":"vincent.planat@hpe.com","trainingMode":"SITTING","brightness":211}
{"deviceid":"b81e905908354542","eventtype":"ambientLight","timestamp":1456247982713,"userid":"vincent.planat@hpe.com","trainingMode":"NONE","brightness":106}
{"deviceid":"b81e905908354542","eventtype":"ambientLight","timestamp":1456248067575,"userid":"vincent.planat@hpe.com","trainingMode":"SITTING","brightness":214}
{"deviceid":"b81e905908354542","eventtype":"ambientLight","timestamp":1456248045702,"userid":"vincent.planat@hpe.com","trainingMode":"SITTING","brightness":223}
{"deviceid":"b81e905908354542","eventtype":"ambientLight","timestamp":1456248003182,"userid":"vincent.planat@hpe.com","trainingMode":"SITTING","brightness":220}
{"deviceid":"b81e905908354542","eventtype":"ambientLight","timestamp":1456248061705,"userid":"vincent.planat@hpe.com","trainingMode":"SITTING","brightness":214}
{"deviceid":"b81e905908354542","eventtype":"ambientLight","timestamp":1456248065726,"userid":"vincent.planat@hpe.com","trainingMode":"SITTING","brightness":215}
{"deviceid":"b81e905908354542","eventtype":"ambientLight","timestamp":1456248014690,"userid":"vincent.planat@hpe.com","trainingMode":"SITTING","brightness":115}
{"deviceid":"b81e905908354542","eventtype":"ambientLight","timestamp":1456248007671,"userid":"vincent.planat@hpe.com","trainingMode":"SITTING","brightness":193}
{"deviceid":"b81e905908354542","eventtype":"ambientLight","timestamp":1456248013721,"userid":"vincent.planat@hpe.com","trainingMode":"SITTING","brightness":115}
{"deviceid":"b81e905908354542","eventtype":"ambientLight","timestamp":1456247998192,"userid":"vincent.planat@hpe.com","trainingMode":"SITTING","brightness":215}
{"deviceid":"b81e905908354542","eventtype":"ambientLight","timestamp":1456248001668,"userid":"vincent.planat@hpe.com","trainingMode":"SITTING","brightness":218}
{"deviceid":"b81e905908354542","eventtype":"ambientLight","timestamp":1456247981696,"userid":"vincent.planat@hpe.com","trainingMode":"NONE","brightness":124}
{"deviceid":"b81e905908354542","eventtype":"ambientLight","timestamp":1456247969699,"userid":"vincent.planat@hpe.com","trainingMode":"NONE","brightness":0}
{"deviceid":"b81e905908354542","eventtype":"ambientLight","timestamp":1456248018684,"userid":"vincent.planat@hpe.com","trainingMode":"SITTING","brightness":115}
{"deviceid":"b81e905908354542","eventtype":"ambientLight","timestamp":1456248047673,"userid":"vincent.planat@hpe.com","trainingMode":"SITTING","brightness":88}
{"deviceid":"b81e905908354542","eventtype":"ambientLight","timestamp":1456247973148,"userid":"vincent.planat@hpe.com","trainingMode":"NONE","brightness":0}
{"deviceid":"b81e905908354542","eventtype":"ambientLight","timestamp":1456248024165,"userid":"vincent.planat@hpe.com","trainingMode":"SITTING","brightness":54}
{"deviceid":"b81e905908354542","eventtype":"ambientLight","timestamp":1456248035165,"userid":"vincent.planat@hpe.com","trainingMode":"SITTING","brightness":59}
{"deviceid":"b81e905908354542","eventtype":"ambientLight","timestamp":1456248042702,"userid":"vincent.planat@hpe.com","trainingMode":"SITTING","brightness":223}
{"deviceid":"b81e905908354542","eventtype":"ambientLight","timestamp":1456248043676,"userid":"vincent.planat@hpe.com","trainingMode":"SITTING","brightness":223}
{"deviceid":"b81e905908354542","eventtype":"ambientLight","timestamp":1456247992770,"userid":"vincent.planat@hpe.com","trainingMode":"SITTING","brightness":152}
{"deviceid":"b81e905908354542","eventtype":"ambientLight","timestamp":1456247980161,"userid":"vincent.planat@hpe.com","trainingMode":"NONE","brightness":0}
{"deviceid":"b81e905908354542","eventtype":"ambientLight","timestamp":1456248052773,"userid":"vincent.planat@hpe.com","trainingMode":"SITTING","brightness":209}
{"deviceid":"b81e905908354542","eventtype":"ambientLight","timestamp":1456248020660,"userid":"vincent.planat@hpe.com","trainingMode":"SITTING","brightness":103}
{"deviceid":"b81e905908354542","eventtype":"ambientLight","timestamp":1456248061727,"userid":"vincent.planat@hpe.com","trainingMode":"SITTING","brightness":214}
{"deviceid":"b81e905908354542","eventtype":"ambientLight","timestamp":1456248016196,"userid":"vincent.planat@hpe.com","trainingMode":"SITTING","brightness":109}
{"deviceid":"b81e905908354542","eventtype":"ambientLight","timestamp":1456248012736,"userid":"vincent.planat@hpe.com","trainingMode":"SITTING","brightness":115}
{"deviceid":"b81e905908354542","eventtype":"ambientLight","timestamp":1456248053610,"userid":"vincent.planat@hpe.com","trainingMode":"SITTING","brightness":215}
{"deviceid":"b81e905908354542","eventtype":"ambientLight","timestamp":1456247973662,"userid":"vincent.planat@hpe.com","trainingMode":"NONE","brightness":0}
{"deviceid":"b81e905908354542","eventtype":"ambientLight","timestamp":1456248028702,"userid":"vincent.planat@hpe.com","trainingMode":"SITTING","brightness":51}
{"deviceid":"b81e905908354542","eventtype":"ambientLight","timestamp":1456248034676,"userid":"vincent.planat@hpe.com","trainingMode":"SITTING","brightness":58}
{"deviceid":"b81e905908354542","eventtype":"ambientLight","timestamp":1456248040665,"userid":"vincent.planat@hpe.com","trainingMode":"SITTING","brightness":215}
{"deviceid":"b81e905908354542","eventtype":"ambientLight","timestamp":1456247997171,"userid":"vincent.planat@hpe.com","trainingMode":"SITTING","brightness":212}
{"deviceid":"b81e905908354542","eventtype":"ambientLight","timestamp":1456248049773,"userid":"vincent.planat@hpe.com","trainingMode":"SITTING","brightness":83}
{"deviceid":"b81e905908354542","eventtype":"ambientLight","timestamp":1456248053624,"userid":"vincent.planat@hpe.com","trainingMode":"SITTING","brightness":215}
{"deviceid":"b81e905908354542","eventtype":"ambientLight","timestamp":1456248062243,"userid":"vincent.planat@hpe.com","trainingMode":"SITTING","brightness":214}
{"deviceid":"b81e905908354542","eventtype":"ambientLight","timestamp":1456247986008,"userid":"vincent.planat@hpe.com","trainingMode":"NONE","brightness":100}
{"deviceid":"b81e905908354542","eventtype":"ambientLight","timestamp":1456248065299,"userid":"vincent.planat@hpe.com","trainingMode":"SITTING","brightness":211}
{"deviceid":"b81e905908354542","eventtype":"ambientLight","timestamp":1456248062748,"userid":"vincent.planat@hpe.com","trainingMode":"SITTING","brightness":215}
{"deviceid":"b81e905908354542","eventtype":"ambientLight","timestamp":1456248003660,"userid":"vincent.planat@hpe.com","trainingMode":"SITTING","brightness":220}
{"deviceid":"b81e905908354542","eventtype":"ambientLight","timestamp":1456248054372,"userid":"vincent.planat@hpe.com","trainingMode":"SITTING","brightness":214}
{"deviceid":"b81e905908354542","eventtype":"ambientLight","timestamp":1456248042203,"userid":"vincent.planat@hpe.com","trainingMode":"SITTING","brightness":221}
{"deviceid":"b81e905908354542","eventtype":"ambientLight","timestamp":1456247969132,"userid":"vincent.planat@hpe.com","trainingMode":"NONE","brightness":0}
{"deviceid":"b81e905908354542","eventtype":"ambientLight","timestamp":1456248000182,"userid":"vincent.planat@hpe.com","trainingMode":"SITTING","brightness":218}
{"deviceid":"b81e905908354542","eventtype":"ambientLight","timestamp":1456247990201,"userid":"vincent.planat@hpe.com","trainingMode":"SITTING","brightness":158}
{"deviceid":"b81e905908354542","eventtype":"ambientLight","timestamp":1456248027174,"userid":"vincent.planat@hpe.com","trainingMode":"SITTING","brightness":48}
{"deviceid":"b81e905908354542","eventtype":"ambientLight","timestamp":1456248036663,"userid":"vincent.planat@hpe.com","trainingMode":"SITTING","brightness":67}
{"deviceid":"b81e905908354542","eventtype":"ambientLight","timestamp":1456247972180,"userid":"vincent.planat@hpe.com","trainingMode":"NONE","brightness":0}
{"deviceid":"b81e905908354542","eventtype":"ambientLight","timestamp":1456248057823,"userid":"vincent.planat@hpe.com","trainingMode":"SITTING","brightness":215}
{"deviceid":"b81e905908354542","eventtype":"ambientLight","timestamp":1456247971672,"userid":"vincent.planat@hpe.com","trainingMode":"NONE","brightness":0}
{"deviceid":"b81e905908354542","eventtype":"ambientLight","timestamp":1456248009670,"userid":"vincent.planat@hpe.com","trainingMode":"SITTING","brightness":121}
{"deviceid":"b81e905908354542","eventtype":"ambientLight","timestamp":1456248020333,"userid":"vincent.planat@hpe.com","trainingMode":"SITTING","brightness":110}
{"deviceid":"b81e905908354542","eventtype":"ambientLight","timestamp":1456248025758,"userid":"vincent.planat@hpe.com","trainingMode":"SITTING","brightness":58}
{"deviceid":"b81e905908354542","eventtype":"ambientLight","timestamp":1456248026488,"userid":"vincent.planat@hpe.com","trainingMode":"SITTING","brightness":54}
{"deviceid":"b81e905908354542","eventtype":"ambientLight","timestamp":1456248018165,"userid":"vincent.planat@hpe.com","trainingMode":"SITTING","brightness":115}
{"deviceid":"b81e905908354542","eventtype":"ambientLight","timestamp":1456248026777,"userid":"vincent.planat@hpe.com","trainingMode":"SITTING","brightness":48}
{"deviceid":"b81e905908354542","eventtype":"ambientLight","timestamp":1456247978169,"userid":"vincent.planat@hpe.com","trainingMode":"NONE","brightness":0}
{"deviceid":"b81e905908354542","eventtype":"ambientLight","timestamp":1456248041183,"userid":"vincent.planat@hpe.com","trainingMode":"SITTING","brightness":215}
{"deviceid":"b81e905908354542","eventtype":"ambientLight","timestamp":1456248050187,"userid":"vincent.planat@hpe.com","trainingMode":"SITTING","brightness":83}
{"deviceid":"b81e905908354542","eventtype":"ambientLight","timestamp":1456248066328,"userid":"vincent.planat@hpe.com","trainingMode":"SITTING","brightness":217}
{"deviceid":"b81e905908354542","eventtype":"ambientLight","timestamp":1456248049755,"userid":"vincent.planat@hpe.com","trainingMode":"SITTING","brightness":83}
{"deviceid":"b81e905908354542","eventtype":"ambientLight","timestamp":1456248031734,"userid":"vincent.planat@hpe.com","trainingMode":"SITTING","brightness":55}
{"deviceid":"b81e905908354542","eventtype":"ambientLight","timestamp":1456248063684,"userid":"vincent.planat@hpe.com","trainingMode":"SITTING","brightness":212}
{"deviceid":"b81e905908354542","eventtype":"ambientLight","timestamp":1456248000673,"userid":"vincent.planat@hpe.com","trainingMode":"SITTING","brightness":218}
{"deviceid":"b81e905908354542","eventtype":"ambientLight","timestamp":1456247975838,"userid":"vincent.planat@hpe.com","trainingMode":"NONE","brightness":0}
{"deviceid":"b81e905908354542","eventtype":"ambientLight","timestamp":1456247995212,"userid":"vincent.planat@hpe.com","trainingMode":"SITTING","brightness":211}
{"deviceid":"b81e905908354542","eventtype":"ambientLight","timestamp":1456248035693,"userid":"vincent.planat@hpe.com","trainingMode":"SITTING","brightness":61}
{"deviceid":"b81e905908354542","eventtype":"ambientLight","timestamp":1456248048182,"userid":"vincent.planat@hpe.com","trainingMode":"SITTING","brightness":86}
{"deviceid":"b81e905908354542","eventtype":"ambientLight","timestamp":1456248065743,"userid":"vincent.planat@hpe.com","trainingMode":"SITTING","brightness":215}
{"deviceid":"b81e905908354542","eventtype":"ambientLight","timestamp":1456248039728,"userid":"vincent.planat@hpe.com","trainingMode":"SITTING","brightness":215}
{"deviceid":"b81e905908354542","eventtype":"ambientLight","timestamp":1456248063250,"userid":"vincent.planat@hpe.com","trainingMode":"SITTING","brightness":214}
{"deviceid":"b81e905908354542","eventtype":"ambientLight","timestamp":1456248052352,"userid":"vincent.planat@hpe.com","trainingMode":"SITTING","brightness":199}
{"deviceid":"b81e905908354542","eventtype":"ambientLight","timestamp":1456248064696,"userid":"vincent.planat@hpe.com","trainingMode":"SITTING","brightness":212}
{"deviceid":"b81e905908354542","eventtype":"ambientLight","timestamp":1456247984163,"userid":"vincent.planat@hpe.com","trainingMode":"NONE","brightness":118}
{"deviceid":"b81e905908354542","eventtype":"ambientLight","timestamp":1456248059761,"userid":"vincent.planat@hpe.com","trainingMode":"SITTING","brightness":217}
{"deviceid":"b81e905908354542","eventtype":"ambientLight","timestamp":1456248044667,"userid":"vincent.planat@hpe.com","trainingMode":"SITTING","brightness":223}
{"deviceid":"b81e905908354542","eventtype":"ambientLight","timestamp":1456248037171,"userid":"vincent.planat@hpe.com","trainingMode":"SITTING","brightness":66}
{"deviceid":"b81e905908354542","eventtype":"ambientLight","timestamp":1456248029208,"userid":"vincent.planat@hpe.com","trainingMode":"SITTING","brightness":51}
{"deviceid":"b81e905908354542","eventtype":"ambientLight","timestamp":1456247995685,"userid":"vincent.planat@hpe.com","trainingMode":"SITTING","brightness":214}
{"deviceid":"b81e905908354542","eventtype":"ambientLight","timestamp":1456248053991,"userid":"vincent.planat@hpe.com","trainingMode":"SITTING","brightness":211}
{"deviceid":"b81e905908354542","eventtype":"ambientLight","timestamp":1456247992192,"userid":"vincent.planat@hpe.com","trainingMode":"SITTING","brightness":149}
{"deviceid":"b81e905908354542","eventtype":"ambientLight","timestamp":1456248011164,"userid":"vincent.planat@hpe.com","trainingMode":"SITTING","brightness":116}
{"deviceid":"b81e905908354542","eventtype":"ambientLight","timestamp":1456248006656,"userid":"vincent.planat@hpe.com","trainingMode":"SITTING","brightness":197}
{"deviceid":"b81e905908354542","eventtype":"ambientLight","timestamp":1456248051967,"userid":"vincent.planat@hpe.com","trainingMode":"SITTING","brightness":104}
{"deviceid":"b81e905908354542","eventtype":"ambientLight","timestamp":1456248029663,"userid":"vincent.planat@hpe.com","trainingMode":"SITTING","brightness":51}
{"deviceid":"b81e905908354542","eventtype":"ambientLight","timestamp":1456247994370,"userid":"vincent.planat@hpe.com","trainingMode":"SITTING","brightness":149}
{"deviceid":"b81e905908354542","eventtype":"ambientLight","timestamp":1456248033193,"userid":"vincent.planat@hpe.com","trainingMode":"SITTING","brightness":54}
{"deviceid":"b81e905908354542","eventtype":"ambientLight","timestamp":1456248013332,"userid":"vincent.planat@hpe.com","trainingMode":"SITTING","brightness":115}
{"deviceid":"b81e905908354542","eventtype":"ambientLight","timestamp":1456247994659,"userid":"vincent.planat@hpe.com","trainingMode":"SITTING","brightness":150}
{"deviceid":"b81e905908354542","eventtype":"ambientLight","timestamp":1456247987106,"userid":"vincent.planat@hpe.com","trainingMode":"NONE","brightness":93}
{"deviceid":"b81e905908354542","eventtype":"ambientLight","timestamp":1456248041687,"userid":"vincent.planat@hpe.com","trainingMode":"SITTING","brightness":211}
{"deviceid":"b81e905908354542","eventtype":"ambientLight","timestamp":1456248055762,"userid":"vincent.planat@hpe.com","trainingMode":"SITTING","brightness":211}
{"deviceid":"b81e905908354542","eventtype":"ambientLight","timestamp":1456248046216,"userid":"vincent.planat@hpe.com","trainingMode":"SITTING","brightness":223}
{"deviceid":"b81e905908354542","eventtype":"ambientLight","timestamp":1456247974837,"userid":"vincent.planat@hpe.com","trainingMode":"NONE","brightness":0}
{"deviceid":"b81e905908354542","eventtype":"ambientLight","timestamp":1456248066770,"userid":"vincent.planat@hpe.com","trainingMode":"SITTING","brightness":217}
{"deviceid":"b81e905908354542","eventtype":"ambientLight","timestamp":1456248064202,"userid":"vincent.planat@hpe.com","trainingMode":"SITTING","brightness":212}
{"deviceid":"b81e905908354542","eventtype":"ambientLight","timestamp":1456248044173,"userid":"vincent.planat@hpe.com","trainingMode":"SITTING","brightness":223}
{"deviceid":"b81e905908354542","eventtype":"ambientLight","timestamp":1456248055739,"userid":"vincent.planat@hpe.com","trainingMode":"SITTING","brightness":211}
{"deviceid":"b81e905908354542","eventtype":"ambientLight","timestamp":1456248066785,"userid":"vincent.planat@hpe.com","trainingMode":"SITTING","brightness":217}
{"deviceid":"b81e905908354542","eventtype":"ambientLight","timestamp":1456247994061,"userid":"vincent.planat@hpe.com","trainingMode":"SITTING","brightness":149}
{"deviceid":"b81e905908354542","eventtype":"ambientLight","timestamp":1456248054841,"userid":"vincent.planat@hpe.com","trainingMode":"SITTING","brightness":215}
{"deviceid":"b81e905908354542","eventtype":"ambientLight","timestamp":1456248022691,"userid":"vincent.planat@hpe.com","trainingMode":"SITTING","brightness":64}
{"deviceid":"b81e905908354542","eventtype":"ambientLight","timestamp":1456248060250,"userid":"vincent.planat@hpe.com","trainingMode":"SITTING","brightness":217}
{"deviceid":"b81e905908354542","eventtype":"ambientLight","timestamp":1456248021663,"userid":"vincent.planat@hpe.com","trainingMode":"SITTING","brightness":107}
{"deviceid":"b81e905908354542","eventtype":"ambientLight","timestamp":1456248019707,"userid":"vincent.planat@hpe.com","trainingMode":"SITTING","brightness":113}
{"deviceid":"b81e905908354542","eventtype":"ambientLight","timestamp":1456248049234,"userid":"vincent.planat@hpe.com","trainingMode":"SITTING","brightness":83}
{"deviceid":"b81e905908354542","eventtype":"ambientLight","timestamp":1456248063693,"userid":"vincent.planat@hpe.com","trainingMode":"SITTING","brightness":212}
{"deviceid":"b81e905908354542","eventtype":"ambientLight","timestamp":1456248055265,"userid":"vincent.planat@hpe.com","trainingMode":"SITTING","brightness":212}
{"deviceid":"b81e905908354542","eventtype":"ambientLight","timestamp":1456247987699,"userid":"vincent.planat@hpe.com","trainingMode":"NONE","brightness":71}
{"deviceid":"b81e905908354542","eventtype":"ambientLight","timestamp":1456248059781,"userid":"vincent.planat@hpe.com","trainingMode":"SITTING","brightness":217}
{"deviceid":"b81e905908354542","eventtype":"ambientLight","timestamp":1456248023666,"userid":"vincent.planat@hpe.com","trainingMode":"SITTING","brightness":57}
{"deviceid":"b81e905908354542","eventtype":"ambientLight","timestamp":1456247996655,"userid":"vincent.planat@hpe.com","trainingMode":"SITTING","brightness":214}
{"deviceid":"b81e905908354542","eventtype":"ambientLight","timestamp":1456248032734,"userid":"vincent.planat@hpe.com","trainingMode":"SITTING","brightness":54}
{"deviceid":"b81e905908354542","eventtype":"ambientLight","timestamp":1456248006278,"userid":"vincent.planat@hpe.com","trainingMode":"SITTING","brightness":212}
{"deviceid":"b81e905908354542","eventtype":"ambientLight","timestamp":1456247987976,"userid":"vincent.planat@hpe.com","trainingMode":"NONE","brightness":107}
{"deviceid":"b81e905908354542","eventtype":"ambientLight","timestamp":1456248054357,"userid":"vincent.planat@hpe.com","trainingMode":"SITTING","brightness":214}
{"deviceid":"b81e905908354542","eventtype":"ambientLight","timestamp":1456248033662,"userid":"vincent.planat@hpe.com","trainingMode":"SITTING","brightness":52}
{"deviceid":"b81e905908354542","eventtype":"ambientLight","timestamp":1456247989224,"userid":"vincent.planat@hpe.com","trainingMode":"SITTING","brightness":96}
{"deviceid":"b81e905908354542","eventtype":"ambientLight","timestamp":1456248016667,"userid":"vincent.planat@hpe.com","trainingMode":"SITTING","brightness":101}
{"deviceid":"b81e905908354542","eventtype":"ambientLight","timestamp":1456248060687,"userid":"vincent.planat@hpe.com","trainingMode":"SITTING","brightness":217}
{"deviceid":"b81e905908354542","eventtype":"ambientLight","timestamp":1456248060284,"userid":"vincent.planat@hpe.com","trainingMode":"SITTING","brightness":217}
{"deviceid":"b81e905908354542","eventtype":"ambientLight","timestamp":1456248056257,"userid":"vincent.planat@hpe.com","trainingMode":"SITTING","brightness":211}
{"deviceid":"b81e905908354542","eventtype":"ambientLight","timestamp":1456248030179,"userid":"vincent.planat@hpe.com","trainingMode":"SITTING","brightness":52}
{"deviceid":"b81e905908354542","eventtype":"ambientLight","timestamp":1456247976639,"userid":"vincent.planat@hpe.com","trainingMode":"NONE","brightness":0}
{"deviceid":"b81e905908354542","eventtype":"ambientLight","timestamp":1456247968770,"userid":"vincent.planat@hpe.com","trainingMode":"NONE","brightness":0}
{"deviceid":"b81e905908354542","eventtype":"ambientLight","timestamp":1456247983157,"userid":"vincent.planat@hpe.com","trainingMode":"NONE","brightness":107}
{"deviceid":"b81e905908354542","eventtype":"ambientLight","timestamp":1456248047168,"userid":"vincent.planat@hpe.com","trainingMode":"SITTING","brightness":100}
{"deviceid":"b81e905908354542","eventtype":"ambientLight","timestamp":1456247972630,"userid":"vincent.planat@hpe.com","trainingMode":"NONE","brightness":0}
{"deviceid":"b81e905908354542","eventtype":"ambientLight","timestamp":1456247987384,"userid":"vincent.planat@hpe.com","trainingMode":"NONE","brightness":104}
{"deviceid":"b81e905908354542","eventtype":"ambientLight","timestamp":1456248051567,"userid":"vincent.planat@hpe.com","trainingMode":"SITTING","brightness":85}
{"deviceid":"b81e905908354542","eventtype":"ambientLight","timestamp":1456247985775,"userid":"vincent.planat@hpe.com","trainingMode":"NONE","brightness":116}
{"deviceid":"b81e905908354542","eventtype":"ambientLight","timestamp":1456248058301,"userid":"vincent.planat@hpe.com","trainingMode":"SITTING","brightness":217}
{"deviceid":"b81e905908354542","eventtype":"ambientLight","timestamp":1456248021176,"userid":"vincent.planat@hpe.com","trainingMode":"SITTING","brightness":106}
{"deviceid":"b81e905908354542","eventtype":"ambientLight","timestamp":1456247988682,"userid":"vincent.planat@hpe.com","trainingMode":"SITTING","brightness":100}
{"deviceid":"b81e905908354542","eventtype":"ambientLight","timestamp":1456248015700,"userid":"vincent.planat@hpe.com","trainingMode":"SITTING","brightness":107}
{"deviceid":"b81e905908354542","eventtype":"ambientLight","timestamp":1456248022187,"userid":"vincent.planat@hpe.com","trainingMode":"SITTING","brightness":109}
{"deviceid":"b81e905908354542","eventtype":"ambientLight","timestamp":1456247979132,"userid":"vincent.planat@hpe.com","trainingMode":"NONE","brightness":0}
{"deviceid":"b81e905908354542","eventtype":"ambientLight","timestamp":1456248004190,"userid":"vincent.planat@hpe.com","trainingMode":"SITTING","brightness":214}
{"deviceid":"b81e905908354542","eventtype":"ambientLight","timestamp":1456248058319,"userid":"vincent.planat@hpe.com","trainingMode":"SITTING","brightness":217}
{"deviceid":"b81e905908354542","eventtype":"ambientLight","timestamp":1456248007159,"userid":"vincent.planat@hpe.com","trainingMode":"SITTING","brightness":146}
{"deviceid":"b81e905908354542","eventtype":"ambientLight","timestamp":1456248049260,"userid":"vincent.planat@hpe.com","trainingMode":"SITTING","brightness":83}
{"deviceid":"b81e905908354542","eventtype":"ambientLight","timestamp":1456247991685,"userid":"vincent.planat@hpe.com","trainingMode":"SITTING","brightness":150}
{"deviceid":"b81e905908354542","eventtype":"ambientLight","timestamp":1456247983681,"userid":"vincent.planat@hpe.com","trainingMode":"NONE","brightness":115}
{"deviceid":"b81e905908354542","eventtype":"ambientLight","timestamp":1456248058737,"userid":"vincent.planat@hpe.com","trainingMode":"SITTING","brightness":218}
{"deviceid":"b81e905908354542","eventtype":"ambientLight","timestamp":1456247991174,"userid":"vincent.planat@hpe.com","trainingMode":"SITTING","brightness":141}
{"deviceid":"b81e905908354542","eventtype":"ambientLight","timestamp":1456248056743,"userid":"vincent.planat@hpe.com","trainingMode":"SITTING","brightness":212}
{"deviceid":"b81e905908354542","eventtype":"ambientLight","timestamp":1456248036243,"userid":"vincent.planat@hpe.com","trainingMode":"SITTING","brightness":67}
{"deviceid":"b81e905908354542","eventtype":"ambientLight","timestamp":1456248014172,"userid":"vincent.planat@hpe.com","trainingMode":"SITTING","brightness":115}
{"deviceid":"b81e905908354542","eventtype":"ambientLight","timestamp":1456247999214,"userid":"vincent.planat@hpe.com","trainingMode":"SITTING","brightness":218}
{"deviceid":"b81e905908354542","eventtype":"ambientLight","timestamp":1456248055280,"userid":"vincent.planat@hpe.com","trainingMode":"SITTING","brightness":212}
{"deviceid":"b81e905908354542","eventtype":"ambientLight","timestamp":1456248009194,"userid":"vincent.planat@hpe.com","trainingMode":"SITTING","brightness":122}
{"deviceid":"b81e905908354542","eventtype":"ambientLight","timestamp":1456248015203,"userid":"vincent.planat@hpe.com","trainingMode":"SITTING","brightness":115}
{"deviceid":"b81e905908354542","eventtype":"ambientLight","timestamp":1456248040183,"userid":"vincent.planat@hpe.com","trainingMode":"SITTING","brightness":215}
{"deviceid":"b81e905908354542","eventtype":"ambientLight","timestamp":1456248064216,"userid":"vincent.planat@hpe.com","trainingMode":"SITTING","brightness":212}
{"deviceid":"b81e905908354542","eventtype":"ambientLight","timestamp":1456248057838,"userid":"vincent.planat@hpe.com","trainingMode":"SITTING","brightness":215}
{"deviceid":"b81e905908354542","eventtype":"ambientLight","timestamp":1456247984699,"userid":"vincent.planat@hpe.com","trainingMode":"NONE","brightness":100}
{"deviceid":"b81e905908354542","eventtype":"ambientLight","timestamp":1456248068372,"userid":"vincent.planat@hpe.com","trainingMode":"SITTING","brightness":212}
{"deviceid":"b81e905908354542","eventtype":"ambientLight","timestamp":1456248067860,"userid":"vincent.planat@hpe.com","trainingMode":"SITTING","brightness":214}
{"deviceid":"b81e905908354542","eventtype":"ambientLight","timestamp":1456248002197,"userid":"vincent.planat@hpe.com","trainingMode":"SITTING","brightness":220}
{"deviceid":"b81e905908354542","eventtype":"ambientLight","timestamp":1456248065281,"userid":"vincent.planat@hpe.com","trainingMode":"SITTING","brightness":211}
{"deviceid":"b81e905908354542","eventtype":"ambientLight","timestamp":1456248052337,"userid":"vincent.planat@hpe.com","trainingMode":"SITTING","brightness":199}
{"deviceid":"b81e905908354542","eventtype":"ambientLight","timestamp":1456248046680,"userid":"vincent.planat@hpe.com","trainingMode":"SITTING","brightness":205}
{"deviceid":"b81e905908354542","eventtype":"ambientLight","timestamp":1456248050185,"userid":"vincent.planat@hpe.com","trainingMode":"SITTING","brightness":83}
{"deviceid":"b81e905908354542","eventtype":"ambientLight","timestamp":1456248057464,"userid":"vincent.planat@hpe.com","trainingMode":"SITTING","brightness":215}
{"deviceid":"b81e905908354542","eventtype":"ambientLight","timestamp":1456248032176,"userid":"vincent.planat@hpe.com","trainingMode":"SITTING","brightness":55}
{"deviceid":"b81e905908354542","eventtype":"ambientLight","timestamp":1456248048707,"userid":"vincent.planat@hpe.com","trainingMode":"SITTING","brightness":85}
{"deviceid":"b81e905908354542","eventtype":"ambientLight","timestamp":1456248068397,"userid":"vincent.planat@hpe.com","trainingMode":"SITTING","brightness":212}
{"deviceid":"b81e905908354542","eventtype":"ambientLight","timestamp":1456248060702,"userid":"vincent.planat@hpe.com","trainingMode":"SITTING","brightness":217}
{"deviceid":"b81e905908354542","eventtype":"ambientLight","timestamp":1456248064709,"userid":"vincent.planat@hpe.com","trainingMode":"SITTING","brightness":212}
{"deviceid":"b81e905908354542","eventtype":"ambientLight","timestamp":1456248026076,"userid":"vincent.planat@hpe.com","trainingMode":"SITTING","brightness":57}
{"deviceid":"b81e905908354542","eventtype":"ambientLight","timestamp":1456247982191,"userid":"vincent.planat@hpe.com","trainingMode":"NONE","brightness":111}
{"deviceid":"b81e905908354542","eventtype":"ambientLight","timestamp":1456248038268,"userid":"vincent.planat@hpe.com","trainingMode":"SITTING","brightness":67}
{"deviceid":"b81e905908354542","eventtype":"ambientLight","timestamp":1456248052754,"userid":"vincent.planat@hpe.com","trainingMode":"SITTING","brightness":209}
{"deviceid":"b81e905908354542","eventtype":"ambientLight","timestamp":1456248008677,"userid":"vincent.planat@hpe.com","trainingMode":"SITTING","brightness":95}
{"deviceid":"b81e905908354542","eventtype":"ambientLight","timestamp":1456248051555,"userid":"vincent.planat@hpe.com","trainingMode":"SITTING","brightness":85}
{"deviceid":"b81e905908354542","eventtype":"ambientLight","timestamp":1456248019210,"userid":"vincent.planat@hpe.com","trainingMode":"SITTING","brightness":115}
{"deviceid":"b81e905908354542","eventtype":"ambientLight","timestamp":1456248010657,"userid":"vincent.planat@hpe.com","trainingMode":"SITTING","brightness":116}
