{"deviceid":"b81e905908354542","eventtype":"calorie","timestamp":1456248110012,"userid":"vincent.planat@hpe.com","trainingMode":"WALKING","calories":18676}
{"deviceid":"b81e905908354542","eventtype":"calorie","timestamp":1456248099132,"userid":"vincent.planat@hpe.com","trainingMode":"SITTING","calories":18676}
{"deviceid":"b81e905908354542","eventtype":"calorie","timestamp":1456248111058,"userid":"vincent.planat@hpe.com","trainingMode":"WALKING","calories":18676}
{"deviceid":"b81e905908354542","eventtype":"calorie","timestamp":1456248103801,"userid":"vincent.planat@hpe.com","trainingMode":"SITTING","calories":18676}
{"deviceid":"b81e905908354542","eventtype":"calorie","timestamp":1456248115863,"userid":"vincent.planat@hpe.com","trainingMode":"WALKING","calories":18676}
{"deviceid":"b81e905908354542","eventtype":"calorie","timestamp":1456248095626,"userid":"vincent.planat@hpe.com","trainingMode":"SITTING","calories":18676}
{"deviceid":"b81e905908354542","eventtype":"calorie","timestamp":1456248101769,"userid":"vincent.planat@hpe.com","trainingMode":"SITTING","calories":18676}
{"deviceid":"b81e905908354542","eventtype":"calorie","timestamp":1456248121256,"userid":"vincent.planat@hpe.com","trainingMode":"WALKING","calories":18676}
{"deviceid":"b81e905908354542","eventtype":"calorie","timestamp":1456248106146,"userid":"vincent.planat@hpe.com","trainingMode":"SITTING","calories":18676}
{"deviceid":"b81e905908354542","eventtype":"calorie","timestamp":1456248102778,"userid":"vincent.planat@hpe.com","trainingMode":"SITTING","calories":18676}
{"deviceid":"b81e905908354542","eventtype":"calorie","timestamp":1456248103794,"userid":"vincent.planat@hpe.com","trainingMode":"SITTING","calories":18676}
{"deviceid":"b81e905908354542","eventtype":"calorie","timestamp":1456248099990,"userid":"vincent.planat@hpe.com","trainingMode":"SITTING","calories":18676}
{"deviceid":"b81e905908354542","eventtype":"calorie","timestamp":1456248097652,"userid":"vincent.planat@hpe.com","trainingMode":"SITTING","calories":18676}
{"deviceid":"b81e905908354542","eventtype":"calorie","timestamp":1456248113057,"userid":"vincent.planat@hpe.com","trainingMode":"WALKING","calories":18676}
{"deviceid":"b81e905908354542","eventtype":"calorie","timestamp":1456248094595,"userid":"vincent.planat@hpe.com","trainingMode":"SITTING","calories":18675}
{"deviceid":"b81e905908354542","eventtype":"calorie","timestamp":1456248124342,"userid":"vincent.planat@hpe.com","trainingMode":"WALKING","calories":18676}
{"deviceid":"b81e905908354542","eventtype":"calorie","timestamp":1456248121268,"userid":"vincent.planat@hpe.com","trainingMode":"WALKING","calories":18676}
{"deviceid":"b81e905908354542","eventtype":"calorie","timestamp":1456248119178,"userid":"vincent.planat@hpe.com","trainingMode":"WALKING","calories":18676}
{"deviceid":"b81e905908354542","eventtype":"calorie","timestamp":1456248102774,"userid":"vincent.planat@hpe.com","trainingMode":"SITTING","calories":18676}
{"deviceid":"b81e905908354542","eventtype":"calorie","timestamp":1456248096658,"userid":"vincent.planat@hpe.com","trainingMode":"SITTING","calories":18676}
{"deviceid":"b81e905908354542","eventtype":"calorie","timestamp":1456248109041,"userid":"vincent.planat@hpe.com","trainingMode":"WALKING","calories":18676}
{"deviceid":"b81e905908354542","eventtype":"calorie","timestamp":1456248107936,"userid":"vincent.planat@hpe.com","trainingMode":"WALKING","calories":18676}
{"deviceid":"b81e905908354542","eventtype":"calorie","timestamp":1456248107947,"userid":"vincent.planat@hpe.com","trainingMode":"WALKING","calories":18676}
{"deviceid":"b81e905908354542","eventtype":"calorie","timestamp":1456248113070,"userid":"vincent.planat@hpe.com","trainingMode":"WALKING","calories":18676}
{"deviceid":"b81e905908354542","eventtype":"calorie","timestamp":1456248126348,"userid":"vincent.planat@hpe.com","trainingMode":"WALKING","calories":18676}
{"deviceid":"b81e905908354542","eventtype":"calorie","timestamp":1456248105177,"userid":"vincent.planat@hpe.com","trainingMode":"SITTING","calories":18676}
{"deviceid":"b81e905908354542","eventtype":"calorie","timestamp":1456248097694,"userid":"vincent.planat@hpe.com","trainingMode":"SITTING","calories":18676}
{"deviceid":"b81e905908354542","eventtype":"calorie","timestamp":1456248123287,"userid":"vincent.planat@hpe.com","trainingMode":"WALKING","calories":18676}
{"deviceid":"b81e905908354542","eventtype":"calorie","timestamp":1456248106132,"userid":"vincent.planat@hpe.com","trainingMode":"SITTING","calories":18676}
{"deviceid":"b81e905908354542","eventtype":"calorie","timestamp":1456248115849,"userid":"vincent.planat@hpe.com","trainingMode":"WALKING","calories":18676}
{"deviceid":"b81e905908354542","eventtype":"calorie","timestamp":1456248093567,"userid":"vincent.planat@hpe.com","trainingMode":"SITTING","calories":18675}
{"deviceid":"b81e905908354542","eventtype":"calorie","timestamp":1456248120170,"userid":"vincent.planat@hpe.com","trainingMode":"WALKING","calories":18676}
{"deviceid":"b81e905908354542","eventtype":"calorie","timestamp":1456248122443,"userid":"vincent.planat@hpe.com","trainingMode":"WALKING","calories":18676}
{"deviceid":"b81e905908354542","eventtype":"calorie","timestamp":1456248116956,"userid":"vincent.planat@hpe.com","trainingMode":"WALKING","calories":18676}
{"deviceid":"b81e905908354542","eventtype":"calorie","timestamp":1456248092589,"userid":"vincent.planat@hpe.com","trainingMode":"SITTING","calories":18675}
{"deviceid":"b81e905908354542","eventtype":"calorie","timestamp":1456248100865,"userid":"vincent.planat@hpe.com","trainingMode":"SITTING","calories":18676}
{"deviceid":"b81e905908354542","eventtype":"calorie","timestamp":1456248096641,"userid":"vincent.planat@hpe.com","trainingMode":"SITTING","calories":18676}
{"deviceid":"b81e905908354542","eventtype":"calorie","timestamp":1456248125370,"userid":"vincent.planat@hpe.com","trainingMode":"WALKING","calories":18676}
{"deviceid":"b81e905908354542","eventtype":"calorie","timestamp":1456248109025,"userid":"vincent.planat@hpe.com","trainingMode":"WALKING","calories":18676}
{"deviceid":"b81e905908354542","eventtype":"calorie","timestamp":1456248114036,"userid":"vincent.planat@hpe.com","trainingMode":"WALKING","calories":18676}
{"deviceid":"b81e905908354542","eventtype":"calorie","timestamp":1456248092603,"userid":"vincent.planat@hpe.com","trainingMode":"SITTING","calories":18675}
{"deviceid":"b81e905908354542","eventtype":"calorie","timestamp":1456248122457,"userid":"vincent.planat@hpe.com","trainingMode":"WALKING","calories":18676}
{"deviceid":"b81e905908354542","eventtype":"calorie","timestamp":1456248119193,"userid":"vincent.planat@hpe.com","trainingMode":"WALKING","calories":18676}
{"deviceid":"b81e905908354542","eventtype":"calorie","timestamp":1456248118190,"userid":"vincent.planat@hpe.com","trainingMode":"WALKING","calories":18676}
{"deviceid":"b81e905908354542","eventtype":"calorie","timestamp":1456248100848,"userid":"vincent.planat@hpe.com","trainingMode":"SITTING","calories":18676}
{"deviceid":"b81e905908354542","eventtype":"calorie","timestamp":1456248120169,"userid":"vincent.planat@hpe.com","trainingMode":"WALKING","calories":18676}
{"deviceid":"b81e905908354542","eventtype":"calorie","timestamp":1456248090702,"userid":"vincent.planat@hpe.com","trainingMode":"SITTING","calories":18675}
{"deviceid":"b81e905908354542","eventtype":"calorie","timestamp":1456248110993,"userid":"vincent.planat@hpe.com","trainingMode":"WALKING","calories":18676}
{"deviceid":"b81e905908354542","eventtype":"calorie","timestamp":1456248090686,"userid":"vincent.planat@hpe.com","trainingMode":"SITTING","calories":18675}
{"deviceid":"b81e905908354542","eventtype":"calorie","timestamp":1456248107050,"userid":"vincent.planat@hpe.com","trainingMode":"WALKING","calories":18676}
{"deviceid":"b81e905908354542","eventtype":"calorie","timestamp":1456248126365,"userid":"vincent.planat@hpe.com","trainingMode":"WALKING","calories":18676}
{"deviceid":"b81e905908354542","eventtype":"calorie","timestamp":1456248117479,"userid":"vincent.planat@hpe.com","trainingMode":"WALKING","calories":18676}
{"deviceid":"b81e905908354542","eventtype":"calorie","timestamp":1456248091666,"userid":"vincent.planat@hpe.com","trainingMode":"SITTING","calories":18675}
{"deviceid":"b81e905908354542","eventtype":"calorie","timestamp":1456248105154,"userid":"vincent.planat@hpe.com","trainingMode":"SITTING","calories":18676}
{"deviceid":"b81e905908354542","eventtype":"calorie","timestamp":1456248110030,"userid":"vincent.planat@hpe.com","trainingMode":"WALKING","calories":18676}
{"deviceid":"b81e905908354542","eventtype":"calorie","timestamp":1456248124358,"userid":"vincent.planat@hpe.com","trainingMode":"WALKING","calories":18676}
{"deviceid":"b81e905908354542","eventtype":"calorie","timestamp":1456248093568,"userid":"vincent.planat@hpe.com","trainingMode":"SITTING","calories":18675}
{"deviceid":"b81e905908354542","eventtype":"calorie","timestamp":1456248125355,"userid":"vincent.planat@hpe.com","trainingMode":"WALKING","calories":18676}
{"deviceid":"b81e905908354542","eventtype":"calorie","timestamp":1456248123332,"userid":"vincent.planat@hpe.com","trainingMode":"WALKING","calories":18676}
{"deviceid":"b81e905908354542","eventtype":"calorie","timestamp":1456248100005,"userid":"vincent.planat@hpe.com","trainingMode":"SITTING","calories":18676}
{"deviceid":"b81e905908354542","eventtype":"calorie","timestamp":1456248116968,"userid":"vincent.planat@hpe.com","trainingMode":"WALKING","calories":18676}
{"deviceid":"b81e905908354542","eventtype":"calorie","timestamp":1456248112006,"userid":"vincent.planat@hpe.com","trainingMode":"WALKING","calories":18676}
{"deviceid":"b81e905908354542","eventtype":"calorie","timestamp":1456248094597,"userid":"vincent.planat@hpe.com","trainingMode":"SITTING","calories":18675}
{"deviceid":"b81e905908354542","eventtype":"calorie","timestamp":1456248127381,"userid":"vincent.planat@hpe.com","trainingMode":"WALKING","calories":18676}
{"deviceid":"b81e905908354542","eventtype":"calorie","timestamp":1456248095638,"userid":"vincent.planat@hpe.com","trainingMode":"SITTING","calories":18676}
{"deviceid":"b81e905908354542","eventtype":"calorie","timestamp":1456248118177,"userid":"vincent.planat@hpe.com","trainingMode":"WALKING","calories":18676}
{"deviceid":"b81e905908354542","eventtype":"calorie","timestamp":1456248127395,"userid":"vincent.planat@hpe.com","trainingMode":"WALKING","calories":18676}
{"deviceid":"b81e905908354542","eventtype":"calorie","timestamp":1456248117489,"userid":"vincent.planat@hpe.com","trainingMode":"WALKING","calories":18676}
{"deviceid":"b81e905908354542","eventtype":"calorie","timestamp":1456248099114,"userid":"vincent.planat@hpe.com","trainingMode":"SITTING","calories":18676}
{"deviceid":"b81e905908354542","eventtype":"calorie","timestamp":1456248091608,"userid":"vincent.planat@hpe.com","trainingMode":"SITTING","calories":18675}
{"deviceid":"b81e905908354542","eventtype":"calorie","timestamp":1456248114050,"userid":"vincent.planat@hpe.com","trainingMode":"WALKING","calories":18676}
{"deviceid":"b81e905908354542","eventtype":"calorie","timestamp":1456248101752,"userid":"vincent.planat@hpe.com","trainingMode":"SITTING","calories":18676}
{"deviceid":"b81e905908354542","eventtype":"calorie","timestamp":1456248111989,"userid":"vincent.planat@hpe.com","trainingMode":"WALKING","calories":18676}
{"deviceid":"b81e905908354542","eventtype":"calorie","timestamp":1456248107035,"userid":"vincent.planat@hpe.com","trainingMode":"WALKING","calories":18676}
