{"deviceid":"b81e905908354542","eventtype":"accelerometer","timestamp":1456248356422,"userid":"vincent.planat@hpe.com","trainingMode":"WALKING_UP","x":-0.588867,"y":0.266357,"z":-0.0271}
{"deviceid":"b81e905908354542","eventtype":"accelerometer","timestamp":1456248338530,"userid":"vincent.planat@hpe.com","trainingMode":"WALKING_UP","x":-1.22583,"y":1.254639,"z":-0.798584}
{"deviceid":"b81e905908354542","eventtype":"accelerometer","timestamp":1456248353708,"userid":"vincent.planat@hpe.com","trainingMode":"WALKING_UP","x":-1.472412,"y":0.364258,"z":0.075684}
{"deviceid":"b81e905908354542","eventtype":"accelerometer","timestamp":1456248341232,"userid":"vincent.planat@hpe.com","trainingMode":"WALKING_UP","x":-1.338623,"y":0.444336,"z":0.131592}
{"deviceid":"b81e905908354542","eventtype":"accelerometer","timestamp":1456248347686,"userid":"vincent.planat@hpe.com","trainingMode":"WALKING_UP","x":-1.062012,"y":0.441162,"z":0.283447}
{"deviceid":"b81e905908354542","eventtype":"accelerometer","timestamp":1456248356530,"userid":"vincent.planat@hpe.com","trainingMode":"WALKING_UP","x":-0.436279,"y":0.190674,"z":0.056641}
{"deviceid":"b81e905908354542","eventtype":"accelerometer","timestamp":1456248339654,"userid":"vincent.planat@hpe.com","trainingMode":"WALKING_UP","x":-0.711426,"y":0.298584,"z":0.09375}
{"deviceid":"b81e905908354542","eventtype":"accelerometer","timestamp":1456248351926,"userid":"vincent.planat@hpe.com","trainingMode":"WALKING_UP","x":-0.325928,"y":0.366211,"z":0.154785}
{"deviceid":"b81e905908354542","eventtype":"accelerometer","timestamp":1456248340670,"userid":"vincent.planat@hpe.com","trainingMode":"WALKING_UP","x":-1.032227,"y":0.056641,"z":0.106201}
{"deviceid":"b81e905908354542","eventtype":"accelerometer","timestamp":1456248346826,"userid":"vincent.planat@hpe.com","trainingMode":"WALKING_UP","x":-0.546387,"y":0.319092,"z":0.233398}
{"deviceid":"b81e905908354542","eventtype":"accelerometer","timestamp":1456248347825,"userid":"vincent.planat@hpe.com","trainingMode":"WALKING_UP","x":-0.585693,"y":0.252197,"z":0.294678}
{"deviceid":"b81e905908354542","eventtype":"accelerometer","timestamp":1456248353721,"userid":"vincent.planat@hpe.com","trainingMode":"WALKING_UP","x":-1.472412,"y":0.364258,"z":0.075684}
{"deviceid":"b81e905908354542","eventtype":"accelerometer","timestamp":1456248366033,"userid":"vincent.planat@hpe.com","trainingMode":"WALKING_UP","x":-0.189453,"y":-0.263916,"z":0.852295}
{"deviceid":"b81e905908354542","eventtype":"accelerometer","timestamp":1456248343925,"userid":"vincent.planat@hpe.com","trainingMode":"WALKING_UP","x":-0.539795,"y":0.272217,"z":0.035156}
{"deviceid":"b81e905908354542","eventtype":"accelerometer","timestamp":1456248363428,"userid":"vincent.planat@hpe.com","trainingMode":"WALKING_UP","x":-0.215088,"y":-0.48291,"z":0.985107}
{"deviceid":"b81e905908354542","eventtype":"accelerometer","timestamp":1456248361732,"userid":"vincent.planat@hpe.com","trainingMode":"WALKING_UP","x":-0.332031,"y":0.804443,"z":1.199707}
{"deviceid":"b81e905908354542","eventtype":"accelerometer","timestamp":1456248342738,"userid":"vincent.planat@hpe.com","trainingMode":"WALKING_UP","x":-1.03833,"y":0.345459,"z":0.086914}
{"deviceid":"b81e905908354542","eventtype":"accelerometer","timestamp":1456248346145,"userid":"vincent.planat@hpe.com","trainingMode":"WALKING_UP","x":-0.442871,"y":0.205566,"z":0.0979}
{"deviceid":"b81e905908354542","eventtype":"accelerometer","timestamp":1456248346404,"userid":"vincent.planat@hpe.com","trainingMode":"WALKING_UP","x":-1.22876,"y":0.455566,"z":0.169189}
{"deviceid":"b81e905908354542","eventtype":"accelerometer","timestamp":1456248342904,"userid":"vincent.planat@hpe.com","trainingMode":"WALKING_UP","x":-0.665771,"y":0.330566,"z":0.163818}
{"deviceid":"b81e905908354542","eventtype":"accelerometer","timestamp":1456248343908,"userid":"vincent.planat@hpe.com","trainingMode":"WALKING_UP","x":-0.539795,"y":0.272217,"z":0.035156}
{"deviceid":"b81e905908354542","eventtype":"accelerometer","timestamp":1456248367555,"userid":"vincent.planat@hpe.com","trainingMode":"WALKING_UP","x":-0.081543,"y":-0.166016,"z":0.903076}
{"deviceid":"b81e905908354542","eventtype":"accelerometer","timestamp":1456248344735,"userid":"vincent.planat@hpe.com","trainingMode":"WALKING_UP","x":-0.981934,"y":0.477295,"z":0.378906}
{"deviceid":"b81e905908354542","eventtype":"accelerometer","timestamp":1456248345750,"userid":"vincent.planat@hpe.com","trainingMode":"WALKING_UP","x":-0.992676,"y":0.534668,"z":0.376221}
{"deviceid":"b81e905908354542","eventtype":"accelerometer","timestamp":1456248359757,"userid":"vincent.planat@hpe.com","trainingMode":"WALKING_UP","x":-0.32251,"y":-0.154541,"z":0.697998}
{"deviceid":"b81e905908354542","eventtype":"accelerometer","timestamp":1456248338729,"userid":"vincent.planat@hpe.com","trainingMode":"WALKING_UP","x":-0.528076,"y":0.158203,"z":-0.010742}
{"deviceid":"b81e905908354542","eventtype":"accelerometer","timestamp":1456248352955,"userid":"vincent.planat@hpe.com","trainingMode":"WALKING_UP","x":-1.313477,"y":0.415527,"z":0.193604}
{"deviceid":"b81e905908354542","eventtype":"accelerometer","timestamp":1456248367743,"userid":"vincent.planat@hpe.com","trainingMode":"WALKING_UP","x":-0.086914,"y":-0.334961,"z":0.995361}
{"deviceid":"b81e905908354542","eventtype":"accelerometer","timestamp":1456248339825,"userid":"vincent.planat@hpe.com","trainingMode":"WALKING_UP","x":-1.731689,"y":0.9021,"z":0.340332}
{"deviceid":"b81e905908354542","eventtype":"accelerometer","timestamp":1456248361599,"userid":"vincent.planat@hpe.com","trainingMode":"WALKING_UP","x":-1.123291,"y":0.796631,"z":0.557129}
{"deviceid":"b81e905908354542","eventtype":"accelerometer","timestamp":1456248340679,"userid":"vincent.planat@hpe.com","trainingMode":"WALKING_UP","x":-1.032227,"y":0.056641,"z":0.106201}
{"deviceid":"b81e905908354542","eventtype":"accelerometer","timestamp":1456248354174,"userid":"vincent.planat@hpe.com","trainingMode":"WALKING_UP","x":-1.303223,"y":0.382812,"z":0.088379}
{"deviceid":"b81e905908354542","eventtype":"accelerometer","timestamp":1456248351712,"userid":"vincent.planat@hpe.com","trainingMode":"WALKING_UP","x":-1.02002,"y":0.35376,"z":0.325928}
{"deviceid":"b81e905908354542","eventtype":"accelerometer","timestamp":1456248363266,"userid":"vincent.planat@hpe.com","trainingMode":"WALKING_UP","x":-0.183105,"y":-0.328125,"z":0.81665}
{"deviceid":"b81e905908354542","eventtype":"accelerometer","timestamp":1456248343000,"userid":"vincent.planat@hpe.com","trainingMode":"WALKING_UP","x":-2.239014,"y":0.624756,"z":0.132568}
{"deviceid":"b81e905908354542","eventtype":"accelerometer","timestamp":1456248350001,"userid":"vincent.planat@hpe.com","trainingMode":"WALKING_UP","x":-1.115479,"y":0.543457,"z":0.31543}
{"deviceid":"b81e905908354542","eventtype":"accelerometer","timestamp":1456248338450,"userid":"vincent.planat@hpe.com","trainingMode":"WALKING_UP","x":-0.444336,"y":0.311279,"z":-0.226562}
{"deviceid":"b81e905908354542","eventtype":"accelerometer","timestamp":1456248367919,"userid":"vincent.planat@hpe.com","trainingMode":"WALKING_UP","x":0.04834,"y":-0.25293,"z":0.945557}
{"deviceid":"b81e905908354542","eventtype":"accelerometer","timestamp":1456248359510,"userid":"vincent.planat@hpe.com","trainingMode":"WALKING_UP","x":-0.358398,"y":0.974365,"z":0.61499}
{"deviceid":"b81e905908354542","eventtype":"accelerometer","timestamp":1456248343465,"userid":"vincent.planat@hpe.com","trainingMode":"WALKING_UP","x":-0.53125,"y":0.320312,"z":0.20166}
{"deviceid":"b81e905908354542","eventtype":"accelerometer","timestamp":1456248351728,"userid":"vincent.planat@hpe.com","trainingMode":"WALKING_UP","x":-1.02002,"y":0.35376,"z":0.325928}
{"deviceid":"b81e905908354542","eventtype":"accelerometer","timestamp":1456248352512,"userid":"vincent.planat@hpe.com","trainingMode":"WALKING_UP","x":-0.57959,"y":0.304443,"z":0.036621}
{"deviceid":"b81e905908354542","eventtype":"accelerometer","timestamp":1456248352301,"userid":"vincent.planat@hpe.com","trainingMode":"WALKING_UP","x":-0.949219,"y":0.561279,"z":0.519775}
{"deviceid":"b81e905908354542","eventtype":"accelerometer","timestamp":1456248349348,"userid":"vincent.planat@hpe.com","trainingMode":"WALKING_UP","x":-1.995605,"y":0.975586,"z":0.196777}
{"deviceid":"b81e905908354542","eventtype":"accelerometer","timestamp":1456248345318,"userid":"vincent.planat@hpe.com","trainingMode":"WALKING_UP","x":-1.20752,"y":0.195068,"z":0.317871}
{"deviceid":"b81e905908354542","eventtype":"accelerometer","timestamp":1456248347109,"userid":"vincent.planat@hpe.com","trainingMode":"WALKING_UP","x":-1.496826,"y":0.414062,"z":0.216797}
{"deviceid":"b81e905908354542","eventtype":"accelerometer","timestamp":1456248367571,"userid":"vincent.planat@hpe.com","trainingMode":"WALKING_UP","x":-0.081543,"y":-0.166016,"z":0.903076}
{"deviceid":"b81e905908354542","eventtype":"accelerometer","timestamp":1456248338263,"userid":"vincent.planat@hpe.com","trainingMode":"WALKING_UP","x":-0.503174,"y":0.337158,"z":-0.295166}
{"deviceid":"b81e905908354542","eventtype":"accelerometer","timestamp":1456248362167,"userid":"vincent.planat@hpe.com","trainingMode":"WALKING_UP","x":0.180908,"y":0.409912,"z":0.881592}
{"deviceid":"b81e905908354542","eventtype":"accelerometer","timestamp":1456248368275,"userid":"vincent.planat@hpe.com","trainingMode":"WALKING_UP","x":-0.023926,"y":-0.260742,"z":0.964844}
{"deviceid":"b81e905908354542","eventtype":"accelerometer","timestamp":1456248343013,"userid":"vincent.planat@hpe.com","trainingMode":"WALKING_UP","x":-2.239014,"y":0.624756,"z":0.132568}
{"deviceid":"b81e905908354542","eventtype":"accelerometer","timestamp":1456248364017,"userid":"vincent.planat@hpe.com","trainingMode":"WALKING_UP","x":-0.241455,"y":-0.22583,"z":0.968262}
{"deviceid":"b81e905908354542","eventtype":"accelerometer","timestamp":1456248337837,"userid":"vincent.planat@hpe.com","trainingMode":"WALKING_UP","x":-0.939209,"y":0.776611,"z":0.043701}
{"deviceid":"b81e905908354542","eventtype":"accelerometer","timestamp":1456248366263,"userid":"vincent.planat@hpe.com","trainingMode":"WALKING_UP","x":-0.177734,"y":-0.261719,"z":1.091064}
{"deviceid":"b81e905908354542","eventtype":"accelerometer","timestamp":1456248349821,"userid":"vincent.planat@hpe.com","trainingMode":"WALKING_UP","x":-0.595703,"y":0.438721,"z":0.300293}
{"deviceid":"b81e905908354542","eventtype":"accelerometer","timestamp":1456248349367,"userid":"vincent.planat@hpe.com","trainingMode":"WALKING_UP","x":-1.995605,"y":0.975586,"z":0.196777}
{"deviceid":"b81e905908354542","eventtype":"accelerometer","timestamp":1456248368585,"userid":"vincent.planat@hpe.com","trainingMode":"WALKING_UP","x":-0.076904,"y":-0.282959,"z":0.991455}
{"deviceid":"b81e905908354542","eventtype":"accelerometer","timestamp":1456248339651,"userid":"vincent.planat@hpe.com","trainingMode":"WALKING_UP","x":-0.711426,"y":0.298584,"z":0.09375}
{"deviceid":"b81e905908354542","eventtype":"accelerometer","timestamp":1456248347187,"userid":"vincent.planat@hpe.com","trainingMode":"WALKING_UP","x":-1.307373,"y":0.369629,"z":0.1521}
{"deviceid":"b81e905908354542","eventtype":"accelerometer","timestamp":1456248351817,"userid":"vincent.planat@hpe.com","trainingMode":"WALKING_UP","x":-0.69043,"y":0.249512,"z":0.132568}
{"deviceid":"b81e905908354542","eventtype":"accelerometer","timestamp":1456248367177,"userid":"vincent.planat@hpe.com","trainingMode":"WALKING_UP","x":0.015381,"y":-0.335693,"z":0.95752}
{"deviceid":"b81e905908354542","eventtype":"accelerometer","timestamp":1456248356143,"userid":"vincent.planat@hpe.com","trainingMode":"WALKING_UP","x":-1.560059,"y":0.793457,"z":0.144775}
{"deviceid":"b81e905908354542","eventtype":"accelerometer","timestamp":1456248342183,"userid":"vincent.planat@hpe.com","trainingMode":"WALKING_UP","x":-1.415039,"y":0.209229,"z":0.135742}
{"deviceid":"b81e905908354542","eventtype":"accelerometer","timestamp":1456248343845,"userid":"vincent.planat@hpe.com","trainingMode":"WALKING_UP","x":-1.055664,"y":0.229004,"z":0.10498}
{"deviceid":"b81e905908354542","eventtype":"accelerometer","timestamp":1456248337581,"userid":"vincent.planat@hpe.com","trainingMode":"WALKING_UP","x":-0.954834,"y":0.62085,"z":0.067139}
{"deviceid":"b81e905908354542","eventtype":"accelerometer","timestamp":1456248353075,"userid":"vincent.planat@hpe.com","trainingMode":"WALKING_UP","x":-0.860596,"y":0.173584,"z":0.009766}
{"deviceid":"b81e905908354542","eventtype":"accelerometer","timestamp":1456248340423,"userid":"vincent.planat@hpe.com","trainingMode":"WALKING_UP","x":-1.523193,"y":0.387939,"z":0.404053}
{"deviceid":"b81e905908354542","eventtype":"accelerometer","timestamp":1456248344006,"userid":"vincent.planat@hpe.com","trainingMode":"WALKING_UP","x":-0.477295,"y":0.178223,"z":0.054932}
{"deviceid":"b81e905908354542","eventtype":"accelerometer","timestamp":1456248360260,"userid":"vincent.planat@hpe.com","trainingMode":"WALKING_UP","x":-0.084229,"y":-0.349854,"z":0.941895}
{"deviceid":"b81e905908354542","eventtype":"accelerometer","timestamp":1456248360246,"userid":"vincent.planat@hpe.com","trainingMode":"WALKING_UP","x":-0.084229,"y":-0.349854,"z":0.941895}
{"deviceid":"b81e905908354542","eventtype":"accelerometer","timestamp":1456248361203,"userid":"vincent.planat@hpe.com","trainingMode":"WALKING_UP","x":-0.633301,"y":0.685303,"z":0.417725}
{"deviceid":"b81e905908354542","eventtype":"accelerometer","timestamp":1456248354772,"userid":"vincent.planat@hpe.com","trainingMode":"WALKING_UP","x":-0.681396,"y":0.400635,"z":0.183838}
{"deviceid":"b81e905908354542","eventtype":"accelerometer","timestamp":1456248342319,"userid":"vincent.planat@hpe.com","trainingMode":"WALKING_UP","x":-0.497803,"y":0.297607,"z":0.150391}
{"deviceid":"b81e905908354542","eventtype":"accelerometer","timestamp":1456248346040,"userid":"vincent.planat@hpe.com","trainingMode":"WALKING_UP","x":-0.51001,"y":0.321533,"z":0.046143}
{"deviceid":"b81e905908354542","eventtype":"accelerometer","timestamp":1456248338508,"userid":"vincent.planat@hpe.com","trainingMode":"WALKING_UP","x":-1.22583,"y":1.254639,"z":-0.798584}
{"deviceid":"b81e905908354542","eventtype":"accelerometer","timestamp":1456248343662,"userid":"vincent.planat@hpe.com","trainingMode":"WALKING_UP","x":-1.32959,"y":0.610352,"z":0.352295}
{"deviceid":"b81e905908354542","eventtype":"accelerometer","timestamp":1456248355955,"userid":"vincent.planat@hpe.com","trainingMode":"WALKING_UP","x":-0.72998,"y":0.569336,"z":0.115479}
{"deviceid":"b81e905908354542","eventtype":"accelerometer","timestamp":1456248344484,"userid":"vincent.planat@hpe.com","trainingMode":"WALKING_UP","x":-0.414307,"y":0.34082,"z":0.138672}
{"deviceid":"b81e905908354542","eventtype":"accelerometer","timestamp":1456248357650,"userid":"vincent.planat@hpe.com","trainingMode":"WALKING_UP","x":-1.219482,"y":0.996582,"z":-0.339111}
{"deviceid":"b81e905908354542","eventtype":"accelerometer","timestamp":1456248363836,"userid":"vincent.planat@hpe.com","trainingMode":"WALKING_UP","x":-0.232422,"y":-0.17749,"z":0.8125}
{"deviceid":"b81e905908354542","eventtype":"accelerometer","timestamp":1456248357232,"userid":"vincent.planat@hpe.com","trainingMode":"WALKING_UP","x":-0.239014,"y":0.36792,"z":-0.03418}
{"deviceid":"b81e905908354542","eventtype":"accelerometer","timestamp":1456248362744,"userid":"vincent.planat@hpe.com","trainingMode":"WALKING_UP","x":-0.067871,"y":0.038574,"z":1.128906}
{"deviceid":"b81e905908354542","eventtype":"accelerometer","timestamp":1456248356843,"userid":"vincent.planat@hpe.com","trainingMode":"WALKING_UP","x":-1.258789,"y":0.656006,"z":-0.036133}
{"deviceid":"b81e905908354542","eventtype":"accelerometer","timestamp":1456248359206,"userid":"vincent.planat@hpe.com","trainingMode":"WALKING_UP","x":-0.304443,"y":0.489746,"z":-0.321777}
{"deviceid":"b81e905908354542","eventtype":"accelerometer","timestamp":1456248348888,"userid":"vincent.planat@hpe.com","trainingMode":"WALKING_UP","x":-0.880371,"y":0.432617,"z":0.275635}
{"deviceid":"b81e905908354542","eventtype":"accelerometer","timestamp":1456248338465,"userid":"vincent.planat@hpe.com","trainingMode":"WALKING_UP","x":-0.444336,"y":0.311279,"z":-0.226562}
{"deviceid":"b81e905908354542","eventtype":"accelerometer","timestamp":1456248344907,"userid":"vincent.planat@hpe.com","trainingMode":"WALKING_UP","x":-0.506104,"y":0.28125,"z":0.068848}
{"deviceid":"b81e905908354542","eventtype":"accelerometer","timestamp":1456248351418,"userid":"vincent.planat@hpe.com","trainingMode":"WALKING_UP","x":-0.813721,"y":0.287598,"z":-0.067383}
{"deviceid":"b81e905908354542","eventtype":"accelerometer","timestamp":1456248343111,"userid":"vincent.planat@hpe.com","trainingMode":"WALKING_UP","x":-0.939941,"y":0.003418,"z":0.049072}
{"deviceid":"b81e905908354542","eventtype":"accelerometer","timestamp":1456248351020,"userid":"vincent.planat@hpe.com","trainingMode":"WALKING_UP","x":-1.062256,"y":0.398438,"z":0.393799}
{"deviceid":"b81e905908354542","eventtype":"accelerometer","timestamp":1456248341154,"userid":"vincent.planat@hpe.com","trainingMode":"WALKING_UP","x":-0.947021,"y":0.279785,"z":0.243896}
{"deviceid":"b81e905908354542","eventtype":"accelerometer","timestamp":1456248362504,"userid":"vincent.planat@hpe.com","trainingMode":"WALKING_UP","x":-0.029541,"y":-0.131592,"z":0.988525}
{"deviceid":"b81e905908354542","eventtype":"accelerometer","timestamp":1456248344921,"userid":"vincent.planat@hpe.com","trainingMode":"WALKING_UP","x":-0.506104,"y":0.28125,"z":0.068848}
{"deviceid":"b81e905908354542","eventtype":"accelerometer","timestamp":1456248361215,"userid":"vincent.planat@hpe.com","trainingMode":"WALKING_UP","x":-0.633301,"y":0.685303,"z":0.417725}
{"deviceid":"b81e905908354542","eventtype":"accelerometer","timestamp":1456248352936,"userid":"vincent.planat@hpe.com","trainingMode":"WALKING_UP","x":-1.313477,"y":0.415527,"z":0.193604}
{"deviceid":"b81e905908354542","eventtype":"accelerometer","timestamp":1456248345954,"userid":"vincent.planat@hpe.com","trainingMode":"WALKING_UP","x":-1.02417,"y":0.191895,"z":0.037354}
{"deviceid":"b81e905908354542","eventtype":"accelerometer","timestamp":1456248364459,"userid":"vincent.planat@hpe.com","trainingMode":"WALKING_UP","x":-0.245361,"y":-0.412598,"z":0.832031}
{"deviceid":"b81e905908354542","eventtype":"accelerometer","timestamp":1456248344024,"userid":"vincent.planat@hpe.com","trainingMode":"WALKING_UP","x":-0.477295,"y":0.178223,"z":0.054932}
{"deviceid":"b81e905908354542","eventtype":"accelerometer","timestamp":1456248354988,"userid":"vincent.planat@hpe.com","trainingMode":"WALKING_UP","x":-1.056641,"y":0.773926,"z":0.361816}
{"deviceid":"b81e905908354542","eventtype":"accelerometer","timestamp":1456248359772,"userid":"vincent.planat@hpe.com","trainingMode":"WALKING_UP","x":-0.32251,"y":-0.154541,"z":0.697998}
{"deviceid":"b81e905908354542","eventtype":"accelerometer","timestamp":1456248345743,"userid":"vincent.planat@hpe.com","trainingMode":"WALKING_UP","x":-0.992676,"y":0.534668,"z":0.376221}
{"deviceid":"b81e905908354542","eventtype":"accelerometer","timestamp":1456248337342,"userid":"vincent.planat@hpe.com","trainingMode":"WALKING_UP","x":-0.238281,"y":0.738525,"z":0.598877}
{"deviceid":"b81e905908354542","eventtype":"accelerometer","timestamp":1456248356531,"userid":"vincent.planat@hpe.com","trainingMode":"WALKING_UP","x":-0.436279,"y":0.190674,"z":0.056641}
{"deviceid":"b81e905908354542","eventtype":"accelerometer","timestamp":1456248342602,"userid":"vincent.planat@hpe.com","trainingMode":"WALKING_UP","x":-1.475586,"y":0.459717,"z":0.012695}
{"deviceid":"b81e905908354542","eventtype":"accelerometer","timestamp":1456248359961,"userid":"vincent.planat@hpe.com","trainingMode":"WALKING_UP","x":-0.235352,"y":-0.259766,"z":0.609131}
{"deviceid":"b81e905908354542","eventtype":"accelerometer","timestamp":1456248342589,"userid":"vincent.planat@hpe.com","trainingMode":"WALKING_UP","x":-1.475586,"y":0.459717,"z":0.012695}
{"deviceid":"b81e905908354542","eventtype":"accelerometer","timestamp":1456248360835,"userid":"vincent.planat@hpe.com","trainingMode":"WALKING_UP","x":-0.022705,"y":1.152832,"z":0.259766}
{"deviceid":"b81e905908354542","eventtype":"accelerometer","timestamp":1456248347686,"userid":"vincent.planat@hpe.com","trainingMode":"WALKING_UP","x":-1.062012,"y":0.441162,"z":0.283447}
{"deviceid":"b81e905908354542","eventtype":"accelerometer","timestamp":1456248362742,"userid":"vincent.planat@hpe.com","trainingMode":"WALKING_UP","x":-0.067871,"y":0.038574,"z":1.128906}
{"deviceid":"b81e905908354542","eventtype":"accelerometer","timestamp":1456248354079,"userid":"vincent.planat@hpe.com","trainingMode":"WALKING_UP","x":-0.842285,"y":0.403564,"z":0.132568}
{"deviceid":"b81e905908354542","eventtype":"accelerometer","timestamp":1456248351654,"userid":"vincent.planat@hpe.com","trainingMode":"WALKING_UP","x":-2.042725,"y":0.749268,"z":0.246094}
{"deviceid":"b81e905908354542","eventtype":"accelerometer","timestamp":1456248347826,"userid":"vincent.planat@hpe.com","trainingMode":"WALKING_UP","x":-0.585693,"y":0.252197,"z":0.294678}
{"deviceid":"b81e905908354542","eventtype":"accelerometer","timestamp":1456248343116,"userid":"vincent.planat@hpe.com","trainingMode":"WALKING_UP","x":-0.939941,"y":0.003418,"z":0.049072}
{"deviceid":"b81e905908354542","eventtype":"accelerometer","timestamp":1456248350628,"userid":"vincent.planat@hpe.com","trainingMode":"WALKING_UP","x":-1.265381,"y":0.437256,"z":0.287598}
{"deviceid":"b81e905908354542","eventtype":"accelerometer","timestamp":1456248360100,"userid":"vincent.planat@hpe.com","trainingMode":"WALKING_UP","x":-0.106201,"y":-0.3396,"z":0.6875}
{"deviceid":"b81e905908354542","eventtype":"accelerometer","timestamp":1456248358067,"userid":"vincent.planat@hpe.com","trainingMode":"WALKING_UP","x":-0.37085,"y":0.467285,"z":-0.273682}
{"deviceid":"b81e905908354542","eventtype":"accelerometer","timestamp":1456248358360,"userid":"vincent.planat@hpe.com","trainingMode":"WALKING_UP","x":-0.816895,"y":0.798828,"z":-0.385742}
{"deviceid":"b81e905908354542","eventtype":"accelerometer","timestamp":1456248357877,"userid":"vincent.planat@hpe.com","trainingMode":"WALKING_UP","x":-0.380859,"y":0.197266,"z":-0.139893}
{"deviceid":"b81e905908354542","eventtype":"accelerometer","timestamp":1456248358341,"userid":"vincent.planat@hpe.com","trainingMode":"WALKING_UP","x":-0.816895,"y":0.798828,"z":-0.385742}
{"deviceid":"b81e905908354542","eventtype":"accelerometer","timestamp":1456248368664,"userid":"vincent.planat@hpe.com","trainingMode":"WALKING_UP","x":-0.059814,"y":-0.2771,"z":0.949463}
{"deviceid":"b81e905908354542","eventtype":"accelerometer","timestamp":1456248348723,"userid":"vincent.planat@hpe.com","trainingMode":"WALKING_UP","x":-0.496094,"y":0.286865,"z":0.145996}
{"deviceid":"b81e905908354542","eventtype":"accelerometer","timestamp":1456248354176,"userid":"vincent.planat@hpe.com","trainingMode":"WALKING_UP","x":-1.303223,"y":0.382812,"z":0.088379}
{"deviceid":"b81e905908354542","eventtype":"accelerometer","timestamp":1456248349656,"userid":"vincent.planat@hpe.com","trainingMode":"WALKING_UP","x":-0.657471,"y":0.290283,"z":0.068848}
{"deviceid":"b81e905908354542","eventtype":"accelerometer","timestamp":1456248352113,"userid":"vincent.planat@hpe.com","trainingMode":"WALKING_UP","x":-0.488525,"y":0.353271,"z":0.184326}
{"deviceid":"b81e905908354542","eventtype":"accelerometer","timestamp":1456248343291,"userid":"vincent.planat@hpe.com","trainingMode":"WALKING_UP","x":-0.468994,"y":0.25708,"z":0.172852}
{"deviceid":"b81e905908354542","eventtype":"accelerometer","timestamp":1456248366994,"userid":"vincent.planat@hpe.com","trainingMode":"WALKING_UP","x":-0.104736,"y":-0.142822,"z":1.000244}
{"deviceid":"b81e905908354542","eventtype":"accelerometer","timestamp":1456248353062,"userid":"vincent.planat@hpe.com","trainingMode":"WALKING_UP","x":-0.860596,"y":0.173584,"z":0.009766}
{"deviceid":"b81e905908354542","eventtype":"accelerometer","timestamp":1456248351039,"userid":"vincent.planat@hpe.com","trainingMode":"WALKING_UP","x":-1.062256,"y":0.398438,"z":0.393799}
{"deviceid":"b81e905908354542","eventtype":"accelerometer","timestamp":1456248351136,"userid":"vincent.planat@hpe.com","trainingMode":"WALKING_UP","x":-1.796875,"y":0.37085,"z":0.287842}
{"deviceid":"b81e905908354542","eventtype":"accelerometer","timestamp":1456248354877,"userid":"vincent.planat@hpe.com","trainingMode":"WALKING_UP","x":-1.001465,"y":0.412109,"z":0.221924}
{"deviceid":"b81e905908354542","eventtype":"accelerometer","timestamp":1456248360331,"userid":"vincent.planat@hpe.com","trainingMode":"WALKING_UP","x":-0.225098,"y":0.316895,"z":1.113281}
{"deviceid":"b81e905908354542","eventtype":"accelerometer","timestamp":1456248355314,"userid":"vincent.planat@hpe.com","trainingMode":"WALKING_UP","x":-0.727539,"y":0.44873,"z":0.173828}
{"deviceid":"b81e905908354542","eventtype":"accelerometer","timestamp":1456248349953,"userid":"vincent.planat@hpe.com","trainingMode":"WALKING_UP","x":-1.582764,"y":0.395996,"z":0.391113}
{"deviceid":"b81e905908354542","eventtype":"accelerometer","timestamp":1456248346547,"userid":"vincent.planat@hpe.com","trainingMode":"WALKING_UP","x":-0.70459,"y":0.230957,"z":0.094971}
{"deviceid":"b81e905908354542","eventtype":"accelerometer","timestamp":1456248337284,"userid":"vincent.planat@hpe.com","trainingMode":"WALKING_UP","x":-0.170898,"y":0.479004,"z":0.218994}
{"deviceid":"b81e905908354542","eventtype":"accelerometer","timestamp":1456248349637,"userid":"vincent.planat@hpe.com","trainingMode":"WALKING_UP","x":-0.657471,"y":0.290283,"z":0.068848}
{"deviceid":"b81e905908354542","eventtype":"accelerometer","timestamp":1456248350562,"userid":"vincent.planat@hpe.com","trainingMode":"WALKING_UP","x":-1.071777,"y":0.827881,"z":0.34082}
{"deviceid":"b81e905908354542","eventtype":"accelerometer","timestamp":1456248363823,"userid":"vincent.planat@hpe.com","trainingMode":"WALKING_UP","x":-0.232422,"y":-0.17749,"z":0.8125}
{"deviceid":"b81e905908354542","eventtype":"accelerometer","timestamp":1456248352802,"userid":"vincent.planat@hpe.com","trainingMode":"WALKING_UP","x":-1.460693,"y":0.75415,"z":0.179932}
{"deviceid":"b81e905908354542","eventtype":"accelerometer","timestamp":1456248345463,"userid":"vincent.planat@hpe.com","trainingMode":"WALKING_UP","x":-0.325195,"y":0.422607,"z":0.133301}
{"deviceid":"b81e905908354542","eventtype":"accelerometer","timestamp":1456248364457,"userid":"vincent.planat@hpe.com","trainingMode":"WALKING_UP","x":-0.245361,"y":-0.412598,"z":0.832031}
{"deviceid":"b81e905908354542","eventtype":"accelerometer","timestamp":1456248345628,"userid":"vincent.planat@hpe.com","trainingMode":"WALKING_UP","x":-1.82373,"y":0.328857,"z":0.375244}
{"deviceid":"b81e905908354542","eventtype":"accelerometer","timestamp":1456248337655,"userid":"vincent.planat@hpe.com","trainingMode":"WALKING_UP","x":-0.661133,"y":0.42749,"z":0.054199}
{"deviceid":"b81e905908354542","eventtype":"accelerometer","timestamp":1456248343208,"userid":"vincent.planat@hpe.com","trainingMode":"WALKING_UP","x":-0.702637,"y":0.043457,"z":0.108887}
{"deviceid":"b81e905908354542","eventtype":"accelerometer","timestamp":1456248344545,"userid":"vincent.planat@hpe.com","trainingMode":"WALKING_UP","x":-0.486572,"y":0.354004,"z":0.226807}
{"deviceid":"b81e905908354542","eventtype":"accelerometer","timestamp":1456248358614,"userid":"vincent.planat@hpe.com","trainingMode":"WALKING_UP","x":-0.204834,"y":0.49292,"z":-0.227295}
{"deviceid":"b81e905908354542","eventtype":"accelerometer","timestamp":1456248349756,"userid":"vincent.planat@hpe.com","trainingMode":"WALKING_UP","x":-0.325439,"y":0.325928,"z":0.074219}
{"deviceid":"b81e905908354542","eventtype":"accelerometer","timestamp":1456248362637,"userid":"vincent.planat@hpe.com","trainingMode":"WALKING_UP","x":-0.156494,"y":0.002686,"z":0.991699}
{"deviceid":"b81e905908354542","eventtype":"accelerometer","timestamp":1456248368153,"userid":"vincent.planat@hpe.com","trainingMode":"WALKING_UP","x":-0.029785,"y":-0.261719,"z":0.973389}
{"deviceid":"b81e905908354542","eventtype":"accelerometer","timestamp":1456248355623,"userid":"vincent.planat@hpe.com","trainingMode":"WALKING_UP","x":-0.725586,"y":0.1875,"z":0.140869}
{"deviceid":"b81e905908354542","eventtype":"accelerometer","timestamp":1456248367673,"userid":"vincent.planat@hpe.com","trainingMode":"WALKING_UP","x":0.086426,"y":-0.184326,"z":0.832275}
{"deviceid":"b81e905908354542","eventtype":"accelerometer","timestamp":1456248360677,"userid":"vincent.planat@hpe.com","trainingMode":"WALKING_UP","x":0.112549,"y":0.460449,"z":0.611084}
{"deviceid":"b81e905908354542","eventtype":"accelerometer","timestamp":1456248363328,"userid":"vincent.planat@hpe.com","trainingMode":"WALKING_UP","x":-0.19458,"y":-0.605713,"z":0.927002}
{"deviceid":"b81e905908354542","eventtype":"accelerometer","timestamp":1456248362502,"userid":"vincent.planat@hpe.com","trainingMode":"WALKING_UP","x":-0.029541,"y":-0.131592,"z":0.988525}
{"deviceid":"b81e905908354542","eventtype":"accelerometer","timestamp":1456248338593,"userid":"vincent.planat@hpe.com","trainingMode":"WALKING_UP","x":-0.896973,"y":0.408203,"z":0.113281}
{"deviceid":"b81e905908354542","eventtype":"accelerometer","timestamp":1456248352397,"userid":"vincent.planat@hpe.com","trainingMode":"WALKING_UP","x":-1.098633,"y":0.306885,"z":0.145752}
{"deviceid":"b81e905908354542","eventtype":"accelerometer","timestamp":1456248339050,"userid":"vincent.planat@hpe.com","trainingMode":"WALKING_UP","x":-0.827881,"y":0.347412,"z":0.044922}
{"deviceid":"b81e905908354542","eventtype":"accelerometer","timestamp":1456248349186,"userid":"vincent.planat@hpe.com","trainingMode":"WALKING_UP","x":-0.671387,"y":0.33252,"z":0.171387}
{"deviceid":"b81e905908354542","eventtype":"accelerometer","timestamp":1456248344840,"userid":"vincent.planat@hpe.com","trainingMode":"WALKING_UP","x":-1.024414,"y":0.274658,"z":0.123047}
{"deviceid":"b81e905908354542","eventtype":"accelerometer","timestamp":1456248337076,"userid":"vincent.planat@hpe.com","trainingMode":"WALKING_UP","x":-0.252686,"y":0.86377,"z":0.077148}
{"deviceid":"b81e905908354542","eventtype":"accelerometer","timestamp":1456248356672,"userid":"vincent.planat@hpe.com","trainingMode":"WALKING_UP","x":-1.310303,"y":1.029785,"z":-0.179932}
{"deviceid":"b81e905908354542","eventtype":"accelerometer","timestamp":1456248356678,"userid":"vincent.planat@hpe.com","trainingMode":"WALKING_UP","x":-1.310303,"y":1.029785,"z":-0.179932}
{"deviceid":"b81e905908354542","eventtype":"accelerometer","timestamp":1456248337464,"userid":"vincent.planat@hpe.com","trainingMode":"WALKING_UP","x":-0.944336,"y":1.324219,"z":0.646729}
{"deviceid":"b81e905908354542","eventtype":"accelerometer","timestamp":1456248358444,"userid":"vincent.planat@hpe.com","trainingMode":"WALKING_UP","x":-0.614258,"y":0.466553,"z":-0.202148}
{"deviceid":"b81e905908354542","eventtype":"accelerometer","timestamp":1456248368024,"userid":"vincent.planat@hpe.com","trainingMode":"WALKING_UP","x":0.026123,"y":-0.260986,"z":0.96167}
{"deviceid":"b81e905908354542","eventtype":"accelerometer","timestamp":1456248365410,"userid":"vincent.planat@hpe.com","trainingMode":"WALKING_UP","x":-0.18042,"y":-0.368408,"z":1.003906}
{"deviceid":"b81e905908354542","eventtype":"accelerometer","timestamp":1456248360820,"userid":"vincent.planat@hpe.com","trainingMode":"WALKING_UP","x":-0.022705,"y":1.152832,"z":0.259766}
{"deviceid":"b81e905908354542","eventtype":"accelerometer","timestamp":1456248343823,"userid":"vincent.planat@hpe.com","trainingMode":"WALKING_UP","x":-1.055664,"y":0.229004,"z":0.10498}
{"deviceid":"b81e905908354542","eventtype":"accelerometer","timestamp":1456248340435,"userid":"vincent.planat@hpe.com","trainingMode":"WALKING_UP","x":-1.523193,"y":0.387939,"z":0.404053}
{"deviceid":"b81e905908354542","eventtype":"accelerometer","timestamp":1456248366411,"userid":"vincent.planat@hpe.com","trainingMode":"WALKING_UP","x":-0.305664,"y":-0.300537,"z":0.848145}
{"deviceid":"b81e905908354542","eventtype":"accelerometer","timestamp":1456248355775,"userid":"vincent.planat@hpe.com","trainingMode":"WALKING_UP","x":-0.398193,"y":0.27002,"z":0.105469}
{"deviceid":"b81e905908354542","eventtype":"accelerometer","timestamp":1456248345449,"userid":"vincent.planat@hpe.com","trainingMode":"WALKING_UP","x":-0.325195,"y":0.422607,"z":0.133301}
{"deviceid":"b81e905908354542","eventtype":"accelerometer","timestamp":1456248361593,"userid":"vincent.planat@hpe.com","trainingMode":"WALKING_UP","x":-1.123291,"y":0.796631,"z":0.557129}
{"deviceid":"b81e905908354542","eventtype":"accelerometer","timestamp":1456248359378,"userid":"vincent.planat@hpe.com","trainingMode":"WALKING_UP","x":-0.022461,"y":2.165039,"z":-0.708496}
{"deviceid":"b81e905908354542","eventtype":"accelerometer","timestamp":1456248357510,"userid":"vincent.planat@hpe.com","trainingMode":"WALKING_UP","x":-0.872803,"y":0.808594,"z":-0.03833}
{"deviceid":"b81e905908354542","eventtype":"accelerometer","timestamp":1456248351279,"userid":"vincent.planat@hpe.com","trainingMode":"WALKING_UP","x":-0.863037,"y":0.272949,"z":0.07666}
{"deviceid":"b81e905908354542","eventtype":"accelerometer","timestamp":1456248362035,"userid":"vincent.planat@hpe.com","trainingMode":"WALKING_UP","x":-0.14502,"y":-0.017578,"z":1.045898}
{"deviceid":"b81e905908354542","eventtype":"accelerometer","timestamp":1456248368407,"userid":"vincent.planat@hpe.com","trainingMode":"WALKING_UP","x":-0.052002,"y":-0.252441,"z":0.963867}
{"deviceid":"b81e905908354542","eventtype":"accelerometer","timestamp":1456248367823,"userid":"vincent.planat@hpe.com","trainingMode":"WALKING_UP","x":-0.063721,"y":-0.249268,"z":0.996826}
{"deviceid":"b81e905908354542","eventtype":"accelerometer","timestamp":1456248368522,"userid":"vincent.planat@hpe.com","trainingMode":"WALKING_UP","x":-0.090576,"y":-0.163574,"z":0.974609}
{"deviceid":"b81e905908354542","eventtype":"accelerometer","timestamp":1456248355419,"userid":"vincent.planat@hpe.com","trainingMode":"WALKING_UP","x":-1.739746,"y":1.209229,"z":0.251221}
{"deviceid":"b81e905908354542","eventtype":"accelerometer","timestamp":1456248342503,"userid":"vincent.planat@hpe.com","trainingMode":"WALKING_UP","x":-1.145752,"y":0.318359,"z":0.186279}
{"deviceid":"b81e905908354542","eventtype":"accelerometer","timestamp":1456248347462,"userid":"vincent.planat@hpe.com","trainingMode":"WALKING_UP","x":-0.741455,"y":0.392578,"z":0.208496}
{"deviceid":"b81e905908354542","eventtype":"accelerometer","timestamp":1456248362150,"userid":"vincent.planat@hpe.com","trainingMode":"WALKING_UP","x":0.180908,"y":0.409912,"z":0.881592}
{"deviceid":"b81e905908354542","eventtype":"accelerometer","timestamp":1456248363126,"userid":"vincent.planat@hpe.com","trainingMode":"WALKING_UP","x":0.064209,"y":-0.275146,"z":1.069092}
{"deviceid":"b81e905908354542","eventtype":"accelerometer","timestamp":1456248357141,"userid":"vincent.planat@hpe.com","trainingMode":"WALKING_UP","x":-0.445068,"y":0.455566,"z":0.06958}
{"deviceid":"b81e905908354542","eventtype":"accelerometer","timestamp":1456248366651,"userid":"vincent.planat@hpe.com","trainingMode":"WALKING_UP","x":-0.297852,"y":-0.324951,"z":0.855957}
{"deviceid":"b81e905908354542","eventtype":"accelerometer","timestamp":1456248367478,"userid":"vincent.planat@hpe.com","trainingMode":"WALKING_UP","x":-0.166504,"y":-0.184814,"z":1.022705}
{"deviceid":"b81e905908354542","eventtype":"accelerometer","timestamp":1456248344355,"userid":"vincent.planat@hpe.com","trainingMode":"WALKING_UP","x":-0.69165,"y":0.297363,"z":0.108887}
{"deviceid":"b81e905908354542","eventtype":"accelerometer","timestamp":1456248346292,"userid":"vincent.planat@hpe.com","trainingMode":"WALKING_UP","x":-1.769531,"y":0.579346,"z":0.218018}
{"deviceid":"b81e905908354542","eventtype":"accelerometer","timestamp":1456248357713,"userid":"vincent.planat@hpe.com","trainingMode":"WALKING_UP","x":-0.9375,"y":0.532959,"z":-0.41333}
{"deviceid":"b81e905908354542","eventtype":"accelerometer","timestamp":1456248360544,"userid":"vincent.planat@hpe.com","trainingMode":"WALKING_UP","x":0.020264,"y":0.100342,"z":0.915039}
{"deviceid":"b81e905908354542","eventtype":"accelerometer","timestamp":1456248352633,"userid":"vincent.planat@hpe.com","trainingMode":"WALKING_UP","x":-0.446289,"y":0.168213,"z":0.017578}
{"deviceid":"b81e905908354542","eventtype":"accelerometer","timestamp":1456248349286,"userid":"vincent.planat@hpe.com","trainingMode":"WALKING_UP","x":-0.714355,"y":0.393555,"z":0.181885}
{"deviceid":"b81e905908354542","eventtype":"accelerometer","timestamp":1456248337442,"userid":"vincent.planat@hpe.com","trainingMode":"WALKING_UP","x":-0.944336,"y":1.324219,"z":0.646729}
{"deviceid":"b81e905908354542","eventtype":"accelerometer","timestamp":1456248349477,"userid":"vincent.planat@hpe.com","trainingMode":"WALKING_UP","x":-1.250488,"y":0.144531,"z":0.006592}
{"deviceid":"b81e905908354542","eventtype":"accelerometer","timestamp":1456248363544,"userid":"vincent.planat@hpe.com","trainingMode":"WALKING_UP","x":-0.209229,"y":0.00708,"z":1.108398}
{"deviceid":"b81e905908354542","eventtype":"accelerometer","timestamp":1456248337754,"userid":"vincent.planat@hpe.com","trainingMode":"WALKING_UP","x":-0.406494,"y":0.495361,"z":0.032227}
{"deviceid":"b81e905908354542","eventtype":"accelerometer","timestamp":1456248366753,"userid":"vincent.planat@hpe.com","trainingMode":"WALKING_UP","x":-0.293945,"y":-0.340332,"z":0.885742}
{"deviceid":"b81e905908354542","eventtype":"accelerometer","timestamp":1456248348756,"userid":"vincent.planat@hpe.com","trainingMode":"WALKING_UP","x":-0.496094,"y":0.286865,"z":0.145996}
{"deviceid":"b81e905908354542","eventtype":"accelerometer","timestamp":1456248337598,"userid":"vincent.planat@hpe.com","trainingMode":"WALKING_UP","x":-0.954834,"y":0.62085,"z":0.067139}
{"deviceid":"b81e905908354542","eventtype":"accelerometer","timestamp":1456248350403,"userid":"vincent.planat@hpe.com","trainingMode":"WALKING_UP","x":-0.43457,"y":0.214844,"z":0.070801}
{"deviceid":"b81e905908354542","eventtype":"accelerometer","timestamp":1456248340224,"userid":"vincent.planat@hpe.com","trainingMode":"WALKING_UP","x":-0.378662,"y":0.421143,"z":0.068848}
{"deviceid":"b81e905908354542","eventtype":"accelerometer","timestamp":1456248343303,"userid":"vincent.planat@hpe.com","trainingMode":"WALKING_UP","x":-0.468994,"y":0.25708,"z":0.172852}
{"deviceid":"b81e905908354542","eventtype":"accelerometer","timestamp":1456248340835,"userid":"vincent.planat@hpe.com","trainingMode":"WALKING_UP","x":-0.482178,"y":0.385986,"z":0.078369}
{"deviceid":"b81e905908354542","eventtype":"accelerometer","timestamp":1456248359302,"userid":"vincent.planat@hpe.com","trainingMode":"WALKING_UP","x":-0.092041,"y":0.395264,"z":-0.149414}
{"deviceid":"b81e905908354542","eventtype":"accelerometer","timestamp":1456248362368,"userid":"vincent.planat@hpe.com","trainingMode":"WALKING_UP","x":0.039062,"y":-0.198486,"z":0.949707}
{"deviceid":"b81e905908354542","eventtype":"accelerometer","timestamp":1456248354751,"userid":"vincent.planat@hpe.com","trainingMode":"WALKING_UP","x":-0.681396,"y":0.400635,"z":0.183838}
{"deviceid":"b81e905908354542","eventtype":"accelerometer","timestamp":1456248365446,"userid":"vincent.planat@hpe.com","trainingMode":"WALKING_UP","x":-0.18042,"y":-0.368408,"z":1.003906}
{"deviceid":"b81e905908354542","eventtype":"accelerometer","timestamp":1456248363341,"userid":"vincent.planat@hpe.com","trainingMode":"WALKING_UP","x":-0.19458,"y":-0.605713,"z":0.927002}
{"deviceid":"b81e905908354542","eventtype":"accelerometer","timestamp":1456248357218,"userid":"vincent.planat@hpe.com","trainingMode":"WALKING_UP","x":-0.239014,"y":0.36792,"z":-0.03418}
{"deviceid":"b81e905908354542","eventtype":"accelerometer","timestamp":1456248340112,"userid":"vincent.planat@hpe.com","trainingMode":"WALKING_UP","x":-0.687744,"y":0.402832,"z":0.012939}
{"deviceid":"b81e905908354542","eventtype":"accelerometer","timestamp":1456248364237,"userid":"vincent.planat@hpe.com","trainingMode":"WALKING_UP","x":-0.293701,"y":-0.282959,"z":0.90625}
{"deviceid":"b81e905908354542","eventtype":"accelerometer","timestamp":1456248351668,"userid":"vincent.planat@hpe.com","trainingMode":"WALKING_UP","x":-2.042725,"y":0.749268,"z":0.246094}
{"deviceid":"b81e905908354542","eventtype":"accelerometer","timestamp":1456248336968,"userid":"vincent.planat@hpe.com","trainingMode":"WALKING_UP","x":-0.223389,"y":1.227051,"z":-0.054688}
{"deviceid":"b81e905908354542","eventtype":"accelerometer","timestamp":1456248336983,"userid":"vincent.planat@hpe.com","trainingMode":"WALKING_UP","x":-0.223389,"y":1.227051,"z":-0.054688}
{"deviceid":"b81e905908354542","eventtype":"accelerometer","timestamp":1456248367076,"userid":"vincent.planat@hpe.com","trainingMode":"WALKING_UP","x":-0.051025,"y":-0.250977,"z":0.895752}
{"deviceid":"b81e905908354542","eventtype":"accelerometer","timestamp":1456248356186,"userid":"vincent.planat@hpe.com","trainingMode":"WALKING_UP","x":-1.05835,"y":0.583984,"z":0.218018}
{"deviceid":"b81e905908354542","eventtype":"accelerometer","timestamp":1456248358543,"userid":"vincent.planat@hpe.com","trainingMode":"WALKING_UP","x":-0.132568,"y":0.467285,"z":-0.259521}
{"deviceid":"b81e905908354542","eventtype":"accelerometer","timestamp":1456248337919,"userid":"vincent.planat@hpe.com","trainingMode":"WALKING_UP","x":-1.031738,"y":0.854004,"z":-0.155029}
{"deviceid":"b81e905908354542","eventtype":"accelerometer","timestamp":1456248366633,"userid":"vincent.planat@hpe.com","trainingMode":"WALKING_UP","x":-0.297852,"y":-0.324951,"z":0.855957}
{"deviceid":"b81e905908354542","eventtype":"accelerometer","timestamp":1456248338195,"userid":"vincent.planat@hpe.com","trainingMode":"WALKING_UP","x":-0.886963,"y":0.441162,"z":-0.357422}
{"deviceid":"b81e905908354542","eventtype":"accelerometer","timestamp":1456248345629,"userid":"vincent.planat@hpe.com","trainingMode":"WALKING_UP","x":-1.82373,"y":0.328857,"z":0.375244}
{"deviceid":"b81e905908354542","eventtype":"accelerometer","timestamp":1456248368138,"userid":"vincent.planat@hpe.com","trainingMode":"WALKING_UP","x":-0.029785,"y":-0.261719,"z":0.973389}
{"deviceid":"b81e905908354542","eventtype":"accelerometer","timestamp":1456248348874,"userid":"vincent.planat@hpe.com","trainingMode":"WALKING_UP","x":-0.880371,"y":0.432617,"z":0.275635}
{"deviceid":"b81e905908354542","eventtype":"accelerometer","timestamp":1456248368601,"userid":"vincent.planat@hpe.com","trainingMode":"WALKING_UP","x":-0.076904,"y":-0.282959,"z":0.991455}
{"deviceid":"b81e905908354542","eventtype":"accelerometer","timestamp":1456248345536,"userid":"vincent.planat@hpe.com","trainingMode":"WALKING_UP","x":-0.553711,"y":0.401855,"z":0.271484}
{"deviceid":"b81e905908354542","eventtype":"accelerometer","timestamp":1456248366738,"userid":"vincent.planat@hpe.com","trainingMode":"WALKING_UP","x":-0.293945,"y":-0.340332,"z":0.885742}
{"deviceid":"b81e905908354542","eventtype":"accelerometer","timestamp":1456248346948,"userid":"vincent.planat@hpe.com","trainingMode":"WALKING_UP","x":-0.693115,"y":0.229248,"z":0.305908}
{"deviceid":"b81e905908354542","eventtype":"accelerometer","timestamp":1456248345182,"userid":"vincent.planat@hpe.com","trainingMode":"WALKING_UP","x":-1.816162,"y":0.665283,"z":0.208008}
{"deviceid":"b81e905908354542","eventtype":"accelerometer","timestamp":1456248346055,"userid":"vincent.planat@hpe.com","trainingMode":"WALKING_UP","x":-0.51001,"y":0.321533,"z":0.046143}
{"deviceid":"b81e905908354542","eventtype":"accelerometer","timestamp":1456248361130,"userid":"vincent.planat@hpe.com","trainingMode":"WALKING_UP","x":-0.319824,"y":0.994141,"z":0.49585}
{"deviceid":"b81e905908354542","eventtype":"accelerometer","timestamp":1456248355433,"userid":"vincent.planat@hpe.com","trainingMode":"WALKING_UP","x":-1.739746,"y":1.209229,"z":0.251221}
{"deviceid":"b81e905908354542","eventtype":"accelerometer","timestamp":1456248358725,"userid":"vincent.planat@hpe.com","trainingMode":"WALKING_UP","x":-0.987061,"y":1.264893,"z":-0.718506}
{"deviceid":"b81e905908354542","eventtype":"accelerometer","timestamp":1456248362019,"userid":"vincent.planat@hpe.com","trainingMode":"WALKING_UP","x":-0.14502,"y":-0.017578,"z":1.045898}
{"deviceid":"b81e905908354542","eventtype":"accelerometer","timestamp":1456248355495,"userid":"vincent.planat@hpe.com","trainingMode":"WALKING_UP","x":-1.106689,"y":0.234863,"z":0.184814}
{"deviceid":"b81e905908354542","eventtype":"accelerometer","timestamp":1456248366921,"userid":"vincent.planat@hpe.com","trainingMode":"WALKING_UP","x":-0.137451,"y":0.014893,"z":1.094727}
{"deviceid":"b81e905908354542","eventtype":"accelerometer","timestamp":1456248344368,"userid":"vincent.planat@hpe.com","trainingMode":"WALKING_UP","x":-0.69165,"y":0.297363,"z":0.108887}
{"deviceid":"b81e905908354542","eventtype":"accelerometer","timestamp":1456248355270,"userid":"vincent.planat@hpe.com","trainingMode":"WALKING_UP","x":-0.537842,"y":0.270996,"z":0.194336}
{"deviceid":"b81e905908354542","eventtype":"accelerometer","timestamp":1456248361323,"userid":"vincent.planat@hpe.com","trainingMode":"WALKING_UP","x":-0.533203,"y":0.750732,"z":0.340576}
{"deviceid":"b81e905908354542","eventtype":"accelerometer","timestamp":1456248359644,"userid":"vincent.planat@hpe.com","trainingMode":"WALKING_UP","x":-0.603271,"y":0.285156,"z":0.682373}
{"deviceid":"b81e905908354542","eventtype":"accelerometer","timestamp":1456248354885,"userid":"vincent.planat@hpe.com","trainingMode":"WALKING_UP","x":-1.001465,"y":0.412109,"z":0.221924}
{"deviceid":"b81e905908354542","eventtype":"accelerometer","timestamp":1456248337817,"userid":"vincent.planat@hpe.com","trainingMode":"WALKING_UP","x":-0.939209,"y":0.776611,"z":0.043701}
{"deviceid":"b81e905908354542","eventtype":"accelerometer","timestamp":1456248366800,"userid":"vincent.planat@hpe.com","trainingMode":"WALKING_UP","x":-0.234619,"y":-0.275146,"z":1.044922}
{"deviceid":"b81e905908354542","eventtype":"accelerometer","timestamp":1456248351113,"userid":"vincent.planat@hpe.com","trainingMode":"WALKING_UP","x":-1.796875,"y":0.37085,"z":0.287842}
{"deviceid":"b81e905908354542","eventtype":"accelerometer","timestamp":1456248347094,"userid":"vincent.planat@hpe.com","trainingMode":"WALKING_UP","x":-1.496826,"y":0.414062,"z":0.216797}
{"deviceid":"b81e905908354542","eventtype":"accelerometer","timestamp":1456248366821,"userid":"vincent.planat@hpe.com","trainingMode":"WALKING_UP","x":-0.234619,"y":-0.275146,"z":1.044922}
{"deviceid":"b81e905908354542","eventtype":"accelerometer","timestamp":1456248337770,"userid":"vincent.planat@hpe.com","trainingMode":"WALKING_UP","x":-0.406494,"y":0.495361,"z":0.032227}
{"deviceid":"b81e905908354542","eventtype":"accelerometer","timestamp":1456248352513,"userid":"vincent.planat@hpe.com","trainingMode":"WALKING_UP","x":-0.57959,"y":0.304443,"z":0.036621}
{"deviceid":"b81e905908354542","eventtype":"accelerometer","timestamp":1456248366126,"userid":"vincent.planat@hpe.com","trainingMode":"WALKING_UP","x":-0.173096,"y":-0.290527,"z":0.890625}
{"deviceid":"b81e905908354542","eventtype":"accelerometer","timestamp":1456248337933,"userid":"vincent.planat@hpe.com","trainingMode":"WALKING_UP","x":-1.031738,"y":0.854004,"z":-0.155029}
{"deviceid":"b81e905908354542","eventtype":"accelerometer","timestamp":1456248364222,"userid":"vincent.planat@hpe.com","trainingMode":"WALKING_UP","x":-0.293701,"y":-0.282959,"z":0.90625}
{"deviceid":"b81e905908354542","eventtype":"accelerometer","timestamp":1456248351265,"userid":"vincent.planat@hpe.com","trainingMode":"WALKING_UP","x":-0.863037,"y":0.272949,"z":0.07666}
{"deviceid":"b81e905908354542","eventtype":"accelerometer","timestamp":1456248340563,"userid":"vincent.planat@hpe.com","trainingMode":"WALKING_UP","x":-1.155029,"y":0.256104,"z":0.272949}
{"deviceid":"b81e905908354542","eventtype":"accelerometer","timestamp":1456248342921,"userid":"vincent.planat@hpe.com","trainingMode":"WALKING_UP","x":-0.665771,"y":0.330566,"z":0.163818}
{"deviceid":"b81e905908354542","eventtype":"accelerometer","timestamp":1456248366425,"userid":"vincent.planat@hpe.com","trainingMode":"WALKING_UP","x":-0.305664,"y":-0.300537,"z":0.848145}
{"deviceid":"b81e905908354542","eventtype":"accelerometer","timestamp":1456248350578,"userid":"vincent.planat@hpe.com","trainingMode":"WALKING_UP","x":-1.071777,"y":0.827881,"z":0.34082}
{"deviceid":"b81e905908354542","eventtype":"accelerometer","timestamp":1456248345197,"userid":"vincent.planat@hpe.com","trainingMode":"WALKING_UP","x":-1.816162,"y":0.665283,"z":0.208008}
{"deviceid":"b81e905908354542","eventtype":"accelerometer","timestamp":1456248352232,"userid":"vincent.planat@hpe.com","trainingMode":"WALKING_UP","x":-1.703369,"y":0.393799,"z":0.365479}
{"deviceid":"b81e905908354542","eventtype":"accelerometer","timestamp":1456248340091,"userid":"vincent.planat@hpe.com","trainingMode":"WALKING_UP","x":-0.687744,"y":0.402832,"z":0.012939}
{"deviceid":"b81e905908354542","eventtype":"accelerometer","timestamp":1456248348990,"userid":"vincent.planat@hpe.com","trainingMode":"WALKING_UP","x":-1.111084,"y":0.811768,"z":0.412354}
{"deviceid":"b81e905908354542","eventtype":"accelerometer","timestamp":1456248357156,"userid":"vincent.planat@hpe.com","trainingMode":"WALKING_UP","x":-0.445068,"y":0.455566,"z":0.06958}
{"deviceid":"b81e905908354542","eventtype":"accelerometer","timestamp":1456248344716,"userid":"vincent.planat@hpe.com","trainingMode":"WALKING_UP","x":-0.981934,"y":0.477295,"z":0.378906}
{"deviceid":"b81e905908354542","eventtype":"accelerometer","timestamp":1456248353961,"userid":"vincent.planat@hpe.com","trainingMode":"WALKING_UP","x":-0.609131,"y":0.407227,"z":0.136719}
{"deviceid":"b81e905908354542","eventtype":"accelerometer","timestamp":1456248352288,"userid":"vincent.planat@hpe.com","trainingMode":"WALKING_UP","x":-0.949219,"y":0.561279,"z":0.519775}
{"deviceid":"b81e905908354542","eventtype":"accelerometer","timestamp":1456248367734,"userid":"vincent.planat@hpe.com","trainingMode":"WALKING_UP","x":-0.086914,"y":-0.334961,"z":0.995361}
{"deviceid":"b81e905908354542","eventtype":"accelerometer","timestamp":1456248362386,"userid":"vincent.planat@hpe.com","trainingMode":"WALKING_UP","x":0.039062,"y":-0.198486,"z":0.949707}
{"deviceid":"b81e905908354542","eventtype":"accelerometer","timestamp":1456248349092,"userid":"vincent.planat@hpe.com","trainingMode":"WALKING_UP","x":-1.230957,"y":0.126953,"z":0.290283}
{"deviceid":"b81e905908354542","eventtype":"accelerometer","timestamp":1456248342756,"userid":"vincent.planat@hpe.com","trainingMode":"WALKING_UP","x":-1.03833,"y":0.345459,"z":0.086914}
{"deviceid":"b81e905908354542","eventtype":"accelerometer","timestamp":1456248362246,"userid":"vincent.planat@hpe.com","trainingMode":"WALKING_UP","x":0.061035,"y":-0.208008,"z":0.994629}
{"deviceid":"b81e905908354542","eventtype":"accelerometer","timestamp":1456248355111,"userid":"vincent.planat@hpe.com","trainingMode":"WALKING_UP","x":-1.176025,"y":0.19165,"z":0.375}
{"deviceid":"b81e905908354542","eventtype":"accelerometer","timestamp":1456248354967,"userid":"vincent.planat@hpe.com","trainingMode":"WALKING_UP","x":-1.056641,"y":0.773926,"z":0.361816}
{"deviceid":"b81e905908354542","eventtype":"accelerometer","timestamp":1456248340239,"userid":"vincent.planat@hpe.com","trainingMode":"WALKING_UP","x":-0.378662,"y":0.421143,"z":0.068848}
{"deviceid":"b81e905908354542","eventtype":"accelerometer","timestamp":1456248345360,"userid":"vincent.planat@hpe.com","trainingMode":"WALKING_UP","x":-0.679443,"y":0.318359,"z":0.13501}
{"deviceid":"b81e905908354542","eventtype":"accelerometer","timestamp":1456248357538,"userid":"vincent.planat@hpe.com","trainingMode":"WALKING_UP","x":-0.872803,"y":0.808594,"z":-0.03833}
{"deviceid":"b81e905908354542","eventtype":"accelerometer","timestamp":1456248359269,"userid":"vincent.planat@hpe.com","trainingMode":"WALKING_UP","x":-0.092041,"y":0.395264,"z":-0.149414}
{"deviceid":"b81e905908354542","eventtype":"accelerometer","timestamp":1456248363997,"userid":"vincent.planat@hpe.com","trainingMode":"WALKING_UP","x":-0.241455,"y":-0.22583,"z":0.968262}
{"deviceid":"b81e905908354542","eventtype":"accelerometer","timestamp":1456248350765,"userid":"vincent.planat@hpe.com","trainingMode":"WALKING_UP","x":-0.942383,"y":0.356201,"z":0.015625}
{"deviceid":"b81e905908354542","eventtype":"accelerometer","timestamp":1456248342292,"userid":"vincent.planat@hpe.com","trainingMode":"WALKING_UP","x":-0.497803,"y":0.297607,"z":0.150391}
{"deviceid":"b81e905908354542","eventtype":"accelerometer","timestamp":1456248354443,"userid":"vincent.planat@hpe.com","trainingMode":"WALKING_UP","x":-0.498779,"y":0.270264,"z":0.163818}
{"deviceid":"b81e905908354542","eventtype":"accelerometer","timestamp":1456248361733,"userid":"vincent.planat@hpe.com","trainingMode":"WALKING_UP","x":-0.332031,"y":0.804443,"z":1.199707}
{"deviceid":"b81e905908354542","eventtype":"accelerometer","timestamp":1456248346159,"userid":"vincent.planat@hpe.com","trainingMode":"WALKING_UP","x":-0.442871,"y":0.205566,"z":0.0979}
{"deviceid":"b81e905908354542","eventtype":"accelerometer","timestamp":1456248346667,"userid":"vincent.planat@hpe.com","trainingMode":"WALKING_UP","x":-0.553223,"y":0.346191,"z":0.206543}
{"deviceid":"b81e905908354542","eventtype":"accelerometer","timestamp":1456248368382,"userid":"vincent.planat@hpe.com","trainingMode":"WALKING_UP","x":-0.052002,"y":-0.252441,"z":0.963867}
{"deviceid":"b81e905908354542","eventtype":"accelerometer","timestamp":1456248337268,"userid":"vincent.planat@hpe.com","trainingMode":"WALKING_UP","x":-0.170898,"y":0.479004,"z":0.218994}
{"deviceid":"b81e905908354542","eventtype":"accelerometer","timestamp":1456248344559,"userid":"vincent.planat@hpe.com","trainingMode":"WALKING_UP","x":-0.486572,"y":0.354004,"z":0.226807}
{"deviceid":"b81e905908354542","eventtype":"accelerometer","timestamp":1456248367650,"userid":"vincent.planat@hpe.com","trainingMode":"WALKING_UP","x":0.086426,"y":-0.184326,"z":0.832275}
{"deviceid":"b81e905908354542","eventtype":"accelerometer","timestamp":1456248342417,"userid":"vincent.planat@hpe.com","trainingMode":"WALKING_UP","x":-0.654297,"y":0.277588,"z":0.163818}
{"deviceid":"b81e905908354542","eventtype":"accelerometer","timestamp":1456248356821,"userid":"vincent.planat@hpe.com","trainingMode":"WALKING_UP","x":-1.258789,"y":0.656006,"z":-0.036133}
{"deviceid":"b81e905908354542","eventtype":"accelerometer","timestamp":1456248368262,"userid":"vincent.planat@hpe.com","trainingMode":"WALKING_UP","x":-0.023926,"y":-0.260742,"z":0.964844}
{"deviceid":"b81e905908354542","eventtype":"accelerometer","timestamp":1456248350945,"userid":"vincent.planat@hpe.com","trainingMode":"WALKING_UP","x":-0.422363,"y":0.376709,"z":0.224121}
{"deviceid":"b81e905908354542","eventtype":"accelerometer","timestamp":1456248360999,"userid":"vincent.planat@hpe.com","trainingMode":"WALKING_UP","x":-0.094727,"y":1.173096,"z":0.138672}
{"deviceid":"b81e905908354542","eventtype":"accelerometer","timestamp":1456248350141,"userid":"vincent.planat@hpe.com","trainingMode":"WALKING_UP","x":-1.13208,"y":0.189453,"z":0.085693}
{"deviceid":"b81e905908354542","eventtype":"accelerometer","timestamp":1456248365892,"userid":"vincent.planat@hpe.com","trainingMode":"WALKING_UP","x":-0.195312,"y":-0.220215,"z":0.935059}
{"deviceid":"b81e905908354542","eventtype":"accelerometer","timestamp":1456248338089,"userid":"vincent.planat@hpe.com","trainingMode":"WALKING_UP","x":-1.018066,"y":0.499756,"z":-0.268066}
{"deviceid":"b81e905908354542","eventtype":"accelerometer","timestamp":1456248352788,"userid":"vincent.planat@hpe.com","trainingMode":"WALKING_UP","x":-1.460693,"y":0.75415,"z":0.179932}
{"deviceid":"b81e905908354542","eventtype":"accelerometer","timestamp":1456248342851,"userid":"vincent.planat@hpe.com","trainingMode":"WALKING_UP","x":-0.418457,"y":0.249512,"z":0.047607}
{"deviceid":"b81e905908354542","eventtype":"accelerometer","timestamp":1456248339277,"userid":"vincent.planat@hpe.com","trainingMode":"WALKING_UP","x":-1.04126,"y":0.532471,"z":0.038818}
{"deviceid":"b81e905908354542","eventtype":"accelerometer","timestamp":1456248359979,"userid":"vincent.planat@hpe.com","trainingMode":"WALKING_UP","x":-0.235352,"y":-0.259766,"z":0.609131}
{"deviceid":"b81e905908354542","eventtype":"accelerometer","timestamp":1456248358263,"userid":"vincent.planat@hpe.com","trainingMode":"WALKING_UP","x":-1.174072,"y":1.486328,"z":-0.717773}
{"deviceid":"b81e905908354542","eventtype":"accelerometer","timestamp":1456248353398,"userid":"vincent.planat@hpe.com","trainingMode":"WALKING_UP","x":-0.671387,"y":0.278564,"z":0.248047}
{"deviceid":"b81e905908354542","eventtype":"accelerometer","timestamp":1456248341169,"userid":"vincent.planat@hpe.com","trainingMode":"WALKING_UP","x":-0.947021,"y":0.279785,"z":0.243896}
{"deviceid":"b81e905908354542","eventtype":"accelerometer","timestamp":1456248345547,"userid":"vincent.planat@hpe.com","trainingMode":"WALKING_UP","x":-0.553711,"y":0.401855,"z":0.271484}
{"deviceid":"b81e905908354542","eventtype":"accelerometer","timestamp":1456248340025,"userid":"vincent.planat@hpe.com","trainingMode":"WALKING_UP","x":-1.33374,"y":0.127197,"z":0.199951}
{"deviceid":"b81e905908354542","eventtype":"accelerometer","timestamp":1456248339518,"userid":"vincent.planat@hpe.com","trainingMode":"WALKING_UP","x":-0.483154,"y":0.259033,"z":0.018555}
{"deviceid":"b81e905908354542","eventtype":"accelerometer","timestamp":1456248364327,"userid":"vincent.planat@hpe.com","trainingMode":"WALKING_UP","x":-0.332764,"y":-0.266602,"z":0.875244}
{"deviceid":"b81e905908354542","eventtype":"accelerometer","timestamp":1456248348972,"userid":"vincent.planat@hpe.com","trainingMode":"WALKING_UP","x":-1.111084,"y":0.811768,"z":0.412354}
{"deviceid":"b81e905908354542","eventtype":"accelerometer","timestamp":1456248365291,"userid":"vincent.planat@hpe.com","trainingMode":"WALKING_UP","x":-0.142578,"y":-0.360352,"z":0.937744}
{"deviceid":"b81e905908354542","eventtype":"accelerometer","timestamp":1456248359510,"userid":"vincent.planat@hpe.com","trainingMode":"WALKING_UP","x":-0.358398,"y":0.974365,"z":0.61499}
{"deviceid":"b81e905908354542","eventtype":"accelerometer","timestamp":1456248338095,"userid":"vincent.planat@hpe.com","trainingMode":"WALKING_UP","x":-1.018066,"y":0.499756,"z":-0.268066}
{"deviceid":"b81e905908354542","eventtype":"accelerometer","timestamp":1456248363536,"userid":"vincent.planat@hpe.com","trainingMode":"WALKING_UP","x":-0.209229,"y":0.00708,"z":1.108398}
{"deviceid":"b81e905908354542","eventtype":"accelerometer","timestamp":1456248340345,"userid":"vincent.planat@hpe.com","trainingMode":"WALKING_UP","x":-0.463867,"y":0.430176,"z":0.219482}
{"deviceid":"b81e905908354542","eventtype":"accelerometer","timestamp":1456248365606,"userid":"vincent.planat@hpe.com","trainingMode":"WALKING_UP","x":-0.003418,"y":-0.203369,"z":1.09668}
{"deviceid":"b81e905908354542","eventtype":"accelerometer","timestamp":1456248355097,"userid":"vincent.planat@hpe.com","trainingMode":"WALKING_UP","x":-1.176025,"y":0.19165,"z":0.375}
{"deviceid":"b81e905908354542","eventtype":"accelerometer","timestamp":1456248364127,"userid":"vincent.planat@hpe.com","trainingMode":"WALKING_UP","x":-0.288574,"y":-0.296875,"z":0.959229}
{"deviceid":"b81e905908354542","eventtype":"accelerometer","timestamp":1456248365759,"userid":"vincent.planat@hpe.com","trainingMode":"WALKING_UP","x":0.086426,"y":-0.073242,"z":1.230469}
{"deviceid":"b81e905908354542","eventtype":"accelerometer","timestamp":1456248357590,"userid":"vincent.planat@hpe.com","trainingMode":"WALKING_UP","x":-1.219482,"y":0.996582,"z":-0.339111}
{"deviceid":"b81e905908354542","eventtype":"accelerometer","timestamp":1456248367463,"userid":"vincent.planat@hpe.com","trainingMode":"WALKING_UP","x":-0.166504,"y":-0.184814,"z":1.022705}
{"deviceid":"b81e905908354542","eventtype":"accelerometer","timestamp":1456248367061,"userid":"vincent.planat@hpe.com","trainingMode":"WALKING_UP","x":-0.051025,"y":-0.250977,"z":0.895752}
{"deviceid":"b81e905908354542","eventtype":"accelerometer","timestamp":1456248366946,"userid":"vincent.planat@hpe.com","trainingMode":"WALKING_UP","x":-0.137451,"y":0.014893,"z":1.094727}
{"deviceid":"b81e905908354542","eventtype":"accelerometer","timestamp":1456248361013,"userid":"vincent.planat@hpe.com","trainingMode":"WALKING_UP","x":-0.094727,"y":1.173096,"z":0.138672}
{"deviceid":"b81e905908354542","eventtype":"accelerometer","timestamp":1456248345280,"userid":"vincent.planat@hpe.com","trainingMode":"WALKING_UP","x":-1.20752,"y":0.195068,"z":0.317871}
{"deviceid":"b81e905908354542","eventtype":"accelerometer","timestamp":1456248366016,"userid":"vincent.planat@hpe.com","trainingMode":"WALKING_UP","x":-0.189453,"y":-0.263916,"z":0.852295}
{"deviceid":"b81e905908354542","eventtype":"accelerometer","timestamp":1456248341033,"userid":"vincent.planat@hpe.com","trainingMode":"WALKING_UP","x":-0.542969,"y":0.412109,"z":0.072754}
{"deviceid":"b81e905908354542","eventtype":"accelerometer","timestamp":1456248349937,"userid":"vincent.planat@hpe.com","trainingMode":"WALKING_UP","x":-1.582764,"y":0.395996,"z":0.391113}
{"deviceid":"b81e905908354542","eventtype":"accelerometer","timestamp":1456248351588,"userid":"vincent.planat@hpe.com","trainingMode":"WALKING_UP","x":-0.68335,"y":0.294434,"z":0.056885}
{"deviceid":"b81e905908354542","eventtype":"accelerometer","timestamp":1456248360343,"userid":"vincent.planat@hpe.com","trainingMode":"WALKING_UP","x":-0.225098,"y":0.316895,"z":1.113281}
{"deviceid":"b81e905908354542","eventtype":"accelerometer","timestamp":1456248360435,"userid":"vincent.planat@hpe.com","trainingMode":"WALKING_UP","x":0.095459,"y":0.12915,"z":1.033203}
{"deviceid":"b81e905908354542","eventtype":"accelerometer","timestamp":1456248357664,"userid":"vincent.planat@hpe.com","trainingMode":"WALKING_UP","x":-0.9375,"y":0.532959,"z":-0.41333}
{"deviceid":"b81e905908354542","eventtype":"accelerometer","timestamp":1456248350854,"userid":"vincent.planat@hpe.com","trainingMode":"WALKING_UP","x":-0.51001,"y":0.435791,"z":0.22876}
{"deviceid":"b81e905908354542","eventtype":"accelerometer","timestamp":1456248357953,"userid":"vincent.planat@hpe.com","trainingMode":"WALKING_UP","x":-0.380859,"y":0.197266,"z":-0.139893}
{"deviceid":"b81e905908354542","eventtype":"accelerometer","timestamp":1456248341706,"userid":"vincent.planat@hpe.com","trainingMode":"WALKING_UP","x":-1.338623,"y":0.444336,"z":0.131592}
{"deviceid":"b81e905908354542","eventtype":"accelerometer","timestamp":1456248351609,"userid":"vincent.planat@hpe.com","trainingMode":"WALKING_UP","x":-0.68335,"y":0.294434,"z":0.056885}
{"deviceid":"b81e905908354542","eventtype":"accelerometer","timestamp":1456248347584,"userid":"vincent.planat@hpe.com","trainingMode":"WALKING_UP","x":-1.224365,"y":0.339355,"z":0.17627}
{"deviceid":"b81e905908354542","eventtype":"accelerometer","timestamp":1456248353805,"userid":"vincent.planat@hpe.com","trainingMode":"WALKING_UP","x":-0.743896,"y":0.335693,"z":0.245605}
{"deviceid":"b81e905908354542","eventtype":"accelerometer","timestamp":1456248367340,"userid":"vincent.planat@hpe.com","trainingMode":"WALKING_UP","x":-0.177002,"y":-0.304688,"z":1.061279}
{"deviceid":"b81e905908354542","eventtype":"accelerometer","timestamp":1456248351404,"userid":"vincent.planat@hpe.com","trainingMode":"WALKING_UP","x":-0.813721,"y":0.287598,"z":-0.067383}
{"deviceid":"b81e905908354542","eventtype":"accelerometer","timestamp":1456248353946,"userid":"vincent.planat@hpe.com","trainingMode":"WALKING_UP","x":-0.609131,"y":0.407227,"z":0.136719}
{"deviceid":"b81e905908354542","eventtype":"accelerometer","timestamp":1456248346307,"userid":"vincent.planat@hpe.com","trainingMode":"WALKING_UP","x":-1.769531,"y":0.579346,"z":0.218018}
{"deviceid":"b81e905908354542","eventtype":"accelerometer","timestamp":1456248339171,"userid":"vincent.planat@hpe.com","trainingMode":"WALKING_UP","x":-1.76123,"y":0.555908,"z":0.187012}
{"deviceid":"b81e905908354542","eventtype":"accelerometer","timestamp":1456248360539,"userid":"vincent.planat@hpe.com","trainingMode":"WALKING_UP","x":0.020264,"y":0.100342,"z":0.915039}
{"deviceid":"b81e905908354542","eventtype":"accelerometer","timestamp":1456248358249,"userid":"vincent.planat@hpe.com","trainingMode":"WALKING_UP","x":-1.174072,"y":1.486328,"z":-0.717773}
{"deviceid":"b81e905908354542","eventtype":"accelerometer","timestamp":1456248353346,"userid":"vincent.planat@hpe.com","trainingMode":"WALKING_UP","x":-0.529541,"y":0.258789,"z":0.223633}
{"deviceid":"b81e905908354542","eventtype":"accelerometer","timestamp":1456248342475,"userid":"vincent.planat@hpe.com","trainingMode":"WALKING_UP","x":-1.145752,"y":0.318359,"z":0.186279}
{"deviceid":"b81e905908354542","eventtype":"accelerometer","timestamp":1456248352249,"userid":"vincent.planat@hpe.com","trainingMode":"WALKING_UP","x":-1.703369,"y":0.393799,"z":0.365479}
{"deviceid":"b81e905908354542","eventtype":"accelerometer","timestamp":1456248363448,"userid":"vincent.planat@hpe.com","trainingMode":"WALKING_UP","x":-0.215088,"y":-0.48291,"z":0.985107}
{"deviceid":"b81e905908354542","eventtype":"accelerometer","timestamp":1456248361861,"userid":"vincent.planat@hpe.com","trainingMode":"WALKING_UP","x":-0.193604,"y":-0.220215,"z":0.755859}
{"deviceid":"b81e905908354542","eventtype":"accelerometer","timestamp":1456248351904,"userid":"vincent.planat@hpe.com","trainingMode":"WALKING_UP","x":-0.325928,"y":0.366211,"z":0.154785}
{"deviceid":"b81e905908354542","eventtype":"accelerometer","timestamp":1456248339847,"userid":"vincent.planat@hpe.com","trainingMode":"WALKING_UP","x":-1.731689,"y":0.9021,"z":0.340332}
{"deviceid":"b81e905908354542","eventtype":"accelerometer","timestamp":1456248349172,"userid":"vincent.planat@hpe.com","trainingMode":"WALKING_UP","x":-0.671387,"y":0.33252,"z":0.171387}
{"deviceid":"b81e905908354542","eventtype":"accelerometer","timestamp":1456248363670,"userid":"vincent.planat@hpe.com","trainingMode":"WALKING_UP","x":-0.187744,"y":-0.429932,"z":1.115479}
{"deviceid":"b81e905908354542","eventtype":"accelerometer","timestamp":1456248350959,"userid":"vincent.planat@hpe.com","trainingMode":"WALKING_UP","x":-0.422363,"y":0.376709,"z":0.224121}
{"deviceid":"b81e905908354542","eventtype":"accelerometer","timestamp":1456248361448,"userid":"vincent.planat@hpe.com","trainingMode":"WALKING_UP","x":-0.695068,"y":0.776611,"z":0.314941}
{"deviceid":"b81e905908354542","eventtype":"accelerometer","timestamp":1456248360432,"userid":"vincent.planat@hpe.com","trainingMode":"WALKING_UP","x":0.095459,"y":0.12915,"z":1.033203}
{"deviceid":"b81e905908354542","eventtype":"accelerometer","timestamp":1456248353549,"userid":"vincent.planat@hpe.com","trainingMode":"WALKING_UP","x":-0.932861,"y":0.313965,"z":0.230957}
{"deviceid":"b81e905908354542","eventtype":"accelerometer","timestamp":1456248360674,"userid":"vincent.planat@hpe.com","trainingMode":"WALKING_UP","x":0.112549,"y":0.460449,"z":0.611084}
{"deviceid":"b81e905908354542","eventtype":"accelerometer","timestamp":1456248354092,"userid":"vincent.planat@hpe.com","trainingMode":"WALKING_UP","x":-0.842285,"y":0.403564,"z":0.132568}
{"deviceid":"b81e905908354542","eventtype":"accelerometer","timestamp":1456248358875,"userid":"vincent.planat@hpe.com","trainingMode":"WALKING_UP","x":-0.550293,"y":0.99707,"z":-0.413574}
{"deviceid":"b81e905908354542","eventtype":"accelerometer","timestamp":1456248339521,"userid":"vincent.planat@hpe.com","trainingMode":"WALKING_UP","x":-0.483154,"y":0.259033,"z":0.018555}
{"deviceid":"b81e905908354542","eventtype":"accelerometer","timestamp":1456248339406,"userid":"vincent.planat@hpe.com","trainingMode":"WALKING_UP","x":-1.106201,"y":0.296387,"z":-0.016113}
{"deviceid":"b81e905908354542","eventtype":"accelerometer","timestamp":1456248347468,"userid":"vincent.planat@hpe.com","trainingMode":"WALKING_UP","x":-0.741455,"y":0.392578,"z":0.208496}
{"deviceid":"b81e905908354542","eventtype":"accelerometer","timestamp":1456248349740,"userid":"vincent.planat@hpe.com","trainingMode":"WALKING_UP","x":-0.325439,"y":0.325928,"z":0.074219}
{"deviceid":"b81e905908354542","eventtype":"accelerometer","timestamp":1456248356267,"userid":"vincent.planat@hpe.com","trainingMode":"WALKING_UP","x":-0.993164,"y":0.288818,"z":0.031982}
{"deviceid":"b81e905908354542","eventtype":"accelerometer","timestamp":1456248350212,"userid":"vincent.planat@hpe.com","trainingMode":"WALKING_UP","x":-0.608643,"y":0.30835,"z":0.084717}
{"deviceid":"b81e905908354542","eventtype":"accelerometer","timestamp":1456248353153,"userid":"vincent.planat@hpe.com","trainingMode":"WALKING_UP","x":-0.657471,"y":0.332764,"z":0.191895}
{"deviceid":"b81e905908354542","eventtype":"accelerometer","timestamp":1456248353546,"userid":"vincent.planat@hpe.com","trainingMode":"WALKING_UP","x":-0.932861,"y":0.313965,"z":0.230957}
{"deviceid":"b81e905908354542","eventtype":"accelerometer","timestamp":1456248339273,"userid":"vincent.planat@hpe.com","trainingMode":"WALKING_UP","x":-1.04126,"y":0.532471,"z":0.038818}
{"deviceid":"b81e905908354542","eventtype":"accelerometer","timestamp":1456248354340,"userid":"vincent.planat@hpe.com","trainingMode":"WALKING_UP","x":-1.48291,"y":0.339844,"z":0.205566}
{"deviceid":"b81e905908354542","eventtype":"accelerometer","timestamp":1456248343451,"userid":"vincent.planat@hpe.com","trainingMode":"WALKING_UP","x":-0.53125,"y":0.320312,"z":0.20166}
{"deviceid":"b81e905908354542","eventtype":"accelerometer","timestamp":1456248345001,"userid":"vincent.planat@hpe.com","trainingMode":"WALKING_UP","x":-0.658936,"y":0.191406,"z":0.12085}
{"deviceid":"b81e905908354542","eventtype":"accelerometer","timestamp":1456248362634,"userid":"vincent.planat@hpe.com","trainingMode":"WALKING_UP","x":-0.156494,"y":0.002686,"z":0.991699}
{"deviceid":"b81e905908354542","eventtype":"accelerometer","timestamp":1456248368535,"userid":"vincent.planat@hpe.com","trainingMode":"WALKING_UP","x":-0.090576,"y":-0.163574,"z":0.974609}
{"deviceid":"b81e905908354542","eventtype":"accelerometer","timestamp":1456248347326,"userid":"vincent.planat@hpe.com","trainingMode":"WALKING_UP","x":-0.525391,"y":0.346436,"z":0.225098}
{"deviceid":"b81e905908354542","eventtype":"accelerometer","timestamp":1456248338725,"userid":"vincent.planat@hpe.com","trainingMode":"WALKING_UP","x":-0.528076,"y":0.158203,"z":-0.010742}
{"deviceid":"b81e905908354542","eventtype":"accelerometer","timestamp":1456248350125,"userid":"vincent.planat@hpe.com","trainingMode":"WALKING_UP","x":-1.13208,"y":0.189453,"z":0.085693}
{"deviceid":"b81e905908354542","eventtype":"accelerometer","timestamp":1456248344860,"userid":"vincent.planat@hpe.com","trainingMode":"WALKING_UP","x":-1.024414,"y":0.274658,"z":0.123047}
{"deviceid":"b81e905908354542","eventtype":"accelerometer","timestamp":1456248358563,"userid":"vincent.planat@hpe.com","trainingMode":"WALKING_UP","x":-0.132568,"y":0.467285,"z":-0.259521}
{"deviceid":"b81e905908354542","eventtype":"accelerometer","timestamp":1456248361857,"userid":"vincent.planat@hpe.com","trainingMode":"WALKING_UP","x":-0.193604,"y":-0.220215,"z":0.755859}
{"deviceid":"b81e905908354542","eventtype":"accelerometer","timestamp":1456248349805,"userid":"vincent.planat@hpe.com","trainingMode":"WALKING_UP","x":-0.595703,"y":0.438721,"z":0.300293}
{"deviceid":"b81e905908354542","eventtype":"accelerometer","timestamp":1456248344162,"userid":"vincent.planat@hpe.com","trainingMode":"WALKING_UP","x":-1.19043,"y":0.346191,"z":0.280029}
{"deviceid":"b81e905908354542","eventtype":"accelerometer","timestamp":1456248356199,"userid":"vincent.planat@hpe.com","trainingMode":"WALKING_UP","x":-1.05835,"y":0.583984,"z":0.218018}
{"deviceid":"b81e905908354542","eventtype":"accelerometer","timestamp":1456248342837,"userid":"vincent.planat@hpe.com","trainingMode":"WALKING_UP","x":-0.418457,"y":0.249512,"z":0.047607}
{"deviceid":"b81e905908354542","eventtype":"accelerometer","timestamp":1456248358463,"userid":"vincent.planat@hpe.com","trainingMode":"WALKING_UP","x":-0.614258,"y":0.466553,"z":-0.202148}
{"deviceid":"b81e905908354542","eventtype":"accelerometer","timestamp":1456248367931,"userid":"vincent.planat@hpe.com","trainingMode":"WALKING_UP","x":0.04834,"y":-0.25293,"z":0.945557}
{"deviceid":"b81e905908354542","eventtype":"accelerometer","timestamp":1456248346670,"userid":"vincent.planat@hpe.com","trainingMode":"WALKING_UP","x":-0.553223,"y":0.346191,"z":0.206543}
{"deviceid":"b81e905908354542","eventtype":"accelerometer","timestamp":1456248351803,"userid":"vincent.planat@hpe.com","trainingMode":"WALKING_UP","x":-0.69043,"y":0.249512,"z":0.132568}
{"deviceid":"b81e905908354542","eventtype":"accelerometer","timestamp":1456248355975,"userid":"vincent.planat@hpe.com","trainingMode":"WALKING_UP","x":-0.72998,"y":0.569336,"z":0.115479}
{"deviceid":"b81e905908354542","eventtype":"accelerometer","timestamp":1456248355630,"userid":"vincent.planat@hpe.com","trainingMode":"WALKING_UP","x":-0.725586,"y":0.1875,"z":0.140869}
{"deviceid":"b81e905908354542","eventtype":"accelerometer","timestamp":1456248366111,"userid":"vincent.planat@hpe.com","trainingMode":"WALKING_UP","x":-0.173096,"y":-0.290527,"z":0.890625}
{"deviceid":"b81e905908354542","eventtype":"accelerometer","timestamp":1456248366186,"userid":"vincent.planat@hpe.com","trainingMode":"WALKING_UP","x":0.218018,"y":-0.351074,"z":1.050049}
{"deviceid":"b81e905908354542","eventtype":"accelerometer","timestamp":1456248365921,"userid":"vincent.planat@hpe.com","trainingMode":"WALKING_UP","x":-0.195312,"y":-0.220215,"z":0.935059}
{"deviceid":"b81e905908354542","eventtype":"accelerometer","timestamp":1456248360082,"userid":"vincent.planat@hpe.com","trainingMode":"WALKING_UP","x":-0.106201,"y":-0.3396,"z":0.6875}
{"deviceid":"b81e905908354542","eventtype":"accelerometer","timestamp":1456248356126,"userid":"vincent.planat@hpe.com","trainingMode":"WALKING_UP","x":-1.560059,"y":0.793457,"z":0.144775}
{"deviceid":"b81e905908354542","eventtype":"accelerometer","timestamp":1456248350204,"userid":"vincent.planat@hpe.com","trainingMode":"WALKING_UP","x":-0.608643,"y":0.30835,"z":0.084717}
{"deviceid":"b81e905908354542","eventtype":"accelerometer","timestamp":1456248349078,"userid":"vincent.planat@hpe.com","trainingMode":"WALKING_UP","x":-1.230957,"y":0.126953,"z":0.290283}
{"deviceid":"b81e905908354542","eventtype":"accelerometer","timestamp":1456248362960,"userid":"vincent.planat@hpe.com","trainingMode":"WALKING_UP","x":-0.005371,"y":-0.08252,"z":1.230225}
{"deviceid":"b81e905908354542","eventtype":"accelerometer","timestamp":1456248365774,"userid":"vincent.planat@hpe.com","trainingMode":"WALKING_UP","x":0.086426,"y":-0.073242,"z":1.230469}
{"deviceid":"b81e905908354542","eventtype":"accelerometer","timestamp":1456248365309,"userid":"vincent.planat@hpe.com","trainingMode":"WALKING_UP","x":-0.142578,"y":-0.360352,"z":0.937744}
{"deviceid":"b81e905908354542","eventtype":"accelerometer","timestamp":1456248353818,"userid":"vincent.planat@hpe.com","trainingMode":"WALKING_UP","x":-0.743896,"y":0.335693,"z":0.245605}
{"deviceid":"b81e905908354542","eventtype":"accelerometer","timestamp":1456248358636,"userid":"vincent.planat@hpe.com","trainingMode":"WALKING_UP","x":-0.204834,"y":0.49292,"z":-0.227295}
{"deviceid":"b81e905908354542","eventtype":"accelerometer","timestamp":1456248356986,"userid":"vincent.planat@hpe.com","trainingMode":"WALKING_UP","x":-0.917236,"y":0.139893,"z":0.009277}
{"deviceid":"b81e905908354542","eventtype":"accelerometer","timestamp":1456248359195,"userid":"vincent.planat@hpe.com","trainingMode":"WALKING_UP","x":-0.304443,"y":0.489746,"z":-0.321777}
{"deviceid":"b81e905908354542","eventtype":"accelerometer","timestamp":1456248365587,"userid":"vincent.planat@hpe.com","trainingMode":"WALKING_UP","x":-0.003418,"y":-0.203369,"z":1.09668}
{"deviceid":"b81e905908354542","eventtype":"accelerometer","timestamp":1456248349272,"userid":"vincent.planat@hpe.com","trainingMode":"WALKING_UP","x":-0.714355,"y":0.393555,"z":0.181885}
{"deviceid":"b81e905908354542","eventtype":"accelerometer","timestamp":1456248362248,"userid":"vincent.planat@hpe.com","trainingMode":"WALKING_UP","x":0.061035,"y":-0.208008,"z":0.994629}
{"deviceid":"b81e905908354542","eventtype":"accelerometer","timestamp":1456248338214,"userid":"vincent.planat@hpe.com","trainingMode":"WALKING_UP","x":-0.886963,"y":0.441162,"z":-0.357422}
{"deviceid":"b81e905908354542","eventtype":"accelerometer","timestamp":1456248358873,"userid":"vincent.planat@hpe.com","trainingMode":"WALKING_UP","x":-0.550293,"y":0.99707,"z":-0.413574}
{"deviceid":"b81e905908354542","eventtype":"accelerometer","timestamp":1456248347179,"userid":"vincent.planat@hpe.com","trainingMode":"WALKING_UP","x":-1.307373,"y":0.369629,"z":0.1521}
{"deviceid":"b81e905908354542","eventtype":"accelerometer","timestamp":1456248367011,"userid":"vincent.planat@hpe.com","trainingMode":"WALKING_UP","x":-0.104736,"y":-0.142822,"z":1.000244}
{"deviceid":"b81e905908354542","eventtype":"accelerometer","timestamp":1456248359642,"userid":"vincent.planat@hpe.com","trainingMode":"WALKING_UP","x":-0.603271,"y":0.285156,"z":0.682373}
{"deviceid":"b81e905908354542","eventtype":"accelerometer","timestamp":1456248357007,"userid":"vincent.planat@hpe.com","trainingMode":"WALKING_UP","x":-0.917236,"y":0.139893,"z":0.009277}
{"deviceid":"b81e905908354542","eventtype":"accelerometer","timestamp":1456248355255,"userid":"vincent.planat@hpe.com","trainingMode":"WALKING_UP","x":-0.537842,"y":0.270996,"z":0.194336}
{"deviceid":"b81e905908354542","eventtype":"accelerometer","timestamp":1456248344498,"userid":"vincent.planat@hpe.com","trainingMode":"WALKING_UP","x":-0.414307,"y":0.34082,"z":0.138672}
{"deviceid":"b81e905908354542","eventtype":"accelerometer","timestamp":1456248337675,"userid":"vincent.planat@hpe.com","trainingMode":"WALKING_UP","x":-0.661133,"y":0.42749,"z":0.054199}
{"deviceid":"b81e905908354542","eventtype":"accelerometer","timestamp":1456248358117,"userid":"vincent.planat@hpe.com","trainingMode":"WALKING_UP","x":-0.37085,"y":0.467285,"z":-0.273682}
{"deviceid":"b81e905908354542","eventtype":"accelerometer","timestamp":1456248347354,"userid":"vincent.planat@hpe.com","trainingMode":"WALKING_UP","x":-0.525391,"y":0.346436,"z":0.225098}
{"deviceid":"b81e905908354542","eventtype":"accelerometer","timestamp":1456248337359,"userid":"vincent.planat@hpe.com","trainingMode":"WALKING_UP","x":-0.238281,"y":0.738525,"z":0.598877}
{"deviceid":"b81e905908354542","eventtype":"accelerometer","timestamp":1456248361154,"userid":"vincent.planat@hpe.com","trainingMode":"WALKING_UP","x":-0.319824,"y":0.994141,"z":0.49585}
{"deviceid":"b81e905908354542","eventtype":"accelerometer","timestamp":1456248356429,"userid":"vincent.planat@hpe.com","trainingMode":"WALKING_UP","x":-0.588867,"y":0.266357,"z":-0.0271}
{"deviceid":"b81e905908354542","eventtype":"accelerometer","timestamp":1456248338891,"userid":"vincent.planat@hpe.com","trainingMode":"WALKING_UP","x":-0.394287,"y":0.451904,"z":-0.046631}
{"deviceid":"b81e905908354542","eventtype":"accelerometer","timestamp":1456248367158,"userid":"vincent.planat@hpe.com","trainingMode":"WALKING_UP","x":0.015381,"y":-0.335693,"z":0.95752}
{"deviceid":"b81e905908354542","eventtype":"accelerometer","timestamp":1456248355489,"userid":"vincent.planat@hpe.com","trainingMode":"WALKING_UP","x":-1.106689,"y":0.234863,"z":0.184814}
{"deviceid":"b81e905908354542","eventtype":"accelerometer","timestamp":1456248345017,"userid":"vincent.planat@hpe.com","trainingMode":"WALKING_UP","x":-0.658936,"y":0.191406,"z":0.12085}
{"deviceid":"b81e905908354542","eventtype":"accelerometer","timestamp":1456248357784,"userid":"vincent.planat@hpe.com","trainingMode":"WALKING_UP","x":-0.684326,"y":0.440674,"z":-0.163086}
{"deviceid":"b81e905908354542","eventtype":"accelerometer","timestamp":1456248366312,"userid":"vincent.planat@hpe.com","trainingMode":"WALKING_UP","x":-0.236572,"y":-0.141113,"z":0.980957}
{"deviceid":"b81e905908354542","eventtype":"accelerometer","timestamp":1456248344641,"userid":"vincent.planat@hpe.com","trainingMode":"WALKING_UP","x":-1.81958,"y":0.249023,"z":0.3396}
{"deviceid":"b81e905908354542","eventtype":"accelerometer","timestamp":1456248355330,"userid":"vincent.planat@hpe.com","trainingMode":"WALKING_UP","x":-0.727539,"y":0.44873,"z":0.173828}
{"deviceid":"b81e905908354542","eventtype":"accelerometer","timestamp":1456248364348,"userid":"vincent.planat@hpe.com","trainingMode":"WALKING_UP","x":-0.332764,"y":-0.266602,"z":0.875244}
{"deviceid":"b81e905908354542","eventtype":"accelerometer","timestamp":1456248352636,"userid":"vincent.planat@hpe.com","trainingMode":"WALKING_UP","x":-0.446289,"y":0.168213,"z":0.017578}
{"deviceid":"b81e905908354542","eventtype":"accelerometer","timestamp":1456248350651,"userid":"vincent.planat@hpe.com","trainingMode":"WALKING_UP","x":-1.265381,"y":0.437256,"z":0.287598}
{"deviceid":"b81e905908354542","eventtype":"accelerometer","timestamp":1456248363147,"userid":"vincent.planat@hpe.com","trainingMode":"WALKING_UP","x":0.064209,"y":-0.275146,"z":1.069092}
{"deviceid":"b81e905908354542","eventtype":"accelerometer","timestamp":1456248350426,"userid":"vincent.planat@hpe.com","trainingMode":"WALKING_UP","x":-0.43457,"y":0.214844,"z":0.070801}
{"deviceid":"b81e905908354542","eventtype":"accelerometer","timestamp":1456248340565,"userid":"vincent.planat@hpe.com","trainingMode":"WALKING_UP","x":-1.155029,"y":0.256104,"z":0.272949}
{"deviceid":"b81e905908354542","eventtype":"accelerometer","timestamp":1456248352385,"userid":"vincent.planat@hpe.com","trainingMode":"WALKING_UP","x":-1.098633,"y":0.306885,"z":0.145752}
{"deviceid":"b81e905908354542","eventtype":"accelerometer","timestamp":1456248344176,"userid":"vincent.planat@hpe.com","trainingMode":"WALKING_UP","x":-1.19043,"y":0.346191,"z":0.280029}
{"deviceid":"b81e905908354542","eventtype":"accelerometer","timestamp":1456248366248,"userid":"vincent.planat@hpe.com","trainingMode":"WALKING_UP","x":-0.177734,"y":-0.261719,"z":1.091064}
{"deviceid":"b81e905908354542","eventtype":"accelerometer","timestamp":1456248346420,"userid":"vincent.planat@hpe.com","trainingMode":"WALKING_UP","x":-1.22876,"y":0.455566,"z":0.169189}
{"deviceid":"b81e905908354542","eventtype":"accelerometer","timestamp":1456248351477,"userid":"vincent.planat@hpe.com","trainingMode":"WALKING_UP","x":-0.443359,"y":0.29834,"z":-0.044678}
{"deviceid":"b81e905908354542","eventtype":"accelerometer","timestamp":1456248356277,"userid":"vincent.planat@hpe.com","trainingMode":"WALKING_UP","x":-0.993164,"y":0.288818,"z":0.031982}
{"deviceid":"b81e905908354542","eventtype":"accelerometer","timestamp":1456248338591,"userid":"vincent.planat@hpe.com","trainingMode":"WALKING_UP","x":-0.896973,"y":0.408203,"z":0.113281}
{"deviceid":"b81e905908354542","eventtype":"accelerometer","timestamp":1456248345966,"userid":"vincent.planat@hpe.com","trainingMode":"WALKING_UP","x":-1.02417,"y":0.191895,"z":0.037354}
{"deviceid":"b81e905908354542","eventtype":"accelerometer","timestamp":1456248344074,"userid":"vincent.planat@hpe.com","trainingMode":"WALKING_UP","x":-1.970215,"y":0.506104,"z":0.152832}
{"deviceid":"b81e905908354542","eventtype":"accelerometer","timestamp":1456248345373,"userid":"vincent.planat@hpe.com","trainingMode":"WALKING_UP","x":-0.679443,"y":0.318359,"z":0.13501}
{"deviceid":"b81e905908354542","eventtype":"accelerometer","timestamp":1456248354439,"userid":"vincent.planat@hpe.com","trainingMode":"WALKING_UP","x":-0.498779,"y":0.270264,"z":0.163818}
{"deviceid":"b81e905908354542","eventtype":"accelerometer","timestamp":1456248339066,"userid":"vincent.planat@hpe.com","trainingMode":"WALKING_UP","x":-0.827881,"y":0.347412,"z":0.044922}
{"deviceid":"b81e905908354542","eventtype":"accelerometer","timestamp":1456248358727,"userid":"vincent.planat@hpe.com","trainingMode":"WALKING_UP","x":-0.987061,"y":1.264893,"z":-0.718506}
{"deviceid":"b81e905908354542","eventtype":"accelerometer","timestamp":1456248346934,"userid":"vincent.planat@hpe.com","trainingMode":"WALKING_UP","x":-0.693115,"y":0.229248,"z":0.305908}
{"deviceid":"b81e905908354542","eventtype":"accelerometer","timestamp":1456248338277,"userid":"vincent.planat@hpe.com","trainingMode":"WALKING_UP","x":-0.503174,"y":0.337158,"z":-0.295166}
{"deviceid":"b81e905908354542","eventtype":"accelerometer","timestamp":1456248344658,"userid":"vincent.planat@hpe.com","trainingMode":"WALKING_UP","x":-1.81958,"y":0.249023,"z":0.3396}
{"deviceid":"b81e905908354542","eventtype":"accelerometer","timestamp":1456248343225,"userid":"vincent.planat@hpe.com","trainingMode":"WALKING_UP","x":-0.702637,"y":0.043457,"z":0.108887}
{"deviceid":"b81e905908354542","eventtype":"accelerometer","timestamp":1456248342146,"userid":"vincent.planat@hpe.com","trainingMode":"WALKING_UP","x":-1.415039,"y":0.209229,"z":0.135742}
{"deviceid":"b81e905908354542","eventtype":"accelerometer","timestamp":1456248351460,"userid":"vincent.planat@hpe.com","trainingMode":"WALKING_UP","x":-0.443359,"y":0.29834,"z":-0.044678}
{"deviceid":"b81e905908354542","eventtype":"accelerometer","timestamp":1456248347600,"userid":"vincent.planat@hpe.com","trainingMode":"WALKING_UP","x":-1.224365,"y":0.339355,"z":0.17627}
{"deviceid":"b81e905908354542","eventtype":"accelerometer","timestamp":1456248352096,"userid":"vincent.planat@hpe.com","trainingMode":"WALKING_UP","x":-0.488525,"y":0.353271,"z":0.184326}
{"deviceid":"b81e905908354542","eventtype":"accelerometer","timestamp":1456248344087,"userid":"vincent.planat@hpe.com","trainingMode":"WALKING_UP","x":-1.970215,"y":0.506104,"z":0.152832}
{"deviceid":"b81e905908354542","eventtype":"accelerometer","timestamp":1456248353155,"userid":"vincent.planat@hpe.com","trainingMode":"WALKING_UP","x":-0.657471,"y":0.332764,"z":0.191895}
{"deviceid":"b81e905908354542","eventtype":"accelerometer","timestamp":1456248366329,"userid":"vincent.planat@hpe.com","trainingMode":"WALKING_UP","x":-0.236572,"y":-0.141113,"z":0.980957}
{"deviceid":"b81e905908354542","eventtype":"accelerometer","timestamp":1456248359021,"userid":"vincent.planat@hpe.com","trainingMode":"WALKING_UP","x":-0.607422,"y":0.702148,"z":-0.619385}
{"deviceid":"b81e905908354542","eventtype":"accelerometer","timestamp":1456248361447,"userid":"vincent.planat@hpe.com","trainingMode":"WALKING_UP","x":-0.695068,"y":0.776611,"z":0.314941}
{"deviceid":"b81e905908354542","eventtype":"accelerometer","timestamp":1456248359005,"userid":"vincent.planat@hpe.com","trainingMode":"WALKING_UP","x":-0.607422,"y":0.702148,"z":-0.619385}
{"deviceid":"b81e905908354542","eventtype":"accelerometer","timestamp":1456248339390,"userid":"vincent.planat@hpe.com","trainingMode":"WALKING_UP","x":-1.106201,"y":0.296387,"z":-0.016113}
{"deviceid":"b81e905908354542","eventtype":"accelerometer","timestamp":1456248350831,"userid":"vincent.planat@hpe.com","trainingMode":"WALKING_UP","x":-0.51001,"y":0.435791,"z":0.22876}
{"deviceid":"b81e905908354542","eventtype":"accelerometer","timestamp":1456248337062,"userid":"vincent.planat@hpe.com","trainingMode":"WALKING_UP","x":-0.252686,"y":0.86377,"z":0.077148}
{"deviceid":"b81e905908354542","eventtype":"accelerometer","timestamp":1456248341047,"userid":"vincent.planat@hpe.com","trainingMode":"WALKING_UP","x":-0.542969,"y":0.412109,"z":0.072754}
{"deviceid":"b81e905908354542","eventtype":"accelerometer","timestamp":1456248343638,"userid":"vincent.planat@hpe.com","trainingMode":"WALKING_UP","x":-1.32959,"y":0.610352,"z":0.352295}
{"deviceid":"b81e905908354542","eventtype":"accelerometer","timestamp":1456248340856,"userid":"vincent.planat@hpe.com","trainingMode":"WALKING_UP","x":-0.482178,"y":0.385986,"z":0.078369}
{"deviceid":"b81e905908354542","eventtype":"accelerometer","timestamp":1456248361318,"userid":"vincent.planat@hpe.com","trainingMode":"WALKING_UP","x":-0.533203,"y":0.750732,"z":0.340576}
{"deviceid":"b81e905908354542","eventtype":"accelerometer","timestamp":1456248353404,"userid":"vincent.planat@hpe.com","trainingMode":"WALKING_UP","x":-0.671387,"y":0.278564,"z":0.248047}
{"deviceid":"b81e905908354542","eventtype":"accelerometer","timestamp":1456248346531,"userid":"vincent.planat@hpe.com","trainingMode":"WALKING_UP","x":-0.70459,"y":0.230957,"z":0.094971}
{"deviceid":"b81e905908354542","eventtype":"accelerometer","timestamp":1456248340323,"userid":"vincent.planat@hpe.com","trainingMode":"WALKING_UP","x":-0.463867,"y":0.430176,"z":0.219482}
{"deviceid":"b81e905908354542","eventtype":"accelerometer","timestamp":1456248343553,"userid":"vincent.planat@hpe.com","trainingMode":"WALKING_UP","x":-1.528809,"y":0.239014,"z":0.338623}
{"deviceid":"b81e905908354542","eventtype":"accelerometer","timestamp":1456248350018,"userid":"vincent.planat@hpe.com","trainingMode":"WALKING_UP","x":-1.115479,"y":0.543457,"z":0.31543}
{"deviceid":"b81e905908354542","eventtype":"accelerometer","timestamp":1456248363672,"userid":"vincent.planat@hpe.com","trainingMode":"WALKING_UP","x":-0.187744,"y":-0.429932,"z":1.115479}
{"deviceid":"b81e905908354542","eventtype":"accelerometer","timestamp":1456248353338,"userid":"vincent.planat@hpe.com","trainingMode":"WALKING_UP","x":-0.529541,"y":0.258789,"z":0.223633}
{"deviceid":"b81e905908354542","eventtype":"accelerometer","timestamp":1456248367801,"userid":"vincent.planat@hpe.com","trainingMode":"WALKING_UP","x":-0.063721,"y":-0.249268,"z":0.996826}
{"deviceid":"b81e905908354542","eventtype":"accelerometer","timestamp":1456248363282,"userid":"vincent.planat@hpe.com","trainingMode":"WALKING_UP","x":-0.183105,"y":-0.328125,"z":0.81665}
{"deviceid":"b81e905908354542","eventtype":"accelerometer","timestamp":1456248359394,"userid":"vincent.planat@hpe.com","trainingMode":"WALKING_UP","x":-0.022461,"y":2.165039,"z":-0.708496}
{"deviceid":"b81e905908354542","eventtype":"accelerometer","timestamp":1456248343566,"userid":"vincent.planat@hpe.com","trainingMode":"WALKING_UP","x":-1.528809,"y":0.239014,"z":0.338623}
{"deviceid":"b81e905908354542","eventtype":"accelerometer","timestamp":1456248346807,"userid":"vincent.planat@hpe.com","trainingMode":"WALKING_UP","x":-0.546387,"y":0.319092,"z":0.233398}
{"deviceid":"b81e905908354542","eventtype":"accelerometer","timestamp":1456248349491,"userid":"vincent.planat@hpe.com","trainingMode":"WALKING_UP","x":-1.250488,"y":0.144531,"z":0.006592}
{"deviceid":"b81e905908354542","eventtype":"accelerometer","timestamp":1456248368650,"userid":"vincent.planat@hpe.com","trainingMode":"WALKING_UP","x":-0.059814,"y":-0.2771,"z":0.949463}
{"deviceid":"b81e905908354542","eventtype":"accelerometer","timestamp":1456248362980,"userid":"vincent.planat@hpe.com","trainingMode":"WALKING_UP","x":-0.005371,"y":-0.08252,"z":1.230225}
{"deviceid":"b81e905908354542","eventtype":"accelerometer","timestamp":1456248368010,"userid":"vincent.planat@hpe.com","trainingMode":"WALKING_UP","x":0.026123,"y":-0.260986,"z":0.96167}
{"deviceid":"b81e905908354542","eventtype":"accelerometer","timestamp":1456248367324,"userid":"vincent.planat@hpe.com","trainingMode":"WALKING_UP","x":-0.177002,"y":-0.304688,"z":1.061279}
{"deviceid":"b81e905908354542","eventtype":"accelerometer","timestamp":1456248355757,"userid":"vincent.planat@hpe.com","trainingMode":"WALKING_UP","x":-0.398193,"y":0.27002,"z":0.105469}
{"deviceid":"b81e905908354542","eventtype":"accelerometer","timestamp":1456248366173,"userid":"vincent.planat@hpe.com","trainingMode":"WALKING_UP","x":0.218018,"y":-0.351074,"z":1.050049}
{"deviceid":"b81e905908354542","eventtype":"accelerometer","timestamp":1456248342404,"userid":"vincent.planat@hpe.com","trainingMode":"WALKING_UP","x":-0.654297,"y":0.277588,"z":0.163818}
{"deviceid":"b81e905908354542","eventtype":"accelerometer","timestamp":1456248354331,"userid":"vincent.planat@hpe.com","trainingMode":"WALKING_UP","x":-1.48291,"y":0.339844,"z":0.205566}
{"deviceid":"b81e905908354542","eventtype":"accelerometer","timestamp":1456248357734,"userid":"vincent.planat@hpe.com","trainingMode":"WALKING_UP","x":-0.684326,"y":0.440674,"z":-0.163086}
{"deviceid":"b81e905908354542","eventtype":"accelerometer","timestamp":1456248364113,"userid":"vincent.planat@hpe.com","trainingMode":"WALKING_UP","x":-0.288574,"y":-0.296875,"z":0.959229}
{"deviceid":"b81e905908354542","eventtype":"accelerometer","timestamp":1456248338906,"userid":"vincent.planat@hpe.com","trainingMode":"WALKING_UP","x":-0.394287,"y":0.451904,"z":-0.046631}
{"deviceid":"b81e905908354542","eventtype":"accelerometer","timestamp":1456248339143,"userid":"vincent.planat@hpe.com","trainingMode":"WALKING_UP","x":-1.76123,"y":0.555908,"z":0.187012}
{"deviceid":"b81e905908354542","eventtype":"accelerometer","timestamp":1456248340042,"userid":"vincent.planat@hpe.com","trainingMode":"WALKING_UP","x":-1.33374,"y":0.127197,"z":0.199951}
{"deviceid":"b81e905908354542","eventtype":"accelerometer","timestamp":1456248350782,"userid":"vincent.planat@hpe.com","trainingMode":"WALKING_UP","x":-0.942383,"y":0.356201,"z":0.015625}
