{"deviceid":"b81e905908354542","eventtype":"gyroscope","timestamp":1456248352969,"userid":"vincent.planat@hpe.com","trainingMode":"WALKING_UP","x":42.164635,"y":-15.823171,"z":-114.756104}
{"deviceid":"b81e905908354542","eventtype":"gyroscope","timestamp":1456248355125,"userid":"vincent.planat@hpe.com","trainingMode":"WALKING_UP","x":10.0,"y":-11.341464,"z":124.390244}
{"deviceid":"b81e905908354542","eventtype":"gyroscope","timestamp":1456248339708,"userid":"vincent.planat@hpe.com","trainingMode":"WALKING_UP","x":-18.658537,"y":10.487805,"z":103.536591}
{"deviceid":"b81e905908354542","eventtype":"gyroscope","timestamp":1456248351505,"userid":"vincent.planat@hpe.com","trainingMode":"WALKING_UP","x":-19.207317,"y":21.189024,"z":57.987804}
{"deviceid":"b81e905908354542","eventtype":"gyroscope","timestamp":1456248366343,"userid":"vincent.planat@hpe.com","trainingMode":"WALKING_UP","x":1.067073,"y":4.481708,"z":10.365854}
{"deviceid":"b81e905908354542","eventtype":"gyroscope","timestamp":1456248346082,"userid":"vincent.planat@hpe.com","trainingMode":"WALKING_UP","x":25.152439,"y":5.762195,"z":65.396339}
{"deviceid":"b81e905908354542","eventtype":"gyroscope","timestamp":1456248360283,"userid":"vincent.planat@hpe.com","trainingMode":"WALKING_UP","x":-12.896341,"y":-10.396341,"z":16.707317}
{"deviceid":"b81e905908354542","eventtype":"gyroscope","timestamp":1456248353186,"userid":"vincent.planat@hpe.com","trainingMode":"WALKING_UP","x":49.420734,"y":-14.634147,"z":4.969512}
{"deviceid":"b81e905908354542","eventtype":"gyroscope","timestamp":1456248356888,"userid":"vincent.planat@hpe.com","trainingMode":"WALKING_UP","x":-73.048782,"y":-43.048782,"z":-72.743904}
{"deviceid":"b81e905908354542","eventtype":"gyroscope","timestamp":1456248352316,"userid":"vincent.planat@hpe.com","trainingMode":"WALKING_UP","x":-0.060976,"y":49.817074,"z":-35.457317}
{"deviceid":"b81e905908354542","eventtype":"gyroscope","timestamp":1456248355345,"userid":"vincent.planat@hpe.com","trainingMode":"WALKING_UP","x":-19.024391,"y":-1.128049,"z":20.70122}
{"deviceid":"b81e905908354542","eventtype":"gyroscope","timestamp":1456248361620,"userid":"vincent.planat@hpe.com","trainingMode":"WALKING_UP","x":-46.158539,"y":45.731709,"z":41.707317}
{"deviceid":"b81e905908354542","eventtype":"gyroscope","timestamp":1456248367200,"userid":"vincent.planat@hpe.com","trainingMode":"WALKING_UP","x":-8.079268,"y":12.926829,"z":-29.939026}
{"deviceid":"b81e905908354542","eventtype":"gyroscope","timestamp":1456248362771,"userid":"vincent.planat@hpe.com","trainingMode":"WALKING_UP","x":-17.256098,"y":6.95122,"z":-30.579269}
{"deviceid":"b81e905908354542","eventtype":"gyroscope","timestamp":1456248365377,"userid":"vincent.planat@hpe.com","trainingMode":"WALKING_UP","x":7.164634,"y":-3.810976,"z":27.804878}
{"deviceid":"b81e905908354542","eventtype":"gyroscope","timestamp":1456248343241,"userid":"vincent.planat@hpe.com","trainingMode":"WALKING_UP","x":107.713417,"y":-41.737804,"z":26.12805}
{"deviceid":"b81e905908354542","eventtype":"gyroscope","timestamp":1456248337092,"userid":"vincent.planat@hpe.com","trainingMode":"WALKING_UP","x":-20.609756,"y":-5.518293,"z":-4.908537}
{"deviceid":"b81e905908354542","eventtype":"gyroscope","timestamp":1456248344752,"userid":"vincent.planat@hpe.com","trainingMode":"WALKING_UP","x":-47.164635,"y":40.792683,"z":-12.042684}
{"deviceid":"b81e905908354542","eventtype":"gyroscope","timestamp":1456248345491,"userid":"vincent.planat@hpe.com","trainingMode":"WALKING_UP","x":16.646341,"y":-11.371951,"z":-1.25}
{"deviceid":"b81e905908354542","eventtype":"gyroscope","timestamp":1456248343971,"userid":"vincent.planat@hpe.com","trainingMode":"WALKING_UP","x":18.384148,"y":-8.628049,"z":78.597565}
{"deviceid":"b81e905908354542","eventtype":"gyroscope","timestamp":1456248350455,"userid":"vincent.planat@hpe.com","trainingMode":"WALKING_UP","x":-64.634148,"y":0.060976,"z":86.615852}
{"deviceid":"b81e905908354542","eventtype":"gyroscope","timestamp":1456248354202,"userid":"vincent.planat@hpe.com","trainingMode":"WALKING_UP","x":73.963417,"y":-35.42683,"z":-77.560974}
{"deviceid":"b81e905908354542","eventtype":"gyroscope","timestamp":1456248349321,"userid":"vincent.planat@hpe.com","trainingMode":"WALKING_UP","x":-26.859756,"y":-11.036586,"z":36.25}
{"deviceid":"b81e905908354542","eventtype":"gyroscope","timestamp":1456248347121,"userid":"vincent.planat@hpe.com","trainingMode":"WALKING_UP","x":51.219513,"y":-1.890244,"z":-21.067074}
{"deviceid":"b81e905908354542","eventtype":"gyroscope","timestamp":1456248343334,"userid":"vincent.planat@hpe.com","trainingMode":"WALKING_UP","x":-10.640244,"y":-2.957317,"z":43.810978}
{"deviceid":"b81e905908354542","eventtype":"gyroscope","timestamp":1456248357929,"userid":"vincent.planat@hpe.com","trainingMode":"WALKING_UP","x":-20.335367,"y":25.762196,"z":25.030489}
{"deviceid":"b81e905908354542","eventtype":"gyroscope","timestamp":1456248350868,"userid":"vincent.planat@hpe.com","trainingMode":"WALKING_UP","x":34.908539,"y":-4.695122,"z":-26.646341}
{"deviceid":"b81e905908354542","eventtype":"gyroscope","timestamp":1456248339097,"userid":"vincent.planat@hpe.com","trainingMode":"WALKING_UP","x":-11.341464,"y":19.481709,"z":-0.579268}
{"deviceid":"b81e905908354542","eventtype":"gyroscope","timestamp":1456248364145,"userid":"vincent.planat@hpe.com","trainingMode":"WALKING_UP","x":15.426829,"y":32.378048,"z":-29.085367}
{"deviceid":"b81e905908354542","eventtype":"gyroscope","timestamp":1456248351639,"userid":"vincent.planat@hpe.com","trainingMode":"WALKING_UP","x":-76.097565,"y":31.829269,"z":67.286591}
{"deviceid":"b81e905908354542","eventtype":"gyroscope","timestamp":1456248361357,"userid":"vincent.planat@hpe.com","trainingMode":"WALKING_UP","x":18.810976,"y":14.268293,"z":-19.329269}
{"deviceid":"b81e905908354542","eventtype":"gyroscope","timestamp":1456248344052,"userid":"vincent.planat@hpe.com","trainingMode":"WALKING_UP","x":-13.902439,"y":-3.902439,"z":66.859756}
{"deviceid":"b81e905908354542","eventtype":"gyroscope","timestamp":1456248355285,"userid":"vincent.planat@hpe.com","trainingMode":"WALKING_UP","x":64.268295,"y":-8.20122,"z":96.585365}
{"deviceid":"b81e905908354542","eventtype":"gyroscope","timestamp":1456248361033,"userid":"vincent.planat@hpe.com","trainingMode":"WALKING_UP","x":-48.231709,"y":4.390244,"z":-33.689026}
{"deviceid":"b81e905908354542","eventtype":"gyroscope","timestamp":1456248368447,"userid":"vincent.planat@hpe.com","trainingMode":"WALKING_UP","x":-0.884146,"y":5.518293,"z":-10.182927}
{"deviceid":"b81e905908354542","eventtype":"gyroscope","timestamp":1456248343867,"userid":"vincent.planat@hpe.com","trainingMode":"WALKING_UP","x":39.024391,"y":-20.030489,"z":41.067074}
{"deviceid":"b81e905908354542","eventtype":"gyroscope","timestamp":1456248336784,"userid":"vincent.planat@hpe.com","trainingMode":"WALKING_UP","x":206.920731,"y":-22.408537,"z":-102.865852}
{"deviceid":"b81e905908354542","eventtype":"gyroscope","timestamp":1456248342053,"userid":"vincent.planat@hpe.com","trainingMode":"WALKING_UP","x":65.914635,"y":-23.932928,"z":-54.603661}
{"deviceid":"b81e905908354542","eventtype":"gyroscope","timestamp":1456248363706,"userid":"vincent.planat@hpe.com","trainingMode":"WALKING_UP","x":7.804878,"y":24.847561,"z":-154.725616}
{"deviceid":"b81e905908354542","eventtype":"gyroscope","timestamp":1456248339435,"userid":"vincent.planat@hpe.com","trainingMode":"WALKING_UP","x":-80.609756,"y":-15.243903,"z":63.414635}
{"deviceid":"b81e905908354542","eventtype":"gyroscope","timestamp":1456248345672,"userid":"vincent.planat@hpe.com","trainingMode":"WALKING_UP","x":-43.109756,"y":27.439026,"z":-1.768293}
{"deviceid":"b81e905908354542","eventtype":"gyroscope","timestamp":1456248336810,"userid":"vincent.planat@hpe.com","trainingMode":"WALKING_UP","x":206.920731,"y":-22.408537,"z":-102.865852}
{"deviceid":"b81e905908354542","eventtype":"gyroscope","timestamp":1456248344700,"userid":"vincent.planat@hpe.com","trainingMode":"WALKING_UP","x":-16.79878,"y":10.823171,"z":-0.030488}
{"deviceid":"b81e905908354542","eventtype":"gyroscope","timestamp":1456248366359,"userid":"vincent.planat@hpe.com","trainingMode":"WALKING_UP","x":1.067073,"y":4.481708,"z":10.365854}
{"deviceid":"b81e905908354542","eventtype":"gyroscope","timestamp":1456248340467,"userid":"vincent.planat@hpe.com","trainingMode":"WALKING_UP","x":-25.884148,"y":21.097561,"z":4.02439}
{"deviceid":"b81e905908354542","eventtype":"gyroscope","timestamp":1456248366064,"userid":"vincent.planat@hpe.com","trainingMode":"WALKING_UP","x":10.640244,"y":-26.920732,"z":54.17683}
{"deviceid":"b81e905908354542","eventtype":"gyroscope","timestamp":1456248350798,"userid":"vincent.planat@hpe.com","trainingMode":"WALKING_UP","x":132.012192,"y":-18.719513,"z":-81.402443}
{"deviceid":"b81e905908354542","eventtype":"gyroscope","timestamp":1456248349678,"userid":"vincent.planat@hpe.com","trainingMode":"WALKING_UP","x":88.963417,"y":-59.481709,"z":-12.560976}
{"deviceid":"b81e905908354542","eventtype":"gyroscope","timestamp":1456248346432,"userid":"vincent.planat@hpe.com","trainingMode":"WALKING_UP","x":9.329268,"y":-2.865854,"z":-157.317078}
{"deviceid":"b81e905908354542","eventtype":"gyroscope","timestamp":1456248363855,"userid":"vincent.planat@hpe.com","trainingMode":"WALKING_UP","x":15.335366,"y":15.670732,"z":-44.817074}
{"deviceid":"b81e905908354542","eventtype":"gyroscope","timestamp":1456248351067,"userid":"vincent.planat@hpe.com","trainingMode":"WALKING_UP","x":-70.213417,"y":7.5,"z":43.932926}
{"deviceid":"b81e905908354542","eventtype":"gyroscope","timestamp":1456248343699,"userid":"vincent.planat@hpe.com","trainingMode":"WALKING_UP","x":-14.45122,"y":45.701221,"z":-72.591469}
{"deviceid":"b81e905908354542","eventtype":"gyroscope","timestamp":1456248358766,"userid":"vincent.planat@hpe.com","trainingMode":"WALKING_UP","x":-28.658537,"y":38.262196,"z":-8.841464}
{"deviceid":"b81e905908354542","eventtype":"gyroscope","timestamp":1456248360850,"userid":"vincent.planat@hpe.com","trainingMode":"WALKING_UP","x":137.439026,"y":-21.95122,"z":-26.371952}
{"deviceid":"b81e905908354542","eventtype":"gyroscope","timestamp":1456248349524,"userid":"vincent.planat@hpe.com","trainingMode":"WALKING_UP","x":95.640244,"y":-34.085365,"z":-103.719513}
{"deviceid":"b81e905908354542","eventtype":"gyroscope","timestamp":1456248340372,"userid":"vincent.planat@hpe.com","trainingMode":"WALKING_UP","x":2.987805,"y":9.756098,"z":31.463415}
{"deviceid":"b81e905908354542","eventtype":"gyroscope","timestamp":1456248352555,"userid":"vincent.planat@hpe.com","trainingMode":"WALKING_UP","x":13.506098,"y":8.810976,"z":64.573174}
{"deviceid":"b81e905908354542","eventtype":"gyroscope","timestamp":1456248352276,"userid":"vincent.planat@hpe.com","trainingMode":"WALKING_UP","x":-28.170732,"y":22.957317,"z":-1.737805}
{"deviceid":"b81e905908354542","eventtype":"gyroscope","timestamp":1456248366690,"userid":"vincent.planat@hpe.com","trainingMode":"WALKING_UP","x":3.414634,"y":-7.134147,"z":-3.536585}
{"deviceid":"b81e905908354542","eventtype":"gyroscope","timestamp":1456248338227,"userid":"vincent.planat@hpe.com","trainingMode":"WALKING_UP","x":-6.219512,"y":74.115852,"z":79.908539}
{"deviceid":"b81e905908354542","eventtype":"gyroscope","timestamp":1456248367494,"userid":"vincent.planat@hpe.com","trainingMode":"WALKING_UP","x":-5.487805,"y":13.170732,"z":-63.658539}
{"deviceid":"b81e905908354542","eventtype":"gyroscope","timestamp":1456248347501,"userid":"vincent.planat@hpe.com","trainingMode":"WALKING_UP","x":34.542683,"y":-38.567074,"z":-8.993902}
{"deviceid":"b81e905908354542","eventtype":"gyroscope","timestamp":1456248350885,"userid":"vincent.planat@hpe.com","trainingMode":"WALKING_UP","x":34.908539,"y":-4.695122,"z":-26.646341}
{"deviceid":"b81e905908354542","eventtype":"gyroscope","timestamp":1456248367604,"userid":"vincent.planat@hpe.com","trainingMode":"WALKING_UP","x":3.689024,"y":3.628049,"z":-28.475611}
{"deviceid":"b81e905908354542","eventtype":"gyroscope","timestamp":1456248354108,"userid":"vincent.planat@hpe.com","trainingMode":"WALKING_UP","x":42.743904,"y":-30.823172,"z":-24.054878}
{"deviceid":"b81e905908354542","eventtype":"gyroscope","timestamp":1456248349108,"userid":"vincent.planat@hpe.com","trainingMode":"WALKING_UP","x":-31.707317,"y":-22.774391,"z":94.756104}
{"deviceid":"b81e905908354542","eventtype":"gyroscope","timestamp":1456248349967,"userid":"vincent.planat@hpe.com","trainingMode":"WALKING_UP","x":-36.219513,"y":40.670734,"z":-28.170732}
{"deviceid":"b81e905908354542","eventtype":"gyroscope","timestamp":1456248360271,"userid":"vincent.planat@hpe.com","trainingMode":"WALKING_UP","x":-12.896341,"y":-10.396341,"z":16.707317}
{"deviceid":"b81e905908354542","eventtype":"gyroscope","timestamp":1456248359686,"userid":"vincent.planat@hpe.com","trainingMode":"WALKING_UP","x":-184.847565,"y":11.52439,"z":42.408539}
{"deviceid":"b81e905908354542","eventtype":"gyroscope","timestamp":1456248365625,"userid":"vincent.planat@hpe.com","trainingMode":"WALKING_UP","x":-7.804878,"y":-45.792683,"z":72.378052}
{"deviceid":"b81e905908354542","eventtype":"gyroscope","timestamp":1456248367041,"userid":"vincent.planat@hpe.com","trainingMode":"WALKING_UP","x":3.170732,"y":24.756098,"z":-70.701218}
{"deviceid":"b81e905908354542","eventtype":"gyroscope","timestamp":1456248368185,"userid":"vincent.planat@hpe.com","trainingMode":"WALKING_UP","x":8.109756,"y":5.396342,"z":-19.786587}
{"deviceid":"b81e905908354542","eventtype":"gyroscope","timestamp":1456248356243,"userid":"vincent.planat@hpe.com","trainingMode":"WALKING_UP","x":-34.908539,"y":52.835365,"z":-10.213415}
{"deviceid":"b81e905908354542","eventtype":"gyroscope","timestamp":1456248345994,"userid":"vincent.planat@hpe.com","trainingMode":"WALKING_UP","x":27.957317,"y":-6.585366,"z":46.341465}
{"deviceid":"b81e905908354542","eventtype":"gyroscope","timestamp":1456248355996,"userid":"vincent.planat@hpe.com","trainingMode":"WALKING_UP","x":86.981712,"y":-9.847561,"z":-11.463415}
{"deviceid":"b81e905908354542","eventtype":"gyroscope","timestamp":1456248357818,"userid":"vincent.planat@hpe.com","trainingMode":"WALKING_UP","x":-44.054878,"y":53.445122,"z":21.036587}
{"deviceid":"b81e905908354542","eventtype":"gyroscope","timestamp":1456248345343,"userid":"vincent.planat@hpe.com","trainingMode":"WALKING_UP","x":-38.079269,"y":11.432927,"z":-116.067078}
{"deviceid":"b81e905908354542","eventtype":"gyroscope","timestamp":1456248356216,"userid":"vincent.planat@hpe.com","trainingMode":"WALKING_UP","x":-34.908539,"y":52.835365,"z":-10.213415}
{"deviceid":"b81e905908354542","eventtype":"gyroscope","timestamp":1456248363161,"userid":"vincent.planat@hpe.com","trainingMode":"WALKING_UP","x":-64.207321,"y":26.737806,"z":34.115856}
{"deviceid":"b81e905908354542","eventtype":"gyroscope","timestamp":1456248355002,"userid":"vincent.planat@hpe.com","trainingMode":"WALKING_UP","x":55.945122,"y":-14.573171,"z":-55.091465}
{"deviceid":"b81e905908354542","eventtype":"gyroscope","timestamp":1456248337970,"userid":"vincent.planat@hpe.com","trainingMode":"WALKING_UP","x":78.201218,"y":3.810976,"z":-55.304878}
{"deviceid":"b81e905908354542","eventtype":"gyroscope","timestamp":1456248363363,"userid":"vincent.planat@hpe.com","trainingMode":"WALKING_UP","x":36.341465,"y":13.04878,"z":17.896341}
{"deviceid":"b81e905908354542","eventtype":"gyroscope","timestamp":1456248353860,"userid":"vincent.planat@hpe.com","trainingMode":"WALKING_UP","x":64.603661,"y":-26.981709,"z":58.5061}
{"deviceid":"b81e905908354542","eventtype":"gyroscope","timestamp":1456248358651,"userid":"vincent.planat@hpe.com","trainingMode":"WALKING_UP","x":15.792684,"y":27.774391,"z":35.182926}
{"deviceid":"b81e905908354542","eventtype":"gyroscope","timestamp":1456248337801,"userid":"vincent.planat@hpe.com","trainingMode":"WALKING_UP","x":173.536591,"y":-29.481709,"z":-52.134148}
{"deviceid":"b81e905908354542","eventtype":"gyroscope","timestamp":1456248358670,"userid":"vincent.planat@hpe.com","trainingMode":"WALKING_UP","x":15.792684,"y":27.774391,"z":35.182926}
{"deviceid":"b81e905908354542","eventtype":"gyroscope","timestamp":1456248358279,"userid":"vincent.planat@hpe.com","trainingMode":"WALKING_UP","x":-5.0,"y":0.152439,"z":-20.121952}
{"deviceid":"b81e905908354542","eventtype":"gyroscope","timestamp":1456248349210,"userid":"vincent.planat@hpe.com","trainingMode":"WALKING_UP","x":100.121956,"y":-5.091464,"z":113.75}
{"deviceid":"b81e905908354542","eventtype":"gyroscope","timestamp":1456248340892,"userid":"vincent.planat@hpe.com","trainingMode":"WALKING_UP","x":73.140244,"y":-21.493902,"z":30.762196}
{"deviceid":"b81e905908354542","eventtype":"gyroscope","timestamp":1456248342023,"userid":"vincent.planat@hpe.com","trainingMode":"WALKING_UP","x":65.914635,"y":-23.932928,"z":-54.603661}
{"deviceid":"b81e905908354542","eventtype":"gyroscope","timestamp":1456248367590,"userid":"vincent.planat@hpe.com","trainingMode":"WALKING_UP","x":3.689024,"y":3.628049,"z":-28.475611}
{"deviceid":"b81e905908354542","eventtype":"gyroscope","timestamp":1456248340451,"userid":"vincent.planat@hpe.com","trainingMode":"WALKING_UP","x":-25.884148,"y":21.097561,"z":4.02439}
{"deviceid":"b81e905908354542","eventtype":"gyroscope","timestamp":1456248364485,"userid":"vincent.planat@hpe.com","trainingMode":"WALKING_UP","x":10.182927,"y":-3.20122,"z":-7.195122}
{"deviceid":"b81e905908354542","eventtype":"gyroscope","timestamp":1456248355531,"userid":"vincent.planat@hpe.com","trainingMode":"WALKING_UP","x":50.182926,"y":-15.457317,"z":-52.5}
{"deviceid":"b81e905908354542","eventtype":"gyroscope","timestamp":1456248356699,"userid":"vincent.planat@hpe.com","trainingMode":"WALKING_UP","x":90.731712,"y":19.512196,"z":3.018293}
{"deviceid":"b81e905908354542","eventtype":"gyroscope","timestamp":1456248343055,"userid":"vincent.planat@hpe.com","trainingMode":"WALKING_UP","x":81.25,"y":-38.445122,"z":-158.963425}
{"deviceid":"b81e905908354542","eventtype":"gyroscope","timestamp":1456248364361,"userid":"vincent.planat@hpe.com","trainingMode":"WALKING_UP","x":1.371951,"y":13.20122,"z":-22.957317}
{"deviceid":"b81e905908354542","eventtype":"gyroscope","timestamp":1456248365476,"userid":"vincent.planat@hpe.com","trainingMode":"WALKING_UP","x":-16.067074,"y":-26.768293,"z":60.060978}
{"deviceid":"b81e905908354542","eventtype":"gyroscope","timestamp":1456248342626,"userid":"vincent.planat@hpe.com","trainingMode":"WALKING_UP","x":45.42683,"y":-18.20122,"z":-45.121952}
{"deviceid":"b81e905908354542","eventtype":"gyroscope","timestamp":1456248366142,"userid":"vincent.planat@hpe.com","trainingMode":"WALKING_UP","x":-12.621951,"y":-16.341463,"z":41.768295}
{"deviceid":"b81e905908354542","eventtype":"gyroscope","timestamp":1456248340698,"userid":"vincent.planat@hpe.com","trainingMode":"WALKING_UP","x":136.310974,"y":-21.981709,"z":38.353661}
{"deviceid":"b81e905908354542","eventtype":"gyroscope","timestamp":1456248362287,"userid":"vincent.planat@hpe.com","trainingMode":"WALKING_UP","x":-74.268295,"y":-3.597561,"z":-20.640244}
{"deviceid":"b81e905908354542","eventtype":"gyroscope","timestamp":1456248353976,"userid":"vincent.planat@hpe.com","trainingMode":"WALKING_UP","x":28.353659,"y":-39.268295,"z":20.152439}
{"deviceid":"b81e905908354542","eventtype":"gyroscope","timestamp":1456248346341,"userid":"vincent.planat@hpe.com","trainingMode":"WALKING_UP","x":-16.859756,"y":12.987805,"z":-64.603661}
{"deviceid":"b81e905908354542","eventtype":"gyroscope","timestamp":1456248350157,"userid":"vincent.planat@hpe.com","trainingMode":"WALKING_UP","x":13.445123,"y":-42.012196,"z":69.054878}
{"deviceid":"b81e905908354542","eventtype":"gyroscope","timestamp":1456248368040,"userid":"vincent.planat@hpe.com","trainingMode":"WALKING_UP","x":0.853659,"y":1.585366,"z":-7.743903}
{"deviceid":"b81e905908354542","eventtype":"gyroscope","timestamp":1456248356172,"userid":"vincent.planat@hpe.com","trainingMode":"WALKING_UP","x":10.365854,"y":11.615854,"z":-5.335366}
{"deviceid":"b81e905908354542","eventtype":"gyroscope","timestamp":1456248350185,"userid":"vincent.planat@hpe.com","trainingMode":"WALKING_UP","x":13.445123,"y":-42.012196,"z":69.054878}
{"deviceid":"b81e905908354542","eventtype":"gyroscope","timestamp":1456248364378,"userid":"vincent.planat@hpe.com","trainingMode":"WALKING_UP","x":1.371951,"y":13.20122,"z":-22.957317}
{"deviceid":"b81e905908354542","eventtype":"gyroscope","timestamp":1456248345660,"userid":"vincent.planat@hpe.com","trainingMode":"WALKING_UP","x":-43.109756,"y":27.439026,"z":-1.768293}
{"deviceid":"b81e905908354542","eventtype":"gyroscope","timestamp":1456248350593,"userid":"vincent.planat@hpe.com","trainingMode":"WALKING_UP","x":3.506098,"y":-5.884147,"z":-19.268293}
{"deviceid":"b81e905908354542","eventtype":"gyroscope","timestamp":1456248341212,"userid":"vincent.planat@hpe.com","trainingMode":"WALKING_UP","x":-6.585366,"y":-3.384146,"z":16.036585}
{"deviceid":"b81e905908354542","eventtype":"gyroscope","timestamp":1456248362197,"userid":"vincent.planat@hpe.com","trainingMode":"WALKING_UP","x":34.695122,"y":-26.189026,"z":-31.524391}
{"deviceid":"b81e905908354542","eventtype":"gyroscope","timestamp":1456248343033,"userid":"vincent.planat@hpe.com","trainingMode":"WALKING_UP","x":81.25,"y":-38.445122,"z":-158.963425}
{"deviceid":"b81e905908354542","eventtype":"gyroscope","timestamp":1456248361487,"userid":"vincent.planat@hpe.com","trainingMode":"WALKING_UP","x":20.884148,"y":14.939025,"z":23.536587}
{"deviceid":"b81e905908354542","eventtype":"gyroscope","timestamp":1456248365642,"userid":"vincent.planat@hpe.com","trainingMode":"WALKING_UP","x":-7.804878,"y":-45.792683,"z":72.378052}
{"deviceid":"b81e905908354542","eventtype":"gyroscope","timestamp":1456248354360,"userid":"vincent.planat@hpe.com","trainingMode":"WALKING_UP","x":8.292683,"y":-13.109756,"z":4.603659}
{"deviceid":"b81e905908354542","eventtype":"gyroscope","timestamp":1456248339573,"userid":"vincent.planat@hpe.com","trainingMode":"WALKING_UP","x":-41.554878,"y":9.481708,"z":110.304878}
{"deviceid":"b81e905908354542","eventtype":"gyroscope","timestamp":1456248351171,"userid":"vincent.planat@hpe.com","trainingMode":"WALKING_UP","x":74.298782,"y":20.243902,"z":-30.579269}
{"deviceid":"b81e905908354542","eventtype":"gyroscope","timestamp":1456248361474,"userid":"vincent.planat@hpe.com","trainingMode":"WALKING_UP","x":20.884148,"y":14.939025,"z":23.536587}
{"deviceid":"b81e905908354542","eventtype":"gyroscope","timestamp":1456248345047,"userid":"vincent.planat@hpe.com","trainingMode":"WALKING_UP","x":28.75,"y":12.073171,"z":91.737808}
{"deviceid":"b81e905908354542","eventtype":"gyroscope","timestamp":1456248340077,"userid":"vincent.planat@hpe.com","trainingMode":"WALKING_UP","x":99.481712,"y":52.591465,"z":-135.030487}
{"deviceid":"b81e905908354542","eventtype":"gyroscope","timestamp":1456248347847,"userid":"vincent.planat@hpe.com","trainingMode":"WALKING_UP","x":135.518295,"y":-50.518295,"z":9.664635}
{"deviceid":"b81e905908354542","eventtype":"gyroscope","timestamp":1456248366962,"userid":"vincent.planat@hpe.com","trainingMode":"WALKING_UP","x":41.859756,"y":14.390244,"z":-39.512196}
{"deviceid":"b81e905908354542","eventtype":"gyroscope","timestamp":1456248355367,"userid":"vincent.planat@hpe.com","trainingMode":"WALKING_UP","x":-19.024391,"y":-1.128049,"z":20.70122}
{"deviceid":"b81e905908354542","eventtype":"gyroscope","timestamp":1456248368569,"userid":"vincent.planat@hpe.com","trainingMode":"WALKING_UP","x":30.975611,"y":12.835366,"z":-16.067074}
{"deviceid":"b81e905908354542","eventtype":"gyroscope","timestamp":1456248353218,"userid":"vincent.planat@hpe.com","trainingMode":"WALKING_UP","x":49.420734,"y":-14.634147,"z":4.969512}
{"deviceid":"b81e905908354542","eventtype":"gyroscope","timestamp":1456248350613,"userid":"vincent.planat@hpe.com","trainingMode":"WALKING_UP","x":3.506098,"y":-5.884147,"z":-19.268293}
{"deviceid":"b81e905908354542","eventtype":"gyroscope","timestamp":1456248352691,"userid":"vincent.planat@hpe.com","trainingMode":"WALKING_UP","x":-52.134148,"y":26.463415,"z":68.353661}
{"deviceid":"b81e905908354542","eventtype":"gyroscope","timestamp":1456248345232,"userid":"vincent.planat@hpe.com","trainingMode":"WALKING_UP","x":-67.134148,"y":8.47561,"z":-71.981712}
{"deviceid":"b81e905908354542","eventtype":"gyroscope","timestamp":1456248366767,"userid":"vincent.planat@hpe.com","trainingMode":"WALKING_UP","x":9.664635,"y":-8.140244,"z":-23.018293}
{"deviceid":"b81e905908354542","eventtype":"gyroscope","timestamp":1456248349397,"userid":"vincent.planat@hpe.com","trainingMode":"WALKING_UP","x":26.615854,"y":-21.829269,"z":-128.353668}
{"deviceid":"b81e905908354542","eventtype":"gyroscope","timestamp":1456248346975,"userid":"vincent.planat@hpe.com","trainingMode":"WALKING_UP","x":-4.085366,"y":15.823171,"z":24.756098}
{"deviceid":"b81e905908354542","eventtype":"gyroscope","timestamp":1456248344384,"userid":"vincent.planat@hpe.com","trainingMode":"WALKING_UP","x":170.640244,"y":-28.993902,"z":4.054878}
{"deviceid":"b81e905908354542","eventtype":"gyroscope","timestamp":1456248367955,"userid":"vincent.planat@hpe.com","trainingMode":"WALKING_UP","x":0.884146,"y":0.152439,"z":-0.426829}
{"deviceid":"b81e905908354542","eventtype":"gyroscope","timestamp":1456248340629,"userid":"vincent.planat@hpe.com","trainingMode":"WALKING_UP","x":36.25,"y":38.475609,"z":-8.506098}
{"deviceid":"b81e905908354542","eventtype":"gyroscope","timestamp":1456248339320,"userid":"vincent.planat@hpe.com","trainingMode":"WALKING_UP","x":-80.640244,"y":35.487804,"z":6.189024}
{"deviceid":"b81e905908354542","eventtype":"gyroscope","timestamp":1456248337786,"userid":"vincent.planat@hpe.com","trainingMode":"WALKING_UP","x":173.536591,"y":-29.481709,"z":-52.134148}
{"deviceid":"b81e905908354542","eventtype":"gyroscope","timestamp":1456248354918,"userid":"vincent.planat@hpe.com","trainingMode":"WALKING_UP","x":36.189026,"y":-0.609756,"z":-71.341469}
{"deviceid":"b81e905908354542","eventtype":"gyroscope","timestamp":1456248340061,"userid":"vincent.planat@hpe.com","trainingMode":"WALKING_UP","x":99.481712,"y":52.591465,"z":-135.030487}
{"deviceid":"b81e905908354542","eventtype":"gyroscope","timestamp":1456248359037,"userid":"vincent.planat@hpe.com","trainingMode":"WALKING_UP","x":-10.518293,"y":17.896341,"z":10.426829}
{"deviceid":"b81e905908354542","eventtype":"gyroscope","timestamp":1456248355018,"userid":"vincent.planat@hpe.com","trainingMode":"WALKING_UP","x":55.945122,"y":-14.573171,"z":-55.091465}
{"deviceid":"b81e905908354542","eventtype":"gyroscope","timestamp":1456248353377,"userid":"vincent.planat@hpe.com","trainingMode":"WALKING_UP","x":31.493904,"y":-12.865854,"z":37.804878}
{"deviceid":"b81e905908354542","eventtype":"gyroscope","timestamp":1456248361775,"userid":"vincent.planat@hpe.com","trainingMode":"WALKING_UP","x":-335.152435,"y":1.371951,"z":102.743904}
{"deviceid":"b81e905908354542","eventtype":"gyroscope","timestamp":1456248366157,"userid":"vincent.planat@hpe.com","trainingMode":"WALKING_UP","x":-12.621951,"y":-16.341463,"z":41.768295}
{"deviceid":"b81e905908354542","eventtype":"gyroscope","timestamp":1456248342240,"userid":"vincent.planat@hpe.com","trainingMode":"WALKING_UP","x":55.670734,"y":-38.75,"z":-10.518293}
{"deviceid":"b81e905908354542","eventtype":"gyroscope","timestamp":1456248348903,"userid":"vincent.planat@hpe.com","trainingMode":"WALKING_UP","x":46.189026,"y":-7.042683,"z":-67.68293}
{"deviceid":"b81e905908354542","eventtype":"gyroscope","timestamp":1456248337956,"userid":"vincent.planat@hpe.com","trainingMode":"WALKING_UP","x":78.201218,"y":3.810976,"z":-55.304878}
{"deviceid":"b81e905908354542","eventtype":"gyroscope","timestamp":1456248353365,"userid":"vincent.planat@hpe.com","trainingMode":"WALKING_UP","x":31.493904,"y":-12.865854,"z":37.804878}
{"deviceid":"b81e905908354542","eventtype":"gyroscope","timestamp":1456248346856,"userid":"vincent.planat@hpe.com","trainingMode":"WALKING_UP","x":11.890244,"y":6.981708,"z":58.628052}
{"deviceid":"b81e905908354542","eventtype":"gyroscope","timestamp":1456248368616,"userid":"vincent.planat@hpe.com","trainingMode":"WALKING_UP","x":2.134146,"y":0.884146,"z":-8.75}
{"deviceid":"b81e905908354542","eventtype":"gyroscope","timestamp":1456248358598,"userid":"vincent.planat@hpe.com","trainingMode":"WALKING_UP","x":18.993902,"y":-3.353659,"z":40.457317}
{"deviceid":"b81e905908354542","eventtype":"gyroscope","timestamp":1456248363692,"userid":"vincent.planat@hpe.com","trainingMode":"WALKING_UP","x":7.804878,"y":24.847561,"z":-154.725616}
{"deviceid":"b81e905908354542","eventtype":"gyroscope","timestamp":1456248345389,"userid":"vincent.planat@hpe.com","trainingMode":"WALKING_UP","x":145.945129,"y":-41.280487,"z":-15.670732}
{"deviceid":"b81e905908354542","eventtype":"gyroscope","timestamp":1456248367691,"userid":"vincent.planat@hpe.com","trainingMode":"WALKING_UP","x":-2.77439,"y":-16.79878,"z":-20.914635}
{"deviceid":"b81e905908354542","eventtype":"gyroscope","timestamp":1456248366047,"userid":"vincent.planat@hpe.com","trainingMode":"WALKING_UP","x":10.640244,"y":-26.920732,"z":54.17683}
{"deviceid":"b81e905908354542","eventtype":"gyroscope","timestamp":1456248338635,"userid":"vincent.planat@hpe.com","trainingMode":"WALKING_UP","x":-169.390244,"y":-157.591461,"z":-111.341469}
{"deviceid":"b81e905908354542","eventtype":"gyroscope","timestamp":1456248361167,"userid":"vincent.planat@hpe.com","trainingMode":"WALKING_UP","x":-71.310974,"y":1.371951,"z":-19.847561}
{"deviceid":"b81e905908354542","eventtype":"gyroscope","timestamp":1456248363484,"userid":"vincent.planat@hpe.com","trainingMode":"WALKING_UP","x":-24.29878,"y":7.134147,"z":23.262196}
{"deviceid":"b81e905908354542","eventtype":"gyroscope","timestamp":1456248360356,"userid":"vincent.planat@hpe.com","trainingMode":"WALKING_UP","x":248.201233,"y":11.280488,"z":41.920734}
{"deviceid":"b81e905908354542","eventtype":"gyroscope","timestamp":1456248367356,"userid":"vincent.planat@hpe.com","trainingMode":"WALKING_UP","x":11.890244,"y":7.835366,"z":-23.20122}
{"deviceid":"b81e905908354542","eventtype":"gyroscope","timestamp":1456248350971,"userid":"vincent.planat@hpe.com","trainingMode":"WALKING_UP","x":-29.756098,"y":7.77439,"z":19.481709}
{"deviceid":"b81e905908354542","eventtype":"gyroscope","timestamp":1456248353087,"userid":"vincent.planat@hpe.com","trainingMode":"WALKING_UP","x":73.567078,"y":-27.103659,"z":-48.658539}
{"deviceid":"b81e905908354542","eventtype":"gyroscope","timestamp":1456248337638,"userid":"vincent.planat@hpe.com","trainingMode":"WALKING_UP","x":80.853661,"y":-14.085366,"z":-127.530487}
{"deviceid":"b81e905908354542","eventtype":"gyroscope","timestamp":1456248358374,"userid":"vincent.planat@hpe.com","trainingMode":"WALKING_UP","x":-14.603659,"y":-48.231709,"z":-43.384148}
{"deviceid":"b81e905908354542","eventtype":"gyroscope","timestamp":1456248337106,"userid":"vincent.planat@hpe.com","trainingMode":"WALKING_UP","x":-20.609756,"y":-5.518293,"z":-4.908537}
{"deviceid":"b81e905908354542","eventtype":"gyroscope","timestamp":1456248363872,"userid":"vincent.planat@hpe.com","trainingMode":"WALKING_UP","x":15.335366,"y":15.670732,"z":-44.817074}
{"deviceid":"b81e905908354542","eventtype":"gyroscope","timestamp":1456248364497,"userid":"vincent.planat@hpe.com","trainingMode":"WALKING_UP","x":10.182927,"y":-3.20122,"z":-7.195122}
{"deviceid":"b81e905908354542","eventtype":"gyroscope","timestamp":1456248344397,"userid":"vincent.planat@hpe.com","trainingMode":"WALKING_UP","x":170.640244,"y":-28.993902,"z":4.054878}
{"deviceid":"b81e905908354542","eventtype":"gyroscope","timestamp":1456248347518,"userid":"vincent.planat@hpe.com","trainingMode":"WALKING_UP","x":34.542683,"y":-38.567074,"z":-8.993902}
{"deviceid":"b81e905908354542","eventtype":"gyroscope","timestamp":1456248342885,"userid":"vincent.planat@hpe.com","trainingMode":"WALKING_UP","x":72.378052,"y":-10.914635,"z":59.451221}
{"deviceid":"b81e905908354542","eventtype":"gyroscope","timestamp":1456248353616,"userid":"vincent.planat@hpe.com","trainingMode":"WALKING_UP","x":46.859756,"y":11.310976,"z":-25.030489}
{"deviceid":"b81e905908354542","eventtype":"gyroscope","timestamp":1456248356568,"userid":"vincent.planat@hpe.com","trainingMode":"WALKING_UP","x":23.567074,"y":8.414635,"z":21.67683}
{"deviceid":"b81e905908354542","eventtype":"gyroscope","timestamp":1456248360565,"userid":"vincent.planat@hpe.com","trainingMode":"WALKING_UP","x":-60.243904,"y":-16.615854,"z":-22.957317}
{"deviceid":"b81e905908354542","eventtype":"gyroscope","timestamp":1456248343498,"userid":"vincent.planat@hpe.com","trainingMode":"WALKING_UP","x":9.939025,"y":9.29878,"z":74.176834}
{"deviceid":"b81e905908354542","eventtype":"gyroscope","timestamp":1456248345214,"userid":"vincent.planat@hpe.com","trainingMode":"WALKING_UP","x":-67.134148,"y":8.47561,"z":-71.981712}
{"deviceid":"b81e905908354542","eventtype":"gyroscope","timestamp":1456248338294,"userid":"vincent.planat@hpe.com","trainingMode":"WALKING_UP","x":-21.219513,"y":70.243904,"z":45.030487}
{"deviceid":"b81e905908354542","eventtype":"gyroscope","timestamp":1456248349013,"userid":"vincent.planat@hpe.com","trainingMode":"WALKING_UP","x":103.902443,"y":-25.579269,"z":-96.737808}
{"deviceid":"b81e905908354542","eventtype":"gyroscope","timestamp":1456248358482,"userid":"vincent.planat@hpe.com","trainingMode":"WALKING_UP","x":61.036587,"y":-40.731709,"z":36.280487}
{"deviceid":"b81e905908354542","eventtype":"gyroscope","timestamp":1456248364038,"userid":"vincent.planat@hpe.com","trainingMode":"WALKING_UP","x":1.463415,"y":32.2561,"z":-37.957317}
{"deviceid":"b81e905908354542","eventtype":"gyroscope","timestamp":1456248359534,"userid":"vincent.planat@hpe.com","trainingMode":"WALKING_UP","x":-483.140259,"y":36.25,"z":9.45122}
{"deviceid":"b81e905908354542","eventtype":"gyroscope","timestamp":1456248354215,"userid":"vincent.planat@hpe.com","trainingMode":"WALKING_UP","x":73.963417,"y":-35.42683,"z":-77.560974}
{"deviceid":"b81e905908354542","eventtype":"gyroscope","timestamp":1456248362405,"userid":"vincent.planat@hpe.com","trainingMode":"WALKING_UP","x":-18.109756,"y":-8.628049,"z":-18.993902}
{"deviceid":"b81e905908354542","eventtype":"gyroscope","timestamp":1456248357986,"userid":"vincent.planat@hpe.com","trainingMode":"WALKING_UP","x":-20.335367,"y":25.762196,"z":25.030489}
{"deviceid":"b81e905908354542","eventtype":"gyroscope","timestamp":1456248363313,"userid":"vincent.planat@hpe.com","trainingMode":"WALKING_UP","x":-22.530489,"y":-12.896341,"z":14.512196}
{"deviceid":"b81e905908354542","eventtype":"gyroscope","timestamp":1456248337708,"userid":"vincent.planat@hpe.com","trainingMode":"WALKING_UP","x":121.128052,"y":-49.542683,"z":-78.628052}
{"deviceid":"b81e905908354542","eventtype":"gyroscope","timestamp":1456248338616,"userid":"vincent.planat@hpe.com","trainingMode":"WALKING_UP","x":-169.390244,"y":-157.591461,"z":-111.341469}
{"deviceid":"b81e905908354542","eventtype":"gyroscope","timestamp":1456248356015,"userid":"vincent.planat@hpe.com","trainingMode":"WALKING_UP","x":86.981712,"y":-9.847561,"z":-11.463415}
{"deviceid":"b81e905908354542","eventtype":"gyroscope","timestamp":1456248358914,"userid":"vincent.planat@hpe.com","trainingMode":"WALKING_UP","x":28.871952,"y":11.554878,"z":-63.231709}
{"deviceid":"b81e905908354542","eventtype":"gyroscope","timestamp":1456248360582,"userid":"vincent.planat@hpe.com","trainingMode":"WALKING_UP","x":-60.243904,"y":-16.615854,"z":-22.957317}
{"deviceid":"b81e905908354542","eventtype":"gyroscope","timestamp":1456248338546,"userid":"vincent.planat@hpe.com","trainingMode":"WALKING_UP","x":-9.207317,"y":-23.04878,"z":-50.670734}
{"deviceid":"b81e905908354542","eventtype":"gyroscope","timestamp":1456248350440,"userid":"vincent.planat@hpe.com","trainingMode":"WALKING_UP","x":-64.634148,"y":0.060976,"z":86.615852}
{"deviceid":"b81e905908354542","eventtype":"gyroscope","timestamp":1456248364159,"userid":"vincent.planat@hpe.com","trainingMode":"WALKING_UP","x":15.426829,"y":32.378048,"z":-29.085367}
{"deviceid":"b81e905908354542","eventtype":"gyroscope","timestamp":1456248337858,"userid":"vincent.planat@hpe.com","trainingMode":"WALKING_UP","x":25.945122,"y":9.359756,"z":10.121951}
{"deviceid":"b81e905908354542","eventtype":"gyroscope","timestamp":1456248356869,"userid":"vincent.planat@hpe.com","trainingMode":"WALKING_UP","x":-73.048782,"y":-43.048782,"z":-72.743904}
{"deviceid":"b81e905908354542","eventtype":"gyroscope","timestamp":1456248337301,"userid":"vincent.planat@hpe.com","trainingMode":"WALKING_UP","x":-45.152439,"y":-10.426829,"z":-12.682927}
{"deviceid":"b81e905908354542","eventtype":"gyroscope","timestamp":1456248351837,"userid":"vincent.planat@hpe.com","trainingMode":"WALKING_UP","x":125.091469,"y":-43.780487,"z":-8.506098}
{"deviceid":"b81e905908354542","eventtype":"gyroscope","timestamp":1456248347221,"userid":"vincent.planat@hpe.com","trainingMode":"WALKING_UP","x":87.591469,"y":-48.048782,"z":28.475611}
{"deviceid":"b81e905908354542","eventtype":"gyroscope","timestamp":1456248348801,"userid":"vincent.planat@hpe.com","trainingMode":"WALKING_UP","x":110.243904,"y":-43.841465,"z":5.487805}
{"deviceid":"b81e905908354542","eventtype":"gyroscope","timestamp":1456248360120,"userid":"vincent.planat@hpe.com","trainingMode":"WALKING_UP","x":-21.890244,"y":-23.109756,"z":0.182927}
{"deviceid":"b81e905908354542","eventtype":"gyroscope","timestamp":1456248362421,"userid":"vincent.planat@hpe.com","trainingMode":"WALKING_UP","x":-18.109756,"y":-8.628049,"z":-18.993902}
{"deviceid":"b81e905908354542","eventtype":"gyroscope","timestamp":1456248350050,"userid":"vincent.planat@hpe.com","trainingMode":"WALKING_UP","x":-80.579269,"y":67.347565,"z":-4.542683}
{"deviceid":"b81e905908354542","eventtype":"gyroscope","timestamp":1456248362785,"userid":"vincent.planat@hpe.com","trainingMode":"WALKING_UP","x":-17.256098,"y":6.95122,"z":-30.579269}
{"deviceid":"b81e905908354542","eventtype":"gyroscope","timestamp":1456248361245,"userid":"vincent.planat@hpe.com","trainingMode":"WALKING_UP","x":-4.756098,"y":1.189024,"z":-16.768293}
{"deviceid":"b81e905908354542","eventtype":"gyroscope","timestamp":1456248359409,"userid":"vincent.planat@hpe.com","trainingMode":"WALKING_UP","x":-377.5,"y":84.817078,"z":22.012196}
{"deviceid":"b81e905908354542","eventtype":"gyroscope","timestamp":1456248367092,"userid":"vincent.planat@hpe.com","trainingMode":"WALKING_UP","x":5.121951,"y":14.817074,"z":-69.481712}
{"deviceid":"b81e905908354542","eventtype":"gyroscope","timestamp":1456248338769,"userid":"vincent.planat@hpe.com","trainingMode":"WALKING_UP","x":28.109756,"y":-109.847565,"z":-91.524391}
{"deviceid":"b81e905908354542","eventtype":"gyroscope","timestamp":1456248344686,"userid":"vincent.planat@hpe.com","trainingMode":"WALKING_UP","x":-16.79878,"y":10.823171,"z":-0.030488}
{"deviceid":"b81e905908354542","eventtype":"gyroscope","timestamp":1456248347862,"userid":"vincent.planat@hpe.com","trainingMode":"WALKING_UP","x":135.518295,"y":-50.518295,"z":9.664635}
{"deviceid":"b81e905908354542","eventtype":"gyroscope","timestamp":1456248350036,"userid":"vincent.planat@hpe.com","trainingMode":"WALKING_UP","x":-80.579269,"y":67.347565,"z":-4.542683}
{"deviceid":"b81e905908354542","eventtype":"gyroscope","timestamp":1456248351294,"userid":"vincent.planat@hpe.com","trainingMode":"WALKING_UP","x":-70.762199,"y":7.012195,"z":19.725611}
{"deviceid":"b81e905908354542","eventtype":"gyroscope","timestamp":1456248363560,"userid":"vincent.planat@hpe.com","trainingMode":"WALKING_UP","x":23.323172,"y":18.445122,"z":58.292683}
{"deviceid":"b81e905908354542","eventtype":"gyroscope","timestamp":1456248355790,"userid":"vincent.planat@hpe.com","trainingMode":"WALKING_UP","x":49.481709,"y":-40.701221,"z":-31.95122}
{"deviceid":"b81e905908354542","eventtype":"gyroscope","timestamp":1456248367376,"userid":"vincent.planat@hpe.com","trainingMode":"WALKING_UP","x":11.890244,"y":7.835366,"z":-23.20122}
{"deviceid":"b81e905908354542","eventtype":"gyroscope","timestamp":1456248342866,"userid":"vincent.planat@hpe.com","trainingMode":"WALKING_UP","x":72.378052,"y":-10.914635,"z":59.451221}
{"deviceid":"b81e905908354542","eventtype":"gyroscope","timestamp":1456248351745,"userid":"vincent.planat@hpe.com","trainingMode":"WALKING_UP","x":-5.609756,"y":18.231709,"z":-113.475609}
{"deviceid":"b81e905908354542","eventtype":"gyroscope","timestamp":1456248360731,"userid":"vincent.planat@hpe.com","trainingMode":"WALKING_UP","x":341.707336,"y":-11.341464,"z":-44.024391}
{"deviceid":"b81e905908354542","eventtype":"gyroscope","timestamp":1456248339868,"userid":"vincent.planat@hpe.com","trainingMode":"WALKING_UP","x":-138.018295,"y":16.219513,"z":-100.823174}
{"deviceid":"b81e905908354542","eventtype":"gyroscope","timestamp":1456248344105,"userid":"vincent.planat@hpe.com","trainingMode":"WALKING_UP","x":-29.054878,"y":1.097561,"z":-91.493904}
{"deviceid":"b81e905908354542","eventtype":"gyroscope","timestamp":1456248353752,"userid":"vincent.planat@hpe.com","trainingMode":"WALKING_UP","x":55.335365,"y":-21.79878,"z":4.969512}
{"deviceid":"b81e905908354542","eventtype":"gyroscope","timestamp":1456248354124,"userid":"vincent.planat@hpe.com","trainingMode":"WALKING_UP","x":42.743904,"y":-30.823172,"z":-24.054878}
{"deviceid":"b81e905908354542","eventtype":"gyroscope","timestamp":1456248358293,"userid":"vincent.planat@hpe.com","trainingMode":"WALKING_UP","x":-5.0,"y":0.152439,"z":-20.121952}
{"deviceid":"b81e905908354542","eventtype":"gyroscope","timestamp":1456248345409,"userid":"vincent.planat@hpe.com","trainingMode":"WALKING_UP","x":145.945129,"y":-41.280487,"z":-15.670732}
{"deviceid":"b81e905908354542","eventtype":"gyroscope","timestamp":1456248346636,"userid":"vincent.planat@hpe.com","trainingMode":"WALKING_UP","x":88.262199,"y":-18.536587,"z":-36.829269}
{"deviceid":"b81e905908354542","eventtype":"gyroscope","timestamp":1456248361643,"userid":"vincent.planat@hpe.com","trainingMode":"WALKING_UP","x":-46.158539,"y":45.731709,"z":41.707317}
{"deviceid":"b81e905908354542","eventtype":"gyroscope","timestamp":1456248346690,"userid":"vincent.planat@hpe.com","trainingMode":"WALKING_UP","x":50.823174,"y":-9.939025,"z":22.835367}
{"deviceid":"b81e905908354542","eventtype":"gyroscope","timestamp":1456248349770,"userid":"vincent.planat@hpe.com","trainingMode":"WALKING_UP","x":52.439026,"y":-23.689026,"z":3.810976}
{"deviceid":"b81e905908354542","eventtype":"gyroscope","timestamp":1456248362183,"userid":"vincent.planat@hpe.com","trainingMode":"WALKING_UP","x":34.695122,"y":-26.189026,"z":-31.524391}
{"deviceid":"b81e905908354542","eventtype":"gyroscope","timestamp":1456248349028,"userid":"vincent.planat@hpe.com","trainingMode":"WALKING_UP","x":103.902443,"y":-25.579269,"z":-96.737808}
{"deviceid":"b81e905908354542","eventtype":"gyroscope","timestamp":1456248338941,"userid":"vincent.planat@hpe.com","trainingMode":"WALKING_UP","x":75.945122,"y":-54.603661,"z":-81.189026}
{"deviceid":"b81e905908354542","eventtype":"gyroscope","timestamp":1456248361047,"userid":"vincent.planat@hpe.com","trainingMode":"WALKING_UP","x":-48.231709,"y":4.390244,"z":-33.689026}
{"deviceid":"b81e905908354542","eventtype":"gyroscope","timestamp":1456248354818,"userid":"vincent.planat@hpe.com","trainingMode":"WALKING_UP","x":74.420731,"y":-29.268293,"z":-30.731709}
{"deviceid":"b81e905908354542","eventtype":"gyroscope","timestamp":1456248342524,"userid":"vincent.planat@hpe.com","trainingMode":"WALKING_UP","x":71.341469,"y":-4.29878,"z":-55.884148}
{"deviceid":"b81e905908354542","eventtype":"gyroscope","timestamp":1456248349850,"userid":"vincent.planat@hpe.com","trainingMode":"WALKING_UP","x":-11.25,"y":16.79878,"z":20.975611}
{"deviceid":"b81e905908354542","eventtype":"gyroscope","timestamp":1456248352262,"userid":"vincent.planat@hpe.com","trainingMode":"WALKING_UP","x":-28.170732,"y":22.957317,"z":-1.737805}
{"deviceid":"b81e905908354542","eventtype":"gyroscope","timestamp":1456248359555,"userid":"vincent.planat@hpe.com","trainingMode":"WALKING_UP","x":-483.140259,"y":36.25,"z":9.45122}
{"deviceid":"b81e905908354542","eventtype":"gyroscope","timestamp":1456248351951,"userid":"vincent.planat@hpe.com","trainingMode":"WALKING_UP","x":33.231709,"y":-22.804878,"z":12.012196}
{"deviceid":"b81e905908354542","eventtype":"gyroscope","timestamp":1456248356310,"userid":"vincent.planat@hpe.com","trainingMode":"WALKING_UP","x":7.408537,"y":-13.140244,"z":41.707317}
{"deviceid":"b81e905908354542","eventtype":"gyroscope","timestamp":1456248356157,"userid":"vincent.planat@hpe.com","trainingMode":"WALKING_UP","x":10.365854,"y":11.615854,"z":-5.335366}
{"deviceid":"b81e905908354542","eventtype":"gyroscope","timestamp":1456248350983,"userid":"vincent.planat@hpe.com","trainingMode":"WALKING_UP","x":-29.756098,"y":7.77439,"z":19.481709}
{"deviceid":"b81e905908354542","eventtype":"gyroscope","timestamp":1456248340357,"userid":"vincent.planat@hpe.com","trainingMode":"WALKING_UP","x":2.987805,"y":9.756098,"z":31.463415}
{"deviceid":"b81e905908354542","eventtype":"gyroscope","timestamp":1456248364259,"userid":"vincent.planat@hpe.com","trainingMode":"WALKING_UP","x":12.378049,"y":29.695122,"z":-20.884148}
{"deviceid":"b81e905908354542","eventtype":"gyroscope","timestamp":1456248363301,"userid":"vincent.planat@hpe.com","trainingMode":"WALKING_UP","x":-22.530489,"y":-12.896341,"z":14.512196}
{"deviceid":"b81e905908354542","eventtype":"gyroscope","timestamp":1456248349789,"userid":"vincent.planat@hpe.com","trainingMode":"WALKING_UP","x":52.439026,"y":-23.689026,"z":3.810976}
{"deviceid":"b81e905908354542","eventtype":"gyroscope","timestamp":1456248352986,"userid":"vincent.planat@hpe.com","trainingMode":"WALKING_UP","x":42.164635,"y":-15.823171,"z":-114.756104}
{"deviceid":"b81e905908354542","eventtype":"gyroscope","timestamp":1456248358156,"userid":"vincent.planat@hpe.com","trainingMode":"WALKING_UP","x":-2.256098,"y":38.75,"z":20.457317}
{"deviceid":"b81e905908354542","eventtype":"gyroscope","timestamp":1456248366463,"userid":"vincent.planat@hpe.com","trainingMode":"WALKING_UP","x":3.445122,"y":-0.548781,"z":8.963415}
{"deviceid":"b81e905908354542","eventtype":"gyroscope","timestamp":1456248347135,"userid":"vincent.planat@hpe.com","trainingMode":"WALKING_UP","x":51.219513,"y":-1.890244,"z":-21.067074}
{"deviceid":"b81e905908354542","eventtype":"gyroscope","timestamp":1456248336997,"userid":"vincent.planat@hpe.com","trainingMode":"WALKING_UP","x":-15.182927,"y":34.7561,"z":-43.597561}
{"deviceid":"b81e905908354542","eventtype":"gyroscope","timestamp":1456248353102,"userid":"vincent.planat@hpe.com","trainingMode":"WALKING_UP","x":73.567078,"y":-27.103659,"z":-48.658539}
{"deviceid":"b81e905908354542","eventtype":"gyroscope","timestamp":1456248357679,"userid":"vincent.planat@hpe.com","trainingMode":"WALKING_UP","x":96.585365,"y":13.810976,"z":-21.95122}
{"deviceid":"b81e905908354542","eventtype":"gyroscope","timestamp":1456248339195,"userid":"vincent.planat@hpe.com","trainingMode":"WALKING_UP","x":58.93293,"y":33.75,"z":-11.585366}
{"deviceid":"b81e905908354542","eventtype":"gyroscope","timestamp":1456248351858,"userid":"vincent.planat@hpe.com","trainingMode":"WALKING_UP","x":125.091469,"y":-43.780487,"z":-8.506098}
{"deviceid":"b81e905908354542","eventtype":"gyroscope","timestamp":1456248344119,"userid":"vincent.planat@hpe.com","trainingMode":"WALKING_UP","x":-29.054878,"y":1.097561,"z":-91.493904}
{"deviceid":"b81e905908354542","eventtype":"gyroscope","timestamp":1456248339306,"userid":"vincent.planat@hpe.com","trainingMode":"WALKING_UP","x":-80.640244,"y":35.487804,"z":6.189024}
{"deviceid":"b81e905908354542","eventtype":"gyroscope","timestamp":1456248360375,"userid":"vincent.planat@hpe.com","trainingMode":"WALKING_UP","x":248.201233,"y":11.280488,"z":41.920734}
{"deviceid":"b81e905908354542","eventtype":"gyroscope","timestamp":1456248337686,"userid":"vincent.planat@hpe.com","trainingMode":"WALKING_UP","x":121.128052,"y":-49.542683,"z":-78.628052}
{"deviceid":"b81e905908354542","eventtype":"gyroscope","timestamp":1456248347366,"userid":"vincent.planat@hpe.com","trainingMode":"WALKING_UP","x":42.5,"y":-24.908537,"z":44.542683}
{"deviceid":"b81e905908354542","eventtype":"gyroscope","timestamp":1456248367510,"userid":"vincent.planat@hpe.com","trainingMode":"WALKING_UP","x":-5.487805,"y":13.170732,"z":-63.658539}
{"deviceid":"b81e905908354542","eventtype":"gyroscope","timestamp":1456248367968,"userid":"vincent.planat@hpe.com","trainingMode":"WALKING_UP","x":0.884146,"y":0.152439,"z":-0.426829}
{"deviceid":"b81e905908354542","eventtype":"gyroscope","timestamp":1456248351758,"userid":"vincent.planat@hpe.com","trainingMode":"WALKING_UP","x":-5.609756,"y":18.231709,"z":-113.475609}
{"deviceid":"b81e905908354542","eventtype":"gyroscope","timestamp":1456248368679,"userid":"vincent.planat@hpe.com","trainingMode":"WALKING_UP","x":0.243902,"y":3.932927,"z":-3.628049}
{"deviceid":"b81e905908354542","eventtype":"gyroscope","timestamp":1456248360013,"userid":"vincent.planat@hpe.com","trainingMode":"WALKING_UP","x":11.737805,"y":-21.25,"z":1.158537}
{"deviceid":"b81e905908354542","eventtype":"gyroscope","timestamp":1456248344592,"userid":"vincent.planat@hpe.com","trainingMode":"WALKING_UP","x":-14.45122,"y":12.134147,"z":36.067074}
{"deviceid":"b81e905908354542","eventtype":"gyroscope","timestamp":1456248355683,"userid":"vincent.planat@hpe.com","trainingMode":"WALKING_UP","x":70.975609,"y":-58.871952,"z":-18.475611}
{"deviceid":"b81e905908354542","eventtype":"gyroscope","timestamp":1456248366877,"userid":"vincent.planat@hpe.com","trainingMode":"WALKING_UP","x":-6.128049,"y":-10.640244,"z":-32.896343}
{"deviceid":"b81e905908354542","eventtype":"gyroscope","timestamp":1456248346841,"userid":"vincent.planat@hpe.com","trainingMode":"WALKING_UP","x":11.890244,"y":6.981708,"z":58.628052}
{"deviceid":"b81e905908354542","eventtype":"gyroscope","timestamp":1456248345980,"userid":"vincent.planat@hpe.com","trainingMode":"WALKING_UP","x":27.957317,"y":-6.585366,"z":46.341465}
{"deviceid":"b81e905908354542","eventtype":"gyroscope","timestamp":1456248356594,"userid":"vincent.planat@hpe.com","trainingMode":"WALKING_UP","x":23.567074,"y":8.414635,"z":21.67683}
{"deviceid":"b81e905908354542","eventtype":"gyroscope","timestamp":1456248340127,"userid":"vincent.planat@hpe.com","trainingMode":"WALKING_UP","x":124.359756,"y":-30.670732,"z":-54.268295}
{"deviceid":"b81e905908354542","eventtype":"gyroscope","timestamp":1456248358752,"userid":"vincent.planat@hpe.com","trainingMode":"WALKING_UP","x":-28.658537,"y":38.262196,"z":-8.841464}
{"deviceid":"b81e905908354542","eventtype":"gyroscope","timestamp":1456248364059,"userid":"vincent.planat@hpe.com","trainingMode":"WALKING_UP","x":1.463415,"y":32.2561,"z":-37.957317}
{"deviceid":"b81e905908354542","eventtype":"gyroscope","timestamp":1456248358901,"userid":"vincent.planat@hpe.com","trainingMode":"WALKING_UP","x":28.871952,"y":11.554878,"z":-63.231709}
{"deviceid":"b81e905908354542","eventtype":"gyroscope","timestamp":1456248367027,"userid":"vincent.planat@hpe.com","trainingMode":"WALKING_UP","x":3.170732,"y":24.756098,"z":-70.701218}
{"deviceid":"b81e905908354542","eventtype":"gyroscope","timestamp":1456248339882,"userid":"vincent.planat@hpe.com","trainingMode":"WALKING_UP","x":-138.018295,"y":16.219513,"z":-100.823174}
{"deviceid":"b81e905908354542","eventtype":"gyroscope","timestamp":1456248340148,"userid":"vincent.planat@hpe.com","trainingMode":"WALKING_UP","x":124.359756,"y":-30.670732,"z":-54.268295}
{"deviceid":"b81e905908354542","eventtype":"gyroscope","timestamp":1456248342788,"userid":"vincent.planat@hpe.com","trainingMode":"WALKING_UP","x":111.61586,"y":-13.079268,"z":77.68293}
{"deviceid":"b81e905908354542","eventtype":"gyroscope","timestamp":1456248347635,"userid":"vincent.planat@hpe.com","trainingMode":"WALKING_UP","x":35.945122,"y":-29.207317,"z":-73.231712}
{"deviceid":"b81e905908354542","eventtype":"gyroscope","timestamp":1456248351624,"userid":"vincent.planat@hpe.com","trainingMode":"WALKING_UP","x":-76.097565,"y":31.829269,"z":67.286591}
{"deviceid":"b81e905908354542","eventtype":"gyroscope","timestamp":1456248361179,"userid":"vincent.planat@hpe.com","trainingMode":"WALKING_UP","x":-71.310974,"y":1.371951,"z":-19.847561}
{"deviceid":"b81e905908354542","eventtype":"gyroscope","timestamp":1456248338137,"userid":"vincent.planat@hpe.com","trainingMode":"WALKING_UP","x":0.091463,"y":75.975609,"z":37.865856}
{"deviceid":"b81e905908354542","eventtype":"gyroscope","timestamp":1456248352126,"userid":"vincent.planat@hpe.com","trainingMode":"WALKING_UP","x":-13.841464,"y":10.304878,"z":24.939026}
{"deviceid":"b81e905908354542","eventtype":"gyroscope","timestamp":1456248342933,"userid":"vincent.planat@hpe.com","trainingMode":"WALKING_UP","x":-2.408537,"y":-16.158537,"z":-11.036586}
{"deviceid":"b81e905908354542","eventtype":"gyroscope","timestamp":1456248346186,"userid":"vincent.planat@hpe.com","trainingMode":"WALKING_UP","x":-45.884148,"y":14.817074,"z":77.134148}
{"deviceid":"b81e905908354542","eventtype":"gyroscope","timestamp":1456248342956,"userid":"vincent.planat@hpe.com","trainingMode":"WALKING_UP","x":-2.408537,"y":-16.158537,"z":-11.036586}
{"deviceid":"b81e905908354542","eventtype":"gyroscope","timestamp":1456248366438,"userid":"vincent.planat@hpe.com","trainingMode":"WALKING_UP","x":3.445122,"y":-0.548781,"z":8.963415}
{"deviceid":"b81e905908354542","eventtype":"gyroscope","timestamp":1456248361342,"userid":"vincent.planat@hpe.com","trainingMode":"WALKING_UP","x":18.810976,"y":14.268293,"z":-19.329269}
{"deviceid":"b81e905908354542","eventtype":"gyroscope","timestamp":1456248345477,"userid":"vincent.planat@hpe.com","trainingMode":"WALKING_UP","x":16.646341,"y":-11.371951,"z":-1.25}
{"deviceid":"b81e905908354542","eventtype":"gyroscope","timestamp":1456248345782,"userid":"vincent.planat@hpe.com","trainingMode":"WALKING_UP","x":-20.121952,"y":51.493904,"z":-20.396341}
{"deviceid":"b81e905908354542","eventtype":"gyroscope","timestamp":1456248339208,"userid":"vincent.planat@hpe.com","trainingMode":"WALKING_UP","x":58.93293,"y":33.75,"z":-11.585366}
{"deviceid":"b81e905908354542","eventtype":"gyroscope","timestamp":1456248359807,"userid":"vincent.planat@hpe.com","trainingMode":"WALKING_UP","x":-22.804878,"y":-6.036585,"z":31.920732}
{"deviceid":"b81e905908354542","eventtype":"gyroscope","timestamp":1456248343155,"userid":"vincent.planat@hpe.com","trainingMode":"WALKING_UP","x":-9.237805,"y":-5.792683,"z":-82.347565}
{"deviceid":"b81e905908354542","eventtype":"gyroscope","timestamp":1456248360139,"userid":"vincent.planat@hpe.com","trainingMode":"WALKING_UP","x":-21.890244,"y":-23.109756,"z":0.182927}
{"deviceid":"b81e905908354542","eventtype":"gyroscope","timestamp":1456248344515,"userid":"vincent.planat@hpe.com","trainingMode":"WALKING_UP","x":0.335366,"y":-7.469512,"z":14.542684}
{"deviceid":"b81e905908354542","eventtype":"gyroscope","timestamp":1456248355805,"userid":"vincent.planat@hpe.com","trainingMode":"WALKING_UP","x":49.481709,"y":-40.701221,"z":-31.95122}
{"deviceid":"b81e905908354542","eventtype":"gyroscope","timestamp":1456248341102,"userid":"vincent.planat@hpe.com","trainingMode":"WALKING_UP","x":-48.75,"y":-15.27439,"z":15.609756}
{"deviceid":"b81e905908354542","eventtype":"gyroscope","timestamp":1456248348917,"userid":"vincent.planat@hpe.com","trainingMode":"WALKING_UP","x":46.189026,"y":-7.042683,"z":-67.68293}
{"deviceid":"b81e905908354542","eventtype":"gyroscope","timestamp":1456248339686,"userid":"vincent.planat@hpe.com","trainingMode":"WALKING_UP","x":-18.658537,"y":10.487805,"z":103.536591}
{"deviceid":"b81e905908354542","eventtype":"gyroscope","timestamp":1456248367783,"userid":"vincent.planat@hpe.com","trainingMode":"WALKING_UP","x":-19.725611,"y":-4.268293,"z":24.542683}
{"deviceid":"b81e905908354542","eventtype":"gyroscope","timestamp":1456248342770,"userid":"vincent.planat@hpe.com","trainingMode":"WALKING_UP","x":111.61586,"y":-13.079268,"z":77.68293}
{"deviceid":"b81e905908354542","eventtype":"gyroscope","timestamp":1456248357695,"userid":"vincent.planat@hpe.com","trainingMode":"WALKING_UP","x":-41.646343,"y":40.182926,"z":14.878049}
{"deviceid":"b81e905908354542","eventtype":"gyroscope","timestamp":1456248342351,"userid":"vincent.planat@hpe.com","trainingMode":"WALKING_UP","x":78.292686,"y":-26.67683,"z":10.518293}
{"deviceid":"b81e905908354542","eventtype":"gyroscope","timestamp":1456248360867,"userid":"vincent.planat@hpe.com","trainingMode":"WALKING_UP","x":137.439026,"y":-21.95122,"z":-26.371952}
{"deviceid":"b81e905908354542","eventtype":"gyroscope","timestamp":1456248352428,"userid":"vincent.planat@hpe.com","trainingMode":"WALKING_UP","x":25.304878,"y":-10.030488,"z":18.841463}
{"deviceid":"b81e905908354542","eventtype":"gyroscope","timestamp":1456248361229,"userid":"vincent.planat@hpe.com","trainingMode":"WALKING_UP","x":-4.756098,"y":1.189024,"z":-16.768293}
{"deviceid":"b81e905908354542","eventtype":"gyroscope","timestamp":1456248366214,"userid":"vincent.planat@hpe.com","trainingMode":"WALKING_UP","x":0.091463,"y":-37.286587,"z":130.670731}
{"deviceid":"b81e905908354542","eventtype":"gyroscope","timestamp":1456248360459,"userid":"vincent.planat@hpe.com","trainingMode":"WALKING_UP","x":-14.512196,"y":9.237805,"z":15.335366}
{"deviceid":"b81e905908354542","eventtype":"gyroscope","timestamp":1456248347721,"userid":"vincent.planat@hpe.com","trainingMode":"WALKING_UP","x":47.560978,"y":-24.207317,"z":-67.621956}
{"deviceid":"b81e905908354542","eventtype":"gyroscope","timestamp":1456248358098,"userid":"vincent.planat@hpe.com","trainingMode":"WALKING_UP","x":-2.256098,"y":38.75,"z":20.457317}
{"deviceid":"b81e905908354542","eventtype":"gyroscope","timestamp":1456248343481,"userid":"vincent.planat@hpe.com","trainingMode":"WALKING_UP","x":9.939025,"y":9.29878,"z":74.176834}
{"deviceid":"b81e905908354542","eventtype":"gyroscope","timestamp":1456248352832,"userid":"vincent.planat@hpe.com","trainingMode":"WALKING_UP","x":-16.737804,"y":24.908537,"z":-9.207317}
{"deviceid":"b81e905908354542","eventtype":"gyroscope","timestamp":1456248356296,"userid":"vincent.planat@hpe.com","trainingMode":"WALKING_UP","x":7.408537,"y":-13.140244,"z":41.707317}
{"deviceid":"b81e905908354542","eventtype":"gyroscope","timestamp":1456248342336,"userid":"vincent.planat@hpe.com","trainingMode":"WALKING_UP","x":78.292686,"y":-26.67683,"z":10.518293}
{"deviceid":"b81e905908354542","eventtype":"gyroscope","timestamp":1456248368308,"userid":"vincent.planat@hpe.com","trainingMode":"WALKING_UP","x":0.396341,"y":6.615854,"z":-9.72561}
{"deviceid":"b81e905908354542","eventtype":"gyroscope","timestamp":1456248351491,"userid":"vincent.planat@hpe.com","trainingMode":"WALKING_UP","x":-19.207317,"y":21.189024,"z":57.987804}
{"deviceid":"b81e905908354542","eventtype":"gyroscope","timestamp":1456248344892,"userid":"vincent.planat@hpe.com","trainingMode":"WALKING_UP","x":51.981709,"y":-2.195122,"z":48.902439}
{"deviceid":"b81e905908354542","eventtype":"gyroscope","timestamp":1456248365339,"userid":"vincent.planat@hpe.com","trainingMode":"WALKING_UP","x":7.164634,"y":-3.810976,"z":27.804878}
{"deviceid":"b81e905908354542","eventtype":"gyroscope","timestamp":1456248354388,"userid":"vincent.planat@hpe.com","trainingMode":"WALKING_UP","x":8.292683,"y":-13.109756,"z":4.603659}
{"deviceid":"b81e905908354542","eventtype":"gyroscope","timestamp":1456248346962,"userid":"vincent.planat@hpe.com","trainingMode":"WALKING_UP","x":-4.085366,"y":15.823171,"z":24.756098}
{"deviceid":"b81e905908354542","eventtype":"gyroscope","timestamp":1456248337873,"userid":"vincent.planat@hpe.com","trainingMode":"WALKING_UP","x":25.945122,"y":9.359756,"z":10.121951}
{"deviceid":"b81e905908354542","eventtype":"gyroscope","timestamp":1456248338479,"userid":"vincent.planat@hpe.com","trainingMode":"WALKING_UP","x":-3.323171,"y":77.957321,"z":23.414635}
{"deviceid":"b81e905908354542","eventtype":"gyroscope","timestamp":1456248357773,"userid":"vincent.planat@hpe.com","trainingMode":"WALKING_UP","x":-44.054878,"y":53.445122,"z":21.036587}
{"deviceid":"b81e905908354542","eventtype":"gyroscope","timestamp":1456248357569,"userid":"vincent.planat@hpe.com","trainingMode":"WALKING_UP","x":49.329269,"y":40.457317,"z":18.353659}
{"deviceid":"b81e905908354542","eventtype":"gyroscope","timestamp":1456248343582,"userid":"vincent.planat@hpe.com","trainingMode":"WALKING_UP","x":-19.542683,"y":21.402439,"z":3.079268}
{"deviceid":"b81e905908354542","eventtype":"gyroscope","timestamp":1456248345580,"userid":"vincent.planat@hpe.com","trainingMode":"WALKING_UP","x":-30.396341,"y":26.67683,"z":35.518295}
{"deviceid":"b81e905908354542","eventtype":"gyroscope","timestamp":1456248354721,"userid":"vincent.planat@hpe.com","trainingMode":"WALKING_UP","x":131.707321,"y":-42.195122,"z":17.012196}
{"deviceid":"b81e905908354542","eventtype":"gyroscope","timestamp":1456248346067,"userid":"vincent.planat@hpe.com","trainingMode":"WALKING_UP","x":25.152439,"y":5.762195,"z":65.396339}
{"deviceid":"b81e905908354542","eventtype":"gyroscope","timestamp":1456248368290,"userid":"vincent.planat@hpe.com","trainingMode":"WALKING_UP","x":0.396341,"y":6.615854,"z":-9.72561}
{"deviceid":"b81e905908354542","eventtype":"gyroscope","timestamp":1456248352341,"userid":"vincent.planat@hpe.com","trainingMode":"WALKING_UP","x":-0.060976,"y":49.817074,"z":-35.457317}
{"deviceid":"b81e905908354542","eventtype":"gyroscope","timestamp":1456248367109,"userid":"vincent.planat@hpe.com","trainingMode":"WALKING_UP","x":5.121951,"y":14.817074,"z":-69.481712}
{"deviceid":"b81e905908354542","eventtype":"gyroscope","timestamp":1456248357182,"userid":"vincent.planat@hpe.com","trainingMode":"WALKING_UP","x":37.621952,"y":-33.201221,"z":40.853661}
{"deviceid":"b81e905908354542","eventtype":"gyroscope","timestamp":1456248354692,"userid":"vincent.planat@hpe.com","trainingMode":"WALKING_UP","x":131.707321,"y":-42.195122,"z":17.012196}
{"deviceid":"b81e905908354542","eventtype":"gyroscope","timestamp":1456248343890,"userid":"vincent.planat@hpe.com","trainingMode":"WALKING_UP","x":39.024391,"y":-20.030489,"z":41.067074}
{"deviceid":"b81e905908354542","eventtype":"gyroscope","timestamp":1456248352816,"userid":"vincent.planat@hpe.com","trainingMode":"WALKING_UP","x":-16.737804,"y":24.908537,"z":-9.207317}
{"deviceid":"b81e905908354542","eventtype":"gyroscope","timestamp":1456248347206,"userid":"vincent.planat@hpe.com","trainingMode":"WALKING_UP","x":87.591469,"y":-48.048782,"z":28.475611}
{"deviceid":"b81e905908354542","eventtype":"gyroscope","timestamp":1456248362998,"userid":"vincent.planat@hpe.com","trainingMode":"WALKING_UP","x":-52.012196,"y":20.243902,"z":-37.134148}
{"deviceid":"b81e905908354542","eventtype":"gyroscope","timestamp":1456248357636,"userid":"vincent.planat@hpe.com","trainingMode":"WALKING_UP","x":96.585365,"y":13.810976,"z":-21.95122}
{"deviceid":"b81e905908354542","eventtype":"gyroscope","timestamp":1456248352413,"userid":"vincent.planat@hpe.com","trainingMode":"WALKING_UP","x":25.304878,"y":-10.030488,"z":18.841463}
{"deviceid":"b81e905908354542","eventtype":"gyroscope","timestamp":1456248367214,"userid":"vincent.planat@hpe.com","trainingMode":"WALKING_UP","x":-8.079268,"y":12.926829,"z":-29.939026}
{"deviceid":"b81e905908354542","eventtype":"gyroscope","timestamp":1456248340252,"userid":"vincent.planat@hpe.com","trainingMode":"WALKING_UP","x":73.719513,"y":-21.341463,"z":-7.926829}
{"deviceid":"b81e905908354542","eventtype":"gyroscope","timestamp":1456248357276,"userid":"vincent.planat@hpe.com","trainingMode":"WALKING_UP","x":-10.609756,"y":9.268293,"z":24.115854}
{"deviceid":"b81e905908354542","eventtype":"gyroscope","timestamp":1456248359243,"userid":"vincent.planat@hpe.com","trainingMode":"WALKING_UP","x":-12.103659,"y":44.725613,"z":23.536587}
{"deviceid":"b81e905908354542","eventtype":"gyroscope","timestamp":1456248341067,"userid":"vincent.planat@hpe.com","trainingMode":"WALKING_UP","x":-48.75,"y":-15.27439,"z":15.609756}
{"deviceid":"b81e905908354542","eventtype":"gyroscope","timestamp":1456248365943,"userid":"vincent.planat@hpe.com","trainingMode":"WALKING_UP","x":6.493903,"y":-33.109756,"z":78.658539}
{"deviceid":"b81e905908354542","eventtype":"gyroscope","timestamp":1456248339082,"userid":"vincent.planat@hpe.com","trainingMode":"WALKING_UP","x":-11.341464,"y":19.481709,"z":-0.579268}
{"deviceid":"b81e905908354542","eventtype":"gyroscope","timestamp":1456248346173,"userid":"vincent.planat@hpe.com","trainingMode":"WALKING_UP","x":-45.884148,"y":14.817074,"z":77.134148}
{"deviceid":"b81e905908354542","eventtype":"gyroscope","timestamp":1456248344037,"userid":"vincent.planat@hpe.com","trainingMode":"WALKING_UP","x":-13.902439,"y":-3.902439,"z":66.859756}
{"deviceid":"b81e905908354542","eventtype":"gyroscope","timestamp":1456248342615,"userid":"vincent.planat@hpe.com","trainingMode":"WALKING_UP","x":45.42683,"y":-18.20122,"z":-45.121952}
{"deviceid":"b81e905908354542","eventtype":"gyroscope","timestamp":1456248354903,"userid":"vincent.planat@hpe.com","trainingMode":"WALKING_UP","x":36.189026,"y":-0.609756,"z":-71.341469}
{"deviceid":"b81e905908354542","eventtype":"gyroscope","timestamp":1456248360475,"userid":"vincent.planat@hpe.com","trainingMode":"WALKING_UP","x":-14.512196,"y":9.237805,"z":15.335366}
{"deviceid":"b81e905908354542","eventtype":"gyroscope","timestamp":1456248345766,"userid":"vincent.planat@hpe.com","trainingMode":"WALKING_UP","x":-20.121952,"y":51.493904,"z":-20.396341}
{"deviceid":"b81e905908354542","eventtype":"gyroscope","timestamp":1456248353614,"userid":"vincent.planat@hpe.com","trainingMode":"WALKING_UP","x":46.859756,"y":11.310976,"z":-25.030489}
{"deviceid":"b81e905908354542","eventtype":"gyroscope","timestamp":1456248344956,"userid":"vincent.planat@hpe.com","trainingMode":"WALKING_UP","x":-19.542683,"y":1.493902,"z":68.414635}
{"deviceid":"b81e905908354542","eventtype":"gyroscope","timestamp":1456248353738,"userid":"vincent.planat@hpe.com","trainingMode":"WALKING_UP","x":55.335365,"y":-21.79878,"z":4.969512}
{"deviceid":"b81e905908354542","eventtype":"gyroscope","timestamp":1456248367709,"userid":"vincent.planat@hpe.com","trainingMode":"WALKING_UP","x":-2.77439,"y":-16.79878,"z":-20.914635}
{"deviceid":"b81e905908354542","eventtype":"gyroscope","timestamp":1456248367766,"userid":"vincent.planat@hpe.com","trainingMode":"WALKING_UP","x":-19.725611,"y":-4.268293,"z":24.542683}
{"deviceid":"b81e905908354542","eventtype":"gyroscope","timestamp":1456248343318,"userid":"vincent.planat@hpe.com","trainingMode":"WALKING_UP","x":-10.640244,"y":-2.957317,"z":43.810978}
{"deviceid":"b81e905908354542","eventtype":"gyroscope","timestamp":1456248352671,"userid":"vincent.planat@hpe.com","trainingMode":"WALKING_UP","x":-52.134148,"y":26.463415,"z":68.353661}
{"deviceid":"b81e905908354542","eventtype":"gyroscope","timestamp":1456248342460,"userid":"vincent.planat@hpe.com","trainingMode":"WALKING_UP","x":95.243904,"y":-18.75,"z":1.890244}
{"deviceid":"b81e905908354542","eventtype":"gyroscope","timestamp":1456248342222,"userid":"vincent.planat@hpe.com","trainingMode":"WALKING_UP","x":55.670734,"y":-38.75,"z":-10.518293}
{"deviceid":"b81e905908354542","eventtype":"gyroscope","timestamp":1456248365502,"userid":"vincent.planat@hpe.com","trainingMode":"WALKING_UP","x":-16.067074,"y":-26.768293,"z":60.060978}
{"deviceid":"b81e905908354542","eventtype":"gyroscope","timestamp":1456248367877,"userid":"vincent.planat@hpe.com","trainingMode":"WALKING_UP","x":-6.585366,"y":-6.585366,"z":6.25}
{"deviceid":"b81e905908354542","eventtype":"gyroscope","timestamp":1456248343595,"userid":"vincent.planat@hpe.com","trainingMode":"WALKING_UP","x":-19.542683,"y":21.402439,"z":3.079268}
{"deviceid":"b81e905908354542","eventtype":"gyroscope","timestamp":1456248362672,"userid":"vincent.planat@hpe.com","trainingMode":"WALKING_UP","x":44.664635,"y":2.926829,"z":-20.731709}
{"deviceid":"b81e905908354542","eventtype":"gyroscope","timestamp":1456248355300,"userid":"vincent.planat@hpe.com","trainingMode":"WALKING_UP","x":64.268295,"y":-8.20122,"z":96.585365}
{"deviceid":"b81e905908354542","eventtype":"gyroscope","timestamp":1456248352141,"userid":"vincent.planat@hpe.com","trainingMode":"WALKING_UP","x":-13.841464,"y":10.304878,"z":24.939026}
{"deviceid":"b81e905908354542","eventtype":"gyroscope","timestamp":1456248355515,"userid":"vincent.planat@hpe.com","trainingMode":"WALKING_UP","x":50.182926,"y":-15.457317,"z":-52.5}
{"deviceid":"b81e905908354542","eventtype":"gyroscope","timestamp":1456248343941,"userid":"vincent.planat@hpe.com","trainingMode":"WALKING_UP","x":18.384148,"y":-8.628049,"z":78.597565}
{"deviceid":"b81e905908354542","eventtype":"gyroscope","timestamp":1456248351152,"userid":"vincent.planat@hpe.com","trainingMode":"WALKING_UP","x":74.298782,"y":20.243902,"z":-30.579269}
{"deviceid":"b81e905908354542","eventtype":"gyroscope","timestamp":1456248357526,"userid":"vincent.planat@hpe.com","trainingMode":"WALKING_UP","x":49.329269,"y":40.457317,"z":18.353659}
{"deviceid":"b81e905908354542","eventtype":"gyroscope","timestamp":1456248361901,"userid":"vincent.planat@hpe.com","trainingMode":"WALKING_UP","x":-1.768293,"y":-16.341463,"z":113.414635}
{"deviceid":"b81e905908354542","eventtype":"gyroscope","timestamp":1456248351051,"userid":"vincent.planat@hpe.com","trainingMode":"WALKING_UP","x":-70.213417,"y":7.5,"z":43.932926}
{"deviceid":"b81e905908354542","eventtype":"gyroscope","timestamp":1456248343261,"userid":"vincent.planat@hpe.com","trainingMode":"WALKING_UP","x":107.713417,"y":-41.737804,"z":26.12805}
{"deviceid":"b81e905908354542","eventtype":"gyroscope","timestamp":1456248342550,"userid":"vincent.planat@hpe.com","trainingMode":"WALKING_UP","x":71.341469,"y":-4.29878,"z":-55.884148}
{"deviceid":"b81e905908354542","eventtype":"gyroscope","timestamp":1456248349128,"userid":"vincent.planat@hpe.com","trainingMode":"WALKING_UP","x":-31.707317,"y":-22.774391,"z":94.756104}
{"deviceid":"b81e905908354542","eventtype":"gyroscope","timestamp":1456248337620,"userid":"vincent.planat@hpe.com","trainingMode":"WALKING_UP","x":80.853661,"y":-14.085366,"z":-127.530487}
{"deviceid":"b81e905908354542","eventtype":"gyroscope","timestamp":1456248342438,"userid":"vincent.planat@hpe.com","trainingMode":"WALKING_UP","x":95.243904,"y":-18.75,"z":1.890244}
{"deviceid":"b81e905908354542","eventtype":"gyroscope","timestamp":1456248344769,"userid":"vincent.planat@hpe.com","trainingMode":"WALKING_UP","x":-47.164635,"y":40.792683,"z":-12.042684}
{"deviceid":"b81e905908354542","eventtype":"gyroscope","timestamp":1456248367866,"userid":"vincent.planat@hpe.com","trainingMode":"WALKING_UP","x":-6.585366,"y":-6.585366,"z":6.25}
{"deviceid":"b81e905908354542","eventtype":"gyroscope","timestamp":1456248338244,"userid":"vincent.planat@hpe.com","trainingMode":"WALKING_UP","x":-6.219512,"y":74.115852,"z":79.908539}
{"deviceid":"b81e905908354542","eventtype":"gyroscope","timestamp":1456248366281,"userid":"vincent.planat@hpe.com","trainingMode":"WALKING_UP","x":-25.670732,"y":8.018292,"z":14.359756}
{"deviceid":"b81e905908354542","eventtype":"gyroscope","timestamp":1456248353429,"userid":"vincent.planat@hpe.com","trainingMode":"WALKING_UP","x":17.256098,"y":0.304878,"z":7.256098}
{"deviceid":"b81e905908354542","eventtype":"gyroscope","timestamp":1456248343677,"userid":"vincent.planat@hpe.com","trainingMode":"WALKING_UP","x":-14.45122,"y":45.701221,"z":-72.591469}
{"deviceid":"b81e905908354542","eventtype":"gyroscope","timestamp":1456248368173,"userid":"vincent.planat@hpe.com","trainingMode":"WALKING_UP","x":8.109756,"y":5.396342,"z":-19.786587}
{"deviceid":"b81e905908354542","eventtype":"gyroscope","timestamp":1456248357027,"userid":"vincent.planat@hpe.com","trainingMode":"WALKING_UP","x":56.951221,"y":-44.359756,"z":21.006098}
{"deviceid":"b81e905908354542","eventtype":"gyroscope","timestamp":1456248359317,"userid":"vincent.planat@hpe.com","trainingMode":"WALKING_UP","x":-13.353659,"y":41.981709,"z":19.45122}
{"deviceid":"b81e905908354542","eventtype":"gyroscope","timestamp":1456248350812,"userid":"vincent.planat@hpe.com","trainingMode":"WALKING_UP","x":132.012192,"y":-18.719513,"z":-81.402443}
{"deviceid":"b81e905908354542","eventtype":"gyroscope","timestamp":1456248344574,"userid":"vincent.planat@hpe.com","trainingMode":"WALKING_UP","x":-14.45122,"y":12.134147,"z":36.067074}
{"deviceid":"b81e905908354542","eventtype":"gyroscope","timestamp":1456248353839,"userid":"vincent.planat@hpe.com","trainingMode":"WALKING_UP","x":64.603661,"y":-26.981709,"z":58.5061}
{"deviceid":"b81e905908354542","eventtype":"gyroscope","timestamp":1456248352543,"userid":"vincent.planat@hpe.com","trainingMode":"WALKING_UP","x":13.506098,"y":8.810976,"z":64.573174}
{"deviceid":"b81e905908354542","eventtype":"gyroscope","timestamp":1456248351685,"userid":"vincent.planat@hpe.com","trainingMode":"WALKING_UP","x":-47.713417,"y":25.457317,"z":-50.731709}
{"deviceid":"b81e905908354542","eventtype":"gyroscope","timestamp":1456248357044,"userid":"vincent.planat@hpe.com","trainingMode":"WALKING_UP","x":56.951221,"y":-44.359756,"z":21.006098}
{"deviceid":"b81e905908354542","eventtype":"gyroscope","timestamp":1456248363377,"userid":"vincent.planat@hpe.com","trainingMode":"WALKING_UP","x":36.341465,"y":13.04878,"z":17.896341}
{"deviceid":"b81e905908354542","eventtype":"gyroscope","timestamp":1456248338791,"userid":"vincent.planat@hpe.com","trainingMode":"WALKING_UP","x":28.109756,"y":-109.847565,"z":-91.524391}
{"deviceid":"b81e905908354542","eventtype":"gyroscope","timestamp":1456248359792,"userid":"vincent.planat@hpe.com","trainingMode":"WALKING_UP","x":-22.804878,"y":-6.036585,"z":31.920732}
{"deviceid":"b81e905908354542","eventtype":"gyroscope","timestamp":1456248338560,"userid":"vincent.planat@hpe.com","trainingMode":"WALKING_UP","x":-9.207317,"y":-23.04878,"z":-50.670734}
{"deviceid":"b81e905908354542","eventtype":"gyroscope","timestamp":1456248338308,"userid":"vincent.planat@hpe.com","trainingMode":"WALKING_UP","x":-21.219513,"y":70.243904,"z":45.030487}
{"deviceid":"b81e905908354542","eventtype":"gyroscope","timestamp":1456248356459,"userid":"vincent.planat@hpe.com","trainingMode":"WALKING_UP","x":-2.317073,"y":1.829268,"z":27.804878}
{"deviceid":"b81e905908354542","eventtype":"gyroscope","timestamp":1456248368553,"userid":"vincent.planat@hpe.com","trainingMode":"WALKING_UP","x":30.975611,"y":12.835366,"z":-16.067074}
{"deviceid":"b81e905908354542","eventtype":"gyroscope","timestamp":1456248365788,"userid":"vincent.planat@hpe.com","trainingMode":"WALKING_UP","x":-0.304878,"y":-25.060976,"z":98.841469}
{"deviceid":"b81e905908354542","eventtype":"gyroscope","timestamp":1456248351936,"userid":"vincent.planat@hpe.com","trainingMode":"WALKING_UP","x":33.231709,"y":-22.804878,"z":12.012196}
{"deviceid":"b81e905908354542","eventtype":"gyroscope","timestamp":1456248337389,"userid":"vincent.planat@hpe.com","trainingMode":"WALKING_UP","x":-2.560976,"y":-6.189024,"z":11.128049}
{"deviceid":"b81e905908354542","eventtype":"gyroscope","timestamp":1456248340713,"userid":"vincent.planat@hpe.com","trainingMode":"WALKING_UP","x":136.310974,"y":-21.981709,"z":38.353661}
{"deviceid":"b81e905908354542","eventtype":"gyroscope","timestamp":1456248366978,"userid":"vincent.planat@hpe.com","trainingMode":"WALKING_UP","x":41.859756,"y":14.390244,"z":-39.512196}
{"deviceid":"b81e905908354542","eventtype":"gyroscope","timestamp":1456248361760,"userid":"vincent.planat@hpe.com","trainingMode":"WALKING_UP","x":-335.152435,"y":1.371951,"z":102.743904}
{"deviceid":"b81e905908354542","eventtype":"gyroscope","timestamp":1456248366786,"userid":"vincent.planat@hpe.com","trainingMode":"WALKING_UP","x":9.664635,"y":-8.140244,"z":-23.018293}
{"deviceid":"b81e905908354542","eventtype":"gyroscope","timestamp":1456248359332,"userid":"vincent.planat@hpe.com","trainingMode":"WALKING_UP","x":-13.353659,"y":41.981709,"z":19.45122}
{"deviceid":"b81e905908354542","eventtype":"gyroscope","timestamp":1456248346320,"userid":"vincent.planat@hpe.com","trainingMode":"WALKING_UP","x":-16.859756,"y":12.987805,"z":-64.603661}
{"deviceid":"b81e905908354542","eventtype":"gyroscope","timestamp":1456248338926,"userid":"vincent.planat@hpe.com","trainingMode":"WALKING_UP","x":75.945122,"y":-54.603661,"z":-81.189026}
{"deviceid":"b81e905908354542","eventtype":"gyroscope","timestamp":1456248337014,"userid":"vincent.planat@hpe.com","trainingMode":"WALKING_UP","x":-15.182927,"y":34.7561,"z":-43.597561}
{"deviceid":"b81e905908354542","eventtype":"gyroscope","timestamp":1456248339552,"userid":"vincent.planat@hpe.com","trainingMode":"WALKING_UP","x":-41.554878,"y":9.481708,"z":110.304878}
{"deviceid":"b81e905908354542","eventtype":"gyroscope","timestamp":1456248340601,"userid":"vincent.planat@hpe.com","trainingMode":"WALKING_UP","x":36.25,"y":38.475609,"z":-8.506098}
{"deviceid":"b81e905908354542","eventtype":"gyroscope","timestamp":1456248356718,"userid":"vincent.planat@hpe.com","trainingMode":"WALKING_UP","x":90.731712,"y":19.512196,"z":3.018293}
{"deviceid":"b81e905908354542","eventtype":"gyroscope","timestamp":1456248349302,"userid":"vincent.planat@hpe.com","trainingMode":"WALKING_UP","x":-26.859756,"y":-11.036586,"z":36.25}
{"deviceid":"b81e905908354542","eventtype":"gyroscope","timestamp":1456248358500,"userid":"vincent.planat@hpe.com","trainingMode":"WALKING_UP","x":61.036587,"y":-40.731709,"z":36.280487}
{"deviceid":"b81e905908354542","eventtype":"gyroscope","timestamp":1456248350686,"userid":"vincent.planat@hpe.com","trainingMode":"WALKING_UP","x":-20.304878,"y":36.615856,"z":-168.292694}
{"deviceid":"b81e905908354542","eventtype":"gyroscope","timestamp":1456248338493,"userid":"vincent.planat@hpe.com","trainingMode":"WALKING_UP","x":-3.323171,"y":77.957321,"z":23.414635}
{"deviceid":"b81e905908354542","eventtype":"gyroscope","timestamp":1456248365968,"userid":"vincent.planat@hpe.com","trainingMode":"WALKING_UP","x":6.493903,"y":-33.109756,"z":78.658539}
{"deviceid":"b81e905908354542","eventtype":"gyroscope","timestamp":1456248351448,"userid":"vincent.planat@hpe.com","trainingMode":"WALKING_UP","x":71.189026,"y":-15.640244,"z":42.92683}
{"deviceid":"b81e905908354542","eventtype":"gyroscope","timestamp":1456248362067,"userid":"vincent.planat@hpe.com","trainingMode":"WALKING_UP","x":46.280487,"y":-73.689026,"z":-20.731709}
{"deviceid":"b81e905908354542","eventtype":"gyroscope","timestamp":1456248346561,"userid":"vincent.planat@hpe.com","trainingMode":"WALKING_UP","x":88.262199,"y":-18.536587,"z":-36.829269}
{"deviceid":"b81e905908354542","eventtype":"gyroscope","timestamp":1456248356474,"userid":"vincent.planat@hpe.com","trainingMode":"WALKING_UP","x":-2.317073,"y":1.829268,"z":27.804878}
{"deviceid":"b81e905908354542","eventtype":"gyroscope","timestamp":1456248349692,"userid":"vincent.planat@hpe.com","trainingMode":"WALKING_UP","x":88.963417,"y":-59.481709,"z":-12.560976}
{"deviceid":"b81e905908354542","eventtype":"gyroscope","timestamp":1456248357200,"userid":"vincent.planat@hpe.com","trainingMode":"WALKING_UP","x":37.621952,"y":-33.201221,"z":40.853661}
{"deviceid":"b81e905908354542","eventtype":"gyroscope","timestamp":1456248340878,"userid":"vincent.planat@hpe.com","trainingMode":"WALKING_UP","x":73.140244,"y":-21.493902,"z":30.762196}
{"deviceid":"b81e905908354542","eventtype":"gyroscope","timestamp":1456248345329,"userid":"vincent.planat@hpe.com","trainingMode":"WALKING_UP","x":-38.079269,"y":11.432927,"z":-116.067078}
{"deviceid":"b81e905908354542","eventtype":"gyroscope","timestamp":1456248359423,"userid":"vincent.planat@hpe.com","trainingMode":"WALKING_UP","x":-377.5,"y":84.817078,"z":22.012196}
{"deviceid":"b81e905908354542","eventtype":"gyroscope","timestamp":1456248345030,"userid":"vincent.planat@hpe.com","trainingMode":"WALKING_UP","x":28.75,"y":12.073171,"z":91.737808}
{"deviceid":"b81e905908354542","eventtype":"gyroscope","timestamp":1456248347382,"userid":"vincent.planat@hpe.com","trainingMode":"WALKING_UP","x":42.5,"y":-24.908537,"z":44.542683}
{"deviceid":"b81e905908354542","eventtype":"gyroscope","timestamp":1456248350228,"userid":"vincent.planat@hpe.com","trainingMode":"WALKING_UP","x":59.573174,"y":-42.012196,"z":102.164635}
{"deviceid":"b81e905908354542","eventtype":"gyroscope","timestamp":1456248354800,"userid":"vincent.planat@hpe.com","trainingMode":"WALKING_UP","x":74.420731,"y":-29.268293,"z":-30.731709}
{"deviceid":"b81e905908354542","eventtype":"gyroscope","timestamp":1456248359672,"userid":"vincent.planat@hpe.com","trainingMode":"WALKING_UP","x":-184.847565,"y":11.52439,"z":42.408539}
{"deviceid":"b81e905908354542","eventtype":"gyroscope","timestamp":1456248344220,"userid":"vincent.planat@hpe.com","trainingMode":"WALKING_UP","x":-18.841463,"y":10.091464,"z":-122.896347}
{"deviceid":"b81e905908354542","eventtype":"gyroscope","timestamp":1456248353418,"userid":"vincent.planat@hpe.com","trainingMode":"WALKING_UP","x":17.256098,"y":0.304878,"z":7.256098}
{"deviceid":"b81e905908354542","eventtype":"gyroscope","timestamp":1456248344936,"userid":"vincent.planat@hpe.com","trainingMode":"WALKING_UP","x":-19.542683,"y":1.493902,"z":68.414635}
{"deviceid":"b81e905908354542","eventtype":"gyroscope","timestamp":1456248347738,"userid":"vincent.planat@hpe.com","trainingMode":"WALKING_UP","x":47.560978,"y":-24.207317,"z":-67.621956}
{"deviceid":"b81e905908354542","eventtype":"gyroscope","timestamp":1456248349223,"userid":"vincent.planat@hpe.com","trainingMode":"WALKING_UP","x":100.121956,"y":-5.091464,"z":113.75}
{"deviceid":"b81e905908354542","eventtype":"gyroscope","timestamp":1456248365808,"userid":"vincent.planat@hpe.com","trainingMode":"WALKING_UP","x":-0.304878,"y":-25.060976,"z":98.841469}
{"deviceid":"b81e905908354542","eventtype":"gyroscope","timestamp":1456248357754,"userid":"vincent.planat@hpe.com","trainingMode":"WALKING_UP","x":-41.646343,"y":40.182926,"z":14.878049}
{"deviceid":"b81e905908354542","eventtype":"gyroscope","timestamp":1456248366298,"userid":"vincent.planat@hpe.com","trainingMode":"WALKING_UP","x":-25.670732,"y":8.018292,"z":14.359756}
{"deviceid":"b81e905908354542","eventtype":"gyroscope","timestamp":1456248360713,"userid":"vincent.planat@hpe.com","trainingMode":"WALKING_UP","x":341.707336,"y":-11.341464,"z":-44.024391}
{"deviceid":"b81e905908354542","eventtype":"gyroscope","timestamp":1456248355660,"userid":"vincent.planat@hpe.com","trainingMode":"WALKING_UP","x":70.975609,"y":-58.871952,"z":-18.475611}
{"deviceid":"b81e905908354542","eventtype":"gyroscope","timestamp":1456248337324,"userid":"vincent.planat@hpe.com","trainingMode":"WALKING_UP","x":-45.152439,"y":-10.426829,"z":-12.682927}
{"deviceid":"b81e905908354542","eventtype":"gyroscope","timestamp":1456248362658,"userid":"vincent.planat@hpe.com","trainingMode":"WALKING_UP","x":44.664635,"y":2.926829,"z":-20.731709}
{"deviceid":"b81e905908354542","eventtype":"gyroscope","timestamp":1456248346451,"userid":"vincent.planat@hpe.com","trainingMode":"WALKING_UP","x":9.329268,"y":-2.865854,"z":-157.317078}
{"deviceid":"b81e905908354542","eventtype":"gyroscope","timestamp":1456248341190,"userid":"vincent.planat@hpe.com","trainingMode":"WALKING_UP","x":-6.585366,"y":-3.384146,"z":16.036585}
{"deviceid":"b81e905908354542","eventtype":"gyroscope","timestamp":1456248349836,"userid":"vincent.planat@hpe.com","trainingMode":"WALKING_UP","x":-11.25,"y":16.79878,"z":20.975611}
{"deviceid":"b81e905908354542","eventtype":"gyroscope","timestamp":1456248368057,"userid":"vincent.planat@hpe.com","trainingMode":"WALKING_UP","x":0.853659,"y":1.585366,"z":-7.743903}
{"deviceid":"b81e905908354542","eventtype":"gyroscope","timestamp":1456248348771,"userid":"vincent.planat@hpe.com","trainingMode":"WALKING_UP","x":110.243904,"y":-43.841465,"z":5.487805}
{"deviceid":"b81e905908354542","eventtype":"gyroscope","timestamp":1456248366226,"userid":"vincent.planat@hpe.com","trainingMode":"WALKING_UP","x":0.091463,"y":-37.286587,"z":130.670731}
{"deviceid":"b81e905908354542","eventtype":"gyroscope","timestamp":1456248359998,"userid":"vincent.planat@hpe.com","trainingMode":"WALKING_UP","x":11.737805,"y":-21.25,"z":1.158537}
{"deviceid":"b81e905908354542","eventtype":"gyroscope","timestamp":1456248346705,"userid":"vincent.planat@hpe.com","trainingMode":"WALKING_UP","x":50.823174,"y":-9.939025,"z":22.835367}
{"deviceid":"b81e905908354542","eventtype":"gyroscope","timestamp":1456248364277,"userid":"vincent.planat@hpe.com","trainingMode":"WALKING_UP","x":12.378049,"y":29.695122,"z":-20.884148}
{"deviceid":"b81e905908354542","eventtype":"gyroscope","timestamp":1456248339419,"userid":"vincent.planat@hpe.com","trainingMode":"WALKING_UP","x":-80.609756,"y":-15.243903,"z":63.414635}
{"deviceid":"b81e905908354542","eventtype":"gyroscope","timestamp":1456248359228,"userid":"vincent.planat@hpe.com","trainingMode":"WALKING_UP","x":-12.103659,"y":44.725613,"z":23.536587}
{"deviceid":"b81e905908354542","eventtype":"gyroscope","timestamp":1456248363584,"userid":"vincent.planat@hpe.com","trainingMode":"WALKING_UP","x":23.323172,"y":18.445122,"z":58.292683}
{"deviceid":"b81e905908354542","eventtype":"gyroscope","timestamp":1456248343135,"userid":"vincent.planat@hpe.com","trainingMode":"WALKING_UP","x":-9.237805,"y":-5.792683,"z":-82.347565}
{"deviceid":"b81e905908354542","eventtype":"gyroscope","timestamp":1456248361886,"userid":"vincent.planat@hpe.com","trainingMode":"WALKING_UP","x":-1.768293,"y":-16.341463,"z":113.414635}
{"deviceid":"b81e905908354542","eventtype":"gyroscope","timestamp":1456248345565,"userid":"vincent.planat@hpe.com","trainingMode":"WALKING_UP","x":-30.396341,"y":26.67683,"z":35.518295}
{"deviceid":"b81e905908354542","eventtype":"gyroscope","timestamp":1456248357256,"userid":"vincent.planat@hpe.com","trainingMode":"WALKING_UP","x":-10.609756,"y":9.268293,"z":24.115854}
{"deviceid":"b81e905908354542","eventtype":"gyroscope","timestamp":1456248362599,"userid":"vincent.planat@hpe.com","trainingMode":"WALKING_UP","x":30.54878,"y":6.890244,"z":-16.859756}
{"deviceid":"b81e905908354542","eventtype":"gyroscope","timestamp":1456248363017,"userid":"vincent.planat@hpe.com","trainingMode":"WALKING_UP","x":-52.012196,"y":20.243902,"z":-37.134148}
{"deviceid":"b81e905908354542","eventtype":"gyroscope","timestamp":1456248355139,"userid":"vincent.planat@hpe.com","trainingMode":"WALKING_UP","x":10.0,"y":-11.341464,"z":124.390244}
{"deviceid":"b81e905908354542","eventtype":"gyroscope","timestamp":1456248358577,"userid":"vincent.planat@hpe.com","trainingMode":"WALKING_UP","x":18.993902,"y":-3.353659,"z":40.457317}
{"deviceid":"b81e905908354542","eventtype":"gyroscope","timestamp":1456248353994,"userid":"vincent.planat@hpe.com","trainingMode":"WALKING_UP","x":28.353659,"y":-39.268295,"z":20.152439}
{"deviceid":"b81e905908354542","eventtype":"gyroscope","timestamp":1456248344878,"userid":"vincent.planat@hpe.com","trainingMode":"WALKING_UP","x":51.981709,"y":-2.195122,"z":48.902439}
{"deviceid":"b81e905908354542","eventtype":"gyroscope","timestamp":1456248358393,"userid":"vincent.planat@hpe.com","trainingMode":"WALKING_UP","x":-14.603659,"y":-48.231709,"z":-43.384148}
{"deviceid":"b81e905908354542","eventtype":"gyroscope","timestamp":1456248337373,"userid":"vincent.planat@hpe.com","trainingMode":"WALKING_UP","x":-2.560976,"y":-6.189024,"z":11.128049}
{"deviceid":"b81e905908354542","eventtype":"gyroscope","timestamp":1456248349506,"userid":"vincent.planat@hpe.com","trainingMode":"WALKING_UP","x":95.640244,"y":-34.085365,"z":-103.719513}
{"deviceid":"b81e905908354542","eventtype":"gyroscope","timestamp":1456248340268,"userid":"vincent.planat@hpe.com","trainingMode":"WALKING_UP","x":73.719513,"y":-21.341463,"z":-7.926829}
{"deviceid":"b81e905908354542","eventtype":"gyroscope","timestamp":1456248366667,"userid":"vincent.planat@hpe.com","trainingMode":"WALKING_UP","x":3.414634,"y":-7.134147,"z":-3.536585}
{"deviceid":"b81e905908354542","eventtype":"gyroscope","timestamp":1456248349990,"userid":"vincent.planat@hpe.com","trainingMode":"WALKING_UP","x":-36.219513,"y":40.670734,"z":-28.170732}
{"deviceid":"b81e905908354542","eventtype":"gyroscope","timestamp":1456248355465,"userid":"vincent.planat@hpe.com","trainingMode":"WALKING_UP","x":-7.530488,"y":-19.786587,"z":-63.93293}
{"deviceid":"b81e905908354542","eventtype":"gyroscope","timestamp":1456248368629,"userid":"vincent.planat@hpe.com","trainingMode":"WALKING_UP","x":2.134146,"y":0.884146,"z":-8.75}
{"deviceid":"b81e905908354542","eventtype":"gyroscope","timestamp":1456248337487,"userid":"vincent.planat@hpe.com","trainingMode":"WALKING_UP","x":30.304878,"y":-8.536586,"z":-92.134148}
{"deviceid":"b81e905908354542","eventtype":"gyroscope","timestamp":1456248349381,"userid":"vincent.planat@hpe.com","trainingMode":"WALKING_UP","x":26.615854,"y":-21.829269,"z":-128.353668}
{"deviceid":"b81e905908354542","eventtype":"gyroscope","timestamp":1456248363176,"userid":"vincent.planat@hpe.com","trainingMode":"WALKING_UP","x":-64.207321,"y":26.737806,"z":34.115856}
{"deviceid":"b81e905908354542","eventtype":"gyroscope","timestamp":1456248366841,"userid":"vincent.planat@hpe.com","trainingMode":"WALKING_UP","x":-6.128049,"y":-10.640244,"z":-32.896343}
{"deviceid":"b81e905908354542","eventtype":"gyroscope","timestamp":1456248362051,"userid":"vincent.planat@hpe.com","trainingMode":"WALKING_UP","x":46.280487,"y":-73.689026,"z":-20.731709}
{"deviceid":"b81e905908354542","eventtype":"gyroscope","timestamp":1456248368694,"userid":"vincent.planat@hpe.com","trainingMode":"WALKING_UP","x":0.243902,"y":3.932927,"z":-3.628049}
{"deviceid":"b81e905908354542","eventtype":"gyroscope","timestamp":1456248368420,"userid":"vincent.planat@hpe.com","trainingMode":"WALKING_UP","x":-0.884146,"y":5.518293,"z":-10.182927}
{"deviceid":"b81e905908354542","eventtype":"gyroscope","timestamp":1456248351310,"userid":"vincent.planat@hpe.com","trainingMode":"WALKING_UP","x":-70.762199,"y":7.012195,"z":19.725611}
{"deviceid":"b81e905908354542","eventtype":"gyroscope","timestamp":1456248337501,"userid":"vincent.planat@hpe.com","trainingMode":"WALKING_UP","x":30.304878,"y":-8.536586,"z":-92.134148}
{"deviceid":"b81e905908354542","eventtype":"gyroscope","timestamp":1456248350671,"userid":"vincent.planat@hpe.com","trainingMode":"WALKING_UP","x":-20.304878,"y":36.615856,"z":-168.292694}
{"deviceid":"b81e905908354542","eventtype":"gyroscope","timestamp":1456248355448,"userid":"vincent.planat@hpe.com","trainingMode":"WALKING_UP","x":-7.530488,"y":-19.786587,"z":-63.93293}
{"deviceid":"b81e905908354542","eventtype":"gyroscope","timestamp":1456248344527,"userid":"vincent.planat@hpe.com","trainingMode":"WALKING_UP","x":0.335366,"y":-7.469512,"z":14.542684}
{"deviceid":"b81e905908354542","eventtype":"gyroscope","timestamp":1456248350255,"userid":"vincent.planat@hpe.com","trainingMode":"WALKING_UP","x":59.573174,"y":-42.012196,"z":102.164635}
{"deviceid":"b81e905908354542","eventtype":"gyroscope","timestamp":1456248359056,"userid":"vincent.planat@hpe.com","trainingMode":"WALKING_UP","x":-10.518293,"y":17.896341,"z":10.426829}
{"deviceid":"b81e905908354542","eventtype":"gyroscope","timestamp":1456248344198,"userid":"vincent.planat@hpe.com","trainingMode":"WALKING_UP","x":-18.841463,"y":10.091464,"z":-122.896347}
{"deviceid":"b81e905908354542","eventtype":"gyroscope","timestamp":1456248363462,"userid":"vincent.planat@hpe.com","trainingMode":"WALKING_UP","x":-24.29878,"y":7.134147,"z":23.262196}
{"deviceid":"b81e905908354542","eventtype":"gyroscope","timestamp":1456248351700,"userid":"vincent.planat@hpe.com","trainingMode":"WALKING_UP","x":-47.713417,"y":25.457317,"z":-50.731709}
{"deviceid":"b81e905908354542","eventtype":"gyroscope","timestamp":1456248362271,"userid":"vincent.planat@hpe.com","trainingMode":"WALKING_UP","x":-74.268295,"y":-3.597561,"z":-20.640244}
{"deviceid":"b81e905908354542","eventtype":"gyroscope","timestamp":1456248351432,"userid":"vincent.planat@hpe.com","trainingMode":"WALKING_UP","x":71.189026,"y":-15.640244,"z":42.92683}
{"deviceid":"b81e905908354542","eventtype":"gyroscope","timestamp":1456248347621,"userid":"vincent.planat@hpe.com","trainingMode":"WALKING_UP","x":35.945122,"y":-29.207317,"z":-73.231712}
{"deviceid":"b81e905908354542","eventtype":"gyroscope","timestamp":1456248338146,"userid":"vincent.planat@hpe.com","trainingMode":"WALKING_UP","x":0.091463,"y":75.975609,"z":37.865856}
{"deviceid":"b81e905908354542","eventtype":"gyroscope","timestamp":1456248362595,"userid":"vincent.planat@hpe.com","trainingMode":"WALKING_UP","x":30.54878,"y":6.890244,"z":-16.859756}
