{"deviceid":"b81e905908354542","eventtype":"barometer","timestamp":1456248112887,"userid":"vincent.planat@hpe.com","trainingMode":"WALKING","airPressure":990.502686,"temperature":35.347917}
{"deviceid":"b81e905908354542","eventtype":"barometer","timestamp":1456248125867,"userid":"vincent.planat@hpe.com","trainingMode":"WALKING","airPressure":990.28125,"temperature":35.327083}
{"deviceid":"b81e905908354542","eventtype":"barometer","timestamp":1456248094842,"userid":"vincent.planat@hpe.com","trainingMode":"SITTING","airPressure":990.400146,"temperature":35.425}
{"deviceid":"b81e905908354542","eventtype":"barometer","timestamp":1456248106065,"userid":"vincent.planat@hpe.com","trainingMode":"SITTING","airPressure":990.513672,"temperature":35.358333}
{"deviceid":"b81e905908354542","eventtype":"barometer","timestamp":1456248124852,"userid":"vincent.planat@hpe.com","trainingMode":"WALKING","airPressure":990.251709,"temperature":35.329167}
{"deviceid":"b81e905908354542","eventtype":"barometer","timestamp":1456248097834,"userid":"vincent.planat@hpe.com","trainingMode":"SITTING","airPressure":990.418701,"temperature":35.41875}
{"deviceid":"b81e905908354542","eventtype":"barometer","timestamp":1456248112869,"userid":"vincent.planat@hpe.com","trainingMode":"WALKING","airPressure":990.502686,"temperature":35.347917}
{"deviceid":"b81e905908354542","eventtype":"barometer","timestamp":1456248090161,"userid":"vincent.planat@hpe.com","trainingMode":"SITTING","airPressure":990.403809,"temperature":35.427083}
{"deviceid":"b81e905908354542","eventtype":"barometer","timestamp":1456248121988,"userid":"vincent.planat@hpe.com","trainingMode":"WALKING","airPressure":990.388672,"temperature":35.341667}
{"deviceid":"b81e905908354542","eventtype":"barometer","timestamp":1456248120925,"userid":"vincent.planat@hpe.com","trainingMode":"WALKING","airPressure":990.447021,"temperature":35.3375}
{"deviceid":"b81e905908354542","eventtype":"barometer","timestamp":1456248103897,"userid":"vincent.planat@hpe.com","trainingMode":"SITTING","airPressure":990.462646,"temperature":35.379167}
{"deviceid":"b81e905908354542","eventtype":"barometer","timestamp":1456248111846,"userid":"vincent.planat@hpe.com","trainingMode":"WALKING","airPressure":990.551758,"temperature":35.345833}
{"deviceid":"b81e905908354542","eventtype":"barometer","timestamp":1456248109852,"userid":"vincent.planat@hpe.com","trainingMode":"WALKING","airPressure":990.553711,"temperature":35.352083}
{"deviceid":"b81e905908354542","eventtype":"barometer","timestamp":1456248100961,"userid":"vincent.planat@hpe.com","trainingMode":"SITTING","airPressure":990.400391,"temperature":35.416667}
{"deviceid":"b81e905908354542","eventtype":"barometer","timestamp":1456248107837,"userid":"vincent.planat@hpe.com","trainingMode":"WALKING","airPressure":990.525879,"temperature":35.354167}
{"deviceid":"b81e905908354542","eventtype":"barometer","timestamp":1456248101863,"userid":"vincent.planat@hpe.com","trainingMode":"SITTING","airPressure":990.38916,"temperature":35.408333}
{"deviceid":"b81e905908354542","eventtype":"barometer","timestamp":1456248093926,"userid":"vincent.planat@hpe.com","trainingMode":"SITTING","airPressure":990.363037,"temperature":35.427083}
{"deviceid":"b81e905908354542","eventtype":"barometer","timestamp":1456248119852,"userid":"vincent.planat@hpe.com","trainingMode":"WALKING","airPressure":990.364258,"temperature":35.333333}
{"deviceid":"b81e905908354542","eventtype":"barometer","timestamp":1456248109898,"userid":"vincent.planat@hpe.com","trainingMode":"WALKING","airPressure":990.553711,"temperature":35.352083}
{"deviceid":"b81e905908354542","eventtype":"barometer","timestamp":1456248100161,"userid":"vincent.planat@hpe.com","trainingMode":"SITTING","airPressure":990.362061,"temperature":35.422917}
{"deviceid":"b81e905908354542","eventtype":"barometer","timestamp":1456248091860,"userid":"vincent.planat@hpe.com","trainingMode":"SITTING","airPressure":990.37793,"temperature":35.422917}
{"deviceid":"b81e905908354542","eventtype":"barometer","timestamp":1456248119866,"userid":"vincent.planat@hpe.com","trainingMode":"WALKING","airPressure":990.364258,"temperature":35.333333}
{"deviceid":"b81e905908354542","eventtype":"barometer","timestamp":1456248122901,"userid":"vincent.planat@hpe.com","trainingMode":"WALKING","airPressure":990.344971,"temperature":35.335417}
{"deviceid":"b81e905908354542","eventtype":"barometer","timestamp":1456248123933,"userid":"vincent.planat@hpe.com","trainingMode":"WALKING","airPressure":990.326904,"temperature":35.3375}
{"deviceid":"b81e905908354542","eventtype":"barometer","timestamp":1456248095838,"userid":"vincent.planat@hpe.com","trainingMode":"SITTING","airPressure":990.393066,"temperature":35.416667}
{"deviceid":"b81e905908354542","eventtype":"barometer","timestamp":1456248117312,"userid":"vincent.planat@hpe.com","trainingMode":"WALKING","airPressure":990.432861,"temperature":35.341667}
{"deviceid":"b81e905908354542","eventtype":"barometer","timestamp":1456248102863,"userid":"vincent.planat@hpe.com","trainingMode":"SITTING","airPressure":990.427246,"temperature":35.3875}
{"deviceid":"b81e905908354542","eventtype":"barometer","timestamp":1456248108908,"userid":"vincent.planat@hpe.com","trainingMode":"WALKING","airPressure":990.56543,"temperature":35.354167}
{"deviceid":"b81e905908354542","eventtype":"barometer","timestamp":1456248126870,"userid":"vincent.planat@hpe.com","trainingMode":"WALKING","airPressure":990.258057,"temperature":35.327083}
{"deviceid":"b81e905908354542","eventtype":"barometer","timestamp":1456248101848,"userid":"vincent.planat@hpe.com","trainingMode":"SITTING","airPressure":990.38916,"temperature":35.408333}
{"deviceid":"b81e905908354542","eventtype":"barometer","timestamp":1456248103884,"userid":"vincent.planat@hpe.com","trainingMode":"SITTING","airPressure":990.462646,"temperature":35.379167}
{"deviceid":"b81e905908354542","eventtype":"barometer","timestamp":1456248123912,"userid":"vincent.planat@hpe.com","trainingMode":"WALKING","airPressure":990.326904,"temperature":35.3375}
{"deviceid":"b81e905908354542","eventtype":"barometer","timestamp":1456248091840,"userid":"vincent.planat@hpe.com","trainingMode":"SITTING","airPressure":990.37793,"temperature":35.422917}
{"deviceid":"b81e905908354542","eventtype":"barometer","timestamp":1456248116491,"userid":"vincent.planat@hpe.com","trainingMode":"WALKING","airPressure":990.405762,"temperature":35.341667}
{"deviceid":"b81e905908354542","eventtype":"barometer","timestamp":1456248105211,"userid":"vincent.planat@hpe.com","trainingMode":"SITTING","airPressure":990.484131,"temperature":35.370833}
{"deviceid":"b81e905908354542","eventtype":"barometer","timestamp":1456248090950,"userid":"vincent.planat@hpe.com","trainingMode":"SITTING","airPressure":990.305908,"temperature":35.425}
{"deviceid":"b81e905908354542","eventtype":"barometer","timestamp":1456248118829,"userid":"vincent.planat@hpe.com","trainingMode":"WALKING","airPressure":990.384766,"temperature":35.335417}
{"deviceid":"b81e905908354542","eventtype":"barometer","timestamp":1456248113877,"userid":"vincent.planat@hpe.com","trainingMode":"WALKING","airPressure":990.462891,"temperature":35.34375}
{"deviceid":"b81e905908354542","eventtype":"barometer","timestamp":1456248099285,"userid":"vincent.planat@hpe.com","trainingMode":"SITTING","airPressure":990.347412,"temperature":35.420833}
{"deviceid":"b81e905908354542","eventtype":"barometer","timestamp":1456248116471,"userid":"vincent.planat@hpe.com","trainingMode":"WALKING","airPressure":990.405762,"temperature":35.341667}
{"deviceid":"b81e905908354542","eventtype":"barometer","timestamp":1456248106957,"userid":"vincent.planat@hpe.com","trainingMode":"WALKING","airPressure":990.537842,"temperature":35.35625}
{"deviceid":"b81e905908354542","eventtype":"barometer","timestamp":1456248090145,"userid":"vincent.planat@hpe.com","trainingMode":"SITTING","airPressure":990.403809,"temperature":35.427083}
{"deviceid":"b81e905908354542","eventtype":"barometer","timestamp":1456248094844,"userid":"vincent.planat@hpe.com","trainingMode":"SITTING","airPressure":990.400146,"temperature":35.425}
{"deviceid":"b81e905908354542","eventtype":"barometer","timestamp":1456248090934,"userid":"vincent.planat@hpe.com","trainingMode":"SITTING","airPressure":990.305908,"temperature":35.425}
{"deviceid":"b81e905908354542","eventtype":"barometer","timestamp":1456248096868,"userid":"vincent.planat@hpe.com","trainingMode":"SITTING","airPressure":990.379639,"temperature":35.420833}
{"deviceid":"b81e905908354542","eventtype":"barometer","timestamp":1456248127897,"userid":"vincent.planat@hpe.com","trainingMode":"WALKING","airPressure":990.223877,"temperature":35.31875}
{"deviceid":"b81e905908354542","eventtype":"barometer","timestamp":1456248095832,"userid":"vincent.planat@hpe.com","trainingMode":"SITTING","airPressure":990.393066,"temperature":35.416667}
{"deviceid":"b81e905908354542","eventtype":"barometer","timestamp":1456248114832,"userid":"vincent.planat@hpe.com","trainingMode":"WALKING","airPressure":990.405762,"temperature":35.341667}
{"deviceid":"b81e905908354542","eventtype":"barometer","timestamp":1456248124852,"userid":"vincent.planat@hpe.com","trainingMode":"WALKING","airPressure":990.251709,"temperature":35.329167}
{"deviceid":"b81e905908354542","eventtype":"barometer","timestamp":1456248113890,"userid":"vincent.planat@hpe.com","trainingMode":"WALKING","airPressure":990.462891,"temperature":35.34375}
{"deviceid":"b81e905908354542","eventtype":"barometer","timestamp":1456248122013,"userid":"vincent.planat@hpe.com","trainingMode":"WALKING","airPressure":990.388672,"temperature":35.341667}
{"deviceid":"b81e905908354542","eventtype":"barometer","timestamp":1456248118827,"userid":"vincent.planat@hpe.com","trainingMode":"WALKING","airPressure":990.384766,"temperature":35.335417}
{"deviceid":"b81e905908354542","eventtype":"barometer","timestamp":1456248100139,"userid":"vincent.planat@hpe.com","trainingMode":"SITTING","airPressure":990.362061,"temperature":35.422917}
{"deviceid":"b81e905908354542","eventtype":"barometer","timestamp":1456248099271,"userid":"vincent.planat@hpe.com","trainingMode":"SITTING","airPressure":990.347412,"temperature":35.420833}
{"deviceid":"b81e905908354542","eventtype":"barometer","timestamp":1456248122888,"userid":"vincent.planat@hpe.com","trainingMode":"WALKING","airPressure":990.344971,"temperature":35.335417}
{"deviceid":"b81e905908354542","eventtype":"barometer","timestamp":1456248117842,"userid":"vincent.planat@hpe.com","trainingMode":"WALKING","airPressure":990.386719,"temperature":35.3375}
{"deviceid":"b81e905908354542","eventtype":"barometer","timestamp":1456248092861,"userid":"vincent.planat@hpe.com","trainingMode":"SITTING","airPressure":990.294189,"temperature":35.41875}
{"deviceid":"b81e905908354542","eventtype":"barometer","timestamp":1456248110904,"userid":"vincent.planat@hpe.com","trainingMode":"WALKING","airPressure":990.538086,"temperature":35.347917}
{"deviceid":"b81e905908354542","eventtype":"barometer","timestamp":1456248096882,"userid":"vincent.planat@hpe.com","trainingMode":"SITTING","airPressure":990.379639,"temperature":35.420833}
{"deviceid":"b81e905908354542","eventtype":"barometer","timestamp":1456248106971,"userid":"vincent.planat@hpe.com","trainingMode":"WALKING","airPressure":990.537842,"temperature":35.35625}
{"deviceid":"b81e905908354542","eventtype":"barometer","timestamp":1456248117842,"userid":"vincent.planat@hpe.com","trainingMode":"WALKING","airPressure":990.386719,"temperature":35.3375}
{"deviceid":"b81e905908354542","eventtype":"barometer","timestamp":1456248108891,"userid":"vincent.planat@hpe.com","trainingMode":"WALKING","airPressure":990.56543,"temperature":35.354167}
{"deviceid":"b81e905908354542","eventtype":"barometer","timestamp":1456248110883,"userid":"vincent.planat@hpe.com","trainingMode":"WALKING","airPressure":990.538086,"temperature":35.347917}
{"deviceid":"b81e905908354542","eventtype":"barometer","timestamp":1456248092849,"userid":"vincent.planat@hpe.com","trainingMode":"SITTING","airPressure":990.294189,"temperature":35.41875}
{"deviceid":"b81e905908354542","eventtype":"barometer","timestamp":1456248093907,"userid":"vincent.planat@hpe.com","trainingMode":"SITTING","airPressure":990.363037,"temperature":35.427083}
{"deviceid":"b81e905908354542","eventtype":"barometer","timestamp":1456248125890,"userid":"vincent.planat@hpe.com","trainingMode":"WALKING","airPressure":990.28125,"temperature":35.327083}
{"deviceid":"b81e905908354542","eventtype":"barometer","timestamp":1456248120902,"userid":"vincent.planat@hpe.com","trainingMode":"WALKING","airPressure":990.447021,"temperature":35.3375}
{"deviceid":"b81e905908354542","eventtype":"barometer","timestamp":1456248111843,"userid":"vincent.planat@hpe.com","trainingMode":"WALKING","airPressure":990.551758,"temperature":35.345833}
{"deviceid":"b81e905908354542","eventtype":"barometer","timestamp":1456248107836,"userid":"vincent.planat@hpe.com","trainingMode":"WALKING","airPressure":990.525879,"temperature":35.354167}
{"deviceid":"b81e905908354542","eventtype":"barometer","timestamp":1456248100944,"userid":"vincent.planat@hpe.com","trainingMode":"SITTING","airPressure":990.400391,"temperature":35.416667}
{"deviceid":"b81e905908354542","eventtype":"barometer","timestamp":1456248127912,"userid":"vincent.planat@hpe.com","trainingMode":"WALKING","airPressure":990.223877,"temperature":35.31875}
{"deviceid":"b81e905908354542","eventtype":"barometer","timestamp":1456248126856,"userid":"vincent.planat@hpe.com","trainingMode":"WALKING","airPressure":990.258057,"temperature":35.327083}
{"deviceid":"b81e905908354542","eventtype":"barometer","timestamp":1456248106081,"userid":"vincent.planat@hpe.com","trainingMode":"SITTING","airPressure":990.513672,"temperature":35.358333}
{"deviceid":"b81e905908354542","eventtype":"barometer","timestamp":1456248102876,"userid":"vincent.planat@hpe.com","trainingMode":"SITTING","airPressure":990.427246,"temperature":35.3875}
{"deviceid":"b81e905908354542","eventtype":"barometer","timestamp":1456248097836,"userid":"vincent.planat@hpe.com","trainingMode":"SITTING","airPressure":990.418701,"temperature":35.41875}
{"deviceid":"b81e905908354542","eventtype":"barometer","timestamp":1456248105241,"userid":"vincent.planat@hpe.com","trainingMode":"SITTING","airPressure":990.484131,"temperature":35.370833}
{"deviceid":"b81e905908354542","eventtype":"barometer","timestamp":1456248114833,"userid":"vincent.planat@hpe.com","trainingMode":"WALKING","airPressure":990.405762,"temperature":35.341667}
{"deviceid":"b81e905908354542","eventtype":"barometer","timestamp":1456248117322,"userid":"vincent.planat@hpe.com","trainingMode":"WALKING","airPressure":990.432861,"temperature":35.341667}
