{"deviceid":"b81e905908354542","eventtype":"calorie","timestamp":1456248229792,"userid":"vincent.planat@hpe.com","trainingMode":"WALKING","calories":18682}
{"deviceid":"b81e905908354542","eventtype":"calorie","timestamp":1456248235025,"userid":"vincent.planat@hpe.com","trainingMode":"WALKING","calories":18682}
{"deviceid":"b81e905908354542","eventtype":"calorie","timestamp":1456248226400,"userid":"vincent.planat@hpe.com","trainingMode":"WALKING","calories":18682}
{"deviceid":"b81e905908354542","eventtype":"calorie","timestamp":1456248223626,"userid":"vincent.planat@hpe.com","trainingMode":"WALKING","calories":18681}
{"deviceid":"b81e905908354542","eventtype":"calorie","timestamp":1456248239736,"userid":"vincent.planat@hpe.com","trainingMode":"WALKING","calories":18683}
{"deviceid":"b81e905908354542","eventtype":"calorie","timestamp":1456248212001,"userid":"vincent.planat@hpe.com","trainingMode":"WALKING","calories":18681}
{"deviceid":"b81e905908354542","eventtype":"calorie","timestamp":1456248234019,"userid":"vincent.planat@hpe.com","trainingMode":"WALKING","calories":18682}
{"deviceid":"b81e905908354542","eventtype":"calorie","timestamp":1456248217594,"userid":"vincent.planat@hpe.com","trainingMode":"WALKING","calories":18681}
{"deviceid":"b81e905908354542","eventtype":"calorie","timestamp":1456248228934,"userid":"vincent.planat@hpe.com","trainingMode":"WALKING","calories":18682}
{"deviceid":"b81e905908354542","eventtype":"calorie","timestamp":1456248236044,"userid":"vincent.planat@hpe.com","trainingMode":"WALKING","calories":18682}
{"deviceid":"b81e905908354542","eventtype":"calorie","timestamp":1456248215743,"userid":"vincent.planat@hpe.com","trainingMode":"WALKING","calories":18681}
{"deviceid":"b81e905908354542","eventtype":"calorie","timestamp":1456248212014,"userid":"vincent.planat@hpe.com","trainingMode":"WALKING","calories":18681}
{"deviceid":"b81e905908354542","eventtype":"calorie","timestamp":1456248247182,"userid":"vincent.planat@hpe.com","trainingMode":"WALKING","calories":18683}
{"deviceid":"b81e905908354542","eventtype":"calorie","timestamp":1456248248261,"userid":"vincent.planat@hpe.com","trainingMode":"WALKING","calories":18683}
{"deviceid":"b81e905908354542","eventtype":"calorie","timestamp":1456248228144,"userid":"vincent.planat@hpe.com","trainingMode":"WALKING","calories":18682}
{"deviceid":"b81e905908354542","eventtype":"calorie","timestamp":1456248230840,"userid":"vincent.planat@hpe.com","trainingMode":"WALKING","calories":18682}
{"deviceid":"b81e905908354542","eventtype":"calorie","timestamp":1456248216628,"userid":"vincent.planat@hpe.com","trainingMode":"WALKING","calories":18681}
{"deviceid":"b81e905908354542","eventtype":"calorie","timestamp":1456248211076,"userid":"vincent.planat@hpe.com","trainingMode":"WALKING","calories":18680}
{"deviceid":"b81e905908354542","eventtype":"calorie","timestamp":1456248248276,"userid":"vincent.planat@hpe.com","trainingMode":"WALKING","calories":18683}
{"deviceid":"b81e905908354542","eventtype":"calorie","timestamp":1456248244150,"userid":"vincent.planat@hpe.com","trainingMode":"WALKING","calories":18683}
{"deviceid":"b81e905908354542","eventtype":"calorie","timestamp":1456248214567,"userid":"vincent.planat@hpe.com","trainingMode":"WALKING","calories":18681}
{"deviceid":"b81e905908354542","eventtype":"calorie","timestamp":1456248227203,"userid":"vincent.planat@hpe.com","trainingMode":"WALKING","calories":18682}
{"deviceid":"b81e905908354542","eventtype":"calorie","timestamp":1456248221617,"userid":"vincent.planat@hpe.com","trainingMode":"WALKING","calories":18681}
{"deviceid":"b81e905908354542","eventtype":"calorie","timestamp":1456248244163,"userid":"vincent.planat@hpe.com","trainingMode":"WALKING","calories":18683}
{"deviceid":"b81e905908354542","eventtype":"calorie","timestamp":1456248247229,"userid":"vincent.planat@hpe.com","trainingMode":"WALKING","calories":18683}
{"deviceid":"b81e905908354542","eventtype":"calorie","timestamp":1456248211097,"userid":"vincent.planat@hpe.com","trainingMode":"WALKING","calories":18680}
{"deviceid":"b81e905908354542","eventtype":"calorie","timestamp":1456248220768,"userid":"vincent.planat@hpe.com","trainingMode":"WALKING","calories":18681}
{"deviceid":"b81e905908354542","eventtype":"calorie","timestamp":1456248217563,"userid":"vincent.planat@hpe.com","trainingMode":"WALKING","calories":18681}
{"deviceid":"b81e905908354542","eventtype":"calorie","timestamp":1456248210242,"userid":"vincent.planat@hpe.com","trainingMode":"WALKING","calories":18680}
{"deviceid":"b81e905908354542","eventtype":"calorie","timestamp":1456248232849,"userid":"vincent.planat@hpe.com","trainingMode":"WALKING","calories":18682}
{"deviceid":"b81e905908354542","eventtype":"calorie","timestamp":1456248222702,"userid":"vincent.planat@hpe.com","trainingMode":"WALKING","calories":18681}
{"deviceid":"b81e905908354542","eventtype":"calorie","timestamp":1456248213698,"userid":"vincent.planat@hpe.com","trainingMode":"WALKING","calories":18681}
{"deviceid":"b81e905908354542","eventtype":"calorie","timestamp":1456248223641,"userid":"vincent.planat@hpe.com","trainingMode":"WALKING","calories":18681}
{"deviceid":"b81e905908354542","eventtype":"calorie","timestamp":1456248224772,"userid":"vincent.planat@hpe.com","trainingMode":"WALKING","calories":18682}
{"deviceid":"b81e905908354542","eventtype":"calorie","timestamp":1456248216611,"userid":"vincent.planat@hpe.com","trainingMode":"WALKING","calories":18681}
{"deviceid":"b81e905908354542","eventtype":"calorie","timestamp":1456248242388,"userid":"vincent.planat@hpe.com","trainingMode":"WALKING","calories":18683}
{"deviceid":"b81e905908354542","eventtype":"calorie","timestamp":1456248228921,"userid":"vincent.planat@hpe.com","trainingMode":"WALKING","calories":18682}
{"deviceid":"b81e905908354542","eventtype":"calorie","timestamp":1456248213671,"userid":"vincent.planat@hpe.com","trainingMode":"WALKING","calories":18681}
{"deviceid":"b81e905908354542","eventtype":"calorie","timestamp":1456248212847,"userid":"vincent.planat@hpe.com","trainingMode":"WALKING","calories":18681}
{"deviceid":"b81e905908354542","eventtype":"calorie","timestamp":1456248237059,"userid":"vincent.planat@hpe.com","trainingMode":"WALKING","calories":18682}
{"deviceid":"b81e905908354542","eventtype":"calorie","timestamp":1456248246359,"userid":"vincent.planat@hpe.com","trainingMode":"WALKING","calories":18683}
{"deviceid":"b81e905908354542","eventtype":"calorie","timestamp":1456248231982,"userid":"vincent.planat@hpe.com","trainingMode":"WALKING","calories":18682}
{"deviceid":"b81e905908354542","eventtype":"calorie","timestamp":1456248237987,"userid":"vincent.planat@hpe.com","trainingMode":"WALKING","calories":18682}
{"deviceid":"b81e905908354542","eventtype":"calorie","timestamp":1456248230850,"userid":"vincent.planat@hpe.com","trainingMode":"WALKING","calories":18682}
{"deviceid":"b81e905908354542","eventtype":"calorie","timestamp":1456248236030,"userid":"vincent.planat@hpe.com","trainingMode":"WALKING","calories":18682}
{"deviceid":"b81e905908354542","eventtype":"calorie","timestamp":1456248232863,"userid":"vincent.planat@hpe.com","trainingMode":"WALKING","calories":18682}
{"deviceid":"b81e905908354542","eventtype":"calorie","timestamp":1456248218492,"userid":"vincent.planat@hpe.com","trainingMode":"WALKING","calories":18681}
{"deviceid":"b81e905908354542","eventtype":"calorie","timestamp":1456248222716,"userid":"vincent.planat@hpe.com","trainingMode":"WALKING","calories":18681}
{"deviceid":"b81e905908354542","eventtype":"calorie","timestamp":1456248241513,"userid":"vincent.planat@hpe.com","trainingMode":"WALKING","calories":18683}
{"deviceid":"b81e905908354542","eventtype":"calorie","timestamp":1456248228159,"userid":"vincent.planat@hpe.com","trainingMode":"WALKING","calories":18682}
{"deviceid":"b81e905908354542","eventtype":"calorie","timestamp":1456248218490,"userid":"vincent.planat@hpe.com","trainingMode":"WALKING","calories":18681}
{"deviceid":"b81e905908354542","eventtype":"calorie","timestamp":1456248245495,"userid":"vincent.planat@hpe.com","trainingMode":"WALKING","calories":18683}
{"deviceid":"b81e905908354542","eventtype":"calorie","timestamp":1456248240638,"userid":"vincent.planat@hpe.com","trainingMode":"WALKING","calories":18683}
{"deviceid":"b81e905908354542","eventtype":"calorie","timestamp":1456248215725,"userid":"vincent.planat@hpe.com","trainingMode":"WALKING","calories":18681}
{"deviceid":"b81e905908354542","eventtype":"calorie","timestamp":1456248210228,"userid":"vincent.planat@hpe.com","trainingMode":"WALKING","calories":18680}
{"deviceid":"b81e905908354542","eventtype":"calorie","timestamp":1456248235009,"userid":"vincent.planat@hpe.com","trainingMode":"WALKING","calories":18682}
{"deviceid":"b81e905908354542","eventtype":"calorie","timestamp":1456248220753,"userid":"vincent.planat@hpe.com","trainingMode":"WALKING","calories":18681}
{"deviceid":"b81e905908354542","eventtype":"calorie","timestamp":1456248214588,"userid":"vincent.planat@hpe.com","trainingMode":"WALKING","calories":18681}
{"deviceid":"b81e905908354542","eventtype":"calorie","timestamp":1456248229807,"userid":"vincent.planat@hpe.com","trainingMode":"WALKING","calories":18682}
{"deviceid":"b81e905908354542","eventtype":"calorie","timestamp":1456248224798,"userid":"vincent.planat@hpe.com","trainingMode":"WALKING","calories":18682}
{"deviceid":"b81e905908354542","eventtype":"calorie","timestamp":1456248219516,"userid":"vincent.planat@hpe.com","trainingMode":"WALKING","calories":18681}
{"deviceid":"b81e905908354542","eventtype":"calorie","timestamp":1456248233995,"userid":"vincent.planat@hpe.com","trainingMode":"WALKING","calories":18682}
{"deviceid":"b81e905908354542","eventtype":"calorie","timestamp":1456248226382,"userid":"vincent.planat@hpe.com","trainingMode":"WALKING","calories":18682}
{"deviceid":"b81e905908354542","eventtype":"calorie","timestamp":1456248243132,"userid":"vincent.planat@hpe.com","trainingMode":"WALKING","calories":18683}
{"deviceid":"b81e905908354542","eventtype":"calorie","timestamp":1456248245532,"userid":"vincent.planat@hpe.com","trainingMode":"WALKING","calories":18683}
{"deviceid":"b81e905908354542","eventtype":"calorie","timestamp":1456248237018,"userid":"vincent.planat@hpe.com","trainingMode":"WALKING","calories":18682}
{"deviceid":"b81e905908354542","eventtype":"calorie","timestamp":1456248231956,"userid":"vincent.planat@hpe.com","trainingMode":"WALKING","calories":18682}
{"deviceid":"b81e905908354542","eventtype":"calorie","timestamp":1456248242362,"userid":"vincent.planat@hpe.com","trainingMode":"WALKING","calories":18683}
{"deviceid":"b81e905908354542","eventtype":"calorie","timestamp":1456248227284,"userid":"vincent.planat@hpe.com","trainingMode":"WALKING","calories":18682}
{"deviceid":"b81e905908354542","eventtype":"calorie","timestamp":1456248246373,"userid":"vincent.planat@hpe.com","trainingMode":"WALKING","calories":18683}
{"deviceid":"b81e905908354542","eventtype":"calorie","timestamp":1456248221600,"userid":"vincent.planat@hpe.com","trainingMode":"WALKING","calories":18681}
{"deviceid":"b81e905908354542","eventtype":"calorie","timestamp":1456248219517,"userid":"vincent.planat@hpe.com","trainingMode":"WALKING","calories":18681}
{"deviceid":"b81e905908354542","eventtype":"calorie","timestamp":1456248241497,"userid":"vincent.planat@hpe.com","trainingMode":"WALKING","calories":18683}
{"deviceid":"b81e905908354542","eventtype":"calorie","timestamp":1456248240651,"userid":"vincent.planat@hpe.com","trainingMode":"WALKING","calories":18683}
{"deviceid":"b81e905908354542","eventtype":"calorie","timestamp":1456248238003,"userid":"vincent.planat@hpe.com","trainingMode":"WALKING","calories":18682}
{"deviceid":"b81e905908354542","eventtype":"calorie","timestamp":1456248239719,"userid":"vincent.planat@hpe.com","trainingMode":"WALKING","calories":18683}
{"deviceid":"b81e905908354542","eventtype":"calorie","timestamp":1456248243148,"userid":"vincent.planat@hpe.com","trainingMode":"WALKING","calories":18683}
{"deviceid":"b81e905908354542","eventtype":"calorie","timestamp":1456248212829,"userid":"vincent.planat@hpe.com","trainingMode":"WALKING","calories":18681}
