{"deviceid":"b81e905908354542","eventtype":"ambientLight","timestamp":1456248661942,"userid":"vincent.planat@hpe.com","trainingMode":"SITTING","brightness":209}
{"deviceid":"b81e905908354542","eventtype":"ambientLight","timestamp":1456248627062,"userid":"vincent.planat@hpe.com","trainingMode":"WALKING","brightness":0}
{"deviceid":"b81e905908354542","eventtype":"ambientLight","timestamp":1456248633518,"userid":"vincent.planat@hpe.com","trainingMode":"WALKING","brightness":81}
{"deviceid":"b81e905908354542","eventtype":"ambientLight","timestamp":1456248647813,"userid":"vincent.planat@hpe.com","trainingMode":"SITTING","brightness":217}
{"deviceid":"b81e905908354542","eventtype":"ambientLight","timestamp":1456248668901,"userid":"vincent.planat@hpe.com","trainingMode":"SITTING","brightness":208}
{"deviceid":"b81e905908354542","eventtype":"ambientLight","timestamp":1456248630902,"userid":"vincent.planat@hpe.com","trainingMode":"WALKING","brightness":0}
{"deviceid":"b81e905908354542","eventtype":"ambientLight","timestamp":1456248639983,"userid":"vincent.planat@hpe.com","trainingMode":"WALKING","brightness":57}
{"deviceid":"b81e905908354542","eventtype":"ambientLight","timestamp":1456248664001,"userid":"vincent.planat@hpe.com","trainingMode":"SITTING","brightness":209}
{"deviceid":"b81e905908354542","eventtype":"ambientLight","timestamp":1456248664040,"userid":"vincent.planat@hpe.com","trainingMode":"SITTING","brightness":209}
{"deviceid":"b81e905908354542","eventtype":"ambientLight","timestamp":1456248646421,"userid":"vincent.planat@hpe.com","trainingMode":"SITTING","brightness":146}
{"deviceid":"b81e905908354542","eventtype":"ambientLight","timestamp":1456248663467,"userid":"vincent.planat@hpe.com","trainingMode":"SITTING","brightness":209}
{"deviceid":"b81e905908354542","eventtype":"ambientLight","timestamp":1456248632123,"userid":"vincent.planat@hpe.com","trainingMode":"WALKING","brightness":0}
{"deviceid":"b81e905908354542","eventtype":"ambientLight","timestamp":1456248655475,"userid":"vincent.planat@hpe.com","trainingMode":"SITTING","brightness":206}
{"deviceid":"b81e905908354542","eventtype":"ambientLight","timestamp":1456248626226,"userid":"vincent.planat@hpe.com","trainingMode":"WALKING","brightness":0}
{"deviceid":"b81e905908354542","eventtype":"ambientLight","timestamp":1456248625261,"userid":"vincent.planat@hpe.com","trainingMode":"WALKING","brightness":0}
{"deviceid":"b81e905908354542","eventtype":"ambientLight","timestamp":1456248627901,"userid":"vincent.planat@hpe.com","trainingMode":"WALKING","brightness":0}
{"deviceid":"b81e905908354542","eventtype":"ambientLight","timestamp":1456248648927,"userid":"vincent.planat@hpe.com","trainingMode":"SITTING","brightness":202}
{"deviceid":"b81e905908354542","eventtype":"ambientLight","timestamp":1456248630439,"userid":"vincent.planat@hpe.com","trainingMode":"WALKING","brightness":0}
{"deviceid":"b81e905908354542","eventtype":"ambientLight","timestamp":1456248629966,"userid":"vincent.planat@hpe.com","trainingMode":"WALKING","brightness":0}
{"deviceid":"b81e905908354542","eventtype":"ambientLight","timestamp":1456248638449,"userid":"vincent.planat@hpe.com","trainingMode":"WALKING","brightness":100}
{"deviceid":"b81e905908354542","eventtype":"ambientLight","timestamp":1456248636971,"userid":"vincent.planat@hpe.com","trainingMode":"WALKING","brightness":26}
{"deviceid":"b81e905908354542","eventtype":"ambientLight","timestamp":1456248640489,"userid":"vincent.planat@hpe.com","trainingMode":"WALKING","brightness":53}
{"deviceid":"b81e905908354542","eventtype":"ambientLight","timestamp":1456248632998,"userid":"vincent.planat@hpe.com","trainingMode":"WALKING","brightness":153}
{"deviceid":"b81e905908354542","eventtype":"ambientLight","timestamp":1456248666964,"userid":"vincent.planat@hpe.com","trainingMode":"SITTING","brightness":209}
{"deviceid":"b81e905908354542","eventtype":"ambientLight","timestamp":1456248660781,"userid":"vincent.planat@hpe.com","trainingMode":"SITTING","brightness":209}
{"deviceid":"b81e905908354542","eventtype":"ambientLight","timestamp":1456248648523,"userid":"vincent.planat@hpe.com","trainingMode":"SITTING","brightness":195}
{"deviceid":"b81e905908354542","eventtype":"ambientLight","timestamp":1456248625236,"userid":"vincent.planat@hpe.com","trainingMode":"WALKING","brightness":0}
{"deviceid":"b81e905908354542","eventtype":"ambientLight","timestamp":1456248635946,"userid":"vincent.planat@hpe.com","trainingMode":"WALKING","brightness":31}
{"deviceid":"b81e905908354542","eventtype":"ambientLight","timestamp":1456248645103,"userid":"vincent.planat@hpe.com","trainingMode":"SITTING","brightness":76}
{"deviceid":"b81e905908354542","eventtype":"ambientLight","timestamp":1456248650507,"userid":"vincent.planat@hpe.com","trainingMode":"SITTING","brightness":205}
{"deviceid":"b81e905908354542","eventtype":"ambientLight","timestamp":1456248655461,"userid":"vincent.planat@hpe.com","trainingMode":"SITTING","brightness":206}
{"deviceid":"b81e905908354542","eventtype":"ambientLight","timestamp":1456248639444,"userid":"vincent.planat@hpe.com","trainingMode":"WALKING","brightness":14}
{"deviceid":"b81e905908354542","eventtype":"ambientLight","timestamp":1456248655936,"userid":"vincent.planat@hpe.com","trainingMode":"SITTING","brightness":206}
{"deviceid":"b81e905908354542","eventtype":"ambientLight","timestamp":1456248654404,"userid":"vincent.planat@hpe.com","trainingMode":"SITTING","brightness":206}
{"deviceid":"b81e905908354542","eventtype":"ambientLight","timestamp":1456248632689,"userid":"vincent.planat@hpe.com","trainingMode":"WALKING","brightness":0}
{"deviceid":"b81e905908354542","eventtype":"ambientLight","timestamp":1456248656429,"userid":"vincent.planat@hpe.com","trainingMode":"SITTING","brightness":206}
{"deviceid":"b81e905908354542","eventtype":"ambientLight","timestamp":1456248633901,"userid":"vincent.planat@hpe.com","trainingMode":"WALKING","brightness":108}
{"deviceid":"b81e905908354542","eventtype":"ambientLight","timestamp":1456248656974,"userid":"vincent.planat@hpe.com","trainingMode":"SITTING","brightness":206}
{"deviceid":"b81e905908354542","eventtype":"ambientLight","timestamp":1456248662932,"userid":"vincent.planat@hpe.com","trainingMode":"SITTING","brightness":209}
{"deviceid":"b81e905908354542","eventtype":"ambientLight","timestamp":1456248664718,"userid":"vincent.planat@hpe.com","trainingMode":"SITTING","brightness":209}
{"deviceid":"b81e905908354542","eventtype":"ambientLight","timestamp":1456248653524,"userid":"vincent.planat@hpe.com","trainingMode":"SITTING","brightness":203}
{"deviceid":"b81e905908354542","eventtype":"ambientLight","timestamp":1456248645117,"userid":"vincent.planat@hpe.com","trainingMode":"SITTING","brightness":76}
{"deviceid":"b81e905908354542","eventtype":"ambientLight","timestamp":1456248652426,"userid":"vincent.planat@hpe.com","trainingMode":"SITTING","brightness":205}
{"deviceid":"b81e905908354542","eventtype":"ambientLight","timestamp":1456248661584,"userid":"vincent.planat@hpe.com","trainingMode":"SITTING","brightness":209}
{"deviceid":"b81e905908354542","eventtype":"ambientLight","timestamp":1456248640923,"userid":"vincent.planat@hpe.com","trainingMode":"WALKING","brightness":74}
{"deviceid":"b81e905908354542","eventtype":"ambientLight","timestamp":1456248661184,"userid":"vincent.planat@hpe.com","trainingMode":"SITTING","brightness":209}
{"deviceid":"b81e905908354542","eventtype":"ambientLight","timestamp":1456248666411,"userid":"vincent.planat@hpe.com","trainingMode":"SITTING","brightness":209}
{"deviceid":"b81e905908354542","eventtype":"ambientLight","timestamp":1456248648120,"userid":"vincent.planat@hpe.com","trainingMode":"SITTING","brightness":214}
{"deviceid":"b81e905908354542","eventtype":"ambientLight","timestamp":1456248642403,"userid":"vincent.planat@hpe.com","trainingMode":"WALKING","brightness":38}
{"deviceid":"b81e905908354542","eventtype":"ambientLight","timestamp":1456248645587,"userid":"vincent.planat@hpe.com","trainingMode":"SITTING","brightness":123}
{"deviceid":"b81e905908354542","eventtype":"ambientLight","timestamp":1456248654967,"userid":"vincent.planat@hpe.com","trainingMode":"SITTING","brightness":206}
{"deviceid":"b81e905908354542","eventtype":"ambientLight","timestamp":1456248631722,"userid":"vincent.planat@hpe.com","trainingMode":"WALKING","brightness":0}
{"deviceid":"b81e905908354542","eventtype":"ambientLight","timestamp":1456248651049,"userid":"vincent.planat@hpe.com","trainingMode":"SITTING","brightness":206}
{"deviceid":"b81e905908354542","eventtype":"ambientLight","timestamp":1456248627046,"userid":"vincent.planat@hpe.com","trainingMode":"WALKING","brightness":0}
{"deviceid":"b81e905908354542","eventtype":"ambientLight","timestamp":1456248640503,"userid":"vincent.planat@hpe.com","trainingMode":"WALKING","brightness":53}
{"deviceid":"b81e905908354542","eventtype":"ambientLight","timestamp":1456248629424,"userid":"vincent.planat@hpe.com","trainingMode":"WALKING","brightness":0}
{"deviceid":"b81e905908354542","eventtype":"ambientLight","timestamp":1456248667476,"userid":"vincent.planat@hpe.com","trainingMode":"SITTING","brightness":209}
{"deviceid":"b81e905908354542","eventtype":"ambientLight","timestamp":1456248637541,"userid":"vincent.planat@hpe.com","trainingMode":"WALKING","brightness":22}
{"deviceid":"b81e905908354542","eventtype":"ambientLight","timestamp":1456248660324,"userid":"vincent.planat@hpe.com","trainingMode":"SITTING","brightness":209}
{"deviceid":"b81e905908354542","eventtype":"ambientLight","timestamp":1456248638918,"userid":"vincent.planat@hpe.com","trainingMode":"WALKING","brightness":155}
{"deviceid":"b81e905908354542","eventtype":"ambientLight","timestamp":1456248636443,"userid":"vincent.planat@hpe.com","trainingMode":"WALKING","brightness":74}
{"deviceid":"b81e905908354542","eventtype":"ambientLight","timestamp":1456248655921,"userid":"vincent.planat@hpe.com","trainingMode":"SITTING","brightness":206}
{"deviceid":"b81e905908354542","eventtype":"ambientLight","timestamp":1456248647821,"userid":"vincent.planat@hpe.com","trainingMode":"SITTING","brightness":217}
{"deviceid":"b81e905908354542","eventtype":"ambientLight","timestamp":1456248666421,"userid":"vincent.planat@hpe.com","trainingMode":"SITTING","brightness":209}
{"deviceid":"b81e905908354542","eventtype":"ambientLight","timestamp":1456248654950,"userid":"vincent.planat@hpe.com","trainingMode":"SITTING","brightness":206}
{"deviceid":"b81e905908354542","eventtype":"ambientLight","timestamp":1456248632643,"userid":"vincent.planat@hpe.com","trainingMode":"WALKING","brightness":0}
{"deviceid":"b81e905908354542","eventtype":"ambientLight","timestamp":1456248653547,"userid":"vincent.planat@hpe.com","trainingMode":"SITTING","brightness":203}
{"deviceid":"b81e905908354542","eventtype":"ambientLight","timestamp":1456248644020,"userid":"vincent.planat@hpe.com","trainingMode":"SITTING","brightness":40}
{"deviceid":"b81e905908354542","eventtype":"ambientLight","timestamp":1456248626725,"userid":"vincent.planat@hpe.com","trainingMode":"WALKING","brightness":0}
{"deviceid":"b81e905908354542","eventtype":"ambientLight","timestamp":1456248640001,"userid":"vincent.planat@hpe.com","trainingMode":"WALKING","brightness":57}
{"deviceid":"b81e905908354542","eventtype":"ambientLight","timestamp":1456248668915,"userid":"vincent.planat@hpe.com","trainingMode":"SITTING","brightness":208}
{"deviceid":"b81e905908354542","eventtype":"ambientLight","timestamp":1456248642991,"userid":"vincent.planat@hpe.com","trainingMode":"WALKING","brightness":68}
{"deviceid":"b81e905908354542","eventtype":"ambientLight","timestamp":1456248658991,"userid":"vincent.planat@hpe.com","trainingMode":"SITTING","brightness":208}
{"deviceid":"b81e905908354542","eventtype":"ambientLight","timestamp":1456248648944,"userid":"vincent.planat@hpe.com","trainingMode":"SITTING","brightness":202}
{"deviceid":"b81e905908354542","eventtype":"ambientLight","timestamp":1456248636458,"userid":"vincent.planat@hpe.com","trainingMode":"WALKING","brightness":74}
{"deviceid":"b81e905908354542","eventtype":"ambientLight","timestamp":1456248638466,"userid":"vincent.planat@hpe.com","trainingMode":"WALKING","brightness":100}
{"deviceid":"b81e905908354542","eventtype":"ambientLight","timestamp":1456248668404,"userid":"vincent.planat@hpe.com","trainingMode":"SITTING","brightness":206}
{"deviceid":"b81e905908354542","eventtype":"ambientLight","timestamp":1456248649939,"userid":"vincent.planat@hpe.com","trainingMode":"SITTING","brightness":203}
{"deviceid":"b81e905908354542","eventtype":"ambientLight","timestamp":1456248637908,"userid":"vincent.planat@hpe.com","trainingMode":"WALKING","brightness":41}
{"deviceid":"b81e905908354542","eventtype":"ambientLight","timestamp":1456248667951,"userid":"vincent.planat@hpe.com","trainingMode":"SITTING","brightness":206}
{"deviceid":"b81e905908354542","eventtype":"ambientLight","timestamp":1456248654402,"userid":"vincent.planat@hpe.com","trainingMode":"SITTING","brightness":206}
{"deviceid":"b81e905908354542","eventtype":"ambientLight","timestamp":1456248665562,"userid":"vincent.planat@hpe.com","trainingMode":"SITTING","brightness":209}
{"deviceid":"b81e905908354542","eventtype":"ambientLight","timestamp":1456248648510,"userid":"vincent.planat@hpe.com","trainingMode":"SITTING","brightness":195}
{"deviceid":"b81e905908354542","eventtype":"ambientLight","timestamp":1456248647372,"userid":"vincent.planat@hpe.com","trainingMode":"SITTING","brightness":212}
{"deviceid":"b81e905908354542","eventtype":"ambientLight","timestamp":1456248633461,"userid":"vincent.planat@hpe.com","trainingMode":"WALKING","brightness":81}
{"deviceid":"b81e905908354542","eventtype":"ambientLight","timestamp":1456248629411,"userid":"vincent.planat@hpe.com","trainingMode":"WALKING","brightness":0}
{"deviceid":"b81e905908354542","eventtype":"ambientLight","timestamp":1456248636957,"userid":"vincent.planat@hpe.com","trainingMode":"WALKING","brightness":26}
{"deviceid":"b81e905908354542","eventtype":"ambientLight","timestamp":1456248646078,"userid":"vincent.planat@hpe.com","trainingMode":"SITTING","brightness":123}
{"deviceid":"b81e905908354542","eventtype":"ambientLight","timestamp":1456248639472,"userid":"vincent.planat@hpe.com","trainingMode":"WALKING","brightness":14}
{"deviceid":"b81e905908354542","eventtype":"ambientLight","timestamp":1456248628398,"userid":"vincent.planat@hpe.com","trainingMode":"WALKING","brightness":0}
{"deviceid":"b81e905908354542","eventtype":"ambientLight","timestamp":1456248649466,"userid":"vincent.planat@hpe.com","trainingMode":"SITTING","brightness":202}
{"deviceid":"b81e905908354542","eventtype":"ambientLight","timestamp":1456248634404,"userid":"vincent.planat@hpe.com","trainingMode":"WALKING","brightness":29}
{"deviceid":"b81e905908354542","eventtype":"ambientLight","timestamp":1456248656442,"userid":"vincent.planat@hpe.com","trainingMode":"SITTING","brightness":206}
{"deviceid":"b81e905908354542","eventtype":"ambientLight","timestamp":1456248645604,"userid":"vincent.planat@hpe.com","trainingMode":"SITTING","brightness":123}
{"deviceid":"b81e905908354542","eventtype":"ambientLight","timestamp":1456248662001,"userid":"vincent.planat@hpe.com","trainingMode":"SITTING","brightness":209}
{"deviceid":"b81e905908354542","eventtype":"ambientLight","timestamp":1456248659450,"userid":"vincent.planat@hpe.com","trainingMode":"SITTING","brightness":208}
{"deviceid":"b81e905908354542","eventtype":"ambientLight","timestamp":1456248651927,"userid":"vincent.planat@hpe.com","trainingMode":"SITTING","brightness":203}
{"deviceid":"b81e905908354542","eventtype":"ambientLight","timestamp":1456248628914,"userid":"vincent.planat@hpe.com","trainingMode":"WALKING","brightness":0}
{"deviceid":"b81e905908354542","eventtype":"ambientLight","timestamp":1456248631775,"userid":"vincent.planat@hpe.com","trainingMode":"WALKING","brightness":0}
{"deviceid":"b81e905908354542","eventtype":"ambientLight","timestamp":1456248630453,"userid":"vincent.planat@hpe.com","trainingMode":"WALKING","brightness":0}
{"deviceid":"b81e905908354542","eventtype":"ambientLight","timestamp":1456248631136,"userid":"vincent.planat@hpe.com","trainingMode":"WALKING","brightness":0}
{"deviceid":"b81e905908354542","eventtype":"ambientLight","timestamp":1456248659863,"userid":"vincent.planat@hpe.com","trainingMode":"SITTING","brightness":209}
{"deviceid":"b81e905908354542","eventtype":"ambientLight","timestamp":1456248660358,"userid":"vincent.planat@hpe.com","trainingMode":"SITTING","brightness":209}
{"deviceid":"b81e905908354542","eventtype":"ambientLight","timestamp":1456248649451,"userid":"vincent.planat@hpe.com","trainingMode":"SITTING","brightness":202}
{"deviceid":"b81e905908354542","eventtype":"ambientLight","timestamp":1456248665547,"userid":"vincent.planat@hpe.com","trainingMode":"SITTING","brightness":209}
{"deviceid":"b81e905908354542","eventtype":"ambientLight","timestamp":1456248625738,"userid":"vincent.planat@hpe.com","trainingMode":"WALKING","brightness":0}
{"deviceid":"b81e905908354542","eventtype":"ambientLight","timestamp":1456248652942,"userid":"vincent.planat@hpe.com","trainingMode":"SITTING","brightness":205}
{"deviceid":"b81e905908354542","eventtype":"ambientLight","timestamp":1456248651451,"userid":"vincent.planat@hpe.com","trainingMode":"SITTING","brightness":199}
{"deviceid":"b81e905908354542","eventtype":"ambientLight","timestamp":1456248641920,"userid":"vincent.planat@hpe.com","trainingMode":"WALKING","brightness":100}
{"deviceid":"b81e905908354542","eventtype":"ambientLight","timestamp":1456248666980,"userid":"vincent.planat@hpe.com","trainingMode":"SITTING","brightness":209}
{"deviceid":"b81e905908354542","eventtype":"ambientLight","timestamp":1456248658058,"userid":"vincent.planat@hpe.com","trainingMode":"SITTING","brightness":208}
{"deviceid":"b81e905908354542","eventtype":"ambientLight","timestamp":1456248635482,"userid":"vincent.planat@hpe.com","trainingMode":"WALKING","brightness":54}
{"deviceid":"b81e905908354542","eventtype":"ambientLight","timestamp":1456248637910,"userid":"vincent.planat@hpe.com","trainingMode":"WALKING","brightness":41}
{"deviceid":"b81e905908354542","eventtype":"ambientLight","timestamp":1456248667464,"userid":"vincent.planat@hpe.com","trainingMode":"SITTING","brightness":209}
{"deviceid":"b81e905908354542","eventtype":"ambientLight","timestamp":1456248646982,"userid":"vincent.planat@hpe.com","trainingMode":"SITTING","brightness":206}
{"deviceid":"b81e905908354542","eventtype":"ambientLight","timestamp":1456248646998,"userid":"vincent.planat@hpe.com","trainingMode":"SITTING","brightness":206}
{"deviceid":"b81e905908354542","eventtype":"ambientLight","timestamp":1456248641397,"userid":"vincent.planat@hpe.com","trainingMode":"WALKING","brightness":133}
{"deviceid":"b81e905908354542","eventtype":"ambientLight","timestamp":1456248660730,"userid":"vincent.planat@hpe.com","trainingMode":"SITTING","brightness":209}
{"deviceid":"b81e905908354542","eventtype":"ambientLight","timestamp":1456248624473,"userid":"vincent.planat@hpe.com","trainingMode":"WALKING","brightness":0}
{"deviceid":"b81e905908354542","eventtype":"ambientLight","timestamp":1456248626231,"userid":"vincent.planat@hpe.com","trainingMode":"WALKING","brightness":0}
{"deviceid":"b81e905908354542","eventtype":"ambientLight","timestamp":1456248664734,"userid":"vincent.planat@hpe.com","trainingMode":"SITTING","brightness":209}
{"deviceid":"b81e905908354542","eventtype":"ambientLight","timestamp":1456248667931,"userid":"vincent.planat@hpe.com","trainingMode":"SITTING","brightness":206}
{"deviceid":"b81e905908354542","eventtype":"ambientLight","timestamp":1456248665146,"userid":"vincent.planat@hpe.com","trainingMode":"SITTING","brightness":209}
{"deviceid":"b81e905908354542","eventtype":"ambientLight","timestamp":1456248635498,"userid":"vincent.planat@hpe.com","trainingMode":"WALKING","brightness":54}
{"deviceid":"b81e905908354542","eventtype":"ambientLight","timestamp":1456248661534,"userid":"vincent.planat@hpe.com","trainingMode":"SITTING","brightness":209}
{"deviceid":"b81e905908354542","eventtype":"ambientLight","timestamp":1456248651914,"userid":"vincent.planat@hpe.com","trainingMode":"SITTING","brightness":203}
{"deviceid":"b81e905908354542","eventtype":"ambientLight","timestamp":1456248629983,"userid":"vincent.planat@hpe.com","trainingMode":"WALKING","brightness":0}
{"deviceid":"b81e905908354542","eventtype":"ambientLight","timestamp":1456248632951,"userid":"vincent.planat@hpe.com","trainingMode":"WALKING","brightness":153}
{"deviceid":"b81e905908354542","eventtype":"ambientLight","timestamp":1456248659922,"userid":"vincent.planat@hpe.com","trainingMode":"SITTING","brightness":209}
{"deviceid":"b81e905908354542","eventtype":"ambientLight","timestamp":1456248653969,"userid":"vincent.planat@hpe.com","trainingMode":"SITTING","brightness":205}
{"deviceid":"b81e905908354542","eventtype":"ambientLight","timestamp":1456248658041,"userid":"vincent.planat@hpe.com","trainingMode":"SITTING","brightness":208}
{"deviceid":"b81e905908354542","eventtype":"ambientLight","timestamp":1456248642415,"userid":"vincent.planat@hpe.com","trainingMode":"WALKING","brightness":38}
{"deviceid":"b81e905908354542","eventtype":"ambientLight","timestamp":1456248624879,"userid":"vincent.planat@hpe.com","trainingMode":"WALKING","brightness":0}
{"deviceid":"b81e905908354542","eventtype":"ambientLight","timestamp":1456248627522,"userid":"vincent.planat@hpe.com","trainingMode":"WALKING","brightness":0}
{"deviceid":"b81e905908354542","eventtype":"ambientLight","timestamp":1456248634418,"userid":"vincent.planat@hpe.com","trainingMode":"WALKING","brightness":29}
{"deviceid":"b81e905908354542","eventtype":"ambientLight","timestamp":1456248661230,"userid":"vincent.planat@hpe.com","trainingMode":"SITTING","brightness":209}
{"deviceid":"b81e905908354542","eventtype":"ambientLight","timestamp":1456248637451,"userid":"vincent.planat@hpe.com","trainingMode":"WALKING","brightness":22}
{"deviceid":"b81e905908354542","eventtype":"ambientLight","timestamp":1456248634888,"userid":"vincent.planat@hpe.com","trainingMode":"WALKING","brightness":36}
{"deviceid":"b81e905908354542","eventtype":"ambientLight","timestamp":1456248653939,"userid":"vincent.planat@hpe.com","trainingMode":"SITTING","brightness":205}
{"deviceid":"b81e905908354542","eventtype":"ambientLight","timestamp":1456248625755,"userid":"vincent.planat@hpe.com","trainingMode":"WALKING","brightness":0}
{"deviceid":"b81e905908354542","eventtype":"ambientLight","timestamp":1456248651435,"userid":"vincent.planat@hpe.com","trainingMode":"SITTING","brightness":199}
{"deviceid":"b81e905908354542","eventtype":"ambientLight","timestamp":1456248642977,"userid":"vincent.planat@hpe.com","trainingMode":"WALKING","brightness":68}
{"deviceid":"b81e905908354542","eventtype":"ambientLight","timestamp":1456248665975,"userid":"vincent.planat@hpe.com","trainingMode":"SITTING","brightness":209}
{"deviceid":"b81e905908354542","eventtype":"ambientLight","timestamp":1456248633884,"userid":"vincent.planat@hpe.com","trainingMode":"WALKING","brightness":108}
{"deviceid":"b81e905908354542","eventtype":"ambientLight","timestamp":1456248641934,"userid":"vincent.planat@hpe.com","trainingMode":"WALKING","brightness":100}
{"deviceid":"b81e905908354542","eventtype":"ambientLight","timestamp":1456248648100,"userid":"vincent.planat@hpe.com","trainingMode":"SITTING","brightness":214}
{"deviceid":"b81e905908354542","eventtype":"ambientLight","timestamp":1456248652961,"userid":"vincent.planat@hpe.com","trainingMode":"SITTING","brightness":205}
{"deviceid":"b81e905908354542","eventtype":"ambientLight","timestamp":1456248658478,"userid":"vincent.planat@hpe.com","trainingMode":"SITTING","brightness":208}
{"deviceid":"b81e905908354542","eventtype":"ambientLight","timestamp":1456248662919,"userid":"vincent.planat@hpe.com","trainingMode":"SITTING","brightness":209}
{"deviceid":"b81e905908354542","eventtype":"ambientLight","timestamp":1456248627506,"userid":"vincent.planat@hpe.com","trainingMode":"WALKING","brightness":0}
{"deviceid":"b81e905908354542","eventtype":"ambientLight","timestamp":1456248663490,"userid":"vincent.planat@hpe.com","trainingMode":"SITTING","brightness":209}
{"deviceid":"b81e905908354542","eventtype":"ambientLight","timestamp":1456248640906,"userid":"vincent.planat@hpe.com","trainingMode":"WALKING","brightness":74}
{"deviceid":"b81e905908354542","eventtype":"ambientLight","timestamp":1456248662432,"userid":"vincent.planat@hpe.com","trainingMode":"SITTING","brightness":209}
{"deviceid":"b81e905908354542","eventtype":"ambientLight","timestamp":1456248643458,"userid":"vincent.planat@hpe.com","trainingMode":"WALKING","brightness":50}
{"deviceid":"b81e905908354542","eventtype":"ambientLight","timestamp":1456248641400,"userid":"vincent.planat@hpe.com","trainingMode":"WALKING","brightness":133}
{"deviceid":"b81e905908354542","eventtype":"ambientLight","timestamp":1456248665131,"userid":"vincent.planat@hpe.com","trainingMode":"SITTING","brightness":209}
{"deviceid":"b81e905908354542","eventtype":"ambientLight","timestamp":1456248658495,"userid":"vincent.planat@hpe.com","trainingMode":"SITTING","brightness":208}
{"deviceid":"b81e905908354542","eventtype":"ambientLight","timestamp":1456248649956,"userid":"vincent.planat@hpe.com","trainingMode":"SITTING","brightness":203}
{"deviceid":"b81e905908354542","eventtype":"ambientLight","timestamp":1456248624894,"userid":"vincent.planat@hpe.com","trainingMode":"WALKING","brightness":0}
{"deviceid":"b81e905908354542","eventtype":"ambientLight","timestamp":1456248635932,"userid":"vincent.planat@hpe.com","trainingMode":"WALKING","brightness":31}
{"deviceid":"b81e905908354542","eventtype":"ambientLight","timestamp":1456248643473,"userid":"vincent.planat@hpe.com","trainingMode":"WALKING","brightness":50}
{"deviceid":"b81e905908354542","eventtype":"ambientLight","timestamp":1456248647391,"userid":"vincent.planat@hpe.com","trainingMode":"SITTING","brightness":212}
{"deviceid":"b81e905908354542","eventtype":"ambientLight","timestamp":1456248646435,"userid":"vincent.planat@hpe.com","trainingMode":"SITTING","brightness":146}
{"deviceid":"b81e905908354542","eventtype":"ambientLight","timestamp":1456248657001,"userid":"vincent.planat@hpe.com","trainingMode":"SITTING","brightness":206}
{"deviceid":"b81e905908354542","eventtype":"ambientLight","timestamp":1456248646060,"userid":"vincent.planat@hpe.com","trainingMode":"SITTING","brightness":123}
{"deviceid":"b81e905908354542","eventtype":"ambientLight","timestamp":1456248668403,"userid":"vincent.planat@hpe.com","trainingMode":"SITTING","brightness":206}
{"deviceid":"b81e905908354542","eventtype":"ambientLight","timestamp":1456248650538,"userid":"vincent.planat@hpe.com","trainingMode":"SITTING","brightness":205}
{"deviceid":"b81e905908354542","eventtype":"ambientLight","timestamp":1456248662403,"userid":"vincent.planat@hpe.com","trainingMode":"SITTING","brightness":209}
{"deviceid":"b81e905908354542","eventtype":"ambientLight","timestamp":1456248627903,"userid":"vincent.planat@hpe.com","trainingMode":"WALKING","brightness":0}
{"deviceid":"b81e905908354542","eventtype":"ambientLight","timestamp":1456248638936,"userid":"vincent.planat@hpe.com","trainingMode":"WALKING","brightness":155}
{"deviceid":"b81e905908354542","eventtype":"ambientLight","timestamp":1456248626739,"userid":"vincent.planat@hpe.com","trainingMode":"WALKING","brightness":0}
{"deviceid":"b81e905908354542","eventtype":"ambientLight","timestamp":1456248628419,"userid":"vincent.planat@hpe.com","trainingMode":"WALKING","brightness":0}
{"deviceid":"b81e905908354542","eventtype":"ambientLight","timestamp":1456248652432,"userid":"vincent.planat@hpe.com","trainingMode":"SITTING","brightness":205}
{"deviceid":"b81e905908354542","eventtype":"ambientLight","timestamp":1456248665952,"userid":"vincent.planat@hpe.com","trainingMode":"SITTING","brightness":209}
{"deviceid":"b81e905908354542","eventtype":"ambientLight","timestamp":1456248624460,"userid":"vincent.planat@hpe.com","trainingMode":"WALKING","brightness":0}
{"deviceid":"b81e905908354542","eventtype":"ambientLight","timestamp":1456248659007,"userid":"vincent.planat@hpe.com","trainingMode":"SITTING","brightness":208}
{"deviceid":"b81e905908354542","eventtype":"ambientLight","timestamp":1456248628927,"userid":"vincent.planat@hpe.com","trainingMode":"WALKING","brightness":0}
{"deviceid":"b81e905908354542","eventtype":"ambientLight","timestamp":1456248644013,"userid":"vincent.planat@hpe.com","trainingMode":"SITTING","brightness":40}
{"deviceid":"b81e905908354542","eventtype":"ambientLight","timestamp":1456248659503,"userid":"vincent.planat@hpe.com","trainingMode":"SITTING","brightness":208}
{"deviceid":"b81e905908354542","eventtype":"ambientLight","timestamp":1456248651032,"userid":"vincent.planat@hpe.com","trainingMode":"SITTING","brightness":206}
{"deviceid":"b81e905908354542","eventtype":"ambientLight","timestamp":1456248632060,"userid":"vincent.planat@hpe.com","trainingMode":"WALKING","brightness":0}
{"deviceid":"b81e905908354542","eventtype":"ambientLight","timestamp":1456248634886,"userid":"vincent.planat@hpe.com","trainingMode":"WALKING","brightness":36}
