{"deviceid":"b81e905908354542","eventtype":"ambientLight","timestamp":1456247913628,"userid":"vincent.planat@hpe.com","trainingMode":"NONE","brightness":0}
{"deviceid":"b81e905908354542","eventtype":"ambientLight","timestamp":1456247927137,"userid":"vincent.planat@hpe.com","trainingMode":"NONE","brightness":0}
{"deviceid":"b81e905908354542","eventtype":"ambientLight","timestamp":1456247921703,"userid":"vincent.planat@hpe.com","trainingMode":"NONE","brightness":0}
{"deviceid":"b81e905908354542","eventtype":"ambientLight","timestamp":1456247918177,"userid":"vincent.planat@hpe.com","trainingMode":"NONE","brightness":0}
{"deviceid":"b81e905908354542","eventtype":"ambientLight","timestamp":1456247955187,"userid":"vincent.planat@hpe.com","trainingMode":"NONE","brightness":0}
{"deviceid":"b81e905908354542","eventtype":"ambientLight","timestamp":1456247950127,"userid":"vincent.planat@hpe.com","trainingMode":"NONE","brightness":0}
{"deviceid":"b81e905908354542","eventtype":"ambientLight","timestamp":1456247928161,"userid":"vincent.planat@hpe.com","trainingMode":"NONE","brightness":0}
{"deviceid":"b81e905908354542","eventtype":"ambientLight","timestamp":1456247920179,"userid":"vincent.planat@hpe.com","trainingMode":"NONE","brightness":0}
{"deviceid":"b81e905908354542","eventtype":"ambientLight","timestamp":1456247947152,"userid":"vincent.planat@hpe.com","trainingMode":"NONE","brightness":0}
{"deviceid":"b81e905908354542","eventtype":"ambientLight","timestamp":1456247942648,"userid":"vincent.planat@hpe.com","trainingMode":"NONE","brightness":0}
{"deviceid":"b81e905908354542","eventtype":"ambientLight","timestamp":1456247911200,"userid":"vincent.planat@hpe.com","trainingMode":"NONE","brightness":0}
{"deviceid":"b81e905908354542","eventtype":"ambientLight","timestamp":1456247945693,"userid":"vincent.planat@hpe.com","trainingMode":"NONE","brightness":0}
{"deviceid":"b81e905908354542","eventtype":"ambientLight","timestamp":1456247941764,"userid":"vincent.planat@hpe.com","trainingMode":"NONE","brightness":0}
{"deviceid":"b81e905908354542","eventtype":"ambientLight","timestamp":1456247943178,"userid":"vincent.planat@hpe.com","trainingMode":"NONE","brightness":0}
{"deviceid":"b81e905908354542","eventtype":"ambientLight","timestamp":1456247937660,"userid":"vincent.planat@hpe.com","trainingMode":"NONE","brightness":0}
{"deviceid":"b81e905908354542","eventtype":"ambientLight","timestamp":1456247915618,"userid":"vincent.planat@hpe.com","trainingMode":"NONE","brightness":0}
{"deviceid":"b81e905908354542","eventtype":"ambientLight","timestamp":1456247929634,"userid":"vincent.planat@hpe.com","trainingMode":"NONE","brightness":0}
{"deviceid":"b81e905908354542","eventtype":"ambientLight","timestamp":1456247924144,"userid":"vincent.planat@hpe.com","trainingMode":"NONE","brightness":0}
{"deviceid":"b81e905908354542","eventtype":"ambientLight","timestamp":1456247957136,"userid":"vincent.planat@hpe.com","trainingMode":"NONE","brightness":0}
{"deviceid":"b81e905908354542","eventtype":"ambientLight","timestamp":1456247954649,"userid":"vincent.planat@hpe.com","trainingMode":"NONE","brightness":0}
{"deviceid":"b81e905908354542","eventtype":"ambientLight","timestamp":1456247926674,"userid":"vincent.planat@hpe.com","trainingMode":"NONE","brightness":0}
{"deviceid":"b81e905908354542","eventtype":"ambientLight","timestamp":1456247948208,"userid":"vincent.planat@hpe.com","trainingMode":"NONE","brightness":0}
{"deviceid":"b81e905908354542","eventtype":"ambientLight","timestamp":1456247944660,"userid":"vincent.planat@hpe.com","trainingMode":"NONE","brightness":0}
{"deviceid":"b81e905908354542","eventtype":"ambientLight","timestamp":1456247931713,"userid":"vincent.planat@hpe.com","trainingMode":"NONE","brightness":0}
{"deviceid":"b81e905908354542","eventtype":"ambientLight","timestamp":1456247913133,"userid":"vincent.planat@hpe.com","trainingMode":"NONE","brightness":0}
{"deviceid":"b81e905908354542","eventtype":"ambientLight","timestamp":1456247919411,"userid":"vincent.planat@hpe.com","trainingMode":"NONE","brightness":0}
{"deviceid":"b81e905908354542","eventtype":"ambientLight","timestamp":1456247940274,"userid":"vincent.planat@hpe.com","trainingMode":"NONE","brightness":0}
{"deviceid":"b81e905908354542","eventtype":"ambientLight","timestamp":1456247930652,"userid":"vincent.planat@hpe.com","trainingMode":"NONE","brightness":0}
{"deviceid":"b81e905908354542","eventtype":"ambientLight","timestamp":1456247915202,"userid":"vincent.planat@hpe.com","trainingMode":"NONE","brightness":0}
{"deviceid":"b81e905908354542","eventtype":"ambientLight","timestamp":1456247914169,"userid":"vincent.planat@hpe.com","trainingMode":"NONE","brightness":0}
{"deviceid":"b81e905908354542","eventtype":"ambientLight","timestamp":1456247939694,"userid":"vincent.planat@hpe.com","trainingMode":"NONE","brightness":0}
{"deviceid":"b81e905908354542","eventtype":"ambientLight","timestamp":1456247909072,"userid":"vincent.planat@hpe.com","trainingMode":"NONE","brightness":0}
{"deviceid":"b81e905908354542","eventtype":"ambientLight","timestamp":1456247941159,"userid":"vincent.planat@hpe.com","trainingMode":"NONE","brightness":0}
{"deviceid":"b81e905908354542","eventtype":"ambientLight","timestamp":1456247930134,"userid":"vincent.planat@hpe.com","trainingMode":"NONE","brightness":0}
{"deviceid":"b81e905908354542","eventtype":"ambientLight","timestamp":1456247921195,"userid":"vincent.planat@hpe.com","trainingMode":"NONE","brightness":0}
{"deviceid":"b81e905908354542","eventtype":"ambientLight","timestamp":1456247947730,"userid":"vincent.planat@hpe.com","trainingMode":"NONE","brightness":0}
{"deviceid":"b81e905908354542","eventtype":"ambientLight","timestamp":1456247916134,"userid":"vincent.planat@hpe.com","trainingMode":"NONE","brightness":0}
{"deviceid":"b81e905908354542","eventtype":"ambientLight","timestamp":1456247951678,"userid":"vincent.planat@hpe.com","trainingMode":"NONE","brightness":0}
{"deviceid":"b81e905908354542","eventtype":"ambientLight","timestamp":1456247957678,"userid":"vincent.planat@hpe.com","trainingMode":"NONE","brightness":0}
{"deviceid":"b81e905908354542","eventtype":"ambientLight","timestamp":1456247938161,"userid":"vincent.planat@hpe.com","trainingMode":"NONE","brightness":0}
{"deviceid":"b81e905908354542","eventtype":"ambientLight","timestamp":1456247945177,"userid":"vincent.planat@hpe.com","trainingMode":"NONE","brightness":0}
{"deviceid":"b81e905908354542","eventtype":"ambientLight","timestamp":1456247935645,"userid":"vincent.planat@hpe.com","trainingMode":"NONE","brightness":0}
{"deviceid":"b81e905908354542","eventtype":"ambientLight","timestamp":1456247918637,"userid":"vincent.planat@hpe.com","trainingMode":"NONE","brightness":0}
{"deviceid":"b81e905908354542","eventtype":"ambientLight","timestamp":1456247950653,"userid":"vincent.planat@hpe.com","trainingMode":"NONE","brightness":0}
{"deviceid":"b81e905908354542","eventtype":"ambientLight","timestamp":1456247922130,"userid":"vincent.planat@hpe.com","trainingMode":"NONE","brightness":0}
{"deviceid":"b81e905908354542","eventtype":"ambientLight","timestamp":1456247938731,"userid":"vincent.planat@hpe.com","trainingMode":"NONE","brightness":0}
{"deviceid":"b81e905908354542","eventtype":"ambientLight","timestamp":1456247932131,"userid":"vincent.planat@hpe.com","trainingMode":"NONE","brightness":0}
{"deviceid":"b81e905908354542","eventtype":"ambientLight","timestamp":1456247934140,"userid":"vincent.planat@hpe.com","trainingMode":"NONE","brightness":0}
{"deviceid":"b81e905908354542","eventtype":"ambientLight","timestamp":1456247925670,"userid":"vincent.planat@hpe.com","trainingMode":"NONE","brightness":0}
{"deviceid":"b81e905908354542","eventtype":"ambientLight","timestamp":1456247940645,"userid":"vincent.planat@hpe.com","trainingMode":"NONE","brightness":0}
{"deviceid":"b81e905908354542","eventtype":"ambientLight","timestamp":1456247917682,"userid":"vincent.planat@hpe.com","trainingMode":"NONE","brightness":0}
{"deviceid":"b81e905908354542","eventtype":"ambientLight","timestamp":1456247948669,"userid":"vincent.planat@hpe.com","trainingMode":"NONE","brightness":0}
{"deviceid":"b81e905908354542","eventtype":"ambientLight","timestamp":1456247929126,"userid":"vincent.planat@hpe.com","trainingMode":"NONE","brightness":0}
{"deviceid":"b81e905908354542","eventtype":"ambientLight","timestamp":1456247942193,"userid":"vincent.planat@hpe.com","trainingMode":"NONE","brightness":0}
{"deviceid":"b81e905908354542","eventtype":"ambientLight","timestamp":1456247958154,"userid":"vincent.planat@hpe.com","trainingMode":"NONE","brightness":0}
{"deviceid":"b81e905908354542","eventtype":"ambientLight","timestamp":1456247953641,"userid":"vincent.planat@hpe.com","trainingMode":"NONE","brightness":0}
{"deviceid":"b81e905908354542","eventtype":"ambientLight","timestamp":1456247927665,"userid":"vincent.planat@hpe.com","trainingMode":"NONE","brightness":0}
{"deviceid":"b81e905908354542","eventtype":"ambientLight","timestamp":1456247928635,"userid":"vincent.planat@hpe.com","trainingMode":"NONE","brightness":0}
{"deviceid":"b81e905908354542","eventtype":"ambientLight","timestamp":1456247956769,"userid":"vincent.planat@hpe.com","trainingMode":"NONE","brightness":0}
{"deviceid":"b81e905908354542","eventtype":"ambientLight","timestamp":1456247917142,"userid":"vincent.planat@hpe.com","trainingMode":"NONE","brightness":0}
{"deviceid":"b81e905908354542","eventtype":"ambientLight","timestamp":1456247936628,"userid":"vincent.planat@hpe.com","trainingMode":"NONE","brightness":0}
{"deviceid":"b81e905908354542","eventtype":"ambientLight","timestamp":1456247910327,"userid":"vincent.planat@hpe.com","trainingMode":"NONE","brightness":0}
{"deviceid":"b81e905908354542","eventtype":"ambientLight","timestamp":1456247944142,"userid":"vincent.planat@hpe.com","trainingMode":"NONE","brightness":0}
{"deviceid":"b81e905908354542","eventtype":"ambientLight","timestamp":1456247956113,"userid":"vincent.planat@hpe.com","trainingMode":"NONE","brightness":0}
{"deviceid":"b81e905908354542","eventtype":"ambientLight","timestamp":1456247933142,"userid":"vincent.planat@hpe.com","trainingMode":"NONE","brightness":0}
{"deviceid":"b81e905908354542","eventtype":"ambientLight","timestamp":1456247911673,"userid":"vincent.planat@hpe.com","trainingMode":"NONE","brightness":0}
{"deviceid":"b81e905908354542","eventtype":"ambientLight","timestamp":1456247910694,"userid":"vincent.planat@hpe.com","trainingMode":"NONE","brightness":0}
{"deviceid":"b81e905908354542","eventtype":"ambientLight","timestamp":1456247932626,"userid":"vincent.planat@hpe.com","trainingMode":"NONE","brightness":0}
{"deviceid":"b81e905908354542","eventtype":"ambientLight","timestamp":1456247958674,"userid":"vincent.planat@hpe.com","trainingMode":"NONE","brightness":0}
{"deviceid":"b81e905908354542","eventtype":"ambientLight","timestamp":1456247949127,"userid":"vincent.planat@hpe.com","trainingMode":"NONE","brightness":0}
{"deviceid":"b81e905908354542","eventtype":"ambientLight","timestamp":1456247936135,"userid":"vincent.planat@hpe.com","trainingMode":"NONE","brightness":0}
{"deviceid":"b81e905908354542","eventtype":"ambientLight","timestamp":1456247931151,"userid":"vincent.planat@hpe.com","trainingMode":"NONE","brightness":0}
{"deviceid":"b81e905908354542","eventtype":"ambientLight","timestamp":1456247952146,"userid":"vincent.planat@hpe.com","trainingMode":"NONE","brightness":0}
{"deviceid":"b81e905908354542","eventtype":"ambientLight","timestamp":1456247946122,"userid":"vincent.planat@hpe.com","trainingMode":"NONE","brightness":0}
{"deviceid":"b81e905908354542","eventtype":"ambientLight","timestamp":1456247933632,"userid":"vincent.planat@hpe.com","trainingMode":"NONE","brightness":0}
{"deviceid":"b81e905908354542","eventtype":"ambientLight","timestamp":1456247934692,"userid":"vincent.planat@hpe.com","trainingMode":"NONE","brightness":0}
{"deviceid":"b81e905908354542","eventtype":"ambientLight","timestamp":1456247916622,"userid":"vincent.planat@hpe.com","trainingMode":"NONE","brightness":0}
{"deviceid":"b81e905908354542","eventtype":"ambientLight","timestamp":1456247953137,"userid":"vincent.planat@hpe.com","trainingMode":"NONE","brightness":0}
{"deviceid":"b81e905908354542","eventtype":"ambientLight","timestamp":1456247923135,"userid":"vincent.planat@hpe.com","trainingMode":"NONE","brightness":0}
{"deviceid":"b81e905908354542","eventtype":"ambientLight","timestamp":1456247943640,"userid":"vincent.planat@hpe.com","trainingMode":"NONE","brightness":0}
{"deviceid":"b81e905908354542","eventtype":"ambientLight","timestamp":1456247946635,"userid":"vincent.planat@hpe.com","trainingMode":"NONE","brightness":0}
{"deviceid":"b81e905908354542","eventtype":"ambientLight","timestamp":1456247907758,"userid":"vincent.planat@hpe.com","trainingMode":"NONE","brightness":0}
{"deviceid":"b81e905908354542","eventtype":"ambientLight","timestamp":1456247959643,"userid":"vincent.planat@hpe.com","trainingMode":"NONE","brightness":0}
{"deviceid":"b81e905908354542","eventtype":"ambientLight","timestamp":1456247935175,"userid":"vincent.planat@hpe.com","trainingMode":"NONE","brightness":0}
{"deviceid":"b81e905908354542","eventtype":"ambientLight","timestamp":1456247956496,"userid":"vincent.planat@hpe.com","trainingMode":"NONE","brightness":0}
{"deviceid":"b81e905908354542","eventtype":"ambientLight","timestamp":1456247954142,"userid":"vincent.planat@hpe.com","trainingMode":"NONE","brightness":0}
{"deviceid":"b81e905908354542","eventtype":"ambientLight","timestamp":1456247949823,"userid":"vincent.planat@hpe.com","trainingMode":"NONE","brightness":0}
{"deviceid":"b81e905908354542","eventtype":"ambientLight","timestamp":1456247914669,"userid":"vincent.planat@hpe.com","trainingMode":"NONE","brightness":0}
{"deviceid":"b81e905908354542","eventtype":"ambientLight","timestamp":1456247909507,"userid":"vincent.planat@hpe.com","trainingMode":"NONE","brightness":0}
{"deviceid":"b81e905908354542","eventtype":"ambientLight","timestamp":1456247922645,"userid":"vincent.planat@hpe.com","trainingMode":"NONE","brightness":0}
{"deviceid":"b81e905908354542","eventtype":"ambientLight","timestamp":1456247925154,"userid":"vincent.planat@hpe.com","trainingMode":"NONE","brightness":0}
{"deviceid":"b81e905908354542","eventtype":"ambientLight","timestamp":1456247912131,"userid":"vincent.planat@hpe.com","trainingMode":"NONE","brightness":0}
{"deviceid":"b81e905908354542","eventtype":"ambientLight","timestamp":1456247919789,"userid":"vincent.planat@hpe.com","trainingMode":"NONE","brightness":0}
{"deviceid":"b81e905908354542","eventtype":"ambientLight","timestamp":1456247937136,"userid":"vincent.planat@hpe.com","trainingMode":"NONE","brightness":0}
{"deviceid":"b81e905908354542","eventtype":"ambientLight","timestamp":1456247912641,"userid":"vincent.planat@hpe.com","trainingMode":"NONE","brightness":0}
{"deviceid":"b81e905908354542","eventtype":"ambientLight","timestamp":1456247908157,"userid":"vincent.planat@hpe.com","trainingMode":"NONE","brightness":0}
{"deviceid":"b81e905908354542","eventtype":"ambientLight","timestamp":1456247952625,"userid":"vincent.planat@hpe.com","trainingMode":"NONE","brightness":0}
{"deviceid":"b81e905908354542","eventtype":"ambientLight","timestamp":1456247959138,"userid":"vincent.planat@hpe.com","trainingMode":"NONE","brightness":0}
{"deviceid":"b81e905908354542","eventtype":"ambientLight","timestamp":1456247926128,"userid":"vincent.planat@hpe.com","trainingMode":"NONE","brightness":0}
{"deviceid":"b81e905908354542","eventtype":"ambientLight","timestamp":1456247920668,"userid":"vincent.planat@hpe.com","trainingMode":"NONE","brightness":0}
{"deviceid":"b81e905908354542","eventtype":"ambientLight","timestamp":1456247909910,"userid":"vincent.planat@hpe.com","trainingMode":"NONE","brightness":0}
{"deviceid":"b81e905908354542","eventtype":"ambientLight","timestamp":1456247923627,"userid":"vincent.planat@hpe.com","trainingMode":"NONE","brightness":0}
{"deviceid":"b81e905908354542","eventtype":"ambientLight","timestamp":1456247924668,"userid":"vincent.planat@hpe.com","trainingMode":"NONE","brightness":0}
{"deviceid":"b81e905908354542","eventtype":"ambientLight","timestamp":1456247939964,"userid":"vincent.planat@hpe.com","trainingMode":"NONE","brightness":0}
{"deviceid":"b81e905908354542","eventtype":"ambientLight","timestamp":1456247951146,"userid":"vincent.planat@hpe.com","trainingMode":"NONE","brightness":0}
