{"deviceid":"b81e905908354542","eventtype":"calorie","timestamp":1456248289201,"userid":"vincent.planat@hpe.com","trainingMode":"WALKING_DOWN","calories":18685}
{"deviceid":"b81e905908354542","eventtype":"calorie","timestamp":1456248269746,"userid":"vincent.planat@hpe.com","trainingMode":"WALKING_DOWN","calories":18684}
{"deviceid":"b81e905908354542","eventtype":"calorie","timestamp":1456248268729,"userid":"vincent.planat@hpe.com","trainingMode":"WALKING_DOWN","calories":18684}
{"deviceid":"b81e905908354542","eventtype":"calorie","timestamp":1456248270774,"userid":"vincent.planat@hpe.com","trainingMode":"WALKING_DOWN","calories":18684}
{"deviceid":"b81e905908354542","eventtype":"calorie","timestamp":1456248269722,"userid":"vincent.planat@hpe.com","trainingMode":"WALKING_DOWN","calories":18684}
{"deviceid":"b81e905908354542","eventtype":"calorie","timestamp":1456248280534,"userid":"vincent.planat@hpe.com","trainingMode":"WALKING_DOWN","calories":18685}
{"deviceid":"b81e905908354542","eventtype":"calorie","timestamp":1456248283296,"userid":"vincent.planat@hpe.com","trainingMode":"WALKING_DOWN","calories":18685}
{"deviceid":"b81e905908354542","eventtype":"calorie","timestamp":1456248297543,"userid":"vincent.planat@hpe.com","trainingMode":"WALKING","calories":18685}
{"deviceid":"b81e905908354542","eventtype":"calorie","timestamp":1456248277964,"userid":"vincent.planat@hpe.com","trainingMode":"WALKING_DOWN","calories":18684}
{"deviceid":"b81e905908354542","eventtype":"calorie","timestamp":1456248284086,"userid":"vincent.planat@hpe.com","trainingMode":"WALKING_DOWN","calories":18685}
{"deviceid":"b81e905908354542","eventtype":"calorie","timestamp":1456248291331,"userid":"vincent.planat@hpe.com","trainingMode":"WALKING_DOWN","calories":18685}
{"deviceid":"b81e905908354542","eventtype":"calorie","timestamp":1456248292238,"userid":"vincent.planat@hpe.com","trainingMode":"WALKING_DOWN","calories":18685}
{"deviceid":"b81e905908354542","eventtype":"calorie","timestamp":1456248296472,"userid":"vincent.planat@hpe.com","trainingMode":"WALKING_DOWN","calories":18685}
{"deviceid":"b81e905908354542","eventtype":"calorie","timestamp":1456248273455,"userid":"vincent.planat@hpe.com","trainingMode":"WALKING_DOWN","calories":18684}
{"deviceid":"b81e905908354542","eventtype":"calorie","timestamp":1456248284131,"userid":"vincent.planat@hpe.com","trainingMode":"WALKING_DOWN","calories":18685}
{"deviceid":"b81e905908354542","eventtype":"calorie","timestamp":1456248287270,"userid":"vincent.planat@hpe.com","trainingMode":"WALKING_DOWN","calories":18685}
{"deviceid":"b81e905908354542","eventtype":"calorie","timestamp":1456248283240,"userid":"vincent.planat@hpe.com","trainingMode":"WALKING_DOWN","calories":18685}
{"deviceid":"b81e905908354542","eventtype":"calorie","timestamp":1456248270750,"userid":"vincent.planat@hpe.com","trainingMode":"WALKING_DOWN","calories":18684}
{"deviceid":"b81e905908354542","eventtype":"calorie","timestamp":1456248282412,"userid":"vincent.planat@hpe.com","trainingMode":"WALKING_DOWN","calories":18685}
{"deviceid":"b81e905908354542","eventtype":"calorie","timestamp":1456248268776,"userid":"vincent.planat@hpe.com","trainingMode":"WALKING_DOWN","calories":18684}
{"deviceid":"b81e905908354542","eventtype":"calorie","timestamp":1456248307630,"userid":"vincent.planat@hpe.com","trainingMode":"WALKING","calories":18685}
{"deviceid":"b81e905908354542","eventtype":"calorie","timestamp":1456248305611,"userid":"vincent.planat@hpe.com","trainingMode":"WALKING","calories":18685}
{"deviceid":"b81e905908354542","eventtype":"calorie","timestamp":1456248297565,"userid":"vincent.planat@hpe.com","trainingMode":"WALKING","calories":18685}
{"deviceid":"b81e905908354542","eventtype":"calorie","timestamp":1456248303532,"userid":"vincent.planat@hpe.com","trainingMode":"WALKING","calories":18685}
{"deviceid":"b81e905908354542","eventtype":"calorie","timestamp":1456248272532,"userid":"vincent.planat@hpe.com","trainingMode":"WALKING_DOWN","calories":18684}
{"deviceid":"b81e905908354542","eventtype":"calorie","timestamp":1456248272508,"userid":"vincent.planat@hpe.com","trainingMode":"WALKING_DOWN","calories":18684}
{"deviceid":"b81e905908354542","eventtype":"calorie","timestamp":1456248286308,"userid":"vincent.planat@hpe.com","trainingMode":"WALKING_DOWN","calories":18685}
{"deviceid":"b81e905908354542","eventtype":"calorie","timestamp":1456248281409,"userid":"vincent.planat@hpe.com","trainingMode":"WALKING_DOWN","calories":18685}
{"deviceid":"b81e905908354542","eventtype":"calorie","timestamp":1456248299942,"userid":"vincent.planat@hpe.com","trainingMode":"WALKING","calories":18685}
{"deviceid":"b81e905908354542","eventtype":"calorie","timestamp":1456248277009,"userid":"vincent.planat@hpe.com","trainingMode":"WALKING_DOWN","calories":18684}
{"deviceid":"b81e905908354542","eventtype":"calorie","timestamp":1456248303517,"userid":"vincent.planat@hpe.com","trainingMode":"WALKING","calories":18685}
{"deviceid":"b81e905908354542","eventtype":"calorie","timestamp":1456248291307,"userid":"vincent.planat@hpe.com","trainingMode":"WALKING_DOWN","calories":18685}
{"deviceid":"b81e905908354542","eventtype":"calorie","timestamp":1456248296484,"userid":"vincent.planat@hpe.com","trainingMode":"WALKING_DOWN","calories":18685}
{"deviceid":"b81e905908354542","eventtype":"calorie","timestamp":1456248282362,"userid":"vincent.planat@hpe.com","trainingMode":"WALKING_DOWN","calories":18685}
{"deviceid":"b81e905908354542","eventtype":"calorie","timestamp":1456248306654,"userid":"vincent.planat@hpe.com","trainingMode":"WALKING","calories":18685}
{"deviceid":"b81e905908354542","eventtype":"calorie","timestamp":1456248299961,"userid":"vincent.planat@hpe.com","trainingMode":"WALKING","calories":18685}
{"deviceid":"b81e905908354542","eventtype":"calorie","timestamp":1456248286324,"userid":"vincent.planat@hpe.com","trainingMode":"WALKING_DOWN","calories":18685}
{"deviceid":"b81e905908354542","eventtype":"calorie","timestamp":1456248293238,"userid":"vincent.planat@hpe.com","trainingMode":"WALKING_DOWN","calories":18685}
{"deviceid":"b81e905908354542","eventtype":"calorie","timestamp":1456248304763,"userid":"vincent.planat@hpe.com","trainingMode":"WALKING","calories":18685}
{"deviceid":"b81e905908354542","eventtype":"calorie","timestamp":1456248287218,"userid":"vincent.planat@hpe.com","trainingMode":"WALKING_DOWN","calories":18685}
{"deviceid":"b81e905908354542","eventtype":"calorie","timestamp":1456248279636,"userid":"vincent.planat@hpe.com","trainingMode":"WALKING_DOWN","calories":18684}
{"deviceid":"b81e905908354542","eventtype":"calorie","timestamp":1456248281478,"userid":"vincent.planat@hpe.com","trainingMode":"WALKING_DOWN","calories":18685}
{"deviceid":"b81e905908354542","eventtype":"calorie","timestamp":1456248302469,"userid":"vincent.planat@hpe.com","trainingMode":"WALKING","calories":18685}
{"deviceid":"b81e905908354542","eventtype":"calorie","timestamp":1456248275322,"userid":"vincent.planat@hpe.com","trainingMode":"WALKING_DOWN","calories":18684}
{"deviceid":"b81e905908354542","eventtype":"calorie","timestamp":1456248292255,"userid":"vincent.planat@hpe.com","trainingMode":"WALKING_DOWN","calories":18685}
{"deviceid":"b81e905908354542","eventtype":"calorie","timestamp":1456248302471,"userid":"vincent.planat@hpe.com","trainingMode":"WALKING","calories":18685}
{"deviceid":"b81e905908354542","eventtype":"calorie","timestamp":1456248276160,"userid":"vincent.planat@hpe.com","trainingMode":"WALKING_DOWN","calories":18684}
{"deviceid":"b81e905908354542","eventtype":"calorie","timestamp":1456248307644,"userid":"vincent.planat@hpe.com","trainingMode":"WALKING","calories":18685}
{"deviceid":"b81e905908354542","eventtype":"calorie","timestamp":1456248304543,"userid":"vincent.planat@hpe.com","trainingMode":"WALKING","calories":18685}
{"deviceid":"b81e905908354542","eventtype":"calorie","timestamp":1456248268031,"userid":"vincent.planat@hpe.com","trainingMode":"WALKING_DOWN","calories":18684}
{"deviceid":"b81e905908354542","eventtype":"calorie","timestamp":1456248275347,"userid":"vincent.planat@hpe.com","trainingMode":"WALKING_DOWN","calories":18684}
{"deviceid":"b81e905908354542","eventtype":"calorie","timestamp":1456248289181,"userid":"vincent.planat@hpe.com","trainingMode":"WALKING_DOWN","calories":18685}
{"deviceid":"b81e905908354542","eventtype":"calorie","timestamp":1456248299091,"userid":"vincent.planat@hpe.com","trainingMode":"WALKING","calories":18685}
{"deviceid":"b81e905908354542","eventtype":"calorie","timestamp":1456248268118,"userid":"vincent.planat@hpe.com","trainingMode":"WALKING_DOWN","calories":18684}
{"deviceid":"b81e905908354542","eventtype":"calorie","timestamp":1456248290255,"userid":"vincent.planat@hpe.com","trainingMode":"WALKING_DOWN","calories":18685}
{"deviceid":"b81e905908354542","eventtype":"calorie","timestamp":1456248274280,"userid":"vincent.planat@hpe.com","trainingMode":"WALKING_DOWN","calories":18684}
{"deviceid":"b81e905908354542","eventtype":"calorie","timestamp":1456248294420,"userid":"vincent.planat@hpe.com","trainingMode":"WALKING_DOWN","calories":18685}
{"deviceid":"b81e905908354542","eventtype":"calorie","timestamp":1456248285438,"userid":"vincent.planat@hpe.com","trainingMode":"WALKING_DOWN","calories":18685}
{"deviceid":"b81e905908354542","eventtype":"calorie","timestamp":1456248301575,"userid":"vincent.planat@hpe.com","trainingMode":"WALKING","calories":18685}
{"deviceid":"b81e905908354542","eventtype":"calorie","timestamp":1456248285457,"userid":"vincent.planat@hpe.com","trainingMode":"WALKING_DOWN","calories":18685}
{"deviceid":"b81e905908354542","eventtype":"calorie","timestamp":1456248280533,"userid":"vincent.planat@hpe.com","trainingMode":"WALKING_DOWN","calories":18685}
{"deviceid":"b81e905908354542","eventtype":"calorie","timestamp":1456248277980,"userid":"vincent.planat@hpe.com","trainingMode":"WALKING_DOWN","calories":18684}
{"deviceid":"b81e905908354542","eventtype":"calorie","timestamp":1456248288306,"userid":"vincent.planat@hpe.com","trainingMode":"WALKING_DOWN","calories":18685}
{"deviceid":"b81e905908354542","eventtype":"calorie","timestamp":1456248301561,"userid":"vincent.planat@hpe.com","trainingMode":"WALKING","calories":18685}
{"deviceid":"b81e905908354542","eventtype":"calorie","timestamp":1456248293240,"userid":"vincent.planat@hpe.com","trainingMode":"WALKING_DOWN","calories":18685}
{"deviceid":"b81e905908354542","eventtype":"calorie","timestamp":1456248295368,"userid":"vincent.planat@hpe.com","trainingMode":"WALKING_DOWN","calories":18685}
{"deviceid":"b81e905908354542","eventtype":"calorie","timestamp":1456248300715,"userid":"vincent.planat@hpe.com","trainingMode":"WALKING","calories":18685}
{"deviceid":"b81e905908354542","eventtype":"calorie","timestamp":1456248295351,"userid":"vincent.planat@hpe.com","trainingMode":"WALKING_DOWN","calories":18685}
{"deviceid":"b81e905908354542","eventtype":"calorie","timestamp":1456248299075,"userid":"vincent.planat@hpe.com","trainingMode":"WALKING","calories":18685}
{"deviceid":"b81e905908354542","eventtype":"calorie","timestamp":1456248277022,"userid":"vincent.planat@hpe.com","trainingMode":"WALKING_DOWN","calories":18684}
{"deviceid":"b81e905908354542","eventtype":"calorie","timestamp":1456248305629,"userid":"vincent.planat@hpe.com","trainingMode":"WALKING","calories":18685}
{"deviceid":"b81e905908354542","eventtype":"calorie","timestamp":1456248300728,"userid":"vincent.planat@hpe.com","trainingMode":"WALKING","calories":18685}
{"deviceid":"b81e905908354542","eventtype":"calorie","timestamp":1456248288258,"userid":"vincent.planat@hpe.com","trainingMode":"WALKING_DOWN","calories":18685}
{"deviceid":"b81e905908354542","eventtype":"calorie","timestamp":1456248274257,"userid":"vincent.planat@hpe.com","trainingMode":"WALKING_DOWN","calories":18684}
{"deviceid":"b81e905908354542","eventtype":"calorie","timestamp":1456248273440,"userid":"vincent.planat@hpe.com","trainingMode":"WALKING_DOWN","calories":18684}
{"deviceid":"b81e905908354542","eventtype":"calorie","timestamp":1456248294406,"userid":"vincent.planat@hpe.com","trainingMode":"WALKING_DOWN","calories":18685}
{"deviceid":"b81e905908354542","eventtype":"calorie","timestamp":1456248276143,"userid":"vincent.planat@hpe.com","trainingMode":"WALKING_DOWN","calories":18684}
{"deviceid":"b81e905908354542","eventtype":"calorie","timestamp":1456248306639,"userid":"vincent.planat@hpe.com","trainingMode":"WALKING","calories":18685}
{"deviceid":"b81e905908354542","eventtype":"calorie","timestamp":1456248290239,"userid":"vincent.planat@hpe.com","trainingMode":"WALKING_DOWN","calories":18685}
{"deviceid":"b81e905908354542","eventtype":"calorie","timestamp":1456248279622,"userid":"vincent.planat@hpe.com","trainingMode":"WALKING_DOWN","calories":18684}
