{"deviceid":"b81e905908354542","eventtype":"accelerometer","timestamp":1456247931232,"userid":"vincent.planat@hpe.com","trainingMode":"NONE","x":0.039307,"y":0.906006,"z":-0.385498}
{"deviceid":"b81e905908354542","eventtype":"accelerometer","timestamp":1456247909843,"userid":"vincent.planat@hpe.com","trainingMode":"NONE","x":-0.083984,"y":0.984375,"z":0.844971}
{"deviceid":"b81e905908354542","eventtype":"accelerometer","timestamp":1456247925255,"userid":"vincent.planat@hpe.com","trainingMode":"NONE","x":-0.135742,"y":0.622314,"z":0.794678}
{"deviceid":"b81e905908354542","eventtype":"accelerometer","timestamp":1456247949847,"userid":"vincent.planat@hpe.com","trainingMode":"NONE","x":0.009277,"y":0.455078,"z":0.882812}
{"deviceid":"b81e905908354542","eventtype":"accelerometer","timestamp":1456247938507,"userid":"vincent.planat@hpe.com","trainingMode":"NONE","x":0.136963,"y":0.106201,"z":0.81543}
{"deviceid":"b81e905908354542","eventtype":"accelerometer","timestamp":1456247959930,"userid":"vincent.planat@hpe.com","trainingMode":"NONE","x":-0.106201,"y":0.676514,"z":-0.732178}
{"deviceid":"b81e905908354542","eventtype":"accelerometer","timestamp":1456247917889,"userid":"vincent.planat@hpe.com","trainingMode":"NONE","x":-0.163818,"y":0.595459,"z":0.80957}
{"deviceid":"b81e905908354542","eventtype":"accelerometer","timestamp":1456247956429,"userid":"vincent.planat@hpe.com","trainingMode":"NONE","x":-0.05957,"y":0.663086,"z":-0.748779}
{"deviceid":"b81e905908354542","eventtype":"accelerometer","timestamp":1456247915246,"userid":"vincent.planat@hpe.com","trainingMode":"NONE","x":-0.136963,"y":0.545654,"z":0.845215}
{"deviceid":"b81e905908354542","eventtype":"accelerometer","timestamp":1456247922404,"userid":"vincent.planat@hpe.com","trainingMode":"NONE","x":-0.147217,"y":0.621094,"z":0.792969}
{"deviceid":"b81e905908354542","eventtype":"accelerometer","timestamp":1456247934481,"userid":"vincent.planat@hpe.com","trainingMode":"NONE","x":-0.203125,"y":0.332275,"z":0.84375}
{"deviceid":"b81e905908354542","eventtype":"accelerometer","timestamp":1456247954745,"userid":"vincent.planat@hpe.com","trainingMode":"NONE","x":0.010986,"y":0.746826,"z":0.773926}
{"deviceid":"b81e905908354542","eventtype":"accelerometer","timestamp":1456247935389,"userid":"vincent.planat@hpe.com","trainingMode":"NONE","x":0.242676,"y":0.57666,"z":0.656982}
{"deviceid":"b81e905908354542","eventtype":"accelerometer","timestamp":1456247946558,"userid":"vincent.planat@hpe.com","trainingMode":"NONE","x":-0.053223,"y":0.439941,"z":0.919678}
{"deviceid":"b81e905908354542","eventtype":"accelerometer","timestamp":1456247932410,"userid":"vincent.planat@hpe.com","trainingMode":"NONE","x":-0.129395,"y":1.136963,"z":-0.089355}
{"deviceid":"b81e905908354542","eventtype":"accelerometer","timestamp":1456247934347,"userid":"vincent.planat@hpe.com","trainingMode":"NONE","x":-0.185791,"y":0.467285,"z":1.018799}
{"deviceid":"b81e905908354542","eventtype":"accelerometer","timestamp":1456247954457,"userid":"vincent.planat@hpe.com","trainingMode":"NONE","x":-0.111572,"y":0.549072,"z":0.848389}
{"deviceid":"b81e905908354542","eventtype":"accelerometer","timestamp":1456247933177,"userid":"vincent.planat@hpe.com","trainingMode":"NONE","x":0.359375,"y":1.034424,"z":0.198486}
{"deviceid":"b81e905908354542","eventtype":"accelerometer","timestamp":1456247920593,"userid":"vincent.planat@hpe.com","trainingMode":"NONE","x":-0.150879,"y":0.638428,"z":0.784668}
{"deviceid":"b81e905908354542","eventtype":"accelerometer","timestamp":1456247943307,"userid":"vincent.planat@hpe.com","trainingMode":"NONE","x":-0.142822,"y":0.627197,"z":0.760742}
{"deviceid":"b81e905908354542","eventtype":"accelerometer","timestamp":1456247949293,"userid":"vincent.planat@hpe.com","trainingMode":"NONE","x":-0.0271,"y":0.422852,"z":0.921143}
{"deviceid":"b81e905908354542","eventtype":"accelerometer","timestamp":1456247960070,"userid":"vincent.planat@hpe.com","trainingMode":"NONE","x":-0.104736,"y":0.676025,"z":-0.725098}
{"deviceid":"b81e905908354542","eventtype":"accelerometer","timestamp":1456247934918,"userid":"vincent.planat@hpe.com","trainingMode":"NONE","x":-0.44873,"y":0.48877,"z":0.761963}
{"deviceid":"b81e905908354542","eventtype":"accelerometer","timestamp":1456247952535,"userid":"vincent.planat@hpe.com","trainingMode":"NONE","x":-0.096191,"y":0.553467,"z":0.847656}
{"deviceid":"b81e905908354542","eventtype":"accelerometer","timestamp":1456247908244,"userid":"vincent.planat@hpe.com","trainingMode":"NONE","x":-0.131104,"y":0.591064,"z":0.811035}
{"deviceid":"b81e905908354542","eventtype":"accelerometer","timestamp":1456247933426,"userid":"vincent.planat@hpe.com","trainingMode":"NONE","x":0.369629,"y":1.256836,"z":0.329346}
{"deviceid":"b81e905908354542","eventtype":"accelerometer","timestamp":1456247959161,"userid":"vincent.planat@hpe.com","trainingMode":"NONE","x":-0.100586,"y":0.66626,"z":-0.72998}
{"deviceid":"b81e905908354542","eventtype":"accelerometer","timestamp":1456247924206,"userid":"vincent.planat@hpe.com","trainingMode":"NONE","x":-0.096436,"y":0.641602,"z":0.812256}
{"deviceid":"b81e905908354542","eventtype":"accelerometer","timestamp":1456247912162,"userid":"vincent.planat@hpe.com","trainingMode":"NONE","x":0.830811,"y":0.494141,"z":-0.227783}
{"deviceid":"b81e905908354542","eventtype":"accelerometer","timestamp":1456247945521,"userid":"vincent.planat@hpe.com","trainingMode":"NONE","x":-0.072754,"y":0.397461,"z":0.956787}
{"deviceid":"b81e905908354542","eventtype":"accelerometer","timestamp":1456247924339,"userid":"vincent.planat@hpe.com","trainingMode":"NONE","x":-0.13208,"y":0.622314,"z":0.799072}
{"deviceid":"b81e905908354542","eventtype":"accelerometer","timestamp":1456247913169,"userid":"vincent.planat@hpe.com","trainingMode":"NONE","x":-0.046387,"y":0.910889,"z":0.857666}
{"deviceid":"b81e905908354542","eventtype":"accelerometer","timestamp":1456247918241,"userid":"vincent.planat@hpe.com","trainingMode":"NONE","x":-0.161133,"y":0.599854,"z":0.795166}
{"deviceid":"b81e905908354542","eventtype":"accelerometer","timestamp":1456247945243,"userid":"vincent.planat@hpe.com","trainingMode":"NONE","x":0.144775,"y":0.167969,"z":0.624756}
{"deviceid":"b81e905908354542","eventtype":"accelerometer","timestamp":1456247918675,"userid":"vincent.planat@hpe.com","trainingMode":"NONE","x":-0.158691,"y":0.590576,"z":0.809082}
{"deviceid":"b81e905908354542","eventtype":"accelerometer","timestamp":1456247915073,"userid":"vincent.planat@hpe.com","trainingMode":"NONE","x":-0.141113,"y":0.583496,"z":0.82373}
{"deviceid":"b81e905908354542","eventtype":"accelerometer","timestamp":1456247920318,"userid":"vincent.planat@hpe.com","trainingMode":"NONE","x":-0.156006,"y":0.632324,"z":0.806641}
{"deviceid":"b81e905908354542","eventtype":"accelerometer","timestamp":1456247929815,"userid":"vincent.planat@hpe.com","trainingMode":"NONE","x":0.022217,"y":0.29541,"z":0.765137}
{"deviceid":"b81e905908354542","eventtype":"accelerometer","timestamp":1456247958496,"userid":"vincent.planat@hpe.com","trainingMode":"NONE","x":-0.080322,"y":0.601318,"z":-0.768799}
{"deviceid":"b81e905908354542","eventtype":"accelerometer","timestamp":1456247919595,"userid":"vincent.planat@hpe.com","trainingMode":"NONE","x":-0.156738,"y":0.701416,"z":0.798096}
{"deviceid":"b81e905908354542","eventtype":"accelerometer","timestamp":1456247911938,"userid":"vincent.planat@hpe.com","trainingMode":"NONE","x":0.820801,"y":0.513672,"z":-0.172119}
{"deviceid":"b81e905908354542","eventtype":"accelerometer","timestamp":1456247934083,"userid":"vincent.planat@hpe.com","trainingMode":"NONE","x":0.243164,"y":0.503906,"z":0.61499}
{"deviceid":"b81e905908354542","eventtype":"accelerometer","timestamp":1456247957602,"userid":"vincent.planat@hpe.com","trainingMode":"NONE","x":-0.123779,"y":0.656006,"z":-0.7229}
{"deviceid":"b81e905908354542","eventtype":"accelerometer","timestamp":1456247919540,"userid":"vincent.planat@hpe.com","trainingMode":"NONE","x":-0.14917,"y":0.600098,"z":0.801514}
{"deviceid":"b81e905908354542","eventtype":"accelerometer","timestamp":1456247952798,"userid":"vincent.planat@hpe.com","trainingMode":"NONE","x":-0.095947,"y":0.561523,"z":0.844971}
{"deviceid":"b81e905908354542","eventtype":"accelerometer","timestamp":1456247950035,"userid":"vincent.planat@hpe.com","trainingMode":"NONE","x":-0.057861,"y":0.415039,"z":0.931885}
{"deviceid":"b81e905908354542","eventtype":"accelerometer","timestamp":1456247940236,"userid":"vincent.planat@hpe.com","trainingMode":"NONE","x":0.074951,"y":0.682861,"z":0.835449}
{"deviceid":"b81e905908354542","eventtype":"accelerometer","timestamp":1456247958636,"userid":"vincent.planat@hpe.com","trainingMode":"NONE","x":-0.094238,"y":0.63916,"z":-0.753418}
{"deviceid":"b81e905908354542","eventtype":"accelerometer","timestamp":1456247953557,"userid":"vincent.planat@hpe.com","trainingMode":"NONE","x":0.040771,"y":0.767822,"z":0.812744}
{"deviceid":"b81e905908354542","eventtype":"accelerometer","timestamp":1456247911630,"userid":"vincent.planat@hpe.com","trainingMode":"NONE","x":0.824951,"y":0.480957,"z":-0.250244}
{"deviceid":"b81e905908354542","eventtype":"accelerometer","timestamp":1456247941641,"userid":"vincent.planat@hpe.com","trainingMode":"NONE","x":-0.155029,"y":0.583008,"z":0.805664}
{"deviceid":"b81e905908354542","eventtype":"accelerometer","timestamp":1456247927609,"userid":"vincent.planat@hpe.com","trainingMode":"NONE","x":-0.144287,"y":0.656494,"z":0.771729}
{"deviceid":"b81e905908354542","eventtype":"accelerometer","timestamp":1456247956887,"userid":"vincent.planat@hpe.com","trainingMode":"NONE","x":-0.056152,"y":0.702148,"z":-0.593994}
{"deviceid":"b81e905908354542","eventtype":"accelerometer","timestamp":1456247907574,"userid":"vincent.planat@hpe.com","trainingMode":"NONE","x":-0.138916,"y":0.597656,"z":0.799072}
{"deviceid":"b81e905908354542","eventtype":"accelerometer","timestamp":1456247920452,"userid":"vincent.planat@hpe.com","trainingMode":"NONE","x":-0.141846,"y":0.616699,"z":0.795654}
{"deviceid":"b81e905908354542","eventtype":"accelerometer","timestamp":1456247909110,"userid":"vincent.planat@hpe.com","trainingMode":"NONE","x":-0.125977,"y":0.611084,"z":0.799805}
{"deviceid":"b81e905908354542","eventtype":"accelerometer","timestamp":1456247930440,"userid":"vincent.planat@hpe.com","trainingMode":"NONE","x":0.124756,"y":0.987061,"z":-0.318604}
{"deviceid":"b81e905908354542","eventtype":"accelerometer","timestamp":1456247923951,"userid":"vincent.planat@hpe.com","trainingMode":"NONE","x":-0.130371,"y":0.629395,"z":0.791504}
{"deviceid":"b81e905908354542","eventtype":"accelerometer","timestamp":1456247913582,"userid":"vincent.planat@hpe.com","trainingMode":"NONE","x":-0.132324,"y":0.623291,"z":0.79248}
{"deviceid":"b81e905908354542","eventtype":"accelerometer","timestamp":1456247917969,"userid":"vincent.planat@hpe.com","trainingMode":"NONE","x":-0.175049,"y":0.625488,"z":0.809326}
{"deviceid":"b81e905908354542","eventtype":"accelerometer","timestamp":1456247958251,"userid":"vincent.planat@hpe.com","trainingMode":"NONE","x":-0.074707,"y":0.615234,"z":-0.766357}
{"deviceid":"b81e905908354542","eventtype":"accelerometer","timestamp":1456247926946,"userid":"vincent.planat@hpe.com","trainingMode":"NONE","x":-0.191895,"y":0.639404,"z":0.852783}
{"deviceid":"b81e905908354542","eventtype":"accelerometer","timestamp":1456247913977,"userid":"vincent.planat@hpe.com","trainingMode":"NONE","x":-0.14624,"y":0.562012,"z":0.830078}
{"deviceid":"b81e905908354542","eventtype":"accelerometer","timestamp":1456247926047,"userid":"vincent.planat@hpe.com","trainingMode":"NONE","x":-0.094971,"y":0.5979,"z":0.755371}
{"deviceid":"b81e905908354542","eventtype":"accelerometer","timestamp":1456247930981,"userid":"vincent.planat@hpe.com","trainingMode":"NONE","x":-0.006592,"y":1.03125,"z":-0.443359}
{"deviceid":"b81e905908354542","eventtype":"accelerometer","timestamp":1456247910051,"userid":"vincent.planat@hpe.com","trainingMode":"NONE","x":0.138428,"y":0.125244,"z":0.650146}
{"deviceid":"b81e905908354542","eventtype":"accelerometer","timestamp":1456247910276,"userid":"vincent.planat@hpe.com","trainingMode":"NONE","x":0.162842,"y":0.18335,"z":1.439697}
{"deviceid":"b81e905908354542","eventtype":"accelerometer","timestamp":1456247953716,"userid":"vincent.planat@hpe.com","trainingMode":"NONE","x":-0.101562,"y":0.710693,"z":0.70874}
{"deviceid":"b81e905908354542","eventtype":"accelerometer","timestamp":1456247940177,"userid":"vincent.planat@hpe.com","trainingMode":"NONE","x":-0.093262,"y":0.100098,"z":1.185547}
{"deviceid":"b81e905908354542","eventtype":"accelerometer","timestamp":1456247946801,"userid":"vincent.planat@hpe.com","trainingMode":"NONE","x":-0.064209,"y":0.453857,"z":0.925049}
{"deviceid":"b81e905908354542","eventtype":"accelerometer","timestamp":1456247958399,"userid":"vincent.planat@hpe.com","trainingMode":"NONE","x":-0.091553,"y":0.657471,"z":-0.762695}
{"deviceid":"b81e905908354542","eventtype":"accelerometer","timestamp":1456247918805,"userid":"vincent.planat@hpe.com","trainingMode":"NONE","x":-0.153076,"y":0.57959,"z":0.794922}
{"deviceid":"b81e905908354542","eventtype":"accelerometer","timestamp":1456247957208,"userid":"vincent.planat@hpe.com","trainingMode":"NONE","x":-0.097656,"y":0.749512,"z":-0.618408}
{"deviceid":"b81e905908354542","eventtype":"accelerometer","timestamp":1456247932550,"userid":"vincent.planat@hpe.com","trainingMode":"NONE","x":0.384766,"y":1.124512,"z":-0.517578}
{"deviceid":"b81e905908354542","eventtype":"accelerometer","timestamp":1456247942780,"userid":"vincent.planat@hpe.com","trainingMode":"NONE","x":-0.182861,"y":0.675049,"z":0.73584}
{"deviceid":"b81e905908354542","eventtype":"accelerometer","timestamp":1456247913915,"userid":"vincent.planat@hpe.com","trainingMode":"NONE","x":-0.151123,"y":0.610596,"z":0.796631}
{"deviceid":"b81e905908354542","eventtype":"accelerometer","timestamp":1456247928653,"userid":"vincent.planat@hpe.com","trainingMode":"NONE","x":-0.164795,"y":0.64502,"z":0.773682}
{"deviceid":"b81e905908354542","eventtype":"accelerometer","timestamp":1456247955136,"userid":"vincent.planat@hpe.com","trainingMode":"NONE","x":-0.19751,"y":0.971436,"z":-0.355225}
{"deviceid":"b81e905908354542","eventtype":"accelerometer","timestamp":1456247959790,"userid":"vincent.planat@hpe.com","trainingMode":"NONE","x":-0.10498,"y":0.67627,"z":-0.719238}
{"deviceid":"b81e905908354542","eventtype":"accelerometer","timestamp":1456247927735,"userid":"vincent.planat@hpe.com","trainingMode":"NONE","x":-0.147705,"y":0.637207,"z":0.770752}
{"deviceid":"b81e905908354542","eventtype":"accelerometer","timestamp":1456247946681,"userid":"vincent.planat@hpe.com","trainingMode":"NONE","x":-0.063965,"y":0.429199,"z":0.924805}
{"deviceid":"b81e905908354542","eventtype":"accelerometer","timestamp":1456247917472,"userid":"vincent.planat@hpe.com","trainingMode":"NONE","x":-0.170166,"y":0.628662,"z":0.811768}
{"deviceid":"b81e905908354542","eventtype":"accelerometer","timestamp":1456247934739,"userid":"vincent.planat@hpe.com","trainingMode":"NONE","x":-0.370361,"y":0.640869,"z":0.954102}
{"deviceid":"b81e905908354542","eventtype":"accelerometer","timestamp":1456247916814,"userid":"vincent.planat@hpe.com","trainingMode":"NONE","x":-0.15918,"y":0.59375,"z":0.806885}
{"deviceid":"b81e905908354542","eventtype":"accelerometer","timestamp":1456247940568,"userid":"vincent.planat@hpe.com","trainingMode":"NONE","x":-0.185059,"y":0.7146,"z":0.750977}
{"deviceid":"b81e905908354542","eventtype":"accelerometer","timestamp":1456247936025,"userid":"vincent.planat@hpe.com","trainingMode":"NONE","x":-0.225586,"y":0.720947,"z":0.831787}
{"deviceid":"b81e905908354542","eventtype":"accelerometer","timestamp":1456247929936,"userid":"vincent.planat@hpe.com","trainingMode":"NONE","x":-0.192139,"y":1.115723,"z":0.513184}
{"deviceid":"b81e905908354542","eventtype":"accelerometer","timestamp":1456247920926,"userid":"vincent.planat@hpe.com","trainingMode":"NONE","x":-0.145264,"y":0.609375,"z":0.799072}
{"deviceid":"b81e905908354542","eventtype":"accelerometer","timestamp":1456247951897,"userid":"vincent.planat@hpe.com","trainingMode":"NONE","x":-0.080078,"y":0.469727,"z":0.890869}
{"deviceid":"b81e905908354542","eventtype":"accelerometer","timestamp":1456247952274,"userid":"vincent.planat@hpe.com","trainingMode":"NONE","x":-0.094482,"y":0.5354,"z":0.864258}
{"deviceid":"b81e905908354542","eventtype":"accelerometer","timestamp":1456247909211,"userid":"vincent.planat@hpe.com","trainingMode":"NONE","x":-0.120361,"y":0.598145,"z":0.796143}
{"deviceid":"b81e905908354542","eventtype":"accelerometer","timestamp":1456247910636,"userid":"vincent.planat@hpe.com","trainingMode":"NONE","x":0.592285,"y":0.373535,"z":0.718506}
{"deviceid":"b81e905908354542","eventtype":"accelerometer","timestamp":1456247923585,"userid":"vincent.planat@hpe.com","trainingMode":"NONE","x":-0.146973,"y":0.633057,"z":0.789062}
{"deviceid":"b81e905908354542","eventtype":"accelerometer","timestamp":1456247931416,"userid":"vincent.planat@hpe.com","trainingMode":"NONE","x":0.013184,"y":0.960938,"z":-0.372559}
{"deviceid":"b81e905908354542","eventtype":"accelerometer","timestamp":1456247917200,"userid":"vincent.planat@hpe.com","trainingMode":"NONE","x":-0.119873,"y":0.602295,"z":0.737305}
{"deviceid":"b81e905908354542","eventtype":"accelerometer","timestamp":1456247956571,"userid":"vincent.planat@hpe.com","trainingMode":"NONE","x":-0.087158,"y":0.683105,"z":-0.798584}
{"deviceid":"b81e905908354542","eventtype":"accelerometer","timestamp":1456247952015,"userid":"vincent.planat@hpe.com","trainingMode":"NONE","x":-0.109619,"y":0.485107,"z":0.890137}
{"deviceid":"b81e905908354542","eventtype":"accelerometer","timestamp":1456247925808,"userid":"vincent.planat@hpe.com","trainingMode":"NONE","x":-0.14209,"y":0.616699,"z":0.825684}
{"deviceid":"b81e905908354542","eventtype":"accelerometer","timestamp":1456247912670,"userid":"vincent.planat@hpe.com","trainingMode":"NONE","x":0.80249,"y":0.491699,"z":-0.165039}
{"deviceid":"b81e905908354542","eventtype":"accelerometer","timestamp":1456247950963,"userid":"vincent.planat@hpe.com","trainingMode":"NONE","x":0.023682,"y":0.527344,"z":0.888672}
{"deviceid":"b81e905908354542","eventtype":"accelerometer","timestamp":1456247926562,"userid":"vincent.planat@hpe.com","trainingMode":"NONE","x":-0.131592,"y":0.62085,"z":0.799072}
{"deviceid":"b81e905908354542","eventtype":"accelerometer","timestamp":1456247941106,"userid":"vincent.planat@hpe.com","trainingMode":"NONE","x":-0.181885,"y":0.756104,"z":0.671631}
{"deviceid":"b81e905908354542","eventtype":"accelerometer","timestamp":1456247928105,"userid":"vincent.planat@hpe.com","trainingMode":"NONE","x":-0.144043,"y":0.638428,"z":0.781738}
{"deviceid":"b81e905908354542","eventtype":"accelerometer","timestamp":1456247930052,"userid":"vincent.planat@hpe.com","trainingMode":"NONE","x":0.006836,"y":0.973145,"z":0.068115}
{"deviceid":"b81e905908354542","eventtype":"accelerometer","timestamp":1456247921886,"userid":"vincent.planat@hpe.com","trainingMode":"NONE","x":-0.1521,"y":0.632568,"z":0.784424}
{"deviceid":"b81e905908354542","eventtype":"accelerometer","timestamp":1456247911412,"userid":"vincent.planat@hpe.com","trainingMode":"NONE","x":0.760498,"y":0.696777,"z":0.031006}
{"deviceid":"b81e905908354542","eventtype":"accelerometer","timestamp":1456247932657,"userid":"vincent.planat@hpe.com","trainingMode":"NONE","x":0.436035,"y":0.431885,"z":0.337402}
{"deviceid":"b81e905908354542","eventtype":"accelerometer","timestamp":1456247930606,"userid":"vincent.planat@hpe.com","trainingMode":"NONE","x":0.10376,"y":0.959473,"z":-0.138184}
{"deviceid":"b81e905908354542","eventtype":"accelerometer","timestamp":1456247943969,"userid":"vincent.planat@hpe.com","trainingMode":"NONE","x":-0.015625,"y":0.302002,"z":0.943359}
{"deviceid":"b81e905908354542","eventtype":"accelerometer","timestamp":1456247923819,"userid":"vincent.planat@hpe.com","trainingMode":"NONE","x":-0.133789,"y":0.624023,"z":0.796387}
{"deviceid":"b81e905908354542","eventtype":"accelerometer","timestamp":1456247954928,"userid":"vincent.planat@hpe.com","trainingMode":"NONE","x":0.034912,"y":0.833008,"z":0.509521}
{"deviceid":"b81e905908354542","eventtype":"accelerometer","timestamp":1456247952180,"userid":"vincent.planat@hpe.com","trainingMode":"NONE","x":-0.095459,"y":0.503418,"z":0.883301}
{"deviceid":"b81e905908354542","eventtype":"accelerometer","timestamp":1456247921760,"userid":"vincent.planat@hpe.com","trainingMode":"NONE","x":-0.146973,"y":0.622314,"z":0.7854}
{"deviceid":"b81e905908354542","eventtype":"accelerometer","timestamp":1456247947610,"userid":"vincent.planat@hpe.com","trainingMode":"NONE","x":-0.069092,"y":0.392822,"z":0.94043}
{"deviceid":"b81e905908354542","eventtype":"accelerometer","timestamp":1456247931632,"userid":"vincent.planat@hpe.com","trainingMode":"NONE","x":0.033447,"y":0.929443,"z":-0.344238}
{"deviceid":"b81e905908354542","eventtype":"accelerometer","timestamp":1456247929044,"userid":"vincent.planat@hpe.com","trainingMode":"NONE","x":-0.106445,"y":0.593262,"z":0.820312}
{"deviceid":"b81e905908354542","eventtype":"accelerometer","timestamp":1456247959551,"userid":"vincent.planat@hpe.com","trainingMode":"NONE","x":-0.109619,"y":0.672852,"z":-0.719727}
{"deviceid":"b81e905908354542","eventtype":"accelerometer","timestamp":1456247915801,"userid":"vincent.planat@hpe.com","trainingMode":"NONE","x":-0.148926,"y":0.606689,"z":0.836426}
{"deviceid":"b81e905908354542","eventtype":"accelerometer","timestamp":1456247926297,"userid":"vincent.planat@hpe.com","trainingMode":"NONE","x":-0.147705,"y":0.62085,"z":0.805908}
{"deviceid":"b81e905908354542","eventtype":"accelerometer","timestamp":1456247937079,"userid":"vincent.planat@hpe.com","trainingMode":"NONE","x":-0.166992,"y":0.616699,"z":0.796631}
{"deviceid":"b81e905908354542","eventtype":"accelerometer","timestamp":1456247941246,"userid":"vincent.planat@hpe.com","trainingMode":"NONE","x":-0.181885,"y":0.738525,"z":0.683105}
{"deviceid":"b81e905908354542","eventtype":"accelerometer","timestamp":1456247915656,"userid":"vincent.planat@hpe.com","trainingMode":"NONE","x":-0.136475,"y":0.611328,"z":0.81543}
{"deviceid":"b81e905908354542","eventtype":"accelerometer","timestamp":1456247939883,"userid":"vincent.planat@hpe.com","trainingMode":"NONE","x":-0.174072,"y":0.781982,"z":0.77417}
{"deviceid":"b81e905908354542","eventtype":"accelerometer","timestamp":1456247958769,"userid":"vincent.planat@hpe.com","trainingMode":"NONE","x":-0.10083,"y":0.65918,"z":-0.730957}
{"deviceid":"b81e905908354542","eventtype":"accelerometer","timestamp":1456247922670,"userid":"vincent.planat@hpe.com","trainingMode":"NONE","x":-0.147949,"y":0.621094,"z":0.788086}
{"deviceid":"b81e905908354542","eventtype":"accelerometer","timestamp":1456247914601,"userid":"vincent.planat@hpe.com","trainingMode":"NONE","x":-0.127686,"y":0.530762,"z":0.828369}
{"deviceid":"b81e905908354542","eventtype":"accelerometer","timestamp":1456247941352,"userid":"vincent.planat@hpe.com","trainingMode":"NONE","x":-0.198975,"y":0.729248,"z":0.697998}
{"deviceid":"b81e905908354542","eventtype":"accelerometer","timestamp":1456247925921,"userid":"vincent.planat@hpe.com","trainingMode":"NONE","x":-0.137939,"y":0.609131,"z":0.803223}
{"deviceid":"b81e905908354542","eventtype":"accelerometer","timestamp":1456247910982,"userid":"vincent.planat@hpe.com","trainingMode":"NONE","x":0.497559,"y":0.979736,"z":0.249023}
{"deviceid":"b81e905908354542","eventtype":"accelerometer","timestamp":1456247940986,"userid":"vincent.planat@hpe.com","trainingMode":"NONE","x":-0.190918,"y":0.769043,"z":0.672852}
{"deviceid":"b81e905908354542","eventtype":"accelerometer","timestamp":1456247911114,"userid":"vincent.planat@hpe.com","trainingMode":"NONE","x":0.844727,"y":0.319824,"z":0.063721}
{"deviceid":"b81e905908354542","eventtype":"accelerometer","timestamp":1456247941940,"userid":"vincent.planat@hpe.com","trainingMode":"NONE","x":-0.186279,"y":0.62793,"z":0.771484}
{"deviceid":"b81e905908354542","eventtype":"accelerometer","timestamp":1456247957315,"userid":"vincent.planat@hpe.com","trainingMode":"NONE","x":-0.047119,"y":0.692139,"z":-0.631348}
{"deviceid":"b81e905908354542","eventtype":"accelerometer","timestamp":1456247907694,"userid":"vincent.planat@hpe.com","trainingMode":"NONE","x":-0.135742,"y":0.591553,"z":0.807129}
{"deviceid":"b81e905908354542","eventtype":"accelerometer","timestamp":1456247922949,"userid":"vincent.planat@hpe.com","trainingMode":"NONE","x":-0.14917,"y":0.624756,"z":0.7854}
{"deviceid":"b81e905908354542","eventtype":"accelerometer","timestamp":1456247913300,"userid":"vincent.planat@hpe.com","trainingMode":"NONE","x":-0.101074,"y":0.604736,"z":0.745605}
{"deviceid":"b81e905908354542","eventtype":"accelerometer","timestamp":1456247944745,"userid":"vincent.planat@hpe.com","trainingMode":"NONE","x":-0.163086,"y":0.487549,"z":0.918457}
{"deviceid":"b81e905908354542","eventtype":"accelerometer","timestamp":1456247945377,"userid":"vincent.planat@hpe.com","trainingMode":"NONE","x":-9.77E-4,"y":0.390137,"z":0.905273}
{"deviceid":"b81e905908354542","eventtype":"accelerometer","timestamp":1456247914098,"userid":"vincent.planat@hpe.com","trainingMode":"NONE","x":-0.14917,"y":0.545654,"z":0.837646}
{"deviceid":"b81e905908354542","eventtype":"accelerometer","timestamp":1456247957907,"userid":"vincent.planat@hpe.com","trainingMode":"NONE","x":-0.089844,"y":0.672607,"z":-0.695557}
{"deviceid":"b81e905908354542","eventtype":"accelerometer","timestamp":1456247932794,"userid":"vincent.planat@hpe.com","trainingMode":"NONE","x":0.45752,"y":0.503662,"z":0.723389}
{"deviceid":"b81e905908354542","eventtype":"accelerometer","timestamp":1456247946033,"userid":"vincent.planat@hpe.com","trainingMode":"NONE","x":-0.051514,"y":0.397705,"z":0.926514}
{"deviceid":"b81e905908354542","eventtype":"accelerometer","timestamp":1456247935672,"userid":"vincent.planat@hpe.com","trainingMode":"NONE","x":-0.006104,"y":0.970215,"z":0.721191}
{"deviceid":"b81e905908354542","eventtype":"accelerometer","timestamp":1456247921140,"userid":"vincent.planat@hpe.com","trainingMode":"NONE","x":-0.151611,"y":0.640381,"z":0.782471}
{"deviceid":"b81e905908354542","eventtype":"accelerometer","timestamp":1456247927194,"userid":"vincent.planat@hpe.com","trainingMode":"NONE","x":-0.137451,"y":0.607178,"z":0.798828}
{"deviceid":"b81e905908354542","eventtype":"accelerometer","timestamp":1456247929354,"userid":"vincent.planat@hpe.com","trainingMode":"NONE","x":-0.124023,"y":0.531006,"z":0.822754}
{"deviceid":"b81e905908354542","eventtype":"accelerometer","timestamp":1456247942540,"userid":"vincent.planat@hpe.com","trainingMode":"NONE","x":-0.148193,"y":0.771973,"z":0.75293}
{"deviceid":"b81e905908354542","eventtype":"accelerometer","timestamp":1456247941822,"userid":"vincent.planat@hpe.com","trainingMode":"NONE","x":-0.178711,"y":0.643066,"z":0.771729}
{"deviceid":"b81e905908354542","eventtype":"accelerometer","timestamp":1456247938642,"userid":"vincent.planat@hpe.com","trainingMode":"NONE","x":0.047119,"y":-0.042236,"z":1.06958}
{"deviceid":"b81e905908354542","eventtype":"accelerometer","timestamp":1456247936285,"userid":"vincent.planat@hpe.com","trainingMode":"NONE","x":-0.19873,"y":0.614746,"z":0.814209}
{"deviceid":"b81e905908354542","eventtype":"accelerometer","timestamp":1456247947775,"userid":"vincent.planat@hpe.com","trainingMode":"NONE","x":-0.067627,"y":0.524658,"z":0.912842}
{"deviceid":"b81e905908354542","eventtype":"accelerometer","timestamp":1456247920211,"userid":"vincent.planat@hpe.com","trainingMode":"NONE","x":-0.144043,"y":0.625244,"z":0.791748}
{"deviceid":"b81e905908354542","eventtype":"accelerometer","timestamp":1456247949414,"userid":"vincent.planat@hpe.com","trainingMode":"NONE","x":-0.042725,"y":0.427246,"z":0.937988}
{"deviceid":"b81e905908354542","eventtype":"accelerometer","timestamp":1456247936560,"userid":"vincent.planat@hpe.com","trainingMode":"NONE","x":-0.171631,"y":0.639404,"z":0.794922}
{"deviceid":"b81e905908354542","eventtype":"accelerometer","timestamp":1456247954093,"userid":"vincent.planat@hpe.com","trainingMode":"NONE","x":-0.057373,"y":0.665283,"z":0.741699}
{"deviceid":"b81e905908354542","eventtype":"accelerometer","timestamp":1456247952912,"userid":"vincent.planat@hpe.com","trainingMode":"NONE","x":-0.088135,"y":0.550293,"z":0.857422}
{"deviceid":"b81e905908354542","eventtype":"accelerometer","timestamp":1456247950582,"userid":"vincent.planat@hpe.com","trainingMode":"NONE","x":-0.051025,"y":0.321533,"z":0.986572}
{"deviceid":"b81e905908354542","eventtype":"accelerometer","timestamp":1456247908980,"userid":"vincent.planat@hpe.com","trainingMode":"NONE","x":-0.133789,"y":0.619385,"z":0.809082}
{"deviceid":"b81e905908354542","eventtype":"accelerometer","timestamp":1456247919321,"userid":"vincent.planat@hpe.com","trainingMode":"NONE","x":-0.161865,"y":0.599365,"z":0.80835}
{"deviceid":"b81e905908354542","eventtype":"accelerometer","timestamp":1456247951356,"userid":"vincent.planat@hpe.com","trainingMode":"NONE","x":-0.070068,"y":0.484863,"z":0.885254}
{"deviceid":"b81e905908354542","eventtype":"accelerometer","timestamp":1456247951093,"userid":"vincent.planat@hpe.com","trainingMode":"NONE","x":-0.064453,"y":0.457275,"z":0.910645}
{"deviceid":"b81e905908354542","eventtype":"accelerometer","timestamp":1456247939009,"userid":"vincent.planat@hpe.com","trainingMode":"NONE","x":-0.17749,"y":0.759033,"z":0.858154}
{"deviceid":"b81e905908354542","eventtype":"accelerometer","timestamp":1456247934206,"userid":"vincent.planat@hpe.com","trainingMode":"NONE","x":-0.009033,"y":0.533203,"z":0.76001}
{"deviceid":"b81e905908354542","eventtype":"accelerometer","timestamp":1456247908885,"userid":"vincent.planat@hpe.com","trainingMode":"NONE","x":-0.133545,"y":0.625732,"z":0.811523}
{"deviceid":"b81e905908354542","eventtype":"accelerometer","timestamp":1456247921034,"userid":"vincent.planat@hpe.com","trainingMode":"NONE","x":-0.151367,"y":0.628174,"z":0.784424}
{"deviceid":"b81e905908354542","eventtype":"accelerometer","timestamp":1456247951488,"userid":"vincent.planat@hpe.com","trainingMode":"NONE","x":-0.11377,"y":0.519287,"z":0.875732}
{"deviceid":"b81e905908354542","eventtype":"accelerometer","timestamp":1456247951739,"userid":"vincent.planat@hpe.com","trainingMode":"NONE","x":-0.119629,"y":0.501465,"z":0.869629}
{"deviceid":"b81e905908354542","eventtype":"accelerometer","timestamp":1456247922152,"userid":"vincent.planat@hpe.com","trainingMode":"NONE","x":-0.150391,"y":0.625977,"z":0.792725}
{"deviceid":"b81e905908354542","eventtype":"accelerometer","timestamp":1456247945892,"userid":"vincent.planat@hpe.com","trainingMode":"NONE","x":-0.059082,"y":0.460693,"z":0.923828}
{"deviceid":"b81e905908354542","eventtype":"accelerometer","timestamp":1456247918528,"userid":"vincent.planat@hpe.com","trainingMode":"NONE","x":-0.161377,"y":0.585693,"z":0.806396}
{"deviceid":"b81e905908354542","eventtype":"accelerometer","timestamp":1456247954597,"userid":"vincent.planat@hpe.com","trainingMode":"NONE","x":0.028564,"y":0.626953,"z":0.706299}
{"deviceid":"b81e905908354542","eventtype":"accelerometer","timestamp":1456247918101,"userid":"vincent.planat@hpe.com","trainingMode":"NONE","x":-0.176514,"y":0.615967,"z":0.815186}
{"deviceid":"b81e905908354542","eventtype":"accelerometer","timestamp":1456247950867,"userid":"vincent.planat@hpe.com","trainingMode":"NONE","x":0.0896,"y":0.52417,"z":0.874512}
{"deviceid":"b81e905908354542","eventtype":"accelerometer","timestamp":1456247949024,"userid":"vincent.planat@hpe.com","trainingMode":"NONE","x":0.012695,"y":0.38623,"z":0.946777}
{"deviceid":"b81e905908354542","eventtype":"accelerometer","timestamp":1456247953293,"userid":"vincent.planat@hpe.com","trainingMode":"NONE","x":0.135254,"y":0.049561,"z":1.036133}
{"deviceid":"b81e905908354542","eventtype":"accelerometer","timestamp":1456247951629,"userid":"vincent.planat@hpe.com","trainingMode":"NONE","x":-0.10498,"y":0.488525,"z":0.876221}
{"deviceid":"b81e905908354542","eventtype":"accelerometer","timestamp":1456247948112,"userid":"vincent.planat@hpe.com","trainingMode":"NONE","x":-0.072998,"y":0.471191,"z":0.919678}
{"deviceid":"b81e905908354542","eventtype":"accelerometer","timestamp":1456247919815,"userid":"vincent.planat@hpe.com","trainingMode":"NONE","x":-0.124756,"y":0.621582,"z":0.782471}
{"deviceid":"b81e905908354542","eventtype":"accelerometer","timestamp":1456247910211,"userid":"vincent.planat@hpe.com","trainingMode":"NONE","x":0.132568,"y":0.036133,"z":1.162354}
{"deviceid":"b81e905908354542","eventtype":"accelerometer","timestamp":1456247935495,"userid":"vincent.planat@hpe.com","trainingMode":"NONE","x":0.288818,"y":0.923096,"z":0.671143}
{"deviceid":"b81e905908354542","eventtype":"accelerometer","timestamp":1456247950450,"userid":"vincent.planat@hpe.com","trainingMode":"NONE","x":-0.036133,"y":0.137695,"z":0.574463}
{"deviceid":"b81e905908354542","eventtype":"accelerometer","timestamp":1456247929667,"userid":"vincent.planat@hpe.com","trainingMode":"NONE","x":-0.038574,"y":1.133057,"z":0.642822}
{"deviceid":"b81e905908354542","eventtype":"accelerometer","timestamp":1456247950207,"userid":"vincent.planat@hpe.com","trainingMode":"NONE","x":-0.112061,"y":0.376709,"z":0.932373}
{"deviceid":"b81e905908354542","eventtype":"accelerometer","timestamp":1456247910474,"userid":"vincent.planat@hpe.com","trainingMode":"NONE","x":0.47876,"y":0.379395,"z":0.759521}
{"deviceid":"b81e905908354542","eventtype":"accelerometer","timestamp":1456247942127,"userid":"vincent.planat@hpe.com","trainingMode":"NONE","x":-0.179688,"y":0.678955,"z":0.754395}
{"deviceid":"b81e905908354542","eventtype":"accelerometer","timestamp":1456247923452,"userid":"vincent.planat@hpe.com","trainingMode":"NONE","x":-0.146484,"y":0.634766,"z":0.793945}
{"deviceid":"b81e905908354542","eventtype":"accelerometer","timestamp":1456247925009,"userid":"vincent.planat@hpe.com","trainingMode":"NONE","x":-0.147217,"y":0.681885,"z":0.796143}
{"deviceid":"b81e905908354542","eventtype":"accelerometer","timestamp":1456247948245,"userid":"vincent.planat@hpe.com","trainingMode":"NONE","x":-0.036865,"y":0.448975,"z":0.930908}
{"deviceid":"b81e905908354542","eventtype":"accelerometer","timestamp":1456247945129,"userid":"vincent.planat@hpe.com","trainingMode":"NONE","x":-0.065186,"y":0.45166,"z":0.916016}
{"deviceid":"b81e905908354542","eventtype":"accelerometer","timestamp":1456247933058,"userid":"vincent.planat@hpe.com","trainingMode":"NONE","x":1.109375,"y":0.659424,"z":-0.0979}
{"deviceid":"b81e905908354542","eventtype":"accelerometer","timestamp":1456247910404,"userid":"vincent.planat@hpe.com","trainingMode":"NONE","x":0.260986,"y":0.017822,"z":0.853271}
{"deviceid":"b81e905908354542","eventtype":"accelerometer","timestamp":1456247917084,"userid":"vincent.planat@hpe.com","trainingMode":"NONE","x":-0.157959,"y":0.575928,"z":0.823242}
{"deviceid":"b81e905908354542","eventtype":"accelerometer","timestamp":1456247936175,"userid":"vincent.planat@hpe.com","trainingMode":"NONE","x":-0.157715,"y":0.591553,"z":0.842529}
{"deviceid":"b81e905908354542","eventtype":"accelerometer","timestamp":1456247914375,"userid":"vincent.planat@hpe.com","trainingMode":"NONE","x":-0.136719,"y":0.500488,"z":0.847656}
{"deviceid":"b81e905908354542","eventtype":"accelerometer","timestamp":1456247916435,"userid":"vincent.planat@hpe.com","trainingMode":"NONE","x":-0.158936,"y":0.599121,"z":0.807617}
{"deviceid":"b81e905908354542","eventtype":"accelerometer","timestamp":1456247943875,"userid":"vincent.planat@hpe.com","trainingMode":"NONE","x":-0.186523,"y":0.151123,"z":1.025391}
{"deviceid":"b81e905908354542","eventtype":"accelerometer","timestamp":1456247921356,"userid":"vincent.planat@hpe.com","trainingMode":"NONE","x":-0.150879,"y":0.623047,"z":0.797363}
{"deviceid":"b81e905908354542","eventtype":"accelerometer","timestamp":1456247947466,"userid":"vincent.planat@hpe.com","trainingMode":"NONE","x":0.024658,"y":0.396484,"z":0.837646}
{"deviceid":"b81e905908354542","eventtype":"accelerometer","timestamp":1456247924780,"userid":"vincent.planat@hpe.com","trainingMode":"NONE","x":-0.14624,"y":0.658691,"z":0.765625}
{"deviceid":"b81e905908354542","eventtype":"accelerometer","timestamp":1456247914214,"userid":"vincent.planat@hpe.com","trainingMode":"NONE","x":-0.146484,"y":0.571533,"z":0.831055}
{"deviceid":"b81e905908354542","eventtype":"accelerometer","timestamp":1456247949707,"userid":"vincent.planat@hpe.com","trainingMode":"NONE","x":-0.009277,"y":0.427246,"z":0.901367}
{"deviceid":"b81e905908354542","eventtype":"accelerometer","timestamp":1456247924471,"userid":"vincent.planat@hpe.com","trainingMode":"NONE","x":-0.139893,"y":0.623047,"z":0.801025}
{"deviceid":"b81e905908354542","eventtype":"accelerometer","timestamp":1456247913682,"userid":"vincent.planat@hpe.com","trainingMode":"NONE","x":-0.134033,"y":0.648438,"z":0.793701}
{"deviceid":"b81e905908354542","eventtype":"accelerometer","timestamp":1456247916167,"userid":"vincent.planat@hpe.com","trainingMode":"NONE","x":-0.154785,"y":0.605469,"z":0.8396}
{"deviceid":"b81e905908354542","eventtype":"accelerometer","timestamp":1456247916563,"userid":"vincent.planat@hpe.com","trainingMode":"NONE","x":-0.154541,"y":0.581543,"z":0.806396}
{"deviceid":"b81e905908354542","eventtype":"accelerometer","timestamp":1456247923028,"userid":"vincent.planat@hpe.com","trainingMode":"NONE","x":-0.148682,"y":0.624512,"z":0.789307}
{"deviceid":"b81e905908354542","eventtype":"accelerometer","timestamp":1456247949161,"userid":"vincent.planat@hpe.com","trainingMode":"NONE","x":-0.018799,"y":0.405518,"z":0.94043}
{"deviceid":"b81e905908354542","eventtype":"accelerometer","timestamp":1456247948755,"userid":"vincent.planat@hpe.com","trainingMode":"NONE","x":-0.071533,"y":0.366211,"z":0.793457}
{"deviceid":"b81e905908354542","eventtype":"accelerometer","timestamp":1456247953426,"userid":"vincent.planat@hpe.com","trainingMode":"NONE","x":-0.100342,"y":0.517822,"z":0.664551}
{"deviceid":"b81e905908354542","eventtype":"accelerometer","timestamp":1456247942937,"userid":"vincent.planat@hpe.com","trainingMode":"NONE","x":-0.137695,"y":0.580078,"z":0.765381}
{"deviceid":"b81e905908354542","eventtype":"accelerometer","timestamp":1456247927327,"userid":"vincent.planat@hpe.com","trainingMode":"NONE","x":-0.114014,"y":0.457275,"z":0.832031}
{"deviceid":"b81e905908354542","eventtype":"accelerometer","timestamp":1456247953177,"userid":"vincent.planat@hpe.com","trainingMode":"NONE","x":-0.173584,"y":0.649414,"z":1.016602}
{"deviceid":"b81e905908354542","eventtype":"accelerometer","timestamp":1456247915512,"userid":"vincent.planat@hpe.com","trainingMode":"NONE","x":-0.14209,"y":0.602051,"z":0.818604}
{"deviceid":"b81e905908354542","eventtype":"accelerometer","timestamp":1456247907781,"userid":"vincent.planat@hpe.com","trainingMode":"NONE","x":-0.13501,"y":0.598145,"z":0.804932}
{"deviceid":"b81e905908354542","eventtype":"accelerometer","timestamp":1456247945002,"userid":"vincent.planat@hpe.com","trainingMode":"NONE","x":-0.119141,"y":0.392822,"z":0.982178}
{"deviceid":"b81e905908354542","eventtype":"accelerometer","timestamp":1456247934613,"userid":"vincent.planat@hpe.com","trainingMode":"NONE","x":-0.319092,"y":0.512207,"z":1.01001}
{"deviceid":"b81e905908354542","eventtype":"accelerometer","timestamp":1456247937465,"userid":"vincent.planat@hpe.com","trainingMode":"NONE","x":-0.157715,"y":0.549805,"z":0.818848}
{"deviceid":"b81e905908354542","eventtype":"accelerometer","timestamp":1456247951223,"userid":"vincent.planat@hpe.com","trainingMode":"NONE","x":-0.078125,"y":0.456299,"z":0.896484}
{"deviceid":"b81e905908354542","eventtype":"accelerometer","timestamp":1456247915127,"userid":"vincent.planat@hpe.com","trainingMode":"NONE","x":-0.129395,"y":0.564941,"z":0.834229}
{"deviceid":"b81e905908354542","eventtype":"accelerometer","timestamp":1456247910720,"userid":"vincent.planat@hpe.com","trainingMode":"NONE","x":0.600342,"y":0.32251,"z":0.744629}
{"deviceid":"b81e905908354542","eventtype":"accelerometer","timestamp":1456247912919,"userid":"vincent.planat@hpe.com","trainingMode":"NONE","x":0.419922,"y":0.485596,"z":-0.021729}
{"deviceid":"b81e905908354542","eventtype":"accelerometer","timestamp":1456247914748,"userid":"vincent.planat@hpe.com","trainingMode":"NONE","x":-0.143799,"y":0.568604,"z":0.849121}
{"deviceid":"b81e905908354542","eventtype":"accelerometer","timestamp":1456247947332,"userid":"vincent.planat@hpe.com","trainingMode":"NONE","x":-0.07251,"y":0.447754,"z":0.920898}
{"deviceid":"b81e905908354542","eventtype":"accelerometer","timestamp":1456247938107,"userid":"vincent.planat@hpe.com","trainingMode":"NONE","x":-0.159668,"y":0.622559,"z":0.79126}
{"deviceid":"b81e905908354542","eventtype":"accelerometer","timestamp":1456247940334,"userid":"vincent.planat@hpe.com","trainingMode":"NONE","x":-0.025146,"y":0.8479,"z":0.751709}
{"deviceid":"b81e905908354542","eventtype":"accelerometer","timestamp":1456247943702,"userid":"vincent.planat@hpe.com","trainingMode":"NONE","x":-0.067139,"y":0.136963,"z":1.13208}
{"deviceid":"b81e905908354542","eventtype":"accelerometer","timestamp":1456247921225,"userid":"vincent.planat@hpe.com","trainingMode":"NONE","x":-0.1521,"y":0.620361,"z":0.792725}
{"deviceid":"b81e905908354542","eventtype":"accelerometer","timestamp":1456247916676,"userid":"vincent.planat@hpe.com","trainingMode":"NONE","x":-0.164307,"y":0.592773,"z":0.813477}
{"deviceid":"b81e905908354542","eventtype":"accelerometer","timestamp":1456247945636,"userid":"vincent.planat@hpe.com","trainingMode":"NONE","x":-0.047363,"y":0.400146,"z":0.904785}
{"deviceid":"b81e905908354542","eventtype":"accelerometer","timestamp":1456247907478,"userid":"vincent.planat@hpe.com","trainingMode":"NONE","x":-0.134521,"y":0.615967,"z":0.797607}
{"deviceid":"b81e905908354542","eventtype":"accelerometer","timestamp":1456247923177,"userid":"vincent.planat@hpe.com","trainingMode":"NONE","x":-0.150391,"y":0.624268,"z":0.79248}
{"deviceid":"b81e905908354542","eventtype":"accelerometer","timestamp":1456247925176,"userid":"vincent.planat@hpe.com","trainingMode":"NONE","x":-0.135254,"y":0.63208,"z":0.790039}
{"deviceid":"b81e905908354542","eventtype":"accelerometer","timestamp":1456247944331,"userid":"vincent.planat@hpe.com","trainingMode":"NONE","x":-0.115479,"y":0.311035,"z":0.996094}
{"deviceid":"b81e905908354542","eventtype":"accelerometer","timestamp":1456247927467,"userid":"vincent.planat@hpe.com","trainingMode":"NONE","x":-0.151611,"y":0.729004,"z":0.780518}
{"deviceid":"b81e905908354542","eventtype":"accelerometer","timestamp":1456247936827,"userid":"vincent.planat@hpe.com","trainingMode":"NONE","x":-0.158447,"y":0.606201,"z":0.808105}
{"deviceid":"b81e905908354542","eventtype":"accelerometer","timestamp":1456247933558,"userid":"vincent.planat@hpe.com","trainingMode":"NONE","x":0.431641,"y":0.968262,"z":0.579346}
{"deviceid":"b81e905908354542","eventtype":"accelerometer","timestamp":1456247916306,"userid":"vincent.planat@hpe.com","trainingMode":"NONE","x":-0.162842,"y":0.595947,"z":0.813232}
{"deviceid":"b81e905908354542","eventtype":"accelerometer","timestamp":1456247956345,"userid":"vincent.planat@hpe.com","trainingMode":"NONE","x":-0.081055,"y":0.641357,"z":-0.76123}
{"deviceid":"b81e905908354542","eventtype":"accelerometer","timestamp":1456247938262,"userid":"vincent.planat@hpe.com","trainingMode":"NONE","x":-0.205078,"y":0.817383,"z":0.800293}
{"deviceid":"b81e905908354542","eventtype":"accelerometer","timestamp":1456247935777,"userid":"vincent.planat@hpe.com","trainingMode":"NONE","x":0.05835,"y":0.893799,"z":1.00293}
{"deviceid":"b81e905908354542","eventtype":"accelerometer","timestamp":1456247919207,"userid":"vincent.planat@hpe.com","trainingMode":"NONE","x":-0.151123,"y":0.583252,"z":0.80249}
{"deviceid":"b81e905908354542","eventtype":"accelerometer","timestamp":1456247942674,"userid":"vincent.planat@hpe.com","trainingMode":"NONE","x":-0.162598,"y":0.678955,"z":0.722656}
{"deviceid":"b81e905908354542","eventtype":"accelerometer","timestamp":1456247909698,"userid":"vincent.planat@hpe.com","trainingMode":"NONE","x":-0.124023,"y":0.601807,"z":0.797363}
{"deviceid":"b81e905908354542","eventtype":"accelerometer","timestamp":1456247953814,"userid":"vincent.planat@hpe.com","trainingMode":"NONE","x":-0.124023,"y":0.626221,"z":0.800537}
{"deviceid":"b81e905908354542","eventtype":"accelerometer","timestamp":1456247925388,"userid":"vincent.planat@hpe.com","trainingMode":"NONE","x":-0.147217,"y":0.61792,"z":0.821777}
{"deviceid":"b81e905908354542","eventtype":"accelerometer","timestamp":1456247922792,"userid":"vincent.planat@hpe.com","trainingMode":"NONE","x":-0.150391,"y":0.622803,"z":0.79541}
{"deviceid":"b81e905908354542","eventtype":"accelerometer","timestamp":1456247947077,"userid":"vincent.planat@hpe.com","trainingMode":"NONE","x":-0.060059,"y":0.430664,"z":0.924805}
{"deviceid":"b81e905908354542","eventtype":"accelerometer","timestamp":1456247929551,"userid":"vincent.planat@hpe.com","trainingMode":"NONE","x":-0.222168,"y":0.837646,"z":0.842285}
{"deviceid":"b81e905908354542","eventtype":"accelerometer","timestamp":1456247924092,"userid":"vincent.planat@hpe.com","trainingMode":"NONE","x":-0.146729,"y":0.634521,"z":0.826416}
{"deviceid":"b81e905908354542","eventtype":"accelerometer","timestamp":1456247957006,"userid":"vincent.planat@hpe.com","trainingMode":"NONE","x":-0.082031,"y":0.783691,"z":-0.621094}
{"deviceid":"b81e905908354542","eventtype":"accelerometer","timestamp":1456247907944,"userid":"vincent.planat@hpe.com","trainingMode":"NONE","x":-0.147705,"y":0.626221,"z":0.816162}
{"deviceid":"b81e905908354542","eventtype":"accelerometer","timestamp":1456247938776,"userid":"vincent.planat@hpe.com","trainingMode":"NONE","x":0.01123,"y":0.355469,"z":0.851562}
{"deviceid":"b81e905908354542","eventtype":"accelerometer","timestamp":1456247956521,"userid":"vincent.planat@hpe.com","trainingMode":"NONE","x":-0.052979,"y":0.682617,"z":-0.74585}
{"deviceid":"b81e905908354542","eventtype":"accelerometer","timestamp":1456247930324,"userid":"vincent.planat@hpe.com","trainingMode":"NONE","x":0.13916,"y":1.05249,"z":-0.247803}
{"deviceid":"b81e905908354542","eventtype":"accelerometer","timestamp":1456247929418,"userid":"vincent.planat@hpe.com","trainingMode":"NONE","x":-0.134277,"y":0.619873,"z":0.810547}
{"deviceid":"b81e905908354542","eventtype":"accelerometer","timestamp":1456247950317,"userid":"vincent.planat@hpe.com","trainingMode":"NONE","x":0.001221,"y":0.464355,"z":0.87915}
{"deviceid":"b81e905908354542","eventtype":"accelerometer","timestamp":1456247947199,"userid":"vincent.planat@hpe.com","trainingMode":"NONE","x":-0.057129,"y":0.429932,"z":0.91626}
{"deviceid":"b81e905908354542","eventtype":"accelerometer","timestamp":1456247928492,"userid":"vincent.planat@hpe.com","trainingMode":"NONE","x":-0.153076,"y":0.639893,"z":0.782959}
{"deviceid":"b81e905908354542","eventtype":"accelerometer","timestamp":1456247936735,"userid":"vincent.planat@hpe.com","trainingMode":"NONE","x":-0.188477,"y":0.62085,"z":0.737793}
{"deviceid":"b81e905908354542","eventtype":"accelerometer","timestamp":1456247952657,"userid":"vincent.planat@hpe.com","trainingMode":"NONE","x":-0.080078,"y":0.562256,"z":0.841064}
{"deviceid":"b81e905908354542","eventtype":"accelerometer","timestamp":1456247921489,"userid":"vincent.planat@hpe.com","trainingMode":"NONE","x":-0.153809,"y":0.625977,"z":0.797363}
{"deviceid":"b81e905908354542","eventtype":"accelerometer","timestamp":1456247957071,"userid":"vincent.planat@hpe.com","trainingMode":"NONE","x":-0.056152,"y":0.523193,"z":-0.744873}
{"deviceid":"b81e905908354542","eventtype":"accelerometer","timestamp":1456247922558,"userid":"vincent.planat@hpe.com","trainingMode":"NONE","x":-0.155273,"y":0.628662,"z":0.798828}
{"deviceid":"b81e905908354542","eventtype":"accelerometer","timestamp":1456247954208,"userid":"vincent.planat@hpe.com","trainingMode":"NONE","x":-0.014893,"y":0.639893,"z":0.753418}
{"deviceid":"b81e905908354542","eventtype":"accelerometer","timestamp":1456247949944,"userid":"vincent.planat@hpe.com","trainingMode":"NONE","x":-0.020264,"y":0.419922,"z":0.896973}
{"deviceid":"b81e905908354542","eventtype":"accelerometer","timestamp":1456247928377,"userid":"vincent.planat@hpe.com","trainingMode":"NONE","x":-0.139648,"y":0.633057,"z":0.781006}
{"deviceid":"b81e905908354542","eventtype":"accelerometer","timestamp":1456247928773,"userid":"vincent.planat@hpe.com","trainingMode":"NONE","x":-0.133789,"y":0.653564,"z":0.790771}
{"deviceid":"b81e905908354542","eventtype":"accelerometer","timestamp":1456247914490,"userid":"vincent.planat@hpe.com","trainingMode":"NONE","x":-0.141113,"y":0.555176,"z":0.835938}
{"deviceid":"b81e905908354542","eventtype":"accelerometer","timestamp":1456247937996,"userid":"vincent.planat@hpe.com","trainingMode":"NONE","x":-0.150391,"y":0.626465,"z":0.787109}
{"deviceid":"b81e905908354542","eventtype":"accelerometer","timestamp":1456247926426,"userid":"vincent.planat@hpe.com","trainingMode":"NONE","x":-0.100586,"y":0.583008,"z":0.776123}
{"deviceid":"b81e905908354542","eventtype":"accelerometer","timestamp":1456247958899,"userid":"vincent.planat@hpe.com","trainingMode":"NONE","x":-0.107422,"y":0.669189,"z":-0.716553}
{"deviceid":"b81e905908354542","eventtype":"accelerometer","timestamp":1456247956647,"userid":"vincent.planat@hpe.com","trainingMode":"NONE","x":-0.070557,"y":0.641846,"z":-0.671631}
{"deviceid":"b81e905908354542","eventtype":"accelerometer","timestamp":1456247943561,"userid":"vincent.planat@hpe.com","trainingMode":"NONE","x":-0.027588,"y":0.699707,"z":0.594971}
{"deviceid":"b81e905908354542","eventtype":"accelerometer","timestamp":1456247956697,"userid":"vincent.planat@hpe.com","trainingMode":"NONE","x":-0.086182,"y":0.789307,"z":-0.60376}
{"deviceid":"b81e905908354542","eventtype":"accelerometer","timestamp":1456247940718,"userid":"vincent.planat@hpe.com","trainingMode":"NONE","x":-0.191895,"y":0.744385,"z":0.69751}
{"deviceid":"b81e905908354542","eventtype":"accelerometer","timestamp":1456247939722,"userid":"vincent.planat@hpe.com","trainingMode":"NONE","x":-0.138916,"y":0.489014,"z":0.842529}
{"deviceid":"b81e905908354542","eventtype":"accelerometer","timestamp":1456247935257,"userid":"vincent.planat@hpe.com","trainingMode":"NONE","x":0.119873,"y":0.409912,"z":0.861328}
{"deviceid":"b81e905908354542","eventtype":"accelerometer","timestamp":1456247932277,"userid":"vincent.planat@hpe.com","trainingMode":"NONE","x":-0.080811,"y":1.050537,"z":-0.063721}
{"deviceid":"b81e905908354542","eventtype":"accelerometer","timestamp":1456247911790,"userid":"vincent.planat@hpe.com","trainingMode":"NONE","x":0.818604,"y":0.554932,"z":-0.199951}
{"deviceid":"b81e905908354542","eventtype":"accelerometer","timestamp":1456247916946,"userid":"vincent.planat@hpe.com","trainingMode":"NONE","x":-0.159668,"y":0.58667,"z":0.819824}
{"deviceid":"b81e905908354542","eventtype":"accelerometer","timestamp":1456247922264,"userid":"vincent.planat@hpe.com","trainingMode":"NONE","x":-0.150879,"y":0.621338,"z":0.783203}
{"deviceid":"b81e905908354542","eventtype":"accelerometer","timestamp":1456247927912,"userid":"vincent.planat@hpe.com","trainingMode":"NONE","x":-0.152588,"y":0.662109,"z":0.776123}
{"deviceid":"b81e905908354542","eventtype":"accelerometer","timestamp":1456247938895,"userid":"vincent.planat@hpe.com","trainingMode":"NONE","x":0.0354,"y":0.678711,"z":0.781982}
{"deviceid":"b81e905908354542","eventtype":"accelerometer","timestamp":1456247923705,"userid":"vincent.planat@hpe.com","trainingMode":"NONE","x":-0.138184,"y":0.619873,"z":0.78833}
{"deviceid":"b81e905908354542","eventtype":"accelerometer","timestamp":1456247937725,"userid":"vincent.planat@hpe.com","trainingMode":"NONE","x":-0.152588,"y":0.642334,"z":0.780029}
{"deviceid":"b81e905908354542","eventtype":"accelerometer","timestamp":1456247915910,"userid":"vincent.planat@hpe.com","trainingMode":"NONE","x":-0.168213,"y":0.574951,"z":0.813232}
{"deviceid":"b81e905908354542","eventtype":"accelerometer","timestamp":1456247917364,"userid":"vincent.planat@hpe.com","trainingMode":"NONE","x":-0.154541,"y":0.602783,"z":0.811279}
{"deviceid":"b81e905908354542","eventtype":"accelerometer","timestamp":1456247919485,"userid":"vincent.planat@hpe.com","trainingMode":"NONE","x":-0.161377,"y":0.5896,"z":0.796143}
{"deviceid":"b81e905908354542","eventtype":"accelerometer","timestamp":1456247959662,"userid":"vincent.planat@hpe.com","trainingMode":"NONE","x":-0.104492,"y":0.673096,"z":-0.72998}
{"deviceid":"b81e905908354542","eventtype":"accelerometer","timestamp":1456247930890,"userid":"vincent.planat@hpe.com","trainingMode":"NONE","x":0.011719,"y":1.055664,"z":-0.36084}
{"deviceid":"b81e905908354542","eventtype":"accelerometer","timestamp":1456247919734,"userid":"vincent.planat@hpe.com","trainingMode":"NONE","x":-0.121094,"y":0.628906,"z":0.797119}
{"deviceid":"b81e905908354542","eventtype":"accelerometer","timestamp":1456247946155,"userid":"vincent.planat@hpe.com","trainingMode":"NONE","x":-0.049072,"y":0.440674,"z":0.914795}
{"deviceid":"b81e905908354542","eventtype":"accelerometer","timestamp":1456247935910,"userid":"vincent.planat@hpe.com","trainingMode":"NONE","x":-0.118652,"y":0.544189,"z":0.803467}
{"deviceid":"b81e905908354542","eventtype":"accelerometer","timestamp":1456247912794,"userid":"vincent.planat@hpe.com","trainingMode":"NONE","x":0.652344,"y":0.477051,"z":-0.172363}
{"deviceid":"b81e905908354542","eventtype":"accelerometer","timestamp":1456247948374,"userid":"vincent.planat@hpe.com","trainingMode":"NONE","x":-0.065186,"y":0.48291,"z":0.88623}
{"deviceid":"b81e905908354542","eventtype":"accelerometer","timestamp":1456247956806,"userid":"vincent.planat@hpe.com","trainingMode":"NONE","x":-0.053955,"y":0.805908,"z":-0.615967}
{"deviceid":"b81e905908354542","eventtype":"accelerometer","timestamp":1456247909772,"userid":"vincent.planat@hpe.com","trainingMode":"NONE","x":-0.145996,"y":0.63623,"z":0.825928}
{"deviceid":"b81e905908354542","eventtype":"accelerometer","timestamp":1456247913442,"userid":"vincent.planat@hpe.com","trainingMode":"NONE","x":-0.116211,"y":0.5979,"z":0.806396}
{"deviceid":"b81e905908354542","eventtype":"accelerometer","timestamp":1456247937326,"userid":"vincent.planat@hpe.com","trainingMode":"NONE","x":-0.154541,"y":0.615479,"z":0.789551}
{"deviceid":"b81e905908354542","eventtype":"accelerometer","timestamp":1456247912388,"userid":"vincent.planat@hpe.com","trainingMode":"NONE","x":0.840332,"y":0.502197,"z":-0.244385}
{"deviceid":"b81e905908354542","eventtype":"accelerometer","timestamp":1456247940010,"userid":"vincent.planat@hpe.com","trainingMode":"NONE","x":0.059082,"y":0.938721,"z":0.744141}
{"deviceid":"b81e905908354542","eventtype":"accelerometer","timestamp":1456247929150,"userid":"vincent.planat@hpe.com","trainingMode":"NONE","x":-0.117188,"y":0.621338,"z":0.820557}
{"deviceid":"b81e905908354542","eventtype":"accelerometer","timestamp":1456247926160,"userid":"vincent.planat@hpe.com","trainingMode":"NONE","x":-0.136719,"y":0.611328,"z":0.802734}
{"deviceid":"b81e905908354542","eventtype":"accelerometer","timestamp":1456247936987,"userid":"vincent.planat@hpe.com","trainingMode":"NONE","x":-0.162109,"y":0.60376,"z":0.77832}
{"deviceid":"b81e905908354542","eventtype":"accelerometer","timestamp":1456247933312,"userid":"vincent.planat@hpe.com","trainingMode":"NONE","x":-0.10791,"y":0.979736,"z":0.187256}
{"deviceid":"b81e905908354542","eventtype":"accelerometer","timestamp":1456247948620,"userid":"vincent.planat@hpe.com","trainingMode":"NONE","x":-0.061279,"y":0.492676,"z":0.895752}
{"deviceid":"b81e905908354542","eventtype":"accelerometer","timestamp":1456247932147,"userid":"vincent.planat@hpe.com","trainingMode":"NONE","x":0.112061,"y":0.949463,"z":-0.380615}
{"deviceid":"b81e905908354542","eventtype":"accelerometer","timestamp":1456247933976,"userid":"vincent.planat@hpe.com","trainingMode":"NONE","x":0.213867,"y":0.406006,"z":0.362061}
{"deviceid":"b81e905908354542","eventtype":"accelerometer","timestamp":1456247948916,"userid":"vincent.planat@hpe.com","trainingMode":"NONE","x":0.001465,"y":0.418945,"z":0.978516}
{"deviceid":"b81e905908354542","eventtype":"accelerometer","timestamp":1456247955004,"userid":"vincent.planat@hpe.com","trainingMode":"NONE","x":-0.04248,"y":1.114014,"z":-0.083252}
{"deviceid":"b81e905908354542","eventtype":"accelerometer","timestamp":1456247957996,"userid":"vincent.planat@hpe.com","trainingMode":"NONE","x":-0.100342,"y":0.669922,"z":-0.670654}
{"deviceid":"b81e905908354542","eventtype":"accelerometer","timestamp":1456247946946,"userid":"vincent.planat@hpe.com","trainingMode":"NONE","x":-0.045654,"y":0.403076,"z":0.926514}
{"deviceid":"b81e905908354542","eventtype":"accelerometer","timestamp":1456247915387,"userid":"vincent.planat@hpe.com","trainingMode":"NONE","x":-0.147217,"y":0.575684,"z":0.848633}
{"deviceid":"b81e905908354542","eventtype":"accelerometer","timestamp":1456247939779,"userid":"vincent.planat@hpe.com","trainingMode":"NONE","x":-0.124756,"y":0.605469,"z":0.806396}
{"deviceid":"b81e905908354542","eventtype":"accelerometer","timestamp":1456247927998,"userid":"vincent.planat@hpe.com","trainingMode":"NONE","x":-0.150635,"y":0.645996,"z":0.776855}
{"deviceid":"b81e905908354542","eventtype":"accelerometer","timestamp":1456247940049,"userid":"vincent.planat@hpe.com","trainingMode":"NONE","x":0.054443,"y":0.309082,"z":0.666748}
{"deviceid":"b81e905908354542","eventtype":"accelerometer","timestamp":1456247920711,"userid":"vincent.planat@hpe.com","trainingMode":"NONE","x":-0.143555,"y":0.625977,"z":0.789551}
{"deviceid":"b81e905908354542","eventtype":"accelerometer","timestamp":1456247937857,"userid":"vincent.planat@hpe.com","trainingMode":"NONE","x":-0.152832,"y":0.635498,"z":0.784912}
{"deviceid":"b81e905908354542","eventtype":"accelerometer","timestamp":1456247914881,"userid":"vincent.planat@hpe.com","trainingMode":"NONE","x":-0.143799,"y":0.579834,"z":0.839111}
{"deviceid":"b81e905908354542","eventtype":"accelerometer","timestamp":1456247939822,"userid":"vincent.planat@hpe.com","trainingMode":"NONE","x":-0.142578,"y":0.624023,"z":0.808105}
{"deviceid":"b81e905908354542","eventtype":"accelerometer","timestamp":1456247947873,"userid":"vincent.planat@hpe.com","trainingMode":"NONE","x":-0.137451,"y":0.388428,"z":0.87085}
{"deviceid":"b81e905908354542","eventtype":"accelerometer","timestamp":1456247940880,"userid":"vincent.planat@hpe.com","trainingMode":"NONE","x":-0.189697,"y":0.715088,"z":0.708008}
{"deviceid":"b81e905908354542","eventtype":"accelerometer","timestamp":1456247917738,"userid":"vincent.planat@hpe.com","trainingMode":"NONE","x":-0.147949,"y":0.591309,"z":0.80835}
{"deviceid":"b81e905908354542","eventtype":"accelerometer","timestamp":1456247925712,"userid":"vincent.planat@hpe.com","trainingMode":"NONE","x":-0.101562,"y":0.624756,"z":0.746094}
{"deviceid":"b81e905908354542","eventtype":"accelerometer","timestamp":1456247955674,"userid":"vincent.planat@hpe.com","trainingMode":"NONE","x":0.200684,"y":0.575439,"z":-0.635986}
{"deviceid":"b81e905908354542","eventtype":"accelerometer","timestamp":1456247912025,"userid":"vincent.planat@hpe.com","trainingMode":"NONE","x":0.830566,"y":0.481934,"z":-0.222412}
{"deviceid":"b81e905908354542","eventtype":"accelerometer","timestamp":1456247919887,"userid":"vincent.planat@hpe.com","trainingMode":"NONE","x":-0.148438,"y":0.644531,"z":0.797607}
{"deviceid":"b81e905908354542","eventtype":"accelerometer","timestamp":1456247920045,"userid":"vincent.planat@hpe.com","trainingMode":"NONE","x":-0.121582,"y":0.583252,"z":0.791016}
{"deviceid":"b81e905908354542","eventtype":"accelerometer","timestamp":1456247958109,"userid":"vincent.planat@hpe.com","trainingMode":"NONE","x":-0.074219,"y":0.670166,"z":-0.79834}
{"deviceid":"b81e905908354542","eventtype":"accelerometer","timestamp":1456247916053,"userid":"vincent.planat@hpe.com","trainingMode":"NONE","x":-0.085938,"y":0.592285,"z":0.769775}
{"deviceid":"b81e905908354542","eventtype":"accelerometer","timestamp":1456247931986,"userid":"vincent.planat@hpe.com","trainingMode":"NONE","x":0.032959,"y":0.942871,"z":-0.307861}
{"deviceid":"b81e905908354542","eventtype":"accelerometer","timestamp":1456247931091,"userid":"vincent.planat@hpe.com","trainingMode":"NONE","x":0.035156,"y":0.897949,"z":-0.393799}
{"deviceid":"b81e905908354542","eventtype":"accelerometer","timestamp":1456247957481,"userid":"vincent.planat@hpe.com","trainingMode":"NONE","x":-0.026611,"y":0.678955,"z":-0.677002}
{"deviceid":"b81e905908354542","eventtype":"accelerometer","timestamp":1456247954349,"userid":"vincent.planat@hpe.com","trainingMode":"NONE","x":-0.056885,"y":0.620605,"z":0.831787}
{"deviceid":"b81e905908354542","eventtype":"accelerometer","timestamp":1456247932918,"userid":"vincent.planat@hpe.com","trainingMode":"NONE","x":0.475586,"y":0.505859,"z":0.547363}
{"deviceid":"b81e905908354542","eventtype":"accelerometer","timestamp":1456247950078,"userid":"vincent.planat@hpe.com","trainingMode":"NONE","x":-0.063477,"y":0.398926,"z":0.909912}
{"deviceid":"b81e905908354542","eventtype":"accelerometer","timestamp":1456247956145,"userid":"vincent.planat@hpe.com","trainingMode":"NONE","x":0.06543,"y":0.720947,"z":-0.755615}
{"deviceid":"b81e905908354542","eventtype":"accelerometer","timestamp":1456247921639,"userid":"vincent.planat@hpe.com","trainingMode":"NONE","x":-0.145508,"y":0.616943,"z":0.783203}
{"deviceid":"b81e905908354542","eventtype":"accelerometer","timestamp":1456247920119,"userid":"vincent.planat@hpe.com","trainingMode":"NONE","x":-0.150391,"y":0.629639,"z":0.800781}
{"deviceid":"b81e905908354542","eventtype":"accelerometer","timestamp":1456247935134,"userid":"vincent.planat@hpe.com","trainingMode":"NONE","x":-0.242676,"y":0.35791,"z":0.706787}
{"deviceid":"b81e905908354542","eventtype":"accelerometer","timestamp":1456247959027,"userid":"vincent.planat@hpe.com","trainingMode":"NONE","x":-0.098633,"y":0.667969,"z":-0.72876}
{"deviceid":"b81e905908354542","eventtype":"accelerometer","timestamp":1456247928900,"userid":"vincent.planat@hpe.com","trainingMode":"NONE","x":-0.140869,"y":0.677979,"z":0.769775}
{"deviceid":"b81e905908354542","eventtype":"accelerometer","timestamp":1456247959277,"userid":"vincent.planat@hpe.com","trainingMode":"NONE","x":-0.107178,"y":0.671143,"z":-0.724365}
{"deviceid":"b81e905908354542","eventtype":"accelerometer","timestamp":1456247937606,"userid":"vincent.planat@hpe.com","trainingMode":"NONE","x":-0.149902,"y":0.712158,"z":0.758301}
{"deviceid":"b81e905908354542","eventtype":"accelerometer","timestamp":1456247940292,"userid":"vincent.planat@hpe.com","trainingMode":"NONE","x":0.15332,"y":0.610352,"z":0.705078}
{"deviceid":"b81e905908354542","eventtype":"accelerometer","timestamp":1456247952402,"userid":"vincent.planat@hpe.com","trainingMode":"NONE","x":-0.099365,"y":0.551514,"z":0.846924}
{"deviceid":"b81e905908354542","eventtype":"accelerometer","timestamp":1456247923309,"userid":"vincent.planat@hpe.com","trainingMode":"NONE","x":-0.144287,"y":0.625488,"z":0.785889}
{"deviceid":"b81e905908354542","eventtype":"accelerometer","timestamp":1456247944596,"userid":"vincent.planat@hpe.com","trainingMode":"NONE","x":-0.042969,"y":0.440918,"z":0.975586}
{"deviceid":"b81e905908354542","eventtype":"accelerometer","timestamp":1456247930716,"userid":"vincent.planat@hpe.com","trainingMode":"NONE","x":0.053711,"y":0.984375,"z":-0.188477}
{"deviceid":"b81e905908354542","eventtype":"accelerometer","timestamp":1456247943239,"userid":"vincent.planat@hpe.com","trainingMode":"NONE","x":-0.142822,"y":0.662598,"z":0.756592}
{"deviceid":"b81e905908354542","eventtype":"accelerometer","timestamp":1456247948505,"userid":"vincent.planat@hpe.com","trainingMode":"NONE","x":-0.0625,"y":0.477783,"z":0.87207}
{"deviceid":"b81e905908354542","eventtype":"accelerometer","timestamp":1456247930193,"userid":"vincent.planat@hpe.com","trainingMode":"NONE","x":0.119385,"y":0.864258,"z":0.106934}
{"deviceid":"b81e905908354542","eventtype":"accelerometer","timestamp":1456247926812,"userid":"vincent.planat@hpe.com","trainingMode":"NONE","x":-0.142578,"y":0.609619,"z":0.812256}
{"deviceid":"b81e905908354542","eventtype":"accelerometer","timestamp":1456247950700,"userid":"vincent.planat@hpe.com","trainingMode":"NONE","x":-0.043701,"y":0.335449,"z":0.960205}
{"deviceid":"b81e905908354542","eventtype":"accelerometer","timestamp":1456247937193,"userid":"vincent.planat@hpe.com","trainingMode":"NONE","x":-0.165283,"y":0.616699,"z":0.795898}
{"deviceid":"b81e905908354542","eventtype":"accelerometer","timestamp":1456247942408,"userid":"vincent.planat@hpe.com","trainingMode":"NONE","x":-0.218506,"y":0.720459,"z":0.722656}
{"deviceid":"b81e905908354542","eventtype":"accelerometer","timestamp":1456247934993,"userid":"vincent.planat@hpe.com","trainingMode":"NONE","x":-0.492432,"y":0.500244,"z":0.820801}
{"deviceid":"b81e905908354542","eventtype":"accelerometer","timestamp":1456247912527,"userid":"vincent.planat@hpe.com","trainingMode":"NONE","x":0.822998,"y":0.509277,"z":-0.219482}
{"deviceid":"b81e905908354542","eventtype":"accelerometer","timestamp":1456247944463,"userid":"vincent.planat@hpe.com","trainingMode":"NONE","x":-0.11084,"y":0.359375,"z":0.986572}
{"deviceid":"b81e905908354542","eventtype":"accelerometer","timestamp":1456247938372,"userid":"vincent.planat@hpe.com","trainingMode":"NONE","x":-0.010498,"y":0.726562,"z":0.74292}
{"deviceid":"b81e905908354542","eventtype":"accelerometer","timestamp":1456247942025,"userid":"vincent.planat@hpe.com","trainingMode":"NONE","x":-0.161865,"y":0.689941,"z":0.762207}
{"deviceid":"b81e905908354542","eventtype":"accelerometer","timestamp":1456247943105,"userid":"vincent.planat@hpe.com","trainingMode":"NONE","x":-0.168457,"y":0.683105,"z":0.759521}
{"deviceid":"b81e905908354542","eventtype":"accelerometer","timestamp":1456247931874,"userid":"vincent.planat@hpe.com","trainingMode":"NONE","x":0.048828,"y":0.922852,"z":-0.384277}
{"deviceid":"b81e905908354542","eventtype":"accelerometer","timestamp":1456247917613,"userid":"vincent.planat@hpe.com","trainingMode":"NONE","x":-0.172119,"y":0.606445,"z":0.80835}
{"deviceid":"b81e905908354542","eventtype":"accelerometer","timestamp":1456247946293,"userid":"vincent.planat@hpe.com","trainingMode":"NONE","x":-0.057617,"y":0.420898,"z":0.920654}
{"deviceid":"b81e905908354542","eventtype":"accelerometer","timestamp":1456247956039,"userid":"vincent.planat@hpe.com","trainingMode":"NONE","x":0.059326,"y":0.713135,"z":-0.737793}
{"deviceid":"b81e905908354542","eventtype":"accelerometer","timestamp":1456247932022,"userid":"vincent.planat@hpe.com","trainingMode":"NONE","x":0.041748,"y":0.943115,"z":-0.333496}
{"deviceid":"b81e905908354542","eventtype":"accelerometer","timestamp":1456247909965,"userid":"vincent.planat@hpe.com","trainingMode":"NONE","x":-0.019287,"y":0.818359,"z":0.54248}
{"deviceid":"b81e905908354542","eventtype":"accelerometer","timestamp":1456247940461,"userid":"vincent.planat@hpe.com","trainingMode":"NONE","x":-0.173096,"y":0.809814,"z":0.748535}
{"deviceid":"b81e905908354542","eventtype":"accelerometer","timestamp":1456247931490,"userid":"vincent.planat@hpe.com","trainingMode":"NONE","x":0.048584,"y":0.96875,"z":-0.355957}
{"deviceid":"b81e905908354542","eventtype":"accelerometer","timestamp":1456247933886,"userid":"vincent.planat@hpe.com","trainingMode":"NONE","x":0.246582,"y":0.566895,"z":0.673096}
{"deviceid":"b81e905908354542","eventtype":"accelerometer","timestamp":1456247956206,"userid":"vincent.planat@hpe.com","trainingMode":"NONE","x":-0.05957,"y":0.703613,"z":-0.807129}
{"deviceid":"b81e905908354542","eventtype":"accelerometer","timestamp":1456247908112,"userid":"vincent.planat@hpe.com","trainingMode":"NONE","x":-0.12915,"y":0.598633,"z":0.814209}
{"deviceid":"b81e905908354542","eventtype":"accelerometer","timestamp":1456247926720,"userid":"vincent.planat@hpe.com","trainingMode":"NONE","x":-0.144043,"y":0.605469,"z":0.807373}
{"deviceid":"b81e905908354542","eventtype":"accelerometer","timestamp":1456247936413,"userid":"vincent.planat@hpe.com","trainingMode":"NONE","x":-0.143555,"y":0.642578,"z":0.800293}
{"deviceid":"b81e905908354542","eventtype":"accelerometer","timestamp":1456247944915,"userid":"vincent.planat@hpe.com","trainingMode":"NONE","x":-0.094971,"y":0.48584,"z":0.871338}
{"deviceid":"b81e905908354542","eventtype":"accelerometer","timestamp":1456247912293,"userid":"vincent.planat@hpe.com","trainingMode":"NONE","x":0.828613,"y":0.511719,"z":-0.213867}
{"deviceid":"b81e905908354542","eventtype":"accelerometer","timestamp":1456247953030,"userid":"vincent.planat@hpe.com","trainingMode":"NONE","x":-0.12085,"y":0.564697,"z":0.89917}
{"deviceid":"b81e905908354542","eventtype":"accelerometer","timestamp":1456247947976,"userid":"vincent.planat@hpe.com","trainingMode":"NONE","x":-0.009521,"y":0.4729,"z":0.856201}
{"deviceid":"b81e905908354542","eventtype":"accelerometer","timestamp":1456247953955,"userid":"vincent.planat@hpe.com","trainingMode":"NONE","x":-0.108398,"y":0.656494,"z":0.722412}
{"deviceid":"b81e905908354542","eventtype":"accelerometer","timestamp":1456247928245,"userid":"vincent.planat@hpe.com","trainingMode":"NONE","x":-0.140381,"y":0.63501,"z":0.775879}
{"deviceid":"b81e905908354542","eventtype":"accelerometer","timestamp":1456247909458,"userid":"vincent.planat@hpe.com","trainingMode":"NONE","x":-0.126221,"y":0.606689,"z":0.803711}
{"deviceid":"b81e905908354542","eventtype":"accelerometer","timestamp":1456247957740,"userid":"vincent.planat@hpe.com","trainingMode":"NONE","x":-0.081299,"y":0.667725,"z":-0.768311}
{"deviceid":"b81e905908354542","eventtype":"accelerometer","timestamp":1456247924605,"userid":"vincent.planat@hpe.com","trainingMode":"NONE","x":-0.131104,"y":0.606445,"z":0.796387}
{"deviceid":"b81e905908354542","eventtype":"accelerometer","timestamp":1456247946426,"userid":"vincent.planat@hpe.com","trainingMode":"NONE","x":-0.06665,"y":0.402832,"z":0.921143}
{"deviceid":"b81e905908354542","eventtype":"accelerometer","timestamp":1456247925524,"userid":"vincent.planat@hpe.com","trainingMode":"NONE","x":-0.140381,"y":0.620117,"z":0.792725}
{"deviceid":"b81e905908354542","eventtype":"accelerometer","timestamp":1456247918383,"userid":"vincent.planat@hpe.com","trainingMode":"NONE","x":-0.16333,"y":0.611572,"z":0.801758}
{"deviceid":"b81e905908354542","eventtype":"accelerometer","timestamp":1456247908012,"userid":"vincent.planat@hpe.com","trainingMode":"NONE","x":-0.133789,"y":0.591064,"z":0.804932}
{"deviceid":"b81e905908354542","eventtype":"accelerometer","timestamp":1456247909548,"userid":"vincent.planat@hpe.com","trainingMode":"NONE","x":-0.127686,"y":0.591553,"z":0.806396}
{"deviceid":"b81e905908354542","eventtype":"accelerometer","timestamp":1456247911226,"userid":"vincent.planat@hpe.com","trainingMode":"NONE","x":0.787598,"y":0.488037,"z":0.287354}
{"deviceid":"b81e905908354542","eventtype":"accelerometer","timestamp":1456247927079,"userid":"vincent.planat@hpe.com","trainingMode":"NONE","x":-0.13623,"y":0.606689,"z":0.798584}
{"deviceid":"b81e905908354542","eventtype":"accelerometer","timestamp":1456247921999,"userid":"vincent.planat@hpe.com","trainingMode":"NONE","x":-0.149658,"y":0.618896,"z":0.79126}
{"deviceid":"b81e905908354542","eventtype":"accelerometer","timestamp":1456247942266,"userid":"vincent.planat@hpe.com","trainingMode":"NONE","x":-0.180176,"y":0.700195,"z":0.721436}
{"deviceid":"b81e905908354542","eventtype":"accelerometer","timestamp":1456247911494,"userid":"vincent.planat@hpe.com","trainingMode":"NONE","x":0.827393,"y":0.448975,"z":-0.21875}
{"deviceid":"b81e905908354542","eventtype":"accelerometer","timestamp":1456247945777,"userid":"vincent.planat@hpe.com","trainingMode":"NONE","x":-0.063721,"y":0.452148,"z":0.90625}
{"deviceid":"b81e905908354542","eventtype":"accelerometer","timestamp":1456247941486,"userid":"vincent.planat@hpe.com","trainingMode":"NONE","x":-0.245361,"y":0.676514,"z":0.720703}
{"deviceid":"b81e905908354542","eventtype":"accelerometer","timestamp":1456247944216,"userid":"vincent.planat@hpe.com","trainingMode":"NONE","x":-0.228516,"y":0.502197,"z":1.130127}
{"deviceid":"b81e905908354542","eventtype":"accelerometer","timestamp":1456247959420,"userid":"vincent.planat@hpe.com","trainingMode":"NONE","x":-0.112305,"y":0.674805,"z":-0.71167}
{"deviceid":"b81e905908354542","eventtype":"accelerometer","timestamp":1456247909402,"userid":"vincent.planat@hpe.com","trainingMode":"NONE","x":-0.129395,"y":0.612061,"z":0.798584}
{"deviceid":"b81e905908354542","eventtype":"accelerometer","timestamp":1456247944084,"userid":"vincent.planat@hpe.com","trainingMode":"NONE","x":-0.048828,"y":0.376709,"z":0.890869}
{"deviceid":"b81e905908354542","eventtype":"accelerometer","timestamp":1456247925075,"userid":"vincent.planat@hpe.com","trainingMode":"NONE","x":-0.136719,"y":0.632324,"z":0.793213}
{"deviceid":"b81e905908354542","eventtype":"accelerometer","timestamp":1456247913049,"userid":"vincent.planat@hpe.com","trainingMode":"NONE","x":0.076172,"y":1.115234,"z":0.934814}
{"deviceid":"b81e905908354542","eventtype":"accelerometer","timestamp":1456247955257,"userid":"vincent.planat@hpe.com","trainingMode":"NONE","x":-0.187744,"y":0.937256,"z":-0.456543}
{"deviceid":"b81e905908354542","eventtype":"accelerometer","timestamp":1456247933692,"userid":"vincent.planat@hpe.com","trainingMode":"NONE","x":0.4021,"y":0.934814,"z":0.827881}
{"deviceid":"b81e905908354542","eventtype":"accelerometer","timestamp":1456247910547,"userid":"vincent.planat@hpe.com","trainingMode":"NONE","x":0.616699,"y":0.462891,"z":0.681641}
{"deviceid":"b81e905908354542","eventtype":"accelerometer","timestamp":1456247910915,"userid":"vincent.planat@hpe.com","trainingMode":"NONE","x":0.5896,"y":0.526367,"z":0.407715}
{"deviceid":"b81e905908354542","eventtype":"accelerometer","timestamp":1456247943444,"userid":"vincent.planat@hpe.com","trainingMode":"NONE","x":-0.312744,"y":0.915527,"z":0.645996}
