{"deviceid":"b81e905908354542","eventtype":"distance","timestamp":1456247952765,"userid":"vincent.planat@hpe.com","trainingMode":"NONE","currentMotion":1,"pace":0.0,"speed":0.0,"totalDistance":2816616}
{"deviceid":"b81e905908354542","eventtype":"distance","timestamp":1456247950757,"userid":"vincent.planat@hpe.com","trainingMode":"NONE","currentMotion":1,"pace":0.0,"speed":0.0,"totalDistance":2816616}
{"deviceid":"b81e905908354542","eventtype":"distance","timestamp":1456247956854,"userid":"vincent.planat@hpe.com","trainingMode":"NONE","currentMotion":1,"pace":0.0,"speed":0.0,"totalDistance":2816616}
{"deviceid":"b81e905908354542","eventtype":"distance","timestamp":1456247925603,"userid":"vincent.planat@hpe.com","trainingMode":"NONE","currentMotion":1,"pace":0.0,"speed":0.0,"totalDistance":2816616}
{"deviceid":"b81e905908354542","eventtype":"distance","timestamp":1456247934671,"userid":"vincent.planat@hpe.com","trainingMode":"NONE","currentMotion":1,"pace":0.0,"speed":0.0,"totalDistance":2816616}
{"deviceid":"b81e905908354542","eventtype":"distance","timestamp":1456247923524,"userid":"vincent.planat@hpe.com","trainingMode":"NONE","currentMotion":1,"pace":0.0,"speed":0.0,"totalDistance":2816616}
{"deviceid":"b81e905908354542","eventtype":"distance","timestamp":1456247956257,"userid":"vincent.planat@hpe.com","trainingMode":"NONE","currentMotion":1,"pace":0.0,"speed":0.0,"totalDistance":2816616}
{"deviceid":"b81e905908354542","eventtype":"distance","timestamp":1456247927575,"userid":"vincent.planat@hpe.com","trainingMode":"NONE","currentMotion":1,"pace":0.0,"speed":0.0,"totalDistance":2816616}
{"deviceid":"b81e905908354542","eventtype":"distance","timestamp":1456247944687,"userid":"vincent.planat@hpe.com","trainingMode":"NONE","currentMotion":1,"pace":0.0,"speed":0.0,"totalDistance":2816616}
{"deviceid":"b81e905908354542","eventtype":"distance","timestamp":1456247942732,"userid":"vincent.planat@hpe.com","trainingMode":"NONE","currentMotion":1,"pace":0.0,"speed":0.0,"totalDistance":2816616}
{"deviceid":"b81e905908354542","eventtype":"distance","timestamp":1456247931596,"userid":"vincent.planat@hpe.com","trainingMode":"NONE","currentMotion":1,"pace":0.0,"speed":0.0,"totalDistance":2816616}
{"deviceid":"b81e905908354542","eventtype":"distance","timestamp":1456247924534,"userid":"vincent.planat@hpe.com","trainingMode":"NONE","currentMotion":1,"pace":0.0,"speed":0.0,"totalDistance":2816616}
{"deviceid":"b81e905908354542","eventtype":"distance","timestamp":1456247910522,"userid":"vincent.planat@hpe.com","trainingMode":"NONE","currentMotion":1,"pace":0.0,"speed":0.0,"totalDistance":2816616}
{"deviceid":"b81e905908354542","eventtype":"distance","timestamp":1456247922530,"userid":"vincent.planat@hpe.com","trainingMode":"NONE","currentMotion":1,"pace":0.0,"speed":0.0,"totalDistance":2816616}
{"deviceid":"b81e905908354542","eventtype":"distance","timestamp":1456247921560,"userid":"vincent.planat@hpe.com","trainingMode":"NONE","currentMotion":1,"pace":0.0,"speed":0.0,"totalDistance":2816616}
{"deviceid":"b81e905908354542","eventtype":"distance","timestamp":1456247945716,"userid":"vincent.planat@hpe.com","trainingMode":"NONE","currentMotion":1,"pace":0.0,"speed":0.0,"totalDistance":2816616}
{"deviceid":"b81e905908354542","eventtype":"distance","timestamp":1456247939986,"userid":"vincent.planat@hpe.com","trainingMode":"NONE","currentMotion":1,"pace":0.0,"speed":0.0,"totalDistance":2816616}
{"deviceid":"b81e905908354542","eventtype":"distance","timestamp":1456247914467,"userid":"vincent.planat@hpe.com","trainingMode":"NONE","currentMotion":1,"pace":0.0,"speed":0.0,"totalDistance":2816616}
{"deviceid":"b81e905908354542","eventtype":"distance","timestamp":1456247940663,"userid":"vincent.planat@hpe.com","trainingMode":"NONE","currentMotion":1,"pace":0.0,"speed":0.0,"totalDistance":2816616}
{"deviceid":"b81e905908354542","eventtype":"distance","timestamp":1456247930580,"userid":"vincent.planat@hpe.com","trainingMode":"NONE","currentMotion":1,"pace":0.0,"speed":0.0,"totalDistance":2816616}
{"deviceid":"b81e905908354542","eventtype":"distance","timestamp":1456247943678,"userid":"vincent.planat@hpe.com","trainingMode":"NONE","currentMotion":1,"pace":0.0,"speed":0.0,"totalDistance":2816616}
{"deviceid":"b81e905908354542","eventtype":"distance","timestamp":1456247946731,"userid":"vincent.planat@hpe.com","trainingMode":"NONE","currentMotion":1,"pace":0.0,"speed":0.0,"totalDistance":2816616}
{"deviceid":"b81e905908354542","eventtype":"distance","timestamp":1456247915445,"userid":"vincent.planat@hpe.com","trainingMode":"NONE","currentMotion":1,"pace":0.0,"speed":0.0,"totalDistance":2816616}
{"deviceid":"b81e905908354542","eventtype":"distance","timestamp":1456247933604,"userid":"vincent.planat@hpe.com","trainingMode":"NONE","currentMotion":1,"pace":0.0,"speed":0.0,"totalDistance":2816616}
{"deviceid":"b81e905908354542","eventtype":"distance","timestamp":1456247917573,"userid":"vincent.planat@hpe.com","trainingMode":"NONE","currentMotion":1,"pace":0.0,"speed":0.0,"totalDistance":2816616}
{"deviceid":"b81e905908354542","eventtype":"distance","timestamp":1456247948711,"userid":"vincent.planat@hpe.com","trainingMode":"NONE","currentMotion":1,"pace":0.0,"speed":0.0,"totalDistance":2816616}
{"deviceid":"b81e905908354542","eventtype":"distance","timestamp":1456247936660,"userid":"vincent.planat@hpe.com","trainingMode":"NONE","currentMotion":1,"pace":0.0,"speed":0.0,"totalDistance":2816616}
{"deviceid":"b81e905908354542","eventtype":"distance","timestamp":1456247926533,"userid":"vincent.planat@hpe.com","trainingMode":"NONE","currentMotion":1,"pace":0.0,"speed":0.0,"totalDistance":2816616}
{"deviceid":"b81e905908354542","eventtype":"distance","timestamp":1456247941797,"userid":"vincent.planat@hpe.com","trainingMode":"NONE","currentMotion":1,"pace":0.0,"speed":0.0,"totalDistance":2816616}
{"deviceid":"b81e905908354542","eventtype":"distance","timestamp":1456247918495,"userid":"vincent.planat@hpe.com","trainingMode":"NONE","currentMotion":1,"pace":0.0,"speed":0.0,"totalDistance":2816616}
{"deviceid":"b81e905908354542","eventtype":"distance","timestamp":1456247911460,"userid":"vincent.planat@hpe.com","trainingMode":"NONE","currentMotion":1,"pace":0.0,"speed":0.0,"totalDistance":2816616}
{"deviceid":"b81e905908354542","eventtype":"distance","timestamp":1456247959837,"userid":"vincent.planat@hpe.com","trainingMode":"NONE","currentMotion":1,"pace":0.0,"speed":0.0,"totalDistance":2816616}
{"deviceid":"b81e905908354542","eventtype":"distance","timestamp":1456247909749,"userid":"vincent.planat@hpe.com","trainingMode":"NONE","currentMotion":1,"pace":0.0,"speed":0.0,"totalDistance":2816616}
{"deviceid":"b81e905908354542","eventtype":"distance","timestamp":1456247928575,"userid":"vincent.planat@hpe.com","trainingMode":"NONE","currentMotion":1,"pace":0.0,"speed":0.0,"totalDistance":2816616}
{"deviceid":"b81e905908354542","eventtype":"distance","timestamp":1456247958818,"userid":"vincent.planat@hpe.com","trainingMode":"NONE","currentMotion":1,"pace":0.0,"speed":0.0,"totalDistance":2816616}
{"deviceid":"b81e905908354542","eventtype":"distance","timestamp":1456247949897,"userid":"vincent.planat@hpe.com","trainingMode":"NONE","currentMotion":1,"pace":0.0,"speed":0.0,"totalDistance":2816616}
{"deviceid":"b81e905908354542","eventtype":"distance","timestamp":1456247951790,"userid":"vincent.planat@hpe.com","trainingMode":"NONE","currentMotion":1,"pace":0.0,"speed":0.0,"totalDistance":2816616}
{"deviceid":"b81e905908354542","eventtype":"distance","timestamp":1456247919691,"userid":"vincent.planat@hpe.com","trainingMode":"NONE","currentMotion":1,"pace":0.0,"speed":0.0,"totalDistance":2816616}
{"deviceid":"b81e905908354542","eventtype":"distance","timestamp":1456247916501,"userid":"vincent.planat@hpe.com","trainingMode":"NONE","currentMotion":1,"pace":0.0,"speed":0.0,"totalDistance":2816616}
{"deviceid":"b81e905908354542","eventtype":"distance","timestamp":1456247957806,"userid":"vincent.planat@hpe.com","trainingMode":"NONE","currentMotion":1,"pace":0.0,"speed":0.0,"totalDistance":2816616}
{"deviceid":"b81e905908354542","eventtype":"distance","timestamp":1456247935611,"userid":"vincent.planat@hpe.com","trainingMode":"NONE","currentMotion":1,"pace":0.0,"speed":0.0,"totalDistance":2816616}
{"deviceid":"b81e905908354542","eventtype":"distance","timestamp":1456247954861,"userid":"vincent.planat@hpe.com","trainingMode":"NONE","currentMotion":1,"pace":0.0,"speed":0.0,"totalDistance":2816616}
{"deviceid":"b81e905908354542","eventtype":"distance","timestamp":1456247913545,"userid":"vincent.planat@hpe.com","trainingMode":"NONE","currentMotion":1,"pace":0.0,"speed":0.0,"totalDistance":2816616}
{"deviceid":"b81e905908354542","eventtype":"distance","timestamp":1456247907550,"userid":"vincent.planat@hpe.com","trainingMode":"NONE","currentMotion":1,"pace":0.0,"speed":0.0,"totalDistance":2816616}
{"deviceid":"b81e905908354542","eventtype":"distance","timestamp":1456247908943,"userid":"vincent.planat@hpe.com","trainingMode":"NONE","currentMotion":1,"pace":0.0,"speed":0.0,"totalDistance":2816616}
{"deviceid":"b81e905908354542","eventtype":"distance","timestamp":1456247920546,"userid":"vincent.planat@hpe.com","trainingMode":"NONE","currentMotion":1,"pace":0.0,"speed":0.0,"totalDistance":2816616}
{"deviceid":"b81e905908354542","eventtype":"distance","timestamp":1456247947754,"userid":"vincent.planat@hpe.com","trainingMode":"NONE","currentMotion":1,"pace":0.0,"speed":0.0,"totalDistance":2816616}
{"deviceid":"b81e905908354542","eventtype":"distance","timestamp":1456247932598,"userid":"vincent.planat@hpe.com","trainingMode":"NONE","currentMotion":1,"pace":0.0,"speed":0.0,"totalDistance":2816616}
{"deviceid":"b81e905908354542","eventtype":"distance","timestamp":1456247937642,"userid":"vincent.planat@hpe.com","trainingMode":"NONE","currentMotion":1,"pace":0.0,"speed":0.0,"totalDistance":2816616}
{"deviceid":"b81e905908354542","eventtype":"distance","timestamp":1456247912455,"userid":"vincent.planat@hpe.com","trainingMode":"NONE","currentMotion":1,"pace":0.0,"speed":0.0,"totalDistance":2816616}
{"deviceid":"b81e905908354542","eventtype":"distance","timestamp":1456247953781,"userid":"vincent.planat@hpe.com","trainingMode":"NONE","currentMotion":1,"pace":0.0,"speed":0.0,"totalDistance":2816616}
{"deviceid":"b81e905908354542","eventtype":"distance","timestamp":1456247938752,"userid":"vincent.planat@hpe.com","trainingMode":"NONE","currentMotion":1,"pace":0.0,"speed":0.0,"totalDistance":2816616}
{"deviceid":"b81e905908354542","eventtype":"distance","timestamp":1456247929598,"userid":"vincent.planat@hpe.com","trainingMode":"NONE","currentMotion":1,"pace":0.0,"speed":0.0,"totalDistance":2816616}
