{"deviceid":"b81e905908354542","eventtype":"calorie","timestamp":1456248352737,"userid":"vincent.planat@hpe.com","trainingMode":"WALKING_UP","calories":18688}
{"deviceid":"b81e905908354542","eventtype":"calorie","timestamp":1456248339375,"userid":"vincent.planat@hpe.com","trainingMode":"WALKING_UP","calories":18687}
{"deviceid":"b81e905908354542","eventtype":"calorie","timestamp":1456248368246,"userid":"vincent.planat@hpe.com","trainingMode":"WALKING_UP","calories":18688}
{"deviceid":"b81e905908354542","eventtype":"calorie","timestamp":1456248346510,"userid":"vincent.planat@hpe.com","trainingMode":"WALKING_UP","calories":18687}
{"deviceid":"b81e905908354542","eventtype":"calorie","timestamp":1456248347556,"userid":"vincent.planat@hpe.com","trainingMode":"WALKING_UP","calories":18687}
{"deviceid":"b81e905908354542","eventtype":"calorie","timestamp":1456248360903,"userid":"vincent.planat@hpe.com","trainingMode":"WALKING_UP","calories":18688}
{"deviceid":"b81e905908354542","eventtype":"calorie","timestamp":1456248352720,"userid":"vincent.planat@hpe.com","trainingMode":"WALKING_UP","calories":18688}
{"deviceid":"b81e905908354542","eventtype":"calorie","timestamp":1456248350066,"userid":"vincent.planat@hpe.com","trainingMode":"WALKING_UP","calories":18688}
{"deviceid":"b81e905908354542","eventtype":"calorie","timestamp":1456248361918,"userid":"vincent.planat@hpe.com","trainingMode":"WALKING_UP","calories":18688}
{"deviceid":"b81e905908354542","eventtype":"calorie","timestamp":1456248360883,"userid":"vincent.planat@hpe.com","trainingMode":"WALKING_UP","calories":18688}
{"deviceid":"b81e905908354542","eventtype":"calorie","timestamp":1456248343980,"userid":"vincent.planat@hpe.com","trainingMode":"WALKING_UP","calories":18687}
{"deviceid":"b81e905908354542","eventtype":"calorie","timestamp":1456248351006,"userid":"vincent.planat@hpe.com","trainingMode":"WALKING_UP","calories":18688}
{"deviceid":"b81e905908354542","eventtype":"calorie","timestamp":1456248359858,"userid":"vincent.planat@hpe.com","trainingMode":"WALKING_UP","calories":18688}
{"deviceid":"b81e905908354542","eventtype":"calorie","timestamp":1456248363050,"userid":"vincent.planat@hpe.com","trainingMode":"WALKING_UP","calories":18688}
{"deviceid":"b81e905908354542","eventtype":"calorie","timestamp":1456248361935,"userid":"vincent.planat@hpe.com","trainingMode":"WALKING_UP","calories":18688}
{"deviceid":"b81e905908354542","eventtype":"calorie","timestamp":1456248358836,"userid":"vincent.planat@hpe.com","trainingMode":"WALKING_UP","calories":18688}
{"deviceid":"b81e905908354542","eventtype":"calorie","timestamp":1456248356755,"userid":"vincent.planat@hpe.com","trainingMode":"WALKING_UP","calories":18688}
{"deviceid":"b81e905908354542","eventtype":"calorie","timestamp":1456248340387,"userid":"vincent.planat@hpe.com","trainingMode":"WALKING_UP","calories":18687}
{"deviceid":"b81e905908354542","eventtype":"calorie","timestamp":1456248347564,"userid":"vincent.planat@hpe.com","trainingMode":"WALKING_UP","calories":18687}
{"deviceid":"b81e905908354542","eventtype":"calorie","timestamp":1456248343071,"userid":"vincent.planat@hpe.com","trainingMode":"WALKING_UP","calories":18687}
{"deviceid":"b81e905908354542","eventtype":"calorie","timestamp":1456248358817,"userid":"vincent.planat@hpe.com","trainingMode":"WALKING_UP","calories":18688}
{"deviceid":"b81e905908354542","eventtype":"calorie","timestamp":1456248365745,"userid":"vincent.planat@hpe.com","trainingMode":"WALKING_UP","calories":18688}
{"deviceid":"b81e905908354542","eventtype":"calorie","timestamp":1456248345521,"userid":"vincent.planat@hpe.com","trainingMode":"WALKING_UP","calories":18687}
{"deviceid":"b81e905908354542","eventtype":"calorie","timestamp":1456248365724,"userid":"vincent.planat@hpe.com","trainingMode":"WALKING_UP","calories":18688}
{"deviceid":"b81e905908354542","eventtype":"calorie","timestamp":1456248344792,"userid":"vincent.planat@hpe.com","trainingMode":"WALKING_UP","calories":18687}
{"deviceid":"b81e905908354542","eventtype":"calorie","timestamp":1456248342271,"userid":"vincent.planat@hpe.com","trainingMode":"WALKING_UP","calories":18687}
{"deviceid":"b81e905908354542","eventtype":"calorie","timestamp":1456248366572,"userid":"vincent.planat@hpe.com","trainingMode":"WALKING_UP","calories":18688}
{"deviceid":"b81e905908354542","eventtype":"calorie","timestamp":1456248359872,"userid":"vincent.planat@hpe.com","trainingMode":"WALKING_UP","calories":18688}
{"deviceid":"b81e905908354542","eventtype":"calorie","timestamp":1456248353687,"userid":"vincent.planat@hpe.com","trainingMode":"WALKING_UP","calories":18688}
{"deviceid":"b81e905908354542","eventtype":"calorie","timestamp":1456248350994,"userid":"vincent.planat@hpe.com","trainingMode":"WALKING_UP","calories":18688}
{"deviceid":"b81e905908354542","eventtype":"calorie","timestamp":1456248338438,"userid":"vincent.planat@hpe.com","trainingMode":"WALKING_UP","calories":18687}
{"deviceid":"b81e905908354542","eventtype":"calorie","timestamp":1456248353685,"userid":"vincent.planat@hpe.com","trainingMode":"WALKING_UP","calories":18688}
{"deviceid":"b81e905908354542","eventtype":"calorie","timestamp":1456248340401,"userid":"vincent.planat@hpe.com","trainingMode":"WALKING_UP","calories":18687}
{"deviceid":"b81e905908354542","eventtype":"calorie","timestamp":1456248346509,"userid":"vincent.planat@hpe.com","trainingMode":"WALKING_UP","calories":18687}
{"deviceid":"b81e905908354542","eventtype":"calorie","timestamp":1456248350081,"userid":"vincent.planat@hpe.com","trainingMode":"WALKING_UP","calories":18688}
{"deviceid":"b81e905908354542","eventtype":"calorie","timestamp":1456248343086,"userid":"vincent.planat@hpe.com","trainingMode":"WALKING_UP","calories":18687}
{"deviceid":"b81e905908354542","eventtype":"calorie","timestamp":1456248337564,"userid":"vincent.planat@hpe.com","trainingMode":"WALKING_UP","calories":18687}
{"deviceid":"b81e905908354542","eventtype":"calorie","timestamp":1456248357804,"userid":"vincent.planat@hpe.com","trainingMode":"WALKING_UP","calories":18688}
{"deviceid":"b81e905908354542","eventtype":"calorie","timestamp":1456248354849,"userid":"vincent.planat@hpe.com","trainingMode":"WALKING_UP","calories":18688}
{"deviceid":"b81e905908354542","eventtype":"calorie","timestamp":1456248367445,"userid":"vincent.planat@hpe.com","trainingMode":"WALKING_UP","calories":18688}
{"deviceid":"b81e905908354542","eventtype":"calorie","timestamp":1456248355734,"userid":"vincent.planat@hpe.com","trainingMode":"WALKING_UP","calories":18688}
{"deviceid":"b81e905908354542","eventtype":"calorie","timestamp":1456248344823,"userid":"vincent.planat@hpe.com","trainingMode":"WALKING_UP","calories":18687}
{"deviceid":"b81e905908354542","eventtype":"calorie","timestamp":1456248339361,"userid":"vincent.planat@hpe.com","trainingMode":"WALKING_UP","calories":18687}
{"deviceid":"b81e905908354542","eventtype":"calorie","timestamp":1456248366586,"userid":"vincent.planat@hpe.com","trainingMode":"WALKING_UP","calories":18688}
{"deviceid":"b81e905908354542","eventtype":"calorie","timestamp":1456248342256,"userid":"vincent.planat@hpe.com","trainingMode":"WALKING_UP","calories":18687}
{"deviceid":"b81e905908354542","eventtype":"calorie","timestamp":1456248351786,"userid":"vincent.planat@hpe.com","trainingMode":"WALKING_UP","calories":18688}
{"deviceid":"b81e905908354542","eventtype":"calorie","timestamp":1456248357860,"userid":"vincent.planat@hpe.com","trainingMode":"WALKING_UP","calories":18688}
{"deviceid":"b81e905908354542","eventtype":"calorie","timestamp":1456248349255,"userid":"vincent.planat@hpe.com","trainingMode":"WALKING_UP","calories":18687}
{"deviceid":"b81e905908354542","eventtype":"calorie","timestamp":1456248337550,"userid":"vincent.planat@hpe.com","trainingMode":"WALKING_UP","calories":18687}
{"deviceid":"b81e905908354542","eventtype":"calorie","timestamp":1456248363974,"userid":"vincent.planat@hpe.com","trainingMode":"WALKING_UP","calories":18688}
{"deviceid":"b81e905908354542","eventtype":"calorie","timestamp":1456248363032,"userid":"vincent.planat@hpe.com","trainingMode":"WALKING_UP","calories":18688}
{"deviceid":"b81e905908354542","eventtype":"calorie","timestamp":1456248355734,"userid":"vincent.planat@hpe.com","trainingMode":"WALKING_UP","calories":18688}
{"deviceid":"b81e905908354542","eventtype":"calorie","timestamp":1456248351773,"userid":"vincent.planat@hpe.com","trainingMode":"WALKING_UP","calories":18688}
{"deviceid":"b81e905908354542","eventtype":"calorie","timestamp":1456248343993,"userid":"vincent.planat@hpe.com","trainingMode":"WALKING_UP","calories":18687}
{"deviceid":"b81e905908354542","eventtype":"calorie","timestamp":1456248356756,"userid":"vincent.planat@hpe.com","trainingMode":"WALKING_UP","calories":18688}
{"deviceid":"b81e905908354542","eventtype":"calorie","timestamp":1456248338413,"userid":"vincent.planat@hpe.com","trainingMode":"WALKING_UP","calories":18687}
{"deviceid":"b81e905908354542","eventtype":"calorie","timestamp":1456248345507,"userid":"vincent.planat@hpe.com","trainingMode":"WALKING_UP","calories":18687}
{"deviceid":"b81e905908354542","eventtype":"calorie","timestamp":1456248368234,"userid":"vincent.planat@hpe.com","trainingMode":"WALKING_UP","calories":18688}
{"deviceid":"b81e905908354542","eventtype":"calorie","timestamp":1456248349238,"userid":"vincent.planat@hpe.com","trainingMode":"WALKING_UP","calories":18687}
{"deviceid":"b81e905908354542","eventtype":"calorie","timestamp":1456248367431,"userid":"vincent.planat@hpe.com","trainingMode":"WALKING_UP","calories":18688}
{"deviceid":"b81e905908354542","eventtype":"calorie","timestamp":1456248363958,"userid":"vincent.planat@hpe.com","trainingMode":"WALKING_UP","calories":18688}
{"deviceid":"b81e905908354542","eventtype":"calorie","timestamp":1456248354835,"userid":"vincent.planat@hpe.com","trainingMode":"WALKING_UP","calories":18688}
