{"deviceid":"b81e905908354542","eventtype":"ambientLight","timestamp":1456248448310,"userid":"vincent.planat@hpe.com","trainingMode":"WALKING","brightness":102}
{"deviceid":"b81e905908354542","eventtype":"ambientLight","timestamp":1456248451312,"userid":"vincent.planat@hpe.com","trainingMode":"WALKING","brightness":151}
{"deviceid":"b81e905908354542","eventtype":"ambientLight","timestamp":1456248475872,"userid":"vincent.planat@hpe.com","trainingMode":"WALKING_DOWN","brightness":49}
{"deviceid":"b81e905908354542","eventtype":"ambientLight","timestamp":1456248472817,"userid":"vincent.planat@hpe.com","trainingMode":"WALKING_DOWN","brightness":49}
{"deviceid":"b81e905908354542","eventtype":"ambientLight","timestamp":1456248464816,"userid":"vincent.planat@hpe.com","trainingMode":"WALKING_DOWN","brightness":76}
{"deviceid":"b81e905908354542","eventtype":"ambientLight","timestamp":1456248460352,"userid":"vincent.planat@hpe.com","trainingMode":"WALKING_DOWN","brightness":139}
{"deviceid":"b81e905908354542","eventtype":"ambientLight","timestamp":1456248467820,"userid":"vincent.planat@hpe.com","trainingMode":"WALKING_DOWN","brightness":37}
{"deviceid":"b81e905908354542","eventtype":"ambientLight","timestamp":1456248482315,"userid":"vincent.planat@hpe.com","trainingMode":"WALKING_DOWN","brightness":55}
{"deviceid":"b81e905908354542","eventtype":"ambientLight","timestamp":1456248454977,"userid":"vincent.planat@hpe.com","trainingMode":"WALKING","brightness":164}
{"deviceid":"b81e905908354542","eventtype":"ambientLight","timestamp":1456248468847,"userid":"vincent.planat@hpe.com","trainingMode":"WALKING_DOWN","brightness":67}
{"deviceid":"b81e905908354542","eventtype":"ambientLight","timestamp":1456248464409,"userid":"vincent.planat@hpe.com","trainingMode":"WALKING_DOWN","brightness":84}
{"deviceid":"b81e905908354542","eventtype":"ambientLight","timestamp":1456248474666,"userid":"vincent.planat@hpe.com","trainingMode":"WALKING_DOWN","brightness":44}
{"deviceid":"b81e905908354542","eventtype":"ambientLight","timestamp":1456248448881,"userid":"vincent.planat@hpe.com","trainingMode":"WALKING","brightness":87}
{"deviceid":"b81e905908354542","eventtype":"ambientLight","timestamp":1456248457904,"userid":"vincent.planat@hpe.com","trainingMode":"WALKING_DOWN","brightness":167}
{"deviceid":"b81e905908354542","eventtype":"ambientLight","timestamp":1456248447870,"userid":"vincent.planat@hpe.com","trainingMode":"WALKING","brightness":128}
{"deviceid":"b81e905908354542","eventtype":"ambientLight","timestamp":1456248466836,"userid":"vincent.planat@hpe.com","trainingMode":"WALKING_DOWN","brightness":43}
{"deviceid":"b81e905908354542","eventtype":"ambientLight","timestamp":1456248463351,"userid":"vincent.planat@hpe.com","trainingMode":"WALKING_DOWN","brightness":145}
{"deviceid":"b81e905908354542","eventtype":"ambientLight","timestamp":1456248445907,"userid":"vincent.planat@hpe.com","trainingMode":"WALKING","brightness":57}
{"deviceid":"b81e905908354542","eventtype":"ambientLight","timestamp":1456248460337,"userid":"vincent.planat@hpe.com","trainingMode":"WALKING_DOWN","brightness":139}
{"deviceid":"b81e905908354542","eventtype":"ambientLight","timestamp":1456248474183,"userid":"vincent.planat@hpe.com","trainingMode":"WALKING_DOWN","brightness":53}
{"deviceid":"b81e905908354542","eventtype":"ambientLight","timestamp":1456248456943,"userid":"vincent.planat@hpe.com","trainingMode":"WALKING_DOWN","brightness":75}
{"deviceid":"b81e905908354542","eventtype":"ambientLight","timestamp":1456248444951,"userid":"vincent.planat@hpe.com","trainingMode":"WALKING","brightness":89}
{"deviceid":"b81e905908354542","eventtype":"ambientLight","timestamp":1456248480845,"userid":"vincent.planat@hpe.com","trainingMode":"WALKING_DOWN","brightness":37}
{"deviceid":"b81e905908354542","eventtype":"ambientLight","timestamp":1456248453327,"userid":"vincent.planat@hpe.com","trainingMode":"WALKING","brightness":170}
{"deviceid":"b81e905908354542","eventtype":"ambientLight","timestamp":1456248485402,"userid":"vincent.planat@hpe.com","trainingMode":"WALKING_DOWN","brightness":77}
{"deviceid":"b81e905908354542","eventtype":"ambientLight","timestamp":1456248474964,"userid":"vincent.planat@hpe.com","trainingMode":"WALKING_DOWN","brightness":47}
{"deviceid":"b81e905908354542","eventtype":"ambientLight","timestamp":1456248444060,"userid":"vincent.planat@hpe.com","trainingMode":"WALKING","brightness":139}
{"deviceid":"b81e905908354542","eventtype":"ambientLight","timestamp":1456248445461,"userid":"vincent.planat@hpe.com","trainingMode":"WALKING","brightness":70}
{"deviceid":"b81e905908354542","eventtype":"ambientLight","timestamp":1456248448867,"userid":"vincent.planat@hpe.com","trainingMode":"WALKING","brightness":87}
{"deviceid":"b81e905908354542","eventtype":"ambientLight","timestamp":1456248469333,"userid":"vincent.planat@hpe.com","trainingMode":"WALKING_DOWN","brightness":36}
{"deviceid":"b81e905908354542","eventtype":"ambientLight","timestamp":1456248474206,"userid":"vincent.planat@hpe.com","trainingMode":"WALKING_DOWN","brightness":53}
{"deviceid":"b81e905908354542","eventtype":"ambientLight","timestamp":1456248455844,"userid":"vincent.planat@hpe.com","trainingMode":"WALKING","brightness":110}
{"deviceid":"b81e905908354542","eventtype":"ambientLight","timestamp":1456248453749,"userid":"vincent.planat@hpe.com","trainingMode":"WALKING","brightness":187}
{"deviceid":"b81e905908354542","eventtype":"ambientLight","timestamp":1456248460861,"userid":"vincent.planat@hpe.com","trainingMode":"WALKING_DOWN","brightness":62}
{"deviceid":"b81e905908354542","eventtype":"ambientLight","timestamp":1456248476846,"userid":"vincent.planat@hpe.com","trainingMode":"WALKING_DOWN","brightness":52}
{"deviceid":"b81e905908354542","eventtype":"ambientLight","timestamp":1456248479542,"userid":"vincent.planat@hpe.com","trainingMode":"WALKING_DOWN","brightness":50}
{"deviceid":"b81e905908354542","eventtype":"ambientLight","timestamp":1456248480860,"userid":"vincent.planat@hpe.com","trainingMode":"WALKING_DOWN","brightness":37}
{"deviceid":"b81e905908354542","eventtype":"ambientLight","timestamp":1456248483866,"userid":"vincent.planat@hpe.com","trainingMode":"WALKING_DOWN","brightness":17}
{"deviceid":"b81e905908354542","eventtype":"ambientLight","timestamp":1456248480448,"userid":"vincent.planat@hpe.com","trainingMode":"WALKING_DOWN","brightness":49}
{"deviceid":"b81e905908354542","eventtype":"ambientLight","timestamp":1456248478702,"userid":"vincent.planat@hpe.com","trainingMode":"WALKING_DOWN","brightness":45}
{"deviceid":"b81e905908354542","eventtype":"ambientLight","timestamp":1456248478331,"userid":"vincent.planat@hpe.com","trainingMode":"WALKING_DOWN","brightness":45}
{"deviceid":"b81e905908354542","eventtype":"ambientLight","timestamp":1456248455862,"userid":"vincent.planat@hpe.com","trainingMode":"WALKING","brightness":110}
{"deviceid":"b81e905908354542","eventtype":"ambientLight","timestamp":1456248475443,"userid":"vincent.planat@hpe.com","trainingMode":"WALKING_DOWN","brightness":53}
{"deviceid":"b81e905908354542","eventtype":"ambientLight","timestamp":1456248446335,"userid":"vincent.planat@hpe.com","trainingMode":"WALKING","brightness":116}
{"deviceid":"b81e905908354542","eventtype":"ambientLight","timestamp":1456248483327,"userid":"vincent.planat@hpe.com","trainingMode":"WALKING_DOWN","brightness":15}
{"deviceid":"b81e905908354542","eventtype":"ambientLight","timestamp":1456248466325,"userid":"vincent.planat@hpe.com","trainingMode":"WALKING_DOWN","brightness":41}
{"deviceid":"b81e905908354542","eventtype":"ambientLight","timestamp":1456248449884,"userid":"vincent.planat@hpe.com","trainingMode":"WALKING","brightness":20}
{"deviceid":"b81e905908354542","eventtype":"ambientLight","timestamp":1456248458635,"userid":"vincent.planat@hpe.com","trainingMode":"WALKING_DOWN","brightness":145}
{"deviceid":"b81e905908354542","eventtype":"ambientLight","timestamp":1456248447376,"userid":"vincent.planat@hpe.com","trainingMode":"WALKING","brightness":94}
{"deviceid":"b81e905908354542","eventtype":"ambientLight","timestamp":1456248460886,"userid":"vincent.planat@hpe.com","trainingMode":"WALKING_DOWN","brightness":62}
{"deviceid":"b81e905908354542","eventtype":"ambientLight","timestamp":1456248461816,"userid":"vincent.planat@hpe.com","trainingMode":"WALKING_DOWN","brightness":110}
{"deviceid":"b81e905908354542","eventtype":"ambientLight","timestamp":1456248467362,"userid":"vincent.planat@hpe.com","trainingMode":"WALKING_DOWN","brightness":55}
{"deviceid":"b81e905908354542","eventtype":"ambientLight","timestamp":1456248474679,"userid":"vincent.planat@hpe.com","trainingMode":"WALKING_DOWN","brightness":44}
{"deviceid":"b81e905908354542","eventtype":"ambientLight","timestamp":1456248467379,"userid":"vincent.planat@hpe.com","trainingMode":"WALKING_DOWN","brightness":55}
{"deviceid":"b81e905908354542","eventtype":"ambientLight","timestamp":1456248465351,"userid":"vincent.planat@hpe.com","trainingMode":"WALKING_DOWN","brightness":71}
{"deviceid":"b81e905908354542","eventtype":"ambientLight","timestamp":1456248487830,"userid":"vincent.planat@hpe.com","trainingMode":"WALKING_DOWN","brightness":70}
{"deviceid":"b81e905908354542","eventtype":"ambientLight","timestamp":1456248459487,"userid":"vincent.planat@hpe.com","trainingMode":"WALKING_DOWN","brightness":102}
{"deviceid":"b81e905908354542","eventtype":"ambientLight","timestamp":1456248470350,"userid":"vincent.planat@hpe.com","trainingMode":"WALKING_DOWN","brightness":37}
{"deviceid":"b81e905908354542","eventtype":"ambientLight","timestamp":1456248450814,"userid":"vincent.planat@hpe.com","trainingMode":"WALKING","brightness":175}
{"deviceid":"b81e905908354542","eventtype":"ambientLight","timestamp":1456248466851,"userid":"vincent.planat@hpe.com","trainingMode":"WALKING_DOWN","brightness":43}
{"deviceid":"b81e905908354542","eventtype":"ambientLight","timestamp":1456248455429,"userid":"vincent.planat@hpe.com","trainingMode":"WALKING","brightness":187}
{"deviceid":"b81e905908354542","eventtype":"ambientLight","timestamp":1456248452916,"userid":"vincent.planat@hpe.com","trainingMode":"WALKING","brightness":75}
{"deviceid":"b81e905908354542","eventtype":"ambientLight","timestamp":1456248459818,"userid":"vincent.planat@hpe.com","trainingMode":"WALKING_DOWN","brightness":161}
{"deviceid":"b81e905908354542","eventtype":"ambientLight","timestamp":1456248457892,"userid":"vincent.planat@hpe.com","trainingMode":"WALKING_DOWN","brightness":167}
{"deviceid":"b81e905908354542","eventtype":"ambientLight","timestamp":1456248486387,"userid":"vincent.planat@hpe.com","trainingMode":"WALKING_DOWN","brightness":70}
{"deviceid":"b81e905908354542","eventtype":"ambientLight","timestamp":1456248487371,"userid":"vincent.planat@hpe.com","trainingMode":"WALKING_DOWN","brightness":74}
{"deviceid":"b81e905908354542","eventtype":"ambientLight","timestamp":1456248469320,"userid":"vincent.planat@hpe.com","trainingMode":"WALKING_DOWN","brightness":36}
{"deviceid":"b81e905908354542","eventtype":"ambientLight","timestamp":1456248468810,"userid":"vincent.planat@hpe.com","trainingMode":"WALKING_DOWN","brightness":67}
{"deviceid":"b81e905908354542","eventtype":"ambientLight","timestamp":1456248455416,"userid":"vincent.planat@hpe.com","trainingMode":"WALKING","brightness":187}
{"deviceid":"b81e905908354542","eventtype":"ambientLight","timestamp":1456248452896,"userid":"vincent.planat@hpe.com","trainingMode":"WALKING","brightness":75}
{"deviceid":"b81e905908354542","eventtype":"ambientLight","timestamp":1456248464813,"userid":"vincent.planat@hpe.com","trainingMode":"WALKING_DOWN","brightness":76}
{"deviceid":"b81e905908354542","eventtype":"ambientLight","timestamp":1456248484575,"userid":"vincent.planat@hpe.com","trainingMode":"WALKING_DOWN","brightness":64}
{"deviceid":"b81e905908354542","eventtype":"ambientLight","timestamp":1456248447397,"userid":"vincent.planat@hpe.com","trainingMode":"WALKING","brightness":94}
{"deviceid":"b81e905908354542","eventtype":"ambientLight","timestamp":1456248479102,"userid":"vincent.planat@hpe.com","trainingMode":"WALKING_DOWN","brightness":40}
{"deviceid":"b81e905908354542","eventtype":"ambientLight","timestamp":1456248447852,"userid":"vincent.planat@hpe.com","trainingMode":"WALKING","brightness":128}
{"deviceid":"b81e905908354542","eventtype":"ambientLight","timestamp":1456248470886,"userid":"vincent.planat@hpe.com","trainingMode":"WALKING_DOWN","brightness":40}
{"deviceid":"b81e905908354542","eventtype":"ambientLight","timestamp":1456248444413,"userid":"vincent.planat@hpe.com","trainingMode":"WALKING","brightness":65}
{"deviceid":"b81e905908354542","eventtype":"ambientLight","timestamp":1456248448313,"userid":"vincent.planat@hpe.com","trainingMode":"WALKING","brightness":102}
{"deviceid":"b81e905908354542","eventtype":"ambientLight","timestamp":1456248472324,"userid":"vincent.planat@hpe.com","trainingMode":"WALKING_DOWN","brightness":47}
{"deviceid":"b81e905908354542","eventtype":"ambientLight","timestamp":1456248467819,"userid":"vincent.planat@hpe.com","trainingMode":"WALKING_DOWN","brightness":37}
{"deviceid":"b81e905908354542","eventtype":"ambientLight","timestamp":1456248461294,"userid":"vincent.planat@hpe.com","trainingMode":"WALKING_DOWN","brightness":59}
{"deviceid":"b81e905908354542","eventtype":"ambientLight","timestamp":1456248454543,"userid":"vincent.planat@hpe.com","trainingMode":"WALKING","brightness":118}
{"deviceid":"b81e905908354542","eventtype":"ambientLight","timestamp":1456248454235,"userid":"vincent.planat@hpe.com","trainingMode":"WALKING","brightness":166}
{"deviceid":"b81e905908354542","eventtype":"ambientLight","timestamp":1456248487397,"userid":"vincent.planat@hpe.com","trainingMode":"WALKING_DOWN","brightness":74}
{"deviceid":"b81e905908354542","eventtype":"ambientLight","timestamp":1456248475458,"userid":"vincent.planat@hpe.com","trainingMode":"WALKING_DOWN","brightness":53}
{"deviceid":"b81e905908354542","eventtype":"ambientLight","timestamp":1456248473798,"userid":"vincent.planat@hpe.com","trainingMode":"WALKING_DOWN","brightness":49}
{"deviceid":"b81e905908354542","eventtype":"ambientLight","timestamp":1456248487827,"userid":"vincent.planat@hpe.com","trainingMode":"WALKING_DOWN","brightness":70}
{"deviceid":"b81e905908354542","eventtype":"ambientLight","timestamp":1456248444443,"userid":"vincent.planat@hpe.com","trainingMode":"WALKING","brightness":65}
{"deviceid":"b81e905908354542","eventtype":"ambientLight","timestamp":1456248484558,"userid":"vincent.planat@hpe.com","trainingMode":"WALKING_DOWN","brightness":64}
{"deviceid":"b81e905908354542","eventtype":"ambientLight","timestamp":1456248475856,"userid":"vincent.planat@hpe.com","trainingMode":"WALKING_DOWN","brightness":49}
{"deviceid":"b81e905908354542","eventtype":"ambientLight","timestamp":1456248466311,"userid":"vincent.planat@hpe.com","trainingMode":"WALKING_DOWN","brightness":41}
{"deviceid":"b81e905908354542","eventtype":"ambientLight","timestamp":1456248479926,"userid":"vincent.planat@hpe.com","trainingMode":"WALKING_DOWN","brightness":46}
{"deviceid":"b81e905908354542","eventtype":"ambientLight","timestamp":1456248458621,"userid":"vincent.planat@hpe.com","trainingMode":"WALKING_DOWN","brightness":145}
{"deviceid":"b81e905908354542","eventtype":"ambientLight","timestamp":1456248482852,"userid":"vincent.planat@hpe.com","trainingMode":"WALKING_DOWN","brightness":6}
{"deviceid":"b81e905908354542","eventtype":"ambientLight","timestamp":1456248468407,"userid":"vincent.planat@hpe.com","trainingMode":"WALKING_DOWN","brightness":39}
{"deviceid":"b81e905908354542","eventtype":"ambientLight","timestamp":1456248479527,"userid":"vincent.planat@hpe.com","trainingMode":"WALKING_DOWN","brightness":50}
{"deviceid":"b81e905908354542","eventtype":"ambientLight","timestamp":1456248459812,"userid":"vincent.planat@hpe.com","trainingMode":"WALKING_DOWN","brightness":161}
{"deviceid":"b81e905908354542","eventtype":"ambientLight","timestamp":1456248485890,"userid":"vincent.planat@hpe.com","trainingMode":"WALKING_DOWN","brightness":76}
{"deviceid":"b81e905908354542","eventtype":"ambientLight","timestamp":1456248478719,"userid":"vincent.planat@hpe.com","trainingMode":"WALKING_DOWN","brightness":45}
{"deviceid":"b81e905908354542","eventtype":"ambientLight","timestamp":1456248456394,"userid":"vincent.planat@hpe.com","trainingMode":"WALKING","brightness":20}
{"deviceid":"b81e905908354542","eventtype":"ambientLight","timestamp":1456248453315,"userid":"vincent.planat@hpe.com","trainingMode":"WALKING","brightness":170}
{"deviceid":"b81e905908354542","eventtype":"ambientLight","timestamp":1456248463842,"userid":"vincent.planat@hpe.com","trainingMode":"WALKING_DOWN","brightness":167}
{"deviceid":"b81e905908354542","eventtype":"ambientLight","timestamp":1456248485415,"userid":"vincent.planat@hpe.com","trainingMode":"WALKING_DOWN","brightness":77}
{"deviceid":"b81e905908354542","eventtype":"ambientLight","timestamp":1456248473265,"userid":"vincent.planat@hpe.com","trainingMode":"WALKING_DOWN","brightness":49}
{"deviceid":"b81e905908354542","eventtype":"ambientLight","timestamp":1456248454220,"userid":"vincent.planat@hpe.com","trainingMode":"WALKING","brightness":166}
{"deviceid":"b81e905908354542","eventtype":"ambientLight","timestamp":1456248481396,"userid":"vincent.planat@hpe.com","trainingMode":"WALKING_DOWN","brightness":95}
{"deviceid":"b81e905908354542","eventtype":"ambientLight","timestamp":1456248481813,"userid":"vincent.planat@hpe.com","trainingMode":"WALKING_DOWN","brightness":78}
{"deviceid":"b81e905908354542","eventtype":"ambientLight","timestamp":1456248471928,"userid":"vincent.planat@hpe.com","trainingMode":"WALKING_DOWN","brightness":49}
{"deviceid":"b81e905908354542","eventtype":"ambientLight","timestamp":1456248449315,"userid":"vincent.planat@hpe.com","trainingMode":"WALKING","brightness":82}
{"deviceid":"b81e905908354542","eventtype":"ambientLight","timestamp":1456248470365,"userid":"vincent.planat@hpe.com","trainingMode":"WALKING_DOWN","brightness":37}
{"deviceid":"b81e905908354542","eventtype":"ambientLight","timestamp":1456248479941,"userid":"vincent.planat@hpe.com","trainingMode":"WALKING_DOWN","brightness":46}
{"deviceid":"b81e905908354542","eventtype":"ambientLight","timestamp":1456248464395,"userid":"vincent.planat@hpe.com","trainingMode":"WALKING_DOWN","brightness":84}
{"deviceid":"b81e905908354542","eventtype":"ambientLight","timestamp":1456248446350,"userid":"vincent.planat@hpe.com","trainingMode":"WALKING","brightness":116}
{"deviceid":"b81e905908354542","eventtype":"ambientLight","timestamp":1456248452353,"userid":"vincent.planat@hpe.com","trainingMode":"WALKING","brightness":108}
{"deviceid":"b81e905908354542","eventtype":"ambientLight","timestamp":1456248482869,"userid":"vincent.planat@hpe.com","trainingMode":"WALKING_DOWN","brightness":6}
{"deviceid":"b81e905908354542","eventtype":"ambientLight","timestamp":1456248469861,"userid":"vincent.planat@hpe.com","trainingMode":"WALKING_DOWN","brightness":37}
{"deviceid":"b81e905908354542","eventtype":"ambientLight","timestamp":1456248481381,"userid":"vincent.planat@hpe.com","trainingMode":"WALKING_DOWN","brightness":95}
{"deviceid":"b81e905908354542","eventtype":"ambientLight","timestamp":1456248454558,"userid":"vincent.planat@hpe.com","trainingMode":"WALKING","brightness":118}
{"deviceid":"b81e905908354542","eventtype":"ambientLight","timestamp":1456248484901,"userid":"vincent.planat@hpe.com","trainingMode":"WALKING_DOWN","brightness":74}
{"deviceid":"b81e905908354542","eventtype":"ambientLight","timestamp":1456248488318,"userid":"vincent.planat@hpe.com","trainingMode":"WALKING_DOWN","brightness":68}
{"deviceid":"b81e905908354542","eventtype":"ambientLight","timestamp":1456248472307,"userid":"vincent.planat@hpe.com","trainingMode":"WALKING_DOWN","brightness":47}
{"deviceid":"b81e905908354542","eventtype":"ambientLight","timestamp":1456248450348,"userid":"vincent.planat@hpe.com","trainingMode":"WALKING","brightness":194}
{"deviceid":"b81e905908354542","eventtype":"ambientLight","timestamp":1456248480434,"userid":"vincent.planat@hpe.com","trainingMode":"WALKING_DOWN","brightness":49}
{"deviceid":"b81e905908354542","eventtype":"ambientLight","timestamp":1456248473248,"userid":"vincent.planat@hpe.com","trainingMode":"WALKING_DOWN","brightness":49}
{"deviceid":"b81e905908354542","eventtype":"ambientLight","timestamp":1456248488809,"userid":"vincent.planat@hpe.com","trainingMode":"WALKING_DOWN","brightness":68}
{"deviceid":"b81e905908354542","eventtype":"ambientLight","timestamp":1456248459474,"userid":"vincent.planat@hpe.com","trainingMode":"WALKING_DOWN","brightness":102}
{"deviceid":"b81e905908354542","eventtype":"ambientLight","timestamp":1456248478345,"userid":"vincent.planat@hpe.com","trainingMode":"WALKING_DOWN","brightness":45}
{"deviceid":"b81e905908354542","eventtype":"ambientLight","timestamp":1456248444072,"userid":"vincent.planat@hpe.com","trainingMode":"WALKING","brightness":139}
{"deviceid":"b81e905908354542","eventtype":"ambientLight","timestamp":1456248457400,"userid":"vincent.planat@hpe.com","trainingMode":"WALKING_DOWN","brightness":59}
{"deviceid":"b81e905908354542","eventtype":"ambientLight","timestamp":1456248453731,"userid":"vincent.planat@hpe.com","trainingMode":"WALKING","brightness":187}
{"deviceid":"b81e905908354542","eventtype":"ambientLight","timestamp":1456248477505,"userid":"vincent.planat@hpe.com","trainingMode":"WALKING_DOWN","brightness":49}
{"deviceid":"b81e905908354542","eventtype":"ambientLight","timestamp":1456248457413,"userid":"vincent.planat@hpe.com","trainingMode":"WALKING_DOWN","brightness":59}
{"deviceid":"b81e905908354542","eventtype":"ambientLight","timestamp":1456248468467,"userid":"vincent.planat@hpe.com","trainingMode":"WALKING_DOWN","brightness":39}
{"deviceid":"b81e905908354542","eventtype":"ambientLight","timestamp":1456248450364,"userid":"vincent.planat@hpe.com","trainingMode":"WALKING","brightness":194}
{"deviceid":"b81e905908354542","eventtype":"ambientLight","timestamp":1456248462343,"userid":"vincent.planat@hpe.com","trainingMode":"WALKING_DOWN","brightness":104}
{"deviceid":"b81e905908354542","eventtype":"ambientLight","timestamp":1456248476313,"userid":"vincent.planat@hpe.com","trainingMode":"WALKING_DOWN","brightness":44}
{"deviceid":"b81e905908354542","eventtype":"ambientLight","timestamp":1456248446926,"userid":"vincent.planat@hpe.com","trainingMode":"WALKING","brightness":91}
{"deviceid":"b81e905908354542","eventtype":"ambientLight","timestamp":1456248452370,"userid":"vincent.planat@hpe.com","trainingMode":"WALKING","brightness":108}
{"deviceid":"b81e905908354542","eventtype":"ambientLight","timestamp":1456248461817,"userid":"vincent.planat@hpe.com","trainingMode":"WALKING_DOWN","brightness":110}
{"deviceid":"b81e905908354542","eventtype":"ambientLight","timestamp":1456248449897,"userid":"vincent.planat@hpe.com","trainingMode":"WALKING","brightness":20}
{"deviceid":"b81e905908354542","eventtype":"ambientLight","timestamp":1456248488311,"userid":"vincent.planat@hpe.com","trainingMode":"WALKING_DOWN","brightness":68}
{"deviceid":"b81e905908354542","eventtype":"ambientLight","timestamp":1456248465797,"userid":"vincent.planat@hpe.com","trainingMode":"WALKING_DOWN","brightness":49}
{"deviceid":"b81e905908354542","eventtype":"ambientLight","timestamp":1456248486873,"userid":"vincent.planat@hpe.com","trainingMode":"WALKING_DOWN","brightness":68}
{"deviceid":"b81e905908354542","eventtype":"ambientLight","timestamp":1456248454998,"userid":"vincent.planat@hpe.com","trainingMode":"WALKING","brightness":164}
{"deviceid":"b81e905908354542","eventtype":"ambientLight","timestamp":1456248482322,"userid":"vincent.planat@hpe.com","trainingMode":"WALKING_DOWN","brightness":55}
{"deviceid":"b81e905908354542","eventtype":"ambientLight","timestamp":1456248445480,"userid":"vincent.planat@hpe.com","trainingMode":"WALKING","brightness":70}
{"deviceid":"b81e905908354542","eventtype":"ambientLight","timestamp":1456248462833,"userid":"vincent.planat@hpe.com","trainingMode":"WALKING_DOWN","brightness":123}
{"deviceid":"b81e905908354542","eventtype":"ambientLight","timestamp":1456248479120,"userid":"vincent.planat@hpe.com","trainingMode":"WALKING_DOWN","brightness":40}
{"deviceid":"b81e905908354542","eventtype":"ambientLight","timestamp":1456248445894,"userid":"vincent.planat@hpe.com","trainingMode":"WALKING","brightness":57}
{"deviceid":"b81e905908354542","eventtype":"ambientLight","timestamp":1456248476325,"userid":"vincent.planat@hpe.com","trainingMode":"WALKING_DOWN","brightness":44}
{"deviceid":"b81e905908354542","eventtype":"ambientLight","timestamp":1456248461296,"userid":"vincent.planat@hpe.com","trainingMode":"WALKING_DOWN","brightness":59}
{"deviceid":"b81e905908354542","eventtype":"ambientLight","timestamp":1456248459027,"userid":"vincent.planat@hpe.com","trainingMode":"WALKING_DOWN","brightness":112}
{"deviceid":"b81e905908354542","eventtype":"ambientLight","timestamp":1456248470870,"userid":"vincent.planat@hpe.com","trainingMode":"WALKING_DOWN","brightness":40}
{"deviceid":"b81e905908354542","eventtype":"ambientLight","timestamp":1456248472834,"userid":"vincent.planat@hpe.com","trainingMode":"WALKING_DOWN","brightness":49}
{"deviceid":"b81e905908354542","eventtype":"ambientLight","timestamp":1456248488809,"userid":"vincent.planat@hpe.com","trainingMode":"WALKING_DOWN","brightness":68}
{"deviceid":"b81e905908354542","eventtype":"ambientLight","timestamp":1456248465813,"userid":"vincent.planat@hpe.com","trainingMode":"WALKING_DOWN","brightness":49}
{"deviceid":"b81e905908354542","eventtype":"ambientLight","timestamp":1456248456363,"userid":"vincent.planat@hpe.com","trainingMode":"WALKING","brightness":20}
{"deviceid":"b81e905908354542","eventtype":"ambientLight","timestamp":1456248456930,"userid":"vincent.planat@hpe.com","trainingMode":"WALKING_DOWN","brightness":75}
{"deviceid":"b81e905908354542","eventtype":"ambientLight","timestamp":1456248486350,"userid":"vincent.planat@hpe.com","trainingMode":"WALKING_DOWN","brightness":70}
{"deviceid":"b81e905908354542","eventtype":"ambientLight","timestamp":1456248483851,"userid":"vincent.planat@hpe.com","trainingMode":"WALKING_DOWN","brightness":17}
{"deviceid":"b81e905908354542","eventtype":"ambientLight","timestamp":1456248476860,"userid":"vincent.planat@hpe.com","trainingMode":"WALKING_DOWN","brightness":52}
{"deviceid":"b81e905908354542","eventtype":"ambientLight","timestamp":1456248444984,"userid":"vincent.planat@hpe.com","trainingMode":"WALKING","brightness":89}
{"deviceid":"b81e905908354542","eventtype":"ambientLight","timestamp":1456248446909,"userid":"vincent.planat@hpe.com","trainingMode":"WALKING","brightness":91}
{"deviceid":"b81e905908354542","eventtype":"ambientLight","timestamp":1456248474981,"userid":"vincent.planat@hpe.com","trainingMode":"WALKING_DOWN","brightness":47}
{"deviceid":"b81e905908354542","eventtype":"ambientLight","timestamp":1456248473783,"userid":"vincent.planat@hpe.com","trainingMode":"WALKING_DOWN","brightness":49}
{"deviceid":"b81e905908354542","eventtype":"ambientLight","timestamp":1456248484918,"userid":"vincent.planat@hpe.com","trainingMode":"WALKING_DOWN","brightness":74}
{"deviceid":"b81e905908354542","eventtype":"ambientLight","timestamp":1456248481822,"userid":"vincent.planat@hpe.com","trainingMode":"WALKING_DOWN","brightness":78}
{"deviceid":"b81e905908354542","eventtype":"ambientLight","timestamp":1456248483320,"userid":"vincent.planat@hpe.com","trainingMode":"WALKING_DOWN","brightness":15}
{"deviceid":"b81e905908354542","eventtype":"ambientLight","timestamp":1456248485859,"userid":"vincent.planat@hpe.com","trainingMode":"WALKING_DOWN","brightness":76}
{"deviceid":"b81e905908354542","eventtype":"ambientLight","timestamp":1456248462325,"userid":"vincent.planat@hpe.com","trainingMode":"WALKING_DOWN","brightness":104}
{"deviceid":"b81e905908354542","eventtype":"ambientLight","timestamp":1456248471941,"userid":"vincent.planat@hpe.com","trainingMode":"WALKING_DOWN","brightness":49}
{"deviceid":"b81e905908354542","eventtype":"ambientLight","timestamp":1456248486856,"userid":"vincent.planat@hpe.com","trainingMode":"WALKING_DOWN","brightness":68}
{"deviceid":"b81e905908354542","eventtype":"ambientLight","timestamp":1456248451310,"userid":"vincent.planat@hpe.com","trainingMode":"WALKING","brightness":151}
{"deviceid":"b81e905908354542","eventtype":"ambientLight","timestamp":1456248449322,"userid":"vincent.planat@hpe.com","trainingMode":"WALKING","brightness":82}
{"deviceid":"b81e905908354542","eventtype":"ambientLight","timestamp":1456248477359,"userid":"vincent.planat@hpe.com","trainingMode":"WALKING_DOWN","brightness":49}
{"deviceid":"b81e905908354542","eventtype":"ambientLight","timestamp":1456248469889,"userid":"vincent.planat@hpe.com","trainingMode":"WALKING_DOWN","brightness":37}
{"deviceid":"b81e905908354542","eventtype":"ambientLight","timestamp":1456248450815,"userid":"vincent.planat@hpe.com","trainingMode":"WALKING","brightness":175}
{"deviceid":"b81e905908354542","eventtype":"ambientLight","timestamp":1456248463364,"userid":"vincent.planat@hpe.com","trainingMode":"WALKING_DOWN","brightness":145}
{"deviceid":"b81e905908354542","eventtype":"ambientLight","timestamp":1456248459042,"userid":"vincent.planat@hpe.com","trainingMode":"WALKING_DOWN","brightness":112}
{"deviceid":"b81e905908354542","eventtype":"ambientLight","timestamp":1456248462818,"userid":"vincent.planat@hpe.com","trainingMode":"WALKING_DOWN","brightness":123}
{"deviceid":"b81e905908354542","eventtype":"ambientLight","timestamp":1456248463826,"userid":"vincent.planat@hpe.com","trainingMode":"WALKING_DOWN","brightness":167}
{"deviceid":"b81e905908354542","eventtype":"ambientLight","timestamp":1456248465372,"userid":"vincent.planat@hpe.com","trainingMode":"WALKING_DOWN","brightness":71}
