{"deviceid":"b81e905908354542","eventtype":"ambientLight","timestamp":1456248568953,"userid":"vincent.planat@hpe.com","trainingMode":"WALKING_UP","brightness":59}
{"deviceid":"b81e905908354542","eventtype":"ambientLight","timestamp":1456248599722,"userid":"vincent.planat@hpe.com","trainingMode":"WALKING","brightness":0}
{"deviceid":"b81e905908354542","eventtype":"ambientLight","timestamp":1456248603394,"userid":"vincent.planat@hpe.com","trainingMode":"WALKING","brightness":0}
{"deviceid":"b81e905908354542","eventtype":"ambientLight","timestamp":1456248574971,"userid":"vincent.planat@hpe.com","trainingMode":"WALKING","brightness":80}
{"deviceid":"b81e905908354542","eventtype":"ambientLight","timestamp":1456248595945,"userid":"vincent.planat@hpe.com","trainingMode":"WALKING","brightness":0}
{"deviceid":"b81e905908354542","eventtype":"ambientLight","timestamp":1456248607879,"userid":"vincent.planat@hpe.com","trainingMode":"WALKING","brightness":0}
{"deviceid":"b81e905908354542","eventtype":"ambientLight","timestamp":1456248588930,"userid":"vincent.planat@hpe.com","trainingMode":"WALKING","brightness":0}
{"deviceid":"b81e905908354542","eventtype":"ambientLight","timestamp":1456248589987,"userid":"vincent.planat@hpe.com","trainingMode":"WALKING","brightness":0}
{"deviceid":"b81e905908354542","eventtype":"ambientLight","timestamp":1456248596463,"userid":"vincent.planat@hpe.com","trainingMode":"WALKING","brightness":0}
{"deviceid":"b81e905908354542","eventtype":"ambientLight","timestamp":1456248587550,"userid":"vincent.planat@hpe.com","trainingMode":"WALKING","brightness":6}
{"deviceid":"b81e905908354542","eventtype":"ambientLight","timestamp":1456248572396,"userid":"vincent.planat@hpe.com","trainingMode":"WALKING_UP","brightness":103}
{"deviceid":"b81e905908354542","eventtype":"ambientLight","timestamp":1456248569430,"userid":"vincent.planat@hpe.com","trainingMode":"WALKING_UP","brightness":65}
{"deviceid":"b81e905908354542","eventtype":"ambientLight","timestamp":1456248583945,"userid":"vincent.planat@hpe.com","trainingMode":"WALKING","brightness":13}
{"deviceid":"b81e905908354542","eventtype":"ambientLight","timestamp":1456248577928,"userid":"vincent.planat@hpe.com","trainingMode":"WALKING","brightness":263}
{"deviceid":"b81e905908354542","eventtype":"ambientLight","timestamp":1456248572935,"userid":"vincent.planat@hpe.com","trainingMode":"WALKING_UP","brightness":108}
{"deviceid":"b81e905908354542","eventtype":"ambientLight","timestamp":1456248584430,"userid":"vincent.planat@hpe.com","trainingMode":"WALKING","brightness":16}
{"deviceid":"b81e905908354542","eventtype":"ambientLight","timestamp":1456248594939,"userid":"vincent.planat@hpe.com","trainingMode":"WALKING","brightness":1}
{"deviceid":"b81e905908354542","eventtype":"ambientLight","timestamp":1456248588411,"userid":"vincent.planat@hpe.com","trainingMode":"WALKING","brightness":0}
{"deviceid":"b81e905908354542","eventtype":"ambientLight","timestamp":1456248602422,"userid":"vincent.planat@hpe.com","trainingMode":"WALKING","brightness":0}
{"deviceid":"b81e905908354542","eventtype":"ambientLight","timestamp":1456248602972,"userid":"vincent.planat@hpe.com","trainingMode":"WALKING","brightness":0}
{"deviceid":"b81e905908354542","eventtype":"ambientLight","timestamp":1456248570372,"userid":"vincent.planat@hpe.com","trainingMode":"WALKING_UP","brightness":20}
{"deviceid":"b81e905908354542","eventtype":"ambientLight","timestamp":1456248571374,"userid":"vincent.planat@hpe.com","trainingMode":"WALKING_UP","brightness":23}
{"deviceid":"b81e905908354542","eventtype":"ambientLight","timestamp":1456248600875,"userid":"vincent.planat@hpe.com","trainingMode":"WALKING","brightness":0}
{"deviceid":"b81e905908354542","eventtype":"ambientLight","timestamp":1456248600877,"userid":"vincent.planat@hpe.com","trainingMode":"WALKING","brightness":0}
{"deviceid":"b81e905908354542","eventtype":"ambientLight","timestamp":1456248579506,"userid":"vincent.planat@hpe.com","trainingMode":"WALKING","brightness":52}
{"deviceid":"b81e905908354542","eventtype":"ambientLight","timestamp":1456248581374,"userid":"vincent.planat@hpe.com","trainingMode":"WALKING","brightness":19}
{"deviceid":"b81e905908354542","eventtype":"ambientLight","timestamp":1456248575943,"userid":"vincent.planat@hpe.com","trainingMode":"WALKING","brightness":181}
{"deviceid":"b81e905908354542","eventtype":"ambientLight","timestamp":1456248598388,"userid":"vincent.planat@hpe.com","trainingMode":"WALKING","brightness":0}
{"deviceid":"b81e905908354542","eventtype":"ambientLight","timestamp":1456248588947,"userid":"vincent.planat@hpe.com","trainingMode":"WALKING","brightness":0}
{"deviceid":"b81e905908354542","eventtype":"ambientLight","timestamp":1456248594399,"userid":"vincent.planat@hpe.com","trainingMode":"WALKING","brightness":0}
{"deviceid":"b81e905908354542","eventtype":"ambientLight","timestamp":1456248599705,"userid":"vincent.planat@hpe.com","trainingMode":"WALKING","brightness":0}
{"deviceid":"b81e905908354542","eventtype":"ambientLight","timestamp":1456248607422,"userid":"vincent.planat@hpe.com","trainingMode":"WALKING","brightness":0}
{"deviceid":"b81e905908354542","eventtype":"ambientLight","timestamp":1456248586471,"userid":"vincent.planat@hpe.com","trainingMode":"WALKING","brightness":12}
{"deviceid":"b81e905908354542","eventtype":"ambientLight","timestamp":1456248574053,"userid":"vincent.planat@hpe.com","trainingMode":"WALKING","brightness":38}
{"deviceid":"b81e905908354542","eventtype":"ambientLight","timestamp":1456248589417,"userid":"vincent.planat@hpe.com","trainingMode":"WALKING","brightness":0}
{"deviceid":"b81e905908354542","eventtype":"ambientLight","timestamp":1456248586887,"userid":"vincent.planat@hpe.com","trainingMode":"WALKING","brightness":9}
{"deviceid":"b81e905908354542","eventtype":"ambientLight","timestamp":1456248608896,"userid":"vincent.planat@hpe.com","trainingMode":"WALKING","brightness":0}
{"deviceid":"b81e905908354542","eventtype":"ambientLight","timestamp":1456248579002,"userid":"vincent.planat@hpe.com","trainingMode":"WALKING","brightness":46}
{"deviceid":"b81e905908354542","eventtype":"ambientLight","timestamp":1456248583129,"userid":"vincent.planat@hpe.com","trainingMode":"WALKING","brightness":7}
{"deviceid":"b81e905908354542","eventtype":"ambientLight","timestamp":1456248591930,"userid":"vincent.planat@hpe.com","trainingMode":"WALKING","brightness":0}
{"deviceid":"b81e905908354542","eventtype":"ambientLight","timestamp":1456248572956,"userid":"vincent.planat@hpe.com","trainingMode":"WALKING_UP","brightness":108}
{"deviceid":"b81e905908354542","eventtype":"ambientLight","timestamp":1456248607437,"userid":"vincent.planat@hpe.com","trainingMode":"WALKING","brightness":0}
{"deviceid":"b81e905908354542","eventtype":"ambientLight","timestamp":1456248593528,"userid":"vincent.planat@hpe.com","trainingMode":"WALKING","brightness":0}
{"deviceid":"b81e905908354542","eventtype":"ambientLight","timestamp":1456248581877,"userid":"vincent.planat@hpe.com","trainingMode":"WALKING","brightness":13}
{"deviceid":"b81e905908354542","eventtype":"ambientLight","timestamp":1456248593890,"userid":"vincent.planat@hpe.com","trainingMode":"WALKING","brightness":4}
{"deviceid":"b81e905908354542","eventtype":"ambientLight","timestamp":1456248600528,"userid":"vincent.planat@hpe.com","trainingMode":"WALKING","brightness":0}
{"deviceid":"b81e905908354542","eventtype":"ambientLight","timestamp":1456248591393,"userid":"vincent.planat@hpe.com","trainingMode":"WALKING","brightness":0}
{"deviceid":"b81e905908354542","eventtype":"ambientLight","timestamp":1456248587982,"userid":"vincent.planat@hpe.com","trainingMode":"WALKING","brightness":3}
{"deviceid":"b81e905908354542","eventtype":"ambientLight","timestamp":1456248577397,"userid":"vincent.planat@hpe.com","trainingMode":"WALKING","brightness":199}
{"deviceid":"b81e905908354542","eventtype":"ambientLight","timestamp":1456248570881,"userid":"vincent.planat@hpe.com","trainingMode":"WALKING_UP","brightness":108}
{"deviceid":"b81e905908354542","eventtype":"ambientLight","timestamp":1456248606461,"userid":"vincent.planat@hpe.com","trainingMode":"WALKING","brightness":0}
{"deviceid":"b81e905908354542","eventtype":"ambientLight","timestamp":1456248565542,"userid":"vincent.planat@hpe.com","trainingMode":"WALKING_UP","brightness":21}
{"deviceid":"b81e905908354542","eventtype":"ambientLight","timestamp":1456248600157,"userid":"vincent.planat@hpe.com","trainingMode":"WALKING","brightness":0}
{"deviceid":"b81e905908354542","eventtype":"ambientLight","timestamp":1456248568010,"userid":"vincent.planat@hpe.com","trainingMode":"WALKING_UP","brightness":98}
{"deviceid":"b81e905908354542","eventtype":"ambientLight","timestamp":1456248582266,"userid":"vincent.planat@hpe.com","trainingMode":"WALKING","brightness":13}
{"deviceid":"b81e905908354542","eventtype":"ambientLight","timestamp":1456248598041,"userid":"vincent.planat@hpe.com","trainingMode":"WALKING","brightness":0}
{"deviceid":"b81e905908354542","eventtype":"ambientLight","timestamp":1456248590878,"userid":"vincent.planat@hpe.com","trainingMode":"WALKING","brightness":0}
{"deviceid":"b81e905908354542","eventtype":"ambientLight","timestamp":1456248592948,"userid":"vincent.planat@hpe.com","trainingMode":"WALKING","brightness":3}
{"deviceid":"b81e905908354542","eventtype":"ambientLight","timestamp":1456248605966,"userid":"vincent.planat@hpe.com","trainingMode":"WALKING","brightness":0}
{"deviceid":"b81e905908354542","eventtype":"ambientLight","timestamp":1456248576868,"userid":"vincent.planat@hpe.com","trainingMode":"WALKING","brightness":195}
{"deviceid":"b81e905908354542","eventtype":"ambientLight","timestamp":1456248601941,"userid":"vincent.planat@hpe.com","trainingMode":"WALKING","brightness":1}
{"deviceid":"b81e905908354542","eventtype":"ambientLight","timestamp":1456248574510,"userid":"vincent.planat@hpe.com","trainingMode":"WALKING","brightness":58}
{"deviceid":"b81e905908354542","eventtype":"ambientLight","timestamp":1456248602401,"userid":"vincent.planat@hpe.com","trainingMode":"WALKING","brightness":0}
{"deviceid":"b81e905908354542","eventtype":"ambientLight","timestamp":1456248608441,"userid":"vincent.planat@hpe.com","trainingMode":"WALKING","brightness":0}
{"deviceid":"b81e905908354542","eventtype":"ambientLight","timestamp":1456248605106,"userid":"vincent.planat@hpe.com","trainingMode":"WALKING","brightness":0}
{"deviceid":"b81e905908354542","eventtype":"ambientLight","timestamp":1456248580375,"userid":"vincent.planat@hpe.com","trainingMode":"WALKING","brightness":42}
{"deviceid":"b81e905908354542","eventtype":"ambientLight","timestamp":1456248606474,"userid":"vincent.planat@hpe.com","trainingMode":"WALKING","brightness":0}
{"deviceid":"b81e905908354542","eventtype":"ambientLight","timestamp":1456248575522,"userid":"vincent.planat@hpe.com","trainingMode":"WALKING","brightness":151}
{"deviceid":"b81e905908354542","eventtype":"ambientLight","timestamp":1456248596489,"userid":"vincent.planat@hpe.com","trainingMode":"WALKING","brightness":0}
{"deviceid":"b81e905908354542","eventtype":"ambientLight","timestamp":1456248583535,"userid":"vincent.planat@hpe.com","trainingMode":"WALKING","brightness":9}
{"deviceid":"b81e905908354542","eventtype":"ambientLight","timestamp":1456248600146,"userid":"vincent.planat@hpe.com","trainingMode":"WALKING","brightness":0}
{"deviceid":"b81e905908354542","eventtype":"ambientLight","timestamp":1456248603397,"userid":"vincent.planat@hpe.com","trainingMode":"WALKING","brightness":0}
{"deviceid":"b81e905908354542","eventtype":"ambientLight","timestamp":1456248584454,"userid":"vincent.planat@hpe.com","trainingMode":"WALKING","brightness":16}
{"deviceid":"b81e905908354542","eventtype":"ambientLight","timestamp":1456248599229,"userid":"vincent.planat@hpe.com","trainingMode":"WALKING","brightness":0}
{"deviceid":"b81e905908354542","eventtype":"ambientLight","timestamp":1456248603882,"userid":"vincent.planat@hpe.com","trainingMode":"WALKING","brightness":0}
{"deviceid":"b81e905908354542","eventtype":"ambientLight","timestamp":1456248600510,"userid":"vincent.planat@hpe.com","trainingMode":"WALKING","brightness":0}
{"deviceid":"b81e905908354542","eventtype":"ambientLight","timestamp":1456248599247,"userid":"vincent.planat@hpe.com","trainingMode":"WALKING","brightness":0}
{"deviceid":"b81e905908354542","eventtype":"ambientLight","timestamp":1456248564726,"userid":"vincent.planat@hpe.com","trainingMode":"WALKING_UP","brightness":49}
{"deviceid":"b81e905908354542","eventtype":"ambientLight","timestamp":1456248570897,"userid":"vincent.planat@hpe.com","trainingMode":"WALKING_UP","brightness":108}
{"deviceid":"b81e905908354542","eventtype":"ambientLight","timestamp":1456248592530,"userid":"vincent.planat@hpe.com","trainingMode":"WALKING","brightness":3}
{"deviceid":"b81e905908354542","eventtype":"ambientLight","timestamp":1456248582251,"userid":"vincent.planat@hpe.com","trainingMode":"WALKING","brightness":13}
{"deviceid":"b81e905908354542","eventtype":"ambientLight","timestamp":1456248607881,"userid":"vincent.planat@hpe.com","trainingMode":"WALKING","brightness":0}
{"deviceid":"b81e905908354542","eventtype":"ambientLight","timestamp":1456248608417,"userid":"vincent.planat@hpe.com","trainingMode":"WALKING","brightness":0}
{"deviceid":"b81e905908354542","eventtype":"ambientLight","timestamp":1456248590877,"userid":"vincent.planat@hpe.com","trainingMode":"WALKING","brightness":0}
{"deviceid":"b81e905908354542","eventtype":"ambientLight","timestamp":1456248587592,"userid":"vincent.planat@hpe.com","trainingMode":"WALKING","brightness":6}
{"deviceid":"b81e905908354542","eventtype":"ambientLight","timestamp":1456248594910,"userid":"vincent.planat@hpe.com","trainingMode":"WALKING","brightness":1}
{"deviceid":"b81e905908354542","eventtype":"ambientLight","timestamp":1456248602948,"userid":"vincent.planat@hpe.com","trainingMode":"WALKING","brightness":0}
{"deviceid":"b81e905908354542","eventtype":"ambientLight","timestamp":1456248565567,"userid":"vincent.planat@hpe.com","trainingMode":"WALKING_UP","brightness":21}
{"deviceid":"b81e905908354542","eventtype":"ambientLight","timestamp":1456248566863,"userid":"vincent.planat@hpe.com","trainingMode":"WALKING_UP","brightness":40}
{"deviceid":"b81e905908354542","eventtype":"ambientLight","timestamp":1456248593882,"userid":"vincent.planat@hpe.com","trainingMode":"WALKING","brightness":4}
{"deviceid":"b81e905908354542","eventtype":"ambientLight","timestamp":1456248565976,"userid":"vincent.planat@hpe.com","trainingMode":"WALKING_UP","brightness":27}
{"deviceid":"b81e905908354542","eventtype":"ambientLight","timestamp":1456248601383,"userid":"vincent.planat@hpe.com","trainingMode":"WALKING","brightness":0}
{"deviceid":"b81e905908354542","eventtype":"ambientLight","timestamp":1456248572409,"userid":"vincent.planat@hpe.com","trainingMode":"WALKING_UP","brightness":103}
{"deviceid":"b81e905908354542","eventtype":"ambientLight","timestamp":1456248578439,"userid":"vincent.planat@hpe.com","trainingMode":"WALKING","brightness":145}
{"deviceid":"b81e905908354542","eventtype":"ambientLight","timestamp":1456248567614,"userid":"vincent.planat@hpe.com","trainingMode":"WALKING_UP","brightness":111}
{"deviceid":"b81e905908354542","eventtype":"ambientLight","timestamp":1456248583553,"userid":"vincent.planat@hpe.com","trainingMode":"WALKING","brightness":9}
{"deviceid":"b81e905908354542","eventtype":"ambientLight","timestamp":1456248586897,"userid":"vincent.planat@hpe.com","trainingMode":"WALKING","brightness":9}
{"deviceid":"b81e905908354542","eventtype":"ambientLight","timestamp":1456248569971,"userid":"vincent.planat@hpe.com","trainingMode":"WALKING_UP","brightness":83}
{"deviceid":"b81e905908354542","eventtype":"ambientLight","timestamp":1456248566373,"userid":"vincent.planat@hpe.com","trainingMode":"WALKING_UP","brightness":21}
{"deviceid":"b81e905908354542","eventtype":"ambientLight","timestamp":1456248585937,"userid":"vincent.planat@hpe.com","trainingMode":"WALKING","brightness":15}
{"deviceid":"b81e905908354542","eventtype":"ambientLight","timestamp":1456248595930,"userid":"vincent.planat@hpe.com","trainingMode":"WALKING","brightness":0}
{"deviceid":"b81e905908354542","eventtype":"ambientLight","timestamp":1456248571380,"userid":"vincent.planat@hpe.com","trainingMode":"WALKING_UP","brightness":23}
{"deviceid":"b81e905908354542","eventtype":"ambientLight","timestamp":1456248598012,"userid":"vincent.planat@hpe.com","trainingMode":"WALKING","brightness":0}
{"deviceid":"b81e905908354542","eventtype":"ambientLight","timestamp":1456248582751,"userid":"vincent.planat@hpe.com","trainingMode":"WALKING","brightness":12}
{"deviceid":"b81e905908354542","eventtype":"ambientLight","timestamp":1456248605091,"userid":"vincent.planat@hpe.com","trainingMode":"WALKING","brightness":0}
{"deviceid":"b81e905908354542","eventtype":"ambientLight","timestamp":1456248579461,"userid":"vincent.planat@hpe.com","trainingMode":"WALKING","brightness":52}
{"deviceid":"b81e905908354542","eventtype":"ambientLight","timestamp":1456248596886,"userid":"vincent.planat@hpe.com","trainingMode":"WALKING","brightness":0}
{"deviceid":"b81e905908354542","eventtype":"ambientLight","timestamp":1456248574535,"userid":"vincent.planat@hpe.com","trainingMode":"WALKING","brightness":58}
{"deviceid":"b81e905908354542","eventtype":"ambientLight","timestamp":1456248601405,"userid":"vincent.planat@hpe.com","trainingMode":"WALKING","brightness":0}
{"deviceid":"b81e905908354542","eventtype":"ambientLight","timestamp":1456248581356,"userid":"vincent.planat@hpe.com","trainingMode":"WALKING","brightness":19}
{"deviceid":"b81e905908354542","eventtype":"ambientLight","timestamp":1456248566374,"userid":"vincent.planat@hpe.com","trainingMode":"WALKING_UP","brightness":21}
{"deviceid":"b81e905908354542","eventtype":"ambientLight","timestamp":1456248584950,"userid":"vincent.planat@hpe.com","trainingMode":"WALKING","brightness":13}
{"deviceid":"b81e905908354542","eventtype":"ambientLight","timestamp":1456248596888,"userid":"vincent.planat@hpe.com","trainingMode":"WALKING","brightness":0}
{"deviceid":"b81e905908354542","eventtype":"ambientLight","timestamp":1456248605639,"userid":"vincent.planat@hpe.com","trainingMode":"WALKING","brightness":0}
{"deviceid":"b81e905908354542","eventtype":"ambientLight","timestamp":1456248589447,"userid":"vincent.planat@hpe.com","trainingMode":"WALKING","brightness":0}
{"deviceid":"b81e905908354542","eventtype":"ambientLight","timestamp":1456248604741,"userid":"vincent.planat@hpe.com","trainingMode":"WALKING","brightness":0}
{"deviceid":"b81e905908354542","eventtype":"ambientLight","timestamp":1456248574074,"userid":"vincent.planat@hpe.com","trainingMode":"WALKING","brightness":38}
{"deviceid":"b81e905908354542","eventtype":"ambientLight","timestamp":1456248590386,"userid":"vincent.planat@hpe.com","trainingMode":"WALKING","brightness":0}
{"deviceid":"b81e905908354542","eventtype":"ambientLight","timestamp":1456248565123,"userid":"vincent.planat@hpe.com","trainingMode":"WALKING_UP","brightness":44}
{"deviceid":"b81e905908354542","eventtype":"ambientLight","timestamp":1456248585394,"userid":"vincent.planat@hpe.com","trainingMode":"WALKING","brightness":16}
{"deviceid":"b81e905908354542","eventtype":"ambientLight","timestamp":1456248579961,"userid":"vincent.planat@hpe.com","trainingMode":"WALKING","brightness":37}
{"deviceid":"b81e905908354542","eventtype":"ambientLight","timestamp":1456248581889,"userid":"vincent.planat@hpe.com","trainingMode":"WALKING","brightness":13}
{"deviceid":"b81e905908354542","eventtype":"ambientLight","timestamp":1456248598885,"userid":"vincent.planat@hpe.com","trainingMode":"WALKING","brightness":0}
{"deviceid":"b81e905908354542","eventtype":"ambientLight","timestamp":1456248585962,"userid":"vincent.planat@hpe.com","trainingMode":"WALKING","brightness":15}
{"deviceid":"b81e905908354542","eventtype":"ambientLight","timestamp":1456248598867,"userid":"vincent.planat@hpe.com","trainingMode":"WALKING","brightness":0}
{"deviceid":"b81e905908354542","eventtype":"ambientLight","timestamp":1456248588462,"userid":"vincent.planat@hpe.com","trainingMode":"WALKING","brightness":0}
{"deviceid":"b81e905908354542","eventtype":"ambientLight","timestamp":1456248576433,"userid":"vincent.planat@hpe.com","trainingMode":"WALKING","brightness":229}
{"deviceid":"b81e905908354542","eventtype":"ambientLight","timestamp":1456248565963,"userid":"vincent.planat@hpe.com","trainingMode":"WALKING_UP","brightness":27}
{"deviceid":"b81e905908354542","eventtype":"ambientLight","timestamp":1456248582738,"userid":"vincent.planat@hpe.com","trainingMode":"WALKING","brightness":12}
{"deviceid":"b81e905908354542","eventtype":"ambientLight","timestamp":1456248584936,"userid":"vincent.planat@hpe.com","trainingMode":"WALKING","brightness":13}
{"deviceid":"b81e905908354542","eventtype":"ambientLight","timestamp":1456248577384,"userid":"vincent.planat@hpe.com","trainingMode":"WALKING","brightness":199}
{"deviceid":"b81e905908354542","eventtype":"ambientLight","timestamp":1456248595438,"userid":"vincent.planat@hpe.com","trainingMode":"WALKING","brightness":7}
{"deviceid":"b81e905908354542","eventtype":"ambientLight","timestamp":1456248592975,"userid":"vincent.planat@hpe.com","trainingMode":"WALKING","brightness":3}
{"deviceid":"b81e905908354542","eventtype":"ambientLight","timestamp":1456248598372,"userid":"vincent.planat@hpe.com","trainingMode":"WALKING","brightness":0}
{"deviceid":"b81e905908354542","eventtype":"ambientLight","timestamp":1456248601920,"userid":"vincent.planat@hpe.com","trainingMode":"WALKING","brightness":1}
{"deviceid":"b81e905908354542","eventtype":"ambientLight","timestamp":1456248608907,"userid":"vincent.planat@hpe.com","trainingMode":"WALKING","brightness":0}
{"deviceid":"b81e905908354542","eventtype":"ambientLight","timestamp":1456248583928,"userid":"vincent.planat@hpe.com","trainingMode":"WALKING","brightness":13}
{"deviceid":"b81e905908354542","eventtype":"ambientLight","timestamp":1456248569412,"userid":"vincent.planat@hpe.com","trainingMode":"WALKING_UP","brightness":65}
{"deviceid":"b81e905908354542","eventtype":"ambientLight","timestamp":1456248591966,"userid":"vincent.planat@hpe.com","trainingMode":"WALKING","brightness":0}
{"deviceid":"b81e905908354542","eventtype":"ambientLight","timestamp":1456248591393,"userid":"vincent.planat@hpe.com","trainingMode":"WALKING","brightness":0}
{"deviceid":"b81e905908354542","eventtype":"ambientLight","timestamp":1456248586456,"userid":"vincent.planat@hpe.com","trainingMode":"WALKING","brightness":12}
{"deviceid":"b81e905908354542","eventtype":"ambientLight","timestamp":1456248564740,"userid":"vincent.planat@hpe.com","trainingMode":"WALKING_UP","brightness":49}
{"deviceid":"b81e905908354542","eventtype":"ambientLight","timestamp":1456248566865,"userid":"vincent.planat@hpe.com","trainingMode":"WALKING_UP","brightness":40}
{"deviceid":"b81e905908354542","eventtype":"ambientLight","timestamp":1456248595449,"userid":"vincent.planat@hpe.com","trainingMode":"WALKING","brightness":7}
{"deviceid":"b81e905908354542","eventtype":"ambientLight","timestamp":1456248589972,"userid":"vincent.planat@hpe.com","trainingMode":"WALKING","brightness":0}
{"deviceid":"b81e905908354542","eventtype":"ambientLight","timestamp":1456248604726,"userid":"vincent.planat@hpe.com","trainingMode":"WALKING","brightness":0}
{"deviceid":"b81e905908354542","eventtype":"ambientLight","timestamp":1456248576870,"userid":"vincent.planat@hpe.com","trainingMode":"WALKING","brightness":195}
{"deviceid":"b81e905908354542","eventtype":"ambientLight","timestamp":1456248568504,"userid":"vincent.planat@hpe.com","trainingMode":"WALKING_UP","brightness":132}
{"deviceid":"b81e905908354542","eventtype":"ambientLight","timestamp":1456248569955,"userid":"vincent.planat@hpe.com","trainingMode":"WALKING_UP","brightness":83}
{"deviceid":"b81e905908354542","eventtype":"ambientLight","timestamp":1456248568970,"userid":"vincent.planat@hpe.com","trainingMode":"WALKING_UP","brightness":59}
{"deviceid":"b81e905908354542","eventtype":"ambientLight","timestamp":1456248568520,"userid":"vincent.planat@hpe.com","trainingMode":"WALKING_UP","brightness":132}
{"deviceid":"b81e905908354542","eventtype":"ambientLight","timestamp":1456248574956,"userid":"vincent.planat@hpe.com","trainingMode":"WALKING","brightness":80}
{"deviceid":"b81e905908354542","eventtype":"ambientLight","timestamp":1456248575958,"userid":"vincent.planat@hpe.com","trainingMode":"WALKING","brightness":181}
{"deviceid":"b81e905908354542","eventtype":"ambientLight","timestamp":1456248587933,"userid":"vincent.planat@hpe.com","trainingMode":"WALKING","brightness":3}
{"deviceid":"b81e905908354542","eventtype":"ambientLight","timestamp":1456248593506,"userid":"vincent.planat@hpe.com","trainingMode":"WALKING","brightness":0}
{"deviceid":"b81e905908354542","eventtype":"ambientLight","timestamp":1456248580375,"userid":"vincent.planat@hpe.com","trainingMode":"WALKING","brightness":42}
{"deviceid":"b81e905908354542","eventtype":"ambientLight","timestamp":1456248605623,"userid":"vincent.planat@hpe.com","trainingMode":"WALKING","brightness":0}
{"deviceid":"b81e905908354542","eventtype":"ambientLight","timestamp":1456248578409,"userid":"vincent.planat@hpe.com","trainingMode":"WALKING","brightness":145}
{"deviceid":"b81e905908354542","eventtype":"ambientLight","timestamp":1456248579946,"userid":"vincent.planat@hpe.com","trainingMode":"WALKING","brightness":37}
{"deviceid":"b81e905908354542","eventtype":"ambientLight","timestamp":1456248567994,"userid":"vincent.planat@hpe.com","trainingMode":"WALKING_UP","brightness":98}
{"deviceid":"b81e905908354542","eventtype":"ambientLight","timestamp":1456248575534,"userid":"vincent.planat@hpe.com","trainingMode":"WALKING","brightness":151}
{"deviceid":"b81e905908354542","eventtype":"ambientLight","timestamp":1456248576418,"userid":"vincent.planat@hpe.com","trainingMode":"WALKING","brightness":229}
{"deviceid":"b81e905908354542","eventtype":"ambientLight","timestamp":1456248579049,"userid":"vincent.planat@hpe.com","trainingMode":"WALKING","brightness":46}
{"deviceid":"b81e905908354542","eventtype":"ambientLight","timestamp":1456248585409,"userid":"vincent.planat@hpe.com","trainingMode":"WALKING","brightness":16}
{"deviceid":"b81e905908354542","eventtype":"ambientLight","timestamp":1456248573378,"userid":"vincent.planat@hpe.com","trainingMode":"WALKING_UP","brightness":22}
{"deviceid":"b81e905908354542","eventtype":"ambientLight","timestamp":1456248567598,"userid":"vincent.planat@hpe.com","trainingMode":"WALKING_UP","brightness":111}
{"deviceid":"b81e905908354542","eventtype":"ambientLight","timestamp":1456248590378,"userid":"vincent.planat@hpe.com","trainingMode":"WALKING","brightness":0}
{"deviceid":"b81e905908354542","eventtype":"ambientLight","timestamp":1456248605982,"userid":"vincent.planat@hpe.com","trainingMode":"WALKING","brightness":0}
{"deviceid":"b81e905908354542","eventtype":"ambientLight","timestamp":1456248577942,"userid":"vincent.planat@hpe.com","trainingMode":"WALKING","brightness":263}
{"deviceid":"b81e905908354542","eventtype":"ambientLight","timestamp":1456248603885,"userid":"vincent.planat@hpe.com","trainingMode":"WALKING","brightness":0}
{"deviceid":"b81e905908354542","eventtype":"ambientLight","timestamp":1456248573380,"userid":"vincent.planat@hpe.com","trainingMode":"WALKING_UP","brightness":22}
{"deviceid":"b81e905908354542","eventtype":"ambientLight","timestamp":1456248583145,"userid":"vincent.planat@hpe.com","trainingMode":"WALKING","brightness":7}
{"deviceid":"b81e905908354542","eventtype":"ambientLight","timestamp":1456248606897,"userid":"vincent.planat@hpe.com","trainingMode":"WALKING","brightness":0}
{"deviceid":"b81e905908354542","eventtype":"ambientLight","timestamp":1456248565136,"userid":"vincent.planat@hpe.com","trainingMode":"WALKING_UP","brightness":44}
{"deviceid":"b81e905908354542","eventtype":"ambientLight","timestamp":1456248594403,"userid":"vincent.planat@hpe.com","trainingMode":"WALKING","brightness":0}
{"deviceid":"b81e905908354542","eventtype":"ambientLight","timestamp":1456248570371,"userid":"vincent.planat@hpe.com","trainingMode":"WALKING_UP","brightness":20}
{"deviceid":"b81e905908354542","eventtype":"ambientLight","timestamp":1456248571902,"userid":"vincent.planat@hpe.com","trainingMode":"WALKING_UP","brightness":64}
{"deviceid":"b81e905908354542","eventtype":"ambientLight","timestamp":1456248606894,"userid":"vincent.planat@hpe.com","trainingMode":"WALKING","brightness":0}
{"deviceid":"b81e905908354542","eventtype":"ambientLight","timestamp":1456248571925,"userid":"vincent.planat@hpe.com","trainingMode":"WALKING_UP","brightness":64}
{"deviceid":"b81e905908354542","eventtype":"ambientLight","timestamp":1456248592515,"userid":"vincent.planat@hpe.com","trainingMode":"WALKING","brightness":3}
