{"deviceid":"b81e905908354542","eventtype":"distance","timestamp":1456248165588,"userid":"vincent.planat@hpe.com","trainingMode":"WALKING","currentMotion":2,"pace":689.0,"speed":145.0,"totalDistance":2822406}
{"deviceid":"b81e905908354542","eventtype":"distance","timestamp":1456248160947,"userid":"vincent.planat@hpe.com","trainingMode":"WALKING","currentMotion":2,"pace":689.0,"speed":145.0,"totalDistance":2821652}
{"deviceid":"b81e905908354542","eventtype":"distance","timestamp":1456248152232,"userid":"vincent.planat@hpe.com","trainingMode":"WALKING","currentMotion":2,"pace":699.0,"speed":143.0,"totalDistance":2820322}
{"deviceid":"b81e905908354542","eventtype":"distance","timestamp":1456248156450,"userid":"vincent.planat@hpe.com","trainingMode":"WALKING","currentMotion":2,"pace":689.0,"speed":145.0,"totalDistance":2820922}
{"deviceid":"b81e905908354542","eventtype":"distance","timestamp":1456248179629,"userid":"vincent.planat@hpe.com","trainingMode":"WALKING","currentMotion":2,"pace":719.0,"speed":139.0,"totalDistance":2824356}
{"deviceid":"b81e905908354542","eventtype":"distance","timestamp":1456248145365,"userid":"vincent.planat@hpe.com","trainingMode":"WALKING","currentMotion":2,"pace":704.0,"speed":142.0,"totalDistance":2819430}
{"deviceid":"b81e905908354542","eventtype":"distance","timestamp":1456248177060,"userid":"vincent.planat@hpe.com","trainingMode":"WALKING","currentMotion":2,"pace":680.0,"speed":147.0,"totalDistance":2824068}
{"deviceid":"b81e905908354542","eventtype":"distance","timestamp":1456248171539,"userid":"vincent.planat@hpe.com","trainingMode":"WALKING","currentMotion":2,"pace":680.0,"speed":147.0,"totalDistance":2823322}
{"deviceid":"b81e905908354542","eventtype":"distance","timestamp":1456248186729,"userid":"vincent.planat@hpe.com","trainingMode":"WALKING","currentMotion":2,"pace":769.0,"speed":130.0,"totalDistance":2825378}
{"deviceid":"b81e905908354542","eventtype":"distance","timestamp":1456248186743,"userid":"vincent.planat@hpe.com","trainingMode":"WALKING","currentMotion":2,"pace":769.0,"speed":130.0,"totalDistance":2825378}
{"deviceid":"b81e905908354542","eventtype":"distance","timestamp":1456248187742,"userid":"vincent.planat@hpe.com","trainingMode":"WALKING","currentMotion":2,"pace":769.0,"speed":130.0,"totalDistance":2825524}
{"deviceid":"b81e905908354542","eventtype":"distance","timestamp":1456248165604,"userid":"vincent.planat@hpe.com","trainingMode":"WALKING","currentMotion":2,"pace":689.0,"speed":145.0,"totalDistance":2822406}
{"deviceid":"b81e905908354542","eventtype":"distance","timestamp":1456248153879,"userid":"vincent.planat@hpe.com","trainingMode":"WALKING","currentMotion":2,"pace":694.0,"speed":144.0,"totalDistance":2820622}
{"deviceid":"b81e905908354542","eventtype":"distance","timestamp":1456248185722,"userid":"vincent.planat@hpe.com","trainingMode":"WALKING","currentMotion":2,"pace":769.0,"speed":130.0,"totalDistance":2825232}
{"deviceid":"b81e905908354542","eventtype":"distance","timestamp":1456248161812,"userid":"vincent.planat@hpe.com","trainingMode":"WALKING","currentMotion":2,"pace":689.0,"speed":145.0,"totalDistance":2821806}
{"deviceid":"b81e905908354542","eventtype":"distance","timestamp":1456248183733,"userid":"vincent.planat@hpe.com","trainingMode":"WALKING","currentMotion":2,"pace":757.0,"speed":132.0,"totalDistance":2824940}
{"deviceid":"b81e905908354542","eventtype":"distance","timestamp":1456248148373,"userid":"vincent.planat@hpe.com","trainingMode":"WALKING","currentMotion":2,"pace":699.0,"speed":143.0,"totalDistance":2819876}
{"deviceid":"b81e905908354542","eventtype":"distance","timestamp":1456248143303,"userid":"vincent.planat@hpe.com","trainingMode":"WALKING","currentMotion":2,"pace":714.0,"speed":140.0,"totalDistance":2819138}
{"deviceid":"b81e905908354542","eventtype":"distance","timestamp":1456248178652,"userid":"vincent.planat@hpe.com","trainingMode":"WALKING","currentMotion":2,"pace":704.0,"speed":142.0,"totalDistance":2824210}
{"deviceid":"b81e905908354542","eventtype":"distance","timestamp":1456248172675,"userid":"vincent.planat@hpe.com","trainingMode":"WALKING","currentMotion":2,"pace":680.0,"speed":147.0,"totalDistance":2823476}
{"deviceid":"b81e905908354542","eventtype":"distance","timestamp":1456248181606,"userid":"vincent.planat@hpe.com","trainingMode":"WALKING","currentMotion":2,"pace":746.0,"speed":134.0,"totalDistance":2824648}
{"deviceid":"b81e905908354542","eventtype":"distance","timestamp":1456248146380,"userid":"vincent.planat@hpe.com","trainingMode":"WALKING","currentMotion":2,"pace":699.0,"speed":143.0,"totalDistance":2819584}
{"deviceid":"b81e905908354542","eventtype":"distance","timestamp":1456248146362,"userid":"vincent.planat@hpe.com","trainingMode":"WALKING","currentMotion":2,"pace":699.0,"speed":143.0,"totalDistance":2819584}
{"deviceid":"b81e905908354542","eventtype":"distance","timestamp":1456248183745,"userid":"vincent.planat@hpe.com","trainingMode":"WALKING","currentMotion":2,"pace":757.0,"speed":132.0,"totalDistance":2824940}
{"deviceid":"b81e905908354542","eventtype":"distance","timestamp":1456248154750,"userid":"vincent.planat@hpe.com","trainingMode":"WALKING","currentMotion":2,"pace":694.0,"speed":144.0,"totalDistance":2820768}
{"deviceid":"b81e905908354542","eventtype":"distance","timestamp":1456248173533,"userid":"vincent.planat@hpe.com","trainingMode":"WALKING","currentMotion":2,"pace":680.0,"speed":147.0,"totalDistance":2823622}
{"deviceid":"b81e905908354542","eventtype":"distance","timestamp":1456248163817,"userid":"vincent.planat@hpe.com","trainingMode":"WALKING","currentMotion":2,"pace":689.0,"speed":145.0,"totalDistance":2822114}
{"deviceid":"b81e905908354542","eventtype":"distance","timestamp":1456248157342,"userid":"vincent.planat@hpe.com","trainingMode":"WALKING","currentMotion":2,"pace":689.0,"speed":145.0,"totalDistance":2821068}
{"deviceid":"b81e905908354542","eventtype":"distance","timestamp":1456248176230,"userid":"vincent.planat@hpe.com","trainingMode":"WALKING","currentMotion":2,"pace":680.0,"speed":147.0,"totalDistance":2823922}
{"deviceid":"b81e905908354542","eventtype":"distance","timestamp":1456248176201,"userid":"vincent.planat@hpe.com","trainingMode":"WALKING","currentMotion":2,"pace":680.0,"speed":147.0,"totalDistance":2823922}
{"deviceid":"b81e905908354542","eventtype":"distance","timestamp":1456248171557,"userid":"vincent.planat@hpe.com","trainingMode":"WALKING","currentMotion":2,"pace":680.0,"speed":147.0,"totalDistance":2823322}
{"deviceid":"b81e905908354542","eventtype":"distance","timestamp":1456248169865,"userid":"vincent.planat@hpe.com","trainingMode":"WALKING","currentMotion":2,"pace":680.0,"speed":147.0,"totalDistance":2823022}
{"deviceid":"b81e905908354542","eventtype":"distance","timestamp":1456248143292,"userid":"vincent.planat@hpe.com","trainingMode":"WALKING","currentMotion":2,"pace":714.0,"speed":140.0,"totalDistance":2819138}
{"deviceid":"b81e905908354542","eventtype":"distance","timestamp":1456248148353,"userid":"vincent.planat@hpe.com","trainingMode":"WALKING","currentMotion":2,"pace":699.0,"speed":143.0,"totalDistance":2819876}
{"deviceid":"b81e905908354542","eventtype":"distance","timestamp":1456248177046,"userid":"vincent.planat@hpe.com","trainingMode":"WALKING","currentMotion":2,"pace":680.0,"speed":147.0,"totalDistance":2824068}
{"deviceid":"b81e905908354542","eventtype":"distance","timestamp":1456248167561,"userid":"vincent.planat@hpe.com","trainingMode":"WALKING","currentMotion":2,"pace":684.0,"speed":146.0,"totalDistance":2822714}
{"deviceid":"b81e905908354542","eventtype":"distance","timestamp":1456248144313,"userid":"vincent.planat@hpe.com","trainingMode":"WALKING","currentMotion":2,"pace":709.0,"speed":141.0,"totalDistance":2819284}
{"deviceid":"b81e905908354542","eventtype":"distance","timestamp":1456248184685,"userid":"vincent.planat@hpe.com","trainingMode":"WALKING","currentMotion":2,"pace":763.0,"speed":131.0,"totalDistance":2825086}
{"deviceid":"b81e905908354542","eventtype":"distance","timestamp":1456248152218,"userid":"vincent.planat@hpe.com","trainingMode":"WALKING","currentMotion":2,"pace":699.0,"speed":143.0,"totalDistance":2820322}
{"deviceid":"b81e905908354542","eventtype":"distance","timestamp":1456248151075,"userid":"vincent.planat@hpe.com","trainingMode":"WALKING","currentMotion":2,"pace":699.0,"speed":143.0,"totalDistance":2820168}
{"deviceid":"b81e905908354542","eventtype":"distance","timestamp":1456248153865,"userid":"vincent.planat@hpe.com","trainingMode":"WALKING","currentMotion":2,"pace":694.0,"speed":144.0,"totalDistance":2820622}
{"deviceid":"b81e905908354542","eventtype":"distance","timestamp":1456248164739,"userid":"vincent.planat@hpe.com","trainingMode":"WALKING","currentMotion":2,"pace":689.0,"speed":145.0,"totalDistance":2822260}
{"deviceid":"b81e905908354542","eventtype":"distance","timestamp":1456248164719,"userid":"vincent.planat@hpe.com","trainingMode":"WALKING","currentMotion":2,"pace":689.0,"speed":145.0,"totalDistance":2822260}
{"deviceid":"b81e905908354542","eventtype":"distance","timestamp":1456248142445,"userid":"vincent.planat@hpe.com","trainingMode":"WALKING","currentMotion":2,"pace":724.0,"speed":138.0,"totalDistance":2818992}
{"deviceid":"b81e905908354542","eventtype":"distance","timestamp":1456248170721,"userid":"vincent.planat@hpe.com","trainingMode":"WALKING","currentMotion":2,"pace":680.0,"speed":147.0,"totalDistance":2823168}
{"deviceid":"b81e905908354542","eventtype":"distance","timestamp":1456248144312,"userid":"vincent.planat@hpe.com","trainingMode":"WALKING","currentMotion":2,"pace":709.0,"speed":141.0,"totalDistance":2819284}
{"deviceid":"b81e905908354542","eventtype":"distance","timestamp":1456248180614,"userid":"vincent.planat@hpe.com","trainingMode":"WALKING","currentMotion":2,"pace":735.0,"speed":136.0,"totalDistance":2824502}
{"deviceid":"b81e905908354542","eventtype":"distance","timestamp":1456248185740,"userid":"vincent.planat@hpe.com","trainingMode":"WALKING","currentMotion":2,"pace":769.0,"speed":130.0,"totalDistance":2825232}
{"deviceid":"b81e905908354542","eventtype":"distance","timestamp":1456248152976,"userid":"vincent.planat@hpe.com","trainingMode":"WALKING","currentMotion":2,"pace":699.0,"speed":143.0,"totalDistance":2820468}
{"deviceid":"b81e905908354542","eventtype":"distance","timestamp":1456248163803,"userid":"vincent.planat@hpe.com","trainingMode":"WALKING","currentMotion":2,"pace":689.0,"speed":145.0,"totalDistance":2822114}
{"deviceid":"b81e905908354542","eventtype":"distance","timestamp":1456248150163,"userid":"vincent.planat@hpe.com","trainingMode":"WALKING","currentMotion":2,"pace":699.0,"speed":143.0,"totalDistance":2820022}
{"deviceid":"b81e905908354542","eventtype":"distance","timestamp":1456248163009,"userid":"vincent.planat@hpe.com","trainingMode":"WALKING","currentMotion":2,"pace":689.0,"speed":145.0,"totalDistance":2821960}
{"deviceid":"b81e905908354542","eventtype":"distance","timestamp":1456248152990,"userid":"vincent.planat@hpe.com","trainingMode":"WALKING","currentMotion":2,"pace":699.0,"speed":143.0,"totalDistance":2820468}
{"deviceid":"b81e905908354542","eventtype":"distance","timestamp":1456248161830,"userid":"vincent.planat@hpe.com","trainingMode":"WALKING","currentMotion":2,"pace":689.0,"speed":145.0,"totalDistance":2821806}
{"deviceid":"b81e905908354542","eventtype":"distance","timestamp":1456248167542,"userid":"vincent.planat@hpe.com","trainingMode":"WALKING","currentMotion":2,"pace":684.0,"speed":146.0,"totalDistance":2822714}
{"deviceid":"b81e905908354542","eventtype":"distance","timestamp":1456248160151,"userid":"vincent.planat@hpe.com","trainingMode":"WALKING","currentMotion":2,"pace":689.0,"speed":145.0,"totalDistance":2821506}
{"deviceid":"b81e905908354542","eventtype":"distance","timestamp":1456248151094,"userid":"vincent.planat@hpe.com","trainingMode":"WALKING","currentMotion":2,"pace":699.0,"speed":143.0,"totalDistance":2820168}
{"deviceid":"b81e905908354542","eventtype":"distance","timestamp":1456248158225,"userid":"vincent.planat@hpe.com","trainingMode":"WALKING","currentMotion":2,"pace":689.0,"speed":145.0,"totalDistance":2821214}
{"deviceid":"b81e905908354542","eventtype":"distance","timestamp":1456248158207,"userid":"vincent.planat@hpe.com","trainingMode":"WALKING","currentMotion":2,"pace":689.0,"speed":145.0,"totalDistance":2821214}
{"deviceid":"b81e905908354542","eventtype":"distance","timestamp":1456248182819,"userid":"vincent.planat@hpe.com","trainingMode":"WALKING","currentMotion":2,"pace":751.0,"speed":133.0,"totalDistance":2824794}
{"deviceid":"b81e905908354542","eventtype":"distance","timestamp":1456248145383,"userid":"vincent.planat@hpe.com","trainingMode":"WALKING","currentMotion":2,"pace":704.0,"speed":142.0,"totalDistance":2819430}
{"deviceid":"b81e905908354542","eventtype":"distance","timestamp":1456248174595,"userid":"vincent.planat@hpe.com","trainingMode":"WALKING","currentMotion":2,"pace":680.0,"speed":147.0,"totalDistance":2823776}
{"deviceid":"b81e905908354542","eventtype":"distance","timestamp":1456248160163,"userid":"vincent.planat@hpe.com","trainingMode":"WALKING","currentMotion":2,"pace":689.0,"speed":145.0,"totalDistance":2821506}
{"deviceid":"b81e905908354542","eventtype":"distance","timestamp":1456248187723,"userid":"vincent.planat@hpe.com","trainingMode":"WALKING","currentMotion":2,"pace":769.0,"speed":130.0,"totalDistance":2825524}
{"deviceid":"b81e905908354542","eventtype":"distance","timestamp":1456248160965,"userid":"vincent.planat@hpe.com","trainingMode":"WALKING","currentMotion":2,"pace":689.0,"speed":145.0,"totalDistance":2821652}
{"deviceid":"b81e905908354542","eventtype":"distance","timestamp":1456248166515,"userid":"vincent.planat@hpe.com","trainingMode":"WALKING","currentMotion":2,"pace":689.0,"speed":145.0,"totalDistance":2822560}
{"deviceid":"b81e905908354542","eventtype":"distance","timestamp":1456248174614,"userid":"vincent.planat@hpe.com","trainingMode":"WALKING","currentMotion":2,"pace":680.0,"speed":147.0,"totalDistance":2823776}
{"deviceid":"b81e905908354542","eventtype":"distance","timestamp":1456248166500,"userid":"vincent.planat@hpe.com","trainingMode":"WALKING","currentMotion":2,"pace":689.0,"speed":145.0,"totalDistance":2822560}
{"deviceid":"b81e905908354542","eventtype":"distance","timestamp":1456248147408,"userid":"vincent.planat@hpe.com","trainingMode":"WALKING","currentMotion":2,"pace":699.0,"speed":143.0,"totalDistance":2819730}
{"deviceid":"b81e905908354542","eventtype":"distance","timestamp":1456248180629,"userid":"vincent.planat@hpe.com","trainingMode":"WALKING","currentMotion":2,"pace":735.0,"speed":136.0,"totalDistance":2824502}
{"deviceid":"b81e905908354542","eventtype":"distance","timestamp":1456248159108,"userid":"vincent.planat@hpe.com","trainingMode":"WALKING","currentMotion":2,"pace":689.0,"speed":145.0,"totalDistance":2821360}
{"deviceid":"b81e905908354542","eventtype":"distance","timestamp":1456248154739,"userid":"vincent.planat@hpe.com","trainingMode":"WALKING","currentMotion":2,"pace":694.0,"speed":144.0,"totalDistance":2820768}
{"deviceid":"b81e905908354542","eventtype":"distance","timestamp":1456248178668,"userid":"vincent.planat@hpe.com","trainingMode":"WALKING","currentMotion":2,"pace":704.0,"speed":142.0,"totalDistance":2824210}
{"deviceid":"b81e905908354542","eventtype":"distance","timestamp":1456248179615,"userid":"vincent.planat@hpe.com","trainingMode":"WALKING","currentMotion":2,"pace":719.0,"speed":139.0,"totalDistance":2824356}
{"deviceid":"b81e905908354542","eventtype":"distance","timestamp":1456248162988,"userid":"vincent.planat@hpe.com","trainingMode":"WALKING","currentMotion":2,"pace":689.0,"speed":145.0,"totalDistance":2821960}
{"deviceid":"b81e905908354542","eventtype":"distance","timestamp":1456248181598,"userid":"vincent.planat@hpe.com","trainingMode":"WALKING","currentMotion":2,"pace":746.0,"speed":134.0,"totalDistance":2824648}
{"deviceid":"b81e905908354542","eventtype":"distance","timestamp":1456248170741,"userid":"vincent.planat@hpe.com","trainingMode":"WALKING","currentMotion":2,"pace":680.0,"speed":147.0,"totalDistance":2823168}
{"deviceid":"b81e905908354542","eventtype":"distance","timestamp":1456248182843,"userid":"vincent.planat@hpe.com","trainingMode":"WALKING","currentMotion":2,"pace":751.0,"speed":133.0,"totalDistance":2824794}
{"deviceid":"b81e905908354542","eventtype":"distance","timestamp":1456248169881,"userid":"vincent.planat@hpe.com","trainingMode":"WALKING","currentMotion":2,"pace":680.0,"speed":147.0,"totalDistance":2823022}
{"deviceid":"b81e905908354542","eventtype":"distance","timestamp":1456248147421,"userid":"vincent.planat@hpe.com","trainingMode":"WALKING","currentMotion":2,"pace":699.0,"speed":143.0,"totalDistance":2819730}
{"deviceid":"b81e905908354542","eventtype":"distance","timestamp":1456248169067,"userid":"vincent.planat@hpe.com","trainingMode":"WALKING","currentMotion":2,"pace":680.0,"speed":147.0,"totalDistance":2822868}
{"deviceid":"b81e905908354542","eventtype":"distance","timestamp":1456248184669,"userid":"vincent.planat@hpe.com","trainingMode":"WALKING","currentMotion":2,"pace":763.0,"speed":131.0,"totalDistance":2825086}
{"deviceid":"b81e905908354542","eventtype":"distance","timestamp":1456248177831,"userid":"vincent.planat@hpe.com","trainingMode":"WALKING","currentMotion":2,"pace":680.0,"speed":147.0,"totalDistance":2824210}
{"deviceid":"b81e905908354542","eventtype":"distance","timestamp":1456248177816,"userid":"vincent.planat@hpe.com","trainingMode":"WALKING","currentMotion":2,"pace":680.0,"speed":147.0,"totalDistance":2824210}
{"deviceid":"b81e905908354542","eventtype":"distance","timestamp":1456248172660,"userid":"vincent.planat@hpe.com","trainingMode":"WALKING","currentMotion":2,"pace":680.0,"speed":147.0,"totalDistance":2823476}
{"deviceid":"b81e905908354542","eventtype":"distance","timestamp":1456248159130,"userid":"vincent.planat@hpe.com","trainingMode":"WALKING","currentMotion":2,"pace":689.0,"speed":145.0,"totalDistance":2821360}
{"deviceid":"b81e905908354542","eventtype":"distance","timestamp":1456248142465,"userid":"vincent.planat@hpe.com","trainingMode":"WALKING","currentMotion":2,"pace":724.0,"speed":138.0,"totalDistance":2818992}
{"deviceid":"b81e905908354542","eventtype":"distance","timestamp":1456248157322,"userid":"vincent.planat@hpe.com","trainingMode":"WALKING","currentMotion":2,"pace":689.0,"speed":145.0,"totalDistance":2821068}
{"deviceid":"b81e905908354542","eventtype":"distance","timestamp":1456248169086,"userid":"vincent.planat@hpe.com","trainingMode":"WALKING","currentMotion":2,"pace":680.0,"speed":147.0,"totalDistance":2822868}
{"deviceid":"b81e905908354542","eventtype":"distance","timestamp":1456248173537,"userid":"vincent.planat@hpe.com","trainingMode":"WALKING","currentMotion":2,"pace":680.0,"speed":147.0,"totalDistance":2823622}
{"deviceid":"b81e905908354542","eventtype":"distance","timestamp":1456248150156,"userid":"vincent.planat@hpe.com","trainingMode":"WALKING","currentMotion":2,"pace":699.0,"speed":143.0,"totalDistance":2820022}
{"deviceid":"b81e905908354542","eventtype":"distance","timestamp":1456248156388,"userid":"vincent.planat@hpe.com","trainingMode":"WALKING","currentMotion":2,"pace":689.0,"speed":145.0,"totalDistance":2820922}
