{"deviceid":"b81e905908354542","eventtype":"barometer","timestamp":1456248661214,"userid":"vincent.planat@hpe.com","trainingMode":"SITTING","airPressure":990.452637,"temperature":32.604167}
{"deviceid":"b81e905908354542","eventtype":"barometer","timestamp":1456248626259,"userid":"vincent.planat@hpe.com","trainingMode":"WALKING","airPressure":990.357666,"temperature":32.570833}
{"deviceid":"b81e905908354542","eventtype":"barometer","timestamp":1456248624519,"userid":"vincent.planat@hpe.com","trainingMode":"WALKING","airPressure":990.282227,"temperature":32.577083}
{"deviceid":"b81e905908354542","eventtype":"barometer","timestamp":1456248666996,"userid":"vincent.planat@hpe.com","trainingMode":"SITTING","airPressure":990.335205,"temperature":32.610417}
{"deviceid":"b81e905908354542","eventtype":"barometer","timestamp":1456248659483,"userid":"vincent.planat@hpe.com","trainingMode":"SITTING","airPressure":990.548096,"temperature":32.597917}
{"deviceid":"b81e905908354542","eventtype":"barometer","timestamp":1456248631322,"userid":"vincent.planat@hpe.com","trainingMode":"WALKING","airPressure":990.394531,"temperature":32.558333}
{"deviceid":"b81e905908354542","eventtype":"barometer","timestamp":1456248666006,"userid":"vincent.planat@hpe.com","trainingMode":"SITTING","airPressure":990.342285,"temperature":32.610417}
{"deviceid":"b81e905908354542","eventtype":"barometer","timestamp":1456248668037,"userid":"vincent.planat@hpe.com","trainingMode":"SITTING","airPressure":990.349609,"temperature":32.610417}
{"deviceid":"b81e905908354542","eventtype":"barometer","timestamp":1456248637040,"userid":"vincent.planat@hpe.com","trainingMode":"WALKING","airPressure":990.479492,"temperature":32.575}
{"deviceid":"b81e905908354542","eventtype":"barometer","timestamp":1456248628944,"userid":"vincent.planat@hpe.com","trainingMode":"WALKING","airPressure":990.282471,"temperature":32.558333}
{"deviceid":"b81e905908354542","eventtype":"barometer","timestamp":1456248646452,"userid":"vincent.planat@hpe.com","trainingMode":"SITTING","airPressure":990.498535,"temperature":32.58125}
{"deviceid":"b81e905908354542","eventtype":"barometer","timestamp":1456248652990,"userid":"vincent.planat@hpe.com","trainingMode":"SITTING","airPressure":990.5354,"temperature":32.585417}
{"deviceid":"b81e905908354542","eventtype":"barometer","timestamp":1456248664077,"userid":"vincent.planat@hpe.com","trainingMode":"SITTING","airPressure":990.372559,"temperature":32.608333}
{"deviceid":"b81e905908354542","eventtype":"barometer","timestamp":1456248631374,"userid":"vincent.planat@hpe.com","trainingMode":"WALKING","airPressure":990.394531,"temperature":32.558333}
{"deviceid":"b81e905908354542","eventtype":"barometer","timestamp":1456248660346,"userid":"vincent.planat@hpe.com","trainingMode":"SITTING","airPressure":990.436768,"temperature":32.604167}
{"deviceid":"b81e905908354542","eventtype":"barometer","timestamp":1456248648961,"userid":"vincent.planat@hpe.com","trainingMode":"SITTING","airPressure":990.550537,"temperature":32.58125}
{"deviceid":"b81e905908354542","eventtype":"barometer","timestamp":1456248636032,"userid":"vincent.planat@hpe.com","trainingMode":"WALKING","airPressure":990.461182,"temperature":32.564583}
{"deviceid":"b81e905908354542","eventtype":"barometer","timestamp":1456248645707,"userid":"vincent.planat@hpe.com","trainingMode":"SITTING","airPressure":990.488525,"temperature":32.579167}
{"deviceid":"b81e905908354542","eventtype":"barometer","timestamp":1456248626245,"userid":"vincent.planat@hpe.com","trainingMode":"WALKING","airPressure":990.357666,"temperature":32.570833}
{"deviceid":"b81e905908354542","eventtype":"barometer","timestamp":1456248635993,"userid":"vincent.planat@hpe.com","trainingMode":"WALKING","airPressure":990.461182,"temperature":32.564583}
{"deviceid":"b81e905908354542","eventtype":"barometer","timestamp":1456248647407,"userid":"vincent.planat@hpe.com","trainingMode":"SITTING","airPressure":990.498535,"temperature":32.58125}
{"deviceid":"b81e905908354542","eventtype":"barometer","timestamp":1456248648213,"userid":"vincent.planat@hpe.com","trainingMode":"SITTING","airPressure":990.580566,"temperature":32.585417}
{"deviceid":"b81e905908354542","eventtype":"barometer","timestamp":1456248651136,"userid":"vincent.planat@hpe.com","trainingMode":"SITTING","airPressure":990.542969,"temperature":32.58125}
{"deviceid":"b81e905908354542","eventtype":"barometer","timestamp":1456248654023,"userid":"vincent.planat@hpe.com","trainingMode":"SITTING","airPressure":990.557129,"temperature":32.5875}
{"deviceid":"b81e905908354542","eventtype":"barometer","timestamp":1456248625294,"userid":"vincent.planat@hpe.com","trainingMode":"WALKING","airPressure":990.349121,"temperature":32.56875}
{"deviceid":"b81e905908354542","eventtype":"barometer","timestamp":1456248640032,"userid":"vincent.planat@hpe.com","trainingMode":"WALKING","airPressure":990.476807,"temperature":32.583333}
{"deviceid":"b81e905908354542","eventtype":"barometer","timestamp":1456248640016,"userid":"vincent.planat@hpe.com","trainingMode":"WALKING","airPressure":990.476807,"temperature":32.583333}
{"deviceid":"b81e905908354542","eventtype":"barometer","timestamp":1456248665992,"userid":"vincent.planat@hpe.com","trainingMode":"SITTING","airPressure":990.342285,"temperature":32.610417}
{"deviceid":"b81e905908354542","eventtype":"barometer","timestamp":1456248657030,"userid":"vincent.planat@hpe.com","trainingMode":"SITTING","airPressure":990.5,"temperature":32.595833}
{"deviceid":"b81e905908354542","eventtype":"barometer","timestamp":1456248634021,"userid":"vincent.planat@hpe.com","trainingMode":"WALKING","airPressure":990.387207,"temperature":32.55625}
{"deviceid":"b81e905908354542","eventtype":"barometer","timestamp":1456248668056,"userid":"vincent.planat@hpe.com","trainingMode":"SITTING","airPressure":990.349609,"temperature":32.610417}
{"deviceid":"b81e905908354542","eventtype":"barometer","timestamp":1456248662082,"userid":"vincent.planat@hpe.com","trainingMode":"SITTING","airPressure":990.377197,"temperature":32.6}
{"deviceid":"b81e905908354542","eventtype":"barometer","timestamp":1456248651121,"userid":"vincent.planat@hpe.com","trainingMode":"SITTING","airPressure":990.542969,"temperature":32.58125}
{"deviceid":"b81e905908354542","eventtype":"barometer","timestamp":1456248628015,"userid":"vincent.planat@hpe.com","trainingMode":"WALKING","airPressure":990.362549,"temperature":32.564583}
{"deviceid":"b81e905908354542","eventtype":"barometer","timestamp":1456248634949,"userid":"vincent.planat@hpe.com","trainingMode":"WALKING","airPressure":990.416504,"temperature":32.560417}
{"deviceid":"b81e905908354542","eventtype":"barometer","timestamp":1456248632182,"userid":"vincent.planat@hpe.com","trainingMode":"WALKING","airPressure":990.383545,"temperature":32.558333}
{"deviceid":"b81e905908354542","eventtype":"barometer","timestamp":1456248654010,"userid":"vincent.planat@hpe.com","trainingMode":"SITTING","airPressure":990.557129,"temperature":32.5875}
{"deviceid":"b81e905908354542","eventtype":"barometer","timestamp":1456248660389,"userid":"vincent.planat@hpe.com","trainingMode":"SITTING","airPressure":990.436768,"temperature":32.604167}
{"deviceid":"b81e905908354542","eventtype":"barometer","timestamp":1456248668951,"userid":"vincent.planat@hpe.com","trainingMode":"SITTING","airPressure":990.310791,"temperature":32.6125}
{"deviceid":"b81e905908354542","eventtype":"barometer","timestamp":1456248641963,"userid":"vincent.planat@hpe.com","trainingMode":"WALKING","airPressure":990.518066,"temperature":32.58125}
{"deviceid":"b81e905908354542","eventtype":"barometer","timestamp":1456248658589,"userid":"vincent.planat@hpe.com","trainingMode":"SITTING","airPressure":990.497803,"temperature":32.595833}
{"deviceid":"b81e905908354542","eventtype":"barometer","timestamp":1456248628961,"userid":"vincent.planat@hpe.com","trainingMode":"WALKING","airPressure":990.282471,"temperature":32.558333}
{"deviceid":"b81e905908354542","eventtype":"barometer","timestamp":1456248664054,"userid":"vincent.planat@hpe.com","trainingMode":"SITTING","airPressure":990.372559,"temperature":32.608333}
{"deviceid":"b81e905908354542","eventtype":"barometer","timestamp":1456248659533,"userid":"vincent.planat@hpe.com","trainingMode":"SITTING","airPressure":990.548096,"temperature":32.597917}
{"deviceid":"b81e905908354542","eventtype":"barometer","timestamp":1456248638040,"userid":"vincent.planat@hpe.com","trainingMode":"WALKING","airPressure":990.49292,"temperature":32.579167}
{"deviceid":"b81e905908354542","eventtype":"barometer","timestamp":1456248641018,"userid":"vincent.planat@hpe.com","trainingMode":"WALKING","airPressure":990.454102,"temperature":32.579167}
{"deviceid":"b81e905908354542","eventtype":"barometer","timestamp":1456248627115,"userid":"vincent.planat@hpe.com","trainingMode":"WALKING","airPressure":990.350342,"temperature":32.566667}
{"deviceid":"b81e905908354542","eventtype":"barometer","timestamp":1456248643008,"userid":"vincent.planat@hpe.com","trainingMode":"WALKING","airPressure":990.455078,"temperature":32.575}
{"deviceid":"b81e905908354542","eventtype":"barometer","timestamp":1456248637023,"userid":"vincent.planat@hpe.com","trainingMode":"WALKING","airPressure":990.479492,"temperature":32.575}
{"deviceid":"b81e905908354542","eventtype":"barometer","timestamp":1456248662967,"userid":"vincent.planat@hpe.com","trainingMode":"SITTING","airPressure":990.39917,"temperature":32.608333}
{"deviceid":"b81e905908354542","eventtype":"barometer","timestamp":1456248630018,"userid":"vincent.planat@hpe.com","trainingMode":"WALKING","airPressure":990.312256,"temperature":32.558333}
{"deviceid":"b81e905908354542","eventtype":"barometer","timestamp":1456248649969,"userid":"vincent.planat@hpe.com","trainingMode":"SITTING","airPressure":990.524414,"temperature":32.58125}
{"deviceid":"b81e905908354542","eventtype":"barometer","timestamp":1456248645722,"userid":"vincent.planat@hpe.com","trainingMode":"SITTING","airPressure":990.488525,"temperature":32.579167}
{"deviceid":"b81e905908354542","eventtype":"barometer","timestamp":1456248643021,"userid":"vincent.planat@hpe.com","trainingMode":"WALKING","airPressure":990.455078,"temperature":32.575}
{"deviceid":"b81e905908354542","eventtype":"barometer","timestamp":1456248665224,"userid":"vincent.planat@hpe.com","trainingMode":"SITTING","airPressure":990.388428,"temperature":32.614583}
{"deviceid":"b81e905908354542","eventtype":"barometer","timestamp":1456248651969,"userid":"vincent.planat@hpe.com","trainingMode":"SITTING","airPressure":990.488281,"temperature":32.58125}
{"deviceid":"b81e905908354542","eventtype":"barometer","timestamp":1456248655978,"userid":"vincent.planat@hpe.com","trainingMode":"SITTING","airPressure":990.519531,"temperature":32.59375}
{"deviceid":"b81e905908354542","eventtype":"barometer","timestamp":1456248638995,"userid":"vincent.planat@hpe.com","trainingMode":"WALKING","airPressure":990.481445,"temperature":32.577083}
{"deviceid":"b81e905908354542","eventtype":"barometer","timestamp":1456248649986,"userid":"vincent.planat@hpe.com","trainingMode":"SITTING","airPressure":990.524414,"temperature":32.58125}
{"deviceid":"b81e905908354542","eventtype":"barometer","timestamp":1456248665238,"userid":"vincent.planat@hpe.com","trainingMode":"SITTING","airPressure":990.388428,"temperature":32.614583}
{"deviceid":"b81e905908354542","eventtype":"barometer","timestamp":1456248668953,"userid":"vincent.planat@hpe.com","trainingMode":"SITTING","airPressure":990.310791,"temperature":32.6125}
{"deviceid":"b81e905908354542","eventtype":"barometer","timestamp":1456248638981,"userid":"vincent.planat@hpe.com","trainingMode":"WALKING","airPressure":990.481445,"temperature":32.577083}
{"deviceid":"b81e905908354542","eventtype":"barometer","timestamp":1456248633063,"userid":"vincent.planat@hpe.com","trainingMode":"WALKING","airPressure":990.400146,"temperature":32.558333}
{"deviceid":"b81e905908354542","eventtype":"barometer","timestamp":1456248634962,"userid":"vincent.planat@hpe.com","trainingMode":"WALKING","airPressure":990.416504,"temperature":32.560417}
{"deviceid":"b81e905908354542","eventtype":"barometer","timestamp":1456248648197,"userid":"vincent.planat@hpe.com","trainingMode":"SITTING","airPressure":990.580566,"temperature":32.585417}
{"deviceid":"b81e905908354542","eventtype":"barometer","timestamp":1456248655092,"userid":"vincent.planat@hpe.com","trainingMode":"SITTING","airPressure":990.559082,"temperature":32.591667}
{"deviceid":"b81e905908354542","eventtype":"barometer","timestamp":1456248647426,"userid":"vincent.planat@hpe.com","trainingMode":"SITTING","airPressure":990.498535,"temperature":32.58125}
{"deviceid":"b81e905908354542","eventtype":"barometer","timestamp":1456248627131,"userid":"vincent.planat@hpe.com","trainingMode":"WALKING","airPressure":990.350342,"temperature":32.566667}
{"deviceid":"b81e905908354542","eventtype":"barometer","timestamp":1456248641005,"userid":"vincent.planat@hpe.com","trainingMode":"WALKING","airPressure":990.454102,"temperature":32.579167}
{"deviceid":"b81e905908354542","eventtype":"barometer","timestamp":1456248624535,"userid":"vincent.planat@hpe.com","trainingMode":"WALKING","airPressure":990.282227,"temperature":32.577083}
{"deviceid":"b81e905908354542","eventtype":"barometer","timestamp":1456248633015,"userid":"vincent.planat@hpe.com","trainingMode":"WALKING","airPressure":990.400146,"temperature":32.558333}
{"deviceid":"b81e905908354542","eventtype":"barometer","timestamp":1456248644054,"userid":"vincent.planat@hpe.com","trainingMode":"SITTING","airPressure":990.500732,"temperature":32.58125}
{"deviceid":"b81e905908354542","eventtype":"barometer","timestamp":1456248644037,"userid":"vincent.planat@hpe.com","trainingMode":"SITTING","airPressure":990.500732,"temperature":32.58125}
{"deviceid":"b81e905908354542","eventtype":"barometer","timestamp":1456248657014,"userid":"vincent.planat@hpe.com","trainingMode":"SITTING","airPressure":990.5,"temperature":32.595833}
{"deviceid":"b81e905908354542","eventtype":"barometer","timestamp":1456248652976,"userid":"vincent.planat@hpe.com","trainingMode":"SITTING","airPressure":990.5354,"temperature":32.585417}
{"deviceid":"b81e905908354542","eventtype":"barometer","timestamp":1456248661287,"userid":"vincent.planat@hpe.com","trainingMode":"SITTING","airPressure":990.452637,"temperature":32.604167}
{"deviceid":"b81e905908354542","eventtype":"barometer","timestamp":1456248628031,"userid":"vincent.planat@hpe.com","trainingMode":"WALKING","airPressure":990.362549,"temperature":32.564583}
{"deviceid":"b81e905908354542","eventtype":"barometer","timestamp":1456248667018,"userid":"vincent.planat@hpe.com","trainingMode":"SITTING","airPressure":990.335205,"temperature":32.610417}
{"deviceid":"b81e905908354542","eventtype":"barometer","timestamp":1456248662127,"userid":"vincent.planat@hpe.com","trainingMode":"SITTING","airPressure":990.377197,"temperature":32.6}
{"deviceid":"b81e905908354542","eventtype":"barometer","timestamp":1456248658611,"userid":"vincent.planat@hpe.com","trainingMode":"SITTING","airPressure":990.497803,"temperature":32.595833}
{"deviceid":"b81e905908354542","eventtype":"barometer","timestamp":1456248638063,"userid":"vincent.planat@hpe.com","trainingMode":"WALKING","airPressure":990.49292,"temperature":32.579167}
{"deviceid":"b81e905908354542","eventtype":"barometer","timestamp":1456248646467,"userid":"vincent.planat@hpe.com","trainingMode":"SITTING","airPressure":990.498535,"temperature":32.58125}
{"deviceid":"b81e905908354542","eventtype":"barometer","timestamp":1456248655048,"userid":"vincent.planat@hpe.com","trainingMode":"SITTING","airPressure":990.559082,"temperature":32.591667}
{"deviceid":"b81e905908354542","eventtype":"barometer","timestamp":1456248632139,"userid":"vincent.planat@hpe.com","trainingMode":"WALKING","airPressure":990.383545,"temperature":32.558333}
{"deviceid":"b81e905908354542","eventtype":"barometer","timestamp":1456248648974,"userid":"vincent.planat@hpe.com","trainingMode":"SITTING","airPressure":990.550537,"temperature":32.58125}
{"deviceid":"b81e905908354542","eventtype":"barometer","timestamp":1456248630003,"userid":"vincent.planat@hpe.com","trainingMode":"WALKING","airPressure":990.312256,"temperature":32.558333}
{"deviceid":"b81e905908354542","eventtype":"barometer","timestamp":1456248641948,"userid":"vincent.planat@hpe.com","trainingMode":"WALKING","airPressure":990.518066,"temperature":32.58125}
{"deviceid":"b81e905908354542","eventtype":"barometer","timestamp":1456248651949,"userid":"vincent.planat@hpe.com","trainingMode":"SITTING","airPressure":990.488281,"temperature":32.58125}
{"deviceid":"b81e905908354542","eventtype":"barometer","timestamp":1456248625279,"userid":"vincent.planat@hpe.com","trainingMode":"WALKING","airPressure":990.349121,"temperature":32.56875}
{"deviceid":"b81e905908354542","eventtype":"barometer","timestamp":1456248634038,"userid":"vincent.planat@hpe.com","trainingMode":"WALKING","airPressure":990.387207,"temperature":32.55625}
{"deviceid":"b81e905908354542","eventtype":"barometer","timestamp":1456248662953,"userid":"vincent.planat@hpe.com","trainingMode":"SITTING","airPressure":990.39917,"temperature":32.608333}
{"deviceid":"b81e905908354542","eventtype":"barometer","timestamp":1456248655980,"userid":"vincent.planat@hpe.com","trainingMode":"SITTING","airPressure":990.519531,"temperature":32.59375}
