{"deviceid":"b81e905908354542","eventtype":"altimeter","timestamp":1456248212481,"userid":"vincent.planat@hpe.com","trainingMode":"WALKING","flightsAscended":14,"flightsDescended":8,"rate":-1.0,"steppingGain":3805,"steppingLoss":2957,"stepsAscended":682,"stepsDescended":632,"totalGain":17298,"totalLoss":15326}
{"deviceid":"b81e905908354542","eventtype":"altimeter","timestamp":1456248210794,"userid":"vincent.planat@hpe.com","trainingMode":"WALKING","flightsAscended":14,"flightsDescended":8,"rate":-1.0,"steppingGain":3805,"steppingLoss":2957,"stepsAscended":682,"stepsDescended":632,"totalGain":17298,"totalLoss":15326}
{"deviceid":"b81e905908354542","eventtype":"altimeter","timestamp":1456248229104,"userid":"vincent.planat@hpe.com","trainingMode":"WALKING","flightsAscended":14,"flightsDescended":8,"rate":0.0,"steppingGain":3805,"steppingLoss":2957,"stepsAscended":682,"stepsDescended":632,"totalGain":17298,"totalLoss":15326}
{"deviceid":"b81e905908354542","eventtype":"altimeter","timestamp":1456248232912,"userid":"vincent.planat@hpe.com","trainingMode":"WALKING","flightsAscended":14,"flightsDescended":8,"rate":1.0,"steppingGain":3805,"steppingLoss":2957,"stepsAscended":682,"stepsDescended":632,"totalGain":17298,"totalLoss":15326}
{"deviceid":"b81e905908354542","eventtype":"altimeter","timestamp":1456248229935,"userid":"vincent.planat@hpe.com","trainingMode":"WALKING","flightsAscended":14,"flightsDescended":8,"rate":-2.0,"steppingGain":3805,"steppingLoss":2957,"stepsAscended":682,"stepsDescended":632,"totalGain":17298,"totalLoss":15326}
{"deviceid":"b81e905908354542","eventtype":"altimeter","timestamp":1456248209841,"userid":"vincent.planat@hpe.com","trainingMode":"WALKING","flightsAscended":14,"flightsDescended":8,"rate":-1.0,"steppingGain":3805,"steppingLoss":2957,"stepsAscended":682,"stepsDescended":632,"totalGain":17298,"totalLoss":15326}
{"deviceid":"b81e905908354542","eventtype":"altimeter","timestamp":1456248218030,"userid":"vincent.planat@hpe.com","trainingMode":"WALKING","flightsAscended":14,"flightsDescended":8,"rate":-5.0,"steppingGain":3805,"steppingLoss":2957,"stepsAscended":682,"stepsDescended":632,"totalGain":17298,"totalLoss":15326}
{"deviceid":"b81e905908354542","eventtype":"altimeter","timestamp":1456248234905,"userid":"vincent.planat@hpe.com","trainingMode":"WALKING","flightsAscended":14,"flightsDescended":8,"rate":1.0,"steppingGain":3805,"steppingLoss":2957,"stepsAscended":682,"stepsDescended":632,"totalGain":17298,"totalLoss":15326}
{"deviceid":"b81e905908354542","eventtype":"altimeter","timestamp":1456248227430,"userid":"vincent.planat@hpe.com","trainingMode":"WALKING","flightsAscended":14,"flightsDescended":8,"rate":-1.0,"steppingGain":3805,"steppingLoss":2957,"stepsAscended":682,"stepsDescended":632,"totalGain":17298,"totalLoss":15326}
{"deviceid":"b81e905908354542","eventtype":"altimeter","timestamp":1456248234127,"userid":"vincent.planat@hpe.com","trainingMode":"WALKING","flightsAscended":14,"flightsDescended":8,"rate":2.0,"steppingGain":3805,"steppingLoss":2957,"stepsAscended":682,"stepsDescended":632,"totalGain":17298,"totalLoss":15326}
{"deviceid":"b81e905908354542","eventtype":"altimeter","timestamp":1456248217020,"userid":"vincent.planat@hpe.com","trainingMode":"WALKING","flightsAscended":14,"flightsDescended":8,"rate":-3.0,"steppingGain":3805,"steppingLoss":2957,"stepsAscended":682,"stepsDescended":632,"totalGain":17298,"totalLoss":15326}
{"deviceid":"b81e905908354542","eventtype":"altimeter","timestamp":1456248219930,"userid":"vincent.planat@hpe.com","trainingMode":"WALKING","flightsAscended":14,"flightsDescended":8,"rate":-2.0,"steppingGain":3805,"steppingLoss":2957,"stepsAscended":682,"stepsDescended":632,"totalGain":17298,"totalLoss":15326}
{"deviceid":"b81e905908354542","eventtype":"altimeter","timestamp":1456248225032,"userid":"vincent.planat@hpe.com","trainingMode":"WALKING","flightsAscended":14,"flightsDescended":8,"rate":-2.0,"steppingGain":3805,"steppingLoss":2957,"stepsAscended":682,"stepsDescended":632,"totalGain":17298,"totalLoss":15326}
{"deviceid":"b81e905908354542","eventtype":"altimeter","timestamp":1456248211661,"userid":"vincent.planat@hpe.com","trainingMode":"WALKING","flightsAscended":14,"flightsDescended":8,"rate":-2.0,"steppingGain":3805,"steppingLoss":2957,"stepsAscended":682,"stepsDescended":632,"totalGain":17298,"totalLoss":15326}
{"deviceid":"b81e905908354542","eventtype":"altimeter","timestamp":1456248235914,"userid":"vincent.planat@hpe.com","trainingMode":"WALKING","flightsAscended":14,"flightsDescended":8,"rate":1.0,"steppingGain":3805,"steppingLoss":2957,"stepsAscended":682,"stepsDescended":632,"totalGain":17298,"totalLoss":15326}
{"deviceid":"b81e905908354542","eventtype":"altimeter","timestamp":1456248235899,"userid":"vincent.planat@hpe.com","trainingMode":"WALKING","flightsAscended":14,"flightsDescended":8,"rate":1.0,"steppingGain":3805,"steppingLoss":2957,"stepsAscended":682,"stepsDescended":632,"totalGain":17298,"totalLoss":15326}
{"deviceid":"b81e905908354542","eventtype":"altimeter","timestamp":1456248237963,"userid":"vincent.planat@hpe.com","trainingMode":"WALKING","flightsAscended":14,"flightsDescended":8,"rate":-1.0,"steppingGain":3805,"steppingLoss":2957,"stepsAscended":682,"stepsDescended":632,"totalGain":17298,"totalLoss":15326}
{"deviceid":"b81e905908354542","eventtype":"altimeter","timestamp":1456248246981,"userid":"vincent.planat@hpe.com","trainingMode":"WALKING","flightsAscended":14,"flightsDescended":8,"rate":-7.0,"steppingGain":3805,"steppingLoss":2957,"stepsAscended":682,"stepsDescended":632,"totalGain":17298,"totalLoss":15326}
{"deviceid":"b81e905908354542","eventtype":"altimeter","timestamp":1456248227416,"userid":"vincent.planat@hpe.com","trainingMode":"WALKING","flightsAscended":14,"flightsDescended":8,"rate":-1.0,"steppingGain":3805,"steppingLoss":2957,"stepsAscended":682,"stepsDescended":632,"totalGain":17298,"totalLoss":15326}
{"deviceid":"b81e905908354542","eventtype":"altimeter","timestamp":1456248240541,"userid":"vincent.planat@hpe.com","trainingMode":"WALKING","flightsAscended":14,"flightsDescended":8,"rate":3.0,"steppingGain":3805,"steppingLoss":2957,"stepsAscended":682,"stepsDescended":632,"totalGain":17298,"totalLoss":15326}
{"deviceid":"b81e905908354542","eventtype":"altimeter","timestamp":1456248215025,"userid":"vincent.planat@hpe.com","trainingMode":"WALKING","flightsAscended":14,"flightsDescended":8,"rate":-2.0,"steppingGain":3805,"steppingLoss":2957,"stepsAscended":682,"stepsDescended":632,"totalGain":17298,"totalLoss":15326}
{"deviceid":"b81e905908354542","eventtype":"altimeter","timestamp":1456248219905,"userid":"vincent.planat@hpe.com","trainingMode":"WALKING","flightsAscended":14,"flightsDescended":8,"rate":-2.0,"steppingGain":3805,"steppingLoss":2957,"stepsAscended":682,"stepsDescended":632,"totalGain":17298,"totalLoss":15326}
{"deviceid":"b81e905908354542","eventtype":"altimeter","timestamp":1456248218933,"userid":"vincent.planat@hpe.com","trainingMode":"WALKING","flightsAscended":14,"flightsDescended":8,"rate":-4.0,"steppingGain":3805,"steppingLoss":2957,"stepsAscended":682,"stepsDescended":632,"totalGain":17298,"totalLoss":15326}
{"deviceid":"b81e905908354542","eventtype":"altimeter","timestamp":1456248234099,"userid":"vincent.planat@hpe.com","trainingMode":"WALKING","flightsAscended":14,"flightsDescended":8,"rate":2.0,"steppingGain":3805,"steppingLoss":2957,"stepsAscended":682,"stepsDescended":632,"totalGain":17298,"totalLoss":15326}
{"deviceid":"b81e905908354542","eventtype":"altimeter","timestamp":1456248216152,"userid":"vincent.planat@hpe.com","trainingMode":"WALKING","flightsAscended":14,"flightsDescended":8,"rate":-3.0,"steppingGain":3805,"steppingLoss":2957,"stepsAscended":682,"stepsDescended":632,"totalGain":17298,"totalLoss":15326}
{"deviceid":"b81e905908354542","eventtype":"altimeter","timestamp":1456248246165,"userid":"vincent.planat@hpe.com","trainingMode":"WALKING","flightsAscended":14,"flightsDescended":8,"rate":-6.0,"steppingGain":3805,"steppingLoss":2957,"stepsAscended":682,"stepsDescended":632,"totalGain":17298,"totalLoss":15326}
{"deviceid":"b81e905908354542","eventtype":"altimeter","timestamp":1456248243914,"userid":"vincent.planat@hpe.com","trainingMode":"WALKING","flightsAscended":14,"flightsDescended":8,"rate":-5.0,"steppingGain":3805,"steppingLoss":2957,"stepsAscended":682,"stepsDescended":632,"totalGain":17298,"totalLoss":15326}
{"deviceid":"b81e905908354542","eventtype":"altimeter","timestamp":1456248212464,"userid":"vincent.planat@hpe.com","trainingMode":"WALKING","flightsAscended":14,"flightsDescended":8,"rate":-1.0,"steppingGain":3805,"steppingLoss":2957,"stepsAscended":682,"stepsDescended":632,"totalGain":17298,"totalLoss":15326}
{"deviceid":"b81e905908354542","eventtype":"altimeter","timestamp":1456248234925,"userid":"vincent.planat@hpe.com","trainingMode":"WALKING","flightsAscended":14,"flightsDescended":8,"rate":1.0,"steppingGain":3805,"steppingLoss":2957,"stepsAscended":682,"stepsDescended":632,"totalGain":17298,"totalLoss":15326}
{"deviceid":"b81e905908354542","eventtype":"altimeter","timestamp":1456248230980,"userid":"vincent.planat@hpe.com","trainingMode":"WALKING","flightsAscended":14,"flightsDescended":8,"rate":-3.0,"steppingGain":3805,"steppingLoss":2957,"stepsAscended":682,"stepsDescended":632,"totalGain":17298,"totalLoss":15326}
{"deviceid":"b81e905908354542","eventtype":"altimeter","timestamp":1456248232930,"userid":"vincent.planat@hpe.com","trainingMode":"WALKING","flightsAscended":14,"flightsDescended":8,"rate":1.0,"steppingGain":3805,"steppingLoss":2957,"stepsAscended":682,"stepsDescended":632,"totalGain":17298,"totalLoss":15326}
{"deviceid":"b81e905908354542","eventtype":"altimeter","timestamp":1456248230997,"userid":"vincent.planat@hpe.com","trainingMode":"WALKING","flightsAscended":14,"flightsDescended":8,"rate":-3.0,"steppingGain":3805,"steppingLoss":2957,"stepsAscended":682,"stepsDescended":632,"totalGain":17298,"totalLoss":15326}
{"deviceid":"b81e905908354542","eventtype":"altimeter","timestamp":1456248242943,"userid":"vincent.planat@hpe.com","trainingMode":"WALKING","flightsAscended":14,"flightsDescended":8,"rate":-2.0,"steppingGain":3805,"steppingLoss":2957,"stepsAscended":682,"stepsDescended":632,"totalGain":17298,"totalLoss":15326}
{"deviceid":"b81e905908354542","eventtype":"altimeter","timestamp":1456248232046,"userid":"vincent.planat@hpe.com","trainingMode":"WALKING","flightsAscended":14,"flightsDescended":8,"rate":-2.0,"steppingGain":3805,"steppingLoss":2957,"stepsAscended":682,"stepsDescended":632,"totalGain":17298,"totalLoss":15326}
{"deviceid":"b81e905908354542","eventtype":"altimeter","timestamp":1456248229088,"userid":"vincent.planat@hpe.com","trainingMode":"WALKING","flightsAscended":14,"flightsDescended":8,"rate":0.0,"steppingGain":3805,"steppingLoss":2957,"stepsAscended":682,"stepsDescended":632,"totalGain":17298,"totalLoss":15326}
{"deviceid":"b81e905908354542","eventtype":"altimeter","timestamp":1456248221946,"userid":"vincent.planat@hpe.com","trainingMode":"WALKING","flightsAscended":14,"flightsDescended":8,"rate":1.0,"steppingGain":3805,"steppingLoss":2957,"stepsAscended":682,"stepsDescended":632,"totalGain":17298,"totalLoss":15326}
{"deviceid":"b81e905908354542","eventtype":"altimeter","timestamp":1456248242185,"userid":"vincent.planat@hpe.com","trainingMode":"WALKING","flightsAscended":14,"flightsDescended":8,"rate":3.0,"steppingGain":3805,"steppingLoss":2957,"stepsAscended":682,"stepsDescended":632,"totalGain":17298,"totalLoss":15326}
{"deviceid":"b81e905908354542","eventtype":"altimeter","timestamp":1456248228306,"userid":"vincent.planat@hpe.com","trainingMode":"WALKING","flightsAscended":14,"flightsDescended":8,"rate":1.0,"steppingGain":3805,"steppingLoss":2957,"stepsAscended":682,"stepsDescended":632,"totalGain":17298,"totalLoss":15326}
{"deviceid":"b81e905908354542","eventtype":"altimeter","timestamp":1456248221041,"userid":"vincent.planat@hpe.com","trainingMode":"WALKING","flightsAscended":14,"flightsDescended":8,"rate":-1.0,"steppingGain":3805,"steppingLoss":2957,"stepsAscended":682,"stepsDescended":632,"totalGain":17298,"totalLoss":15326}
{"deviceid":"b81e905908354542","eventtype":"altimeter","timestamp":1456248244914,"userid":"vincent.planat@hpe.com","trainingMode":"WALKING","flightsAscended":14,"flightsDescended":8,"rate":-6.0,"steppingGain":3805,"steppingLoss":2957,"stepsAscended":682,"stepsDescended":632,"totalGain":17298,"totalLoss":15326}
{"deviceid":"b81e905908354542","eventtype":"altimeter","timestamp":1456248213326,"userid":"vincent.planat@hpe.com","trainingMode":"WALKING","flightsAscended":14,"flightsDescended":8,"rate":-5.0,"steppingGain":3805,"steppingLoss":2957,"stepsAscended":682,"stepsDescended":632,"totalGain":17298,"totalLoss":15326}
{"deviceid":"b81e905908354542","eventtype":"altimeter","timestamp":1456248223934,"userid":"vincent.planat@hpe.com","trainingMode":"WALKING","flightsAscended":14,"flightsDescended":8,"rate":-3.0,"steppingGain":3805,"steppingLoss":2957,"stepsAscended":682,"stepsDescended":632,"totalGain":17298,"totalLoss":15326}
{"deviceid":"b81e905908354542","eventtype":"altimeter","timestamp":1456248217003,"userid":"vincent.planat@hpe.com","trainingMode":"WALKING","flightsAscended":14,"flightsDescended":8,"rate":-3.0,"steppingGain":3805,"steppingLoss":2957,"stepsAscended":682,"stepsDescended":632,"totalGain":17298,"totalLoss":15326}
{"deviceid":"b81e905908354542","eventtype":"altimeter","timestamp":1456248221935,"userid":"vincent.planat@hpe.com","trainingMode":"WALKING","flightsAscended":14,"flightsDescended":8,"rate":1.0,"steppingGain":3805,"steppingLoss":2957,"stepsAscended":682,"stepsDescended":632,"totalGain":17298,"totalLoss":15326}
{"deviceid":"b81e905908354542","eventtype":"altimeter","timestamp":1456248246940,"userid":"vincent.planat@hpe.com","trainingMode":"WALKING","flightsAscended":14,"flightsDescended":8,"rate":-7.0,"steppingGain":3805,"steppingLoss":2957,"stepsAscended":682,"stepsDescended":632,"totalGain":17298,"totalLoss":15326}
{"deviceid":"b81e905908354542","eventtype":"altimeter","timestamp":1456248222937,"userid":"vincent.planat@hpe.com","trainingMode":"WALKING","flightsAscended":14,"flightsDescended":8,"rate":-2.0,"steppingGain":3805,"steppingLoss":2957,"stepsAscended":682,"stepsDescended":632,"totalGain":17298,"totalLoss":15326}
{"deviceid":"b81e905908354542","eventtype":"altimeter","timestamp":1456248226555,"userid":"vincent.planat@hpe.com","trainingMode":"WALKING","flightsAscended":14,"flightsDescended":8,"rate":2.0,"steppingGain":3805,"steppingLoss":2957,"stepsAscended":682,"stepsDescended":632,"totalGain":17298,"totalLoss":15326}
{"deviceid":"b81e905908354542","eventtype":"altimeter","timestamp":1456248228320,"userid":"vincent.planat@hpe.com","trainingMode":"WALKING","flightsAscended":14,"flightsDescended":8,"rate":1.0,"steppingGain":3805,"steppingLoss":2957,"stepsAscended":682,"stepsDescended":632,"totalGain":17298,"totalLoss":15326}
{"deviceid":"b81e905908354542","eventtype":"altimeter","timestamp":1456248236878,"userid":"vincent.planat@hpe.com","trainingMode":"WALKING","flightsAscended":14,"flightsDescended":8,"rate":1.0,"steppingGain":3805,"steppingLoss":2957,"stepsAscended":682,"stepsDescended":632,"totalGain":17298,"totalLoss":15326}
{"deviceid":"b81e905908354542","eventtype":"altimeter","timestamp":1456248210817,"userid":"vincent.planat@hpe.com","trainingMode":"WALKING","flightsAscended":14,"flightsDescended":8,"rate":-1.0,"steppingGain":3805,"steppingLoss":2957,"stepsAscended":682,"stepsDescended":632,"totalGain":17298,"totalLoss":15326}
{"deviceid":"b81e905908354542","eventtype":"altimeter","timestamp":1456248244901,"userid":"vincent.planat@hpe.com","trainingMode":"WALKING","flightsAscended":14,"flightsDescended":8,"rate":-6.0,"steppingGain":3805,"steppingLoss":2957,"stepsAscended":682,"stepsDescended":632,"totalGain":17298,"totalLoss":15326}
{"deviceid":"b81e905908354542","eventtype":"altimeter","timestamp":1456248237946,"userid":"vincent.planat@hpe.com","trainingMode":"WALKING","flightsAscended":14,"flightsDescended":8,"rate":-1.0,"steppingGain":3805,"steppingLoss":2957,"stepsAscended":682,"stepsDescended":632,"totalGain":17298,"totalLoss":15326}
{"deviceid":"b81e905908354542","eventtype":"altimeter","timestamp":1456248226568,"userid":"vincent.planat@hpe.com","trainingMode":"WALKING","flightsAscended":14,"flightsDescended":8,"rate":2.0,"steppingGain":3805,"steppingLoss":2957,"stepsAscended":682,"stepsDescended":632,"totalGain":17298,"totalLoss":15326}
{"deviceid":"b81e905908354542","eventtype":"altimeter","timestamp":1456248232033,"userid":"vincent.planat@hpe.com","trainingMode":"WALKING","flightsAscended":14,"flightsDescended":8,"rate":-2.0,"steppingGain":3805,"steppingLoss":2957,"stepsAscended":682,"stepsDescended":632,"totalGain":17298,"totalLoss":15326}
{"deviceid":"b81e905908354542","eventtype":"altimeter","timestamp":1456248218946,"userid":"vincent.planat@hpe.com","trainingMode":"WALKING","flightsAscended":14,"flightsDescended":8,"rate":-4.0,"steppingGain":3805,"steppingLoss":2957,"stepsAscended":682,"stepsDescended":632,"totalGain":17298,"totalLoss":15326}
{"deviceid":"b81e905908354542","eventtype":"altimeter","timestamp":1456248247945,"userid":"vincent.planat@hpe.com","trainingMode":"WALKING","flightsAscended":14,"flightsDescended":8,"rate":-5.0,"steppingGain":3805,"steppingLoss":2957,"stepsAscended":682,"stepsDescended":632,"totalGain":17298,"totalLoss":15326}
{"deviceid":"b81e905908354542","eventtype":"altimeter","timestamp":1456248241374,"userid":"vincent.planat@hpe.com","trainingMode":"WALKING","flightsAscended":14,"flightsDescended":8,"rate":6.0,"steppingGain":3805,"steppingLoss":2957,"stepsAscended":682,"stepsDescended":632,"totalGain":17298,"totalLoss":15326}
{"deviceid":"b81e905908354542","eventtype":"altimeter","timestamp":1456248239643,"userid":"vincent.planat@hpe.com","trainingMode":"WALKING","flightsAscended":14,"flightsDescended":8,"rate":-1.0,"steppingGain":3805,"steppingLoss":2957,"stepsAscended":682,"stepsDescended":632,"totalGain":17298,"totalLoss":15326}
{"deviceid":"b81e905908354542","eventtype":"altimeter","timestamp":1456248240556,"userid":"vincent.planat@hpe.com","trainingMode":"WALKING","flightsAscended":14,"flightsDescended":8,"rate":3.0,"steppingGain":3805,"steppingLoss":2957,"stepsAscended":682,"stepsDescended":632,"totalGain":17298,"totalLoss":15326}
{"deviceid":"b81e905908354542","eventtype":"altimeter","timestamp":1456248215038,"userid":"vincent.planat@hpe.com","trainingMode":"WALKING","flightsAscended":14,"flightsDescended":8,"rate":-2.0,"steppingGain":3805,"steppingLoss":2957,"stepsAscended":682,"stepsDescended":632,"totalGain":17298,"totalLoss":15326}
{"deviceid":"b81e905908354542","eventtype":"altimeter","timestamp":1456248225072,"userid":"vincent.planat@hpe.com","trainingMode":"WALKING","flightsAscended":14,"flightsDescended":8,"rate":-2.0,"steppingGain":3805,"steppingLoss":2957,"stepsAscended":682,"stepsDescended":632,"totalGain":17298,"totalLoss":15326}
{"deviceid":"b81e905908354542","eventtype":"altimeter","timestamp":1456248242956,"userid":"vincent.planat@hpe.com","trainingMode":"WALKING","flightsAscended":14,"flightsDescended":8,"rate":-2.0,"steppingGain":3805,"steppingLoss":2957,"stepsAscended":682,"stepsDescended":632,"totalGain":17298,"totalLoss":15326}
{"deviceid":"b81e905908354542","eventtype":"altimeter","timestamp":1456248246182,"userid":"vincent.planat@hpe.com","trainingMode":"WALKING","flightsAscended":14,"flightsDescended":8,"rate":-6.0,"steppingGain":3805,"steppingLoss":2957,"stepsAscended":682,"stepsDescended":632,"totalGain":17298,"totalLoss":15326}
{"deviceid":"b81e905908354542","eventtype":"altimeter","timestamp":1456248243930,"userid":"vincent.planat@hpe.com","trainingMode":"WALKING","flightsAscended":14,"flightsDescended":8,"rate":-5.0,"steppingGain":3805,"steppingLoss":2957,"stepsAscended":682,"stepsDescended":632,"totalGain":17298,"totalLoss":15326}
{"deviceid":"b81e905908354542","eventtype":"altimeter","timestamp":1456248211677,"userid":"vincent.planat@hpe.com","trainingMode":"WALKING","flightsAscended":14,"flightsDescended":8,"rate":-2.0,"steppingGain":3805,"steppingLoss":2957,"stepsAscended":682,"stepsDescended":632,"totalGain":17298,"totalLoss":15326}
{"deviceid":"b81e905908354542","eventtype":"altimeter","timestamp":1456248241388,"userid":"vincent.planat@hpe.com","trainingMode":"WALKING","flightsAscended":14,"flightsDescended":8,"rate":6.0,"steppingGain":3805,"steppingLoss":2957,"stepsAscended":682,"stepsDescended":632,"totalGain":17298,"totalLoss":15326}
{"deviceid":"b81e905908354542","eventtype":"altimeter","timestamp":1456248247929,"userid":"vincent.planat@hpe.com","trainingMode":"WALKING","flightsAscended":14,"flightsDescended":8,"rate":-5.0,"steppingGain":3805,"steppingLoss":2957,"stepsAscended":682,"stepsDescended":632,"totalGain":17298,"totalLoss":15326}
{"deviceid":"b81e905908354542","eventtype":"altimeter","timestamp":1456248214142,"userid":"vincent.planat@hpe.com","trainingMode":"WALKING","flightsAscended":14,"flightsDescended":8,"rate":-5.0,"steppingGain":3805,"steppingLoss":2957,"stepsAscended":682,"stepsDescended":632,"totalGain":17298,"totalLoss":15326}
{"deviceid":"b81e905908354542","eventtype":"altimeter","timestamp":1456248209863,"userid":"vincent.planat@hpe.com","trainingMode":"WALKING","flightsAscended":14,"flightsDescended":8,"rate":-1.0,"steppingGain":3805,"steppingLoss":2957,"stepsAscended":682,"stepsDescended":632,"totalGain":17298,"totalLoss":15326}
{"deviceid":"b81e905908354542","eventtype":"altimeter","timestamp":1456248239620,"userid":"vincent.planat@hpe.com","trainingMode":"WALKING","flightsAscended":14,"flightsDescended":8,"rate":-1.0,"steppingGain":3805,"steppingLoss":2957,"stepsAscended":682,"stepsDescended":632,"totalGain":17298,"totalLoss":15326}
{"deviceid":"b81e905908354542","eventtype":"altimeter","timestamp":1456248229917,"userid":"vincent.planat@hpe.com","trainingMode":"WALKING","flightsAscended":14,"flightsDescended":8,"rate":-2.0,"steppingGain":3805,"steppingLoss":2957,"stepsAscended":682,"stepsDescended":632,"totalGain":17298,"totalLoss":15326}
{"deviceid":"b81e905908354542","eventtype":"altimeter","timestamp":1456248221054,"userid":"vincent.planat@hpe.com","trainingMode":"WALKING","flightsAscended":14,"flightsDescended":8,"rate":-1.0,"steppingGain":3805,"steppingLoss":2957,"stepsAscended":682,"stepsDescended":632,"totalGain":17298,"totalLoss":15326}
{"deviceid":"b81e905908354542","eventtype":"altimeter","timestamp":1456248242172,"userid":"vincent.planat@hpe.com","trainingMode":"WALKING","flightsAscended":14,"flightsDescended":8,"rate":3.0,"steppingGain":3805,"steppingLoss":2957,"stepsAscended":682,"stepsDescended":632,"totalGain":17298,"totalLoss":15326}
{"deviceid":"b81e905908354542","eventtype":"altimeter","timestamp":1456248216126,"userid":"vincent.planat@hpe.com","trainingMode":"WALKING","flightsAscended":14,"flightsDescended":8,"rate":-3.0,"steppingGain":3805,"steppingLoss":2957,"stepsAscended":682,"stepsDescended":632,"totalGain":17298,"totalLoss":15326}
{"deviceid":"b81e905908354542","eventtype":"altimeter","timestamp":1456248223954,"userid":"vincent.planat@hpe.com","trainingMode":"WALKING","flightsAscended":14,"flightsDescended":8,"rate":-3.0,"steppingGain":3805,"steppingLoss":2957,"stepsAscended":682,"stepsDescended":632,"totalGain":17298,"totalLoss":15326}
{"deviceid":"b81e905908354542","eventtype":"altimeter","timestamp":1456248236866,"userid":"vincent.planat@hpe.com","trainingMode":"WALKING","flightsAscended":14,"flightsDescended":8,"rate":1.0,"steppingGain":3805,"steppingLoss":2957,"stepsAscended":682,"stepsDescended":632,"totalGain":17298,"totalLoss":15326}
{"deviceid":"b81e905908354542","eventtype":"altimeter","timestamp":1456248222953,"userid":"vincent.planat@hpe.com","trainingMode":"WALKING","flightsAscended":14,"flightsDescended":8,"rate":-2.0,"steppingGain":3805,"steppingLoss":2957,"stepsAscended":682,"stepsDescended":632,"totalGain":17298,"totalLoss":15326}
{"deviceid":"b81e905908354542","eventtype":"altimeter","timestamp":1456248218051,"userid":"vincent.planat@hpe.com","trainingMode":"WALKING","flightsAscended":14,"flightsDescended":8,"rate":-5.0,"steppingGain":3805,"steppingLoss":2957,"stepsAscended":682,"stepsDescended":632,"totalGain":17298,"totalLoss":15326}
{"deviceid":"b81e905908354542","eventtype":"altimeter","timestamp":1456248214155,"userid":"vincent.planat@hpe.com","trainingMode":"WALKING","flightsAscended":14,"flightsDescended":8,"rate":-5.0,"steppingGain":3805,"steppingLoss":2957,"stepsAscended":682,"stepsDescended":632,"totalGain":17298,"totalLoss":15326}
{"deviceid":"b81e905908354542","eventtype":"altimeter","timestamp":1456248213310,"userid":"vincent.planat@hpe.com","trainingMode":"WALKING","flightsAscended":14,"flightsDescended":8,"rate":-5.0,"steppingGain":3805,"steppingLoss":2957,"stepsAscended":682,"stepsDescended":632,"totalGain":17298,"totalLoss":15326}
