{"deviceid":"b81e905908354542","eventtype":"distance","timestamp":1456248110074,"userid":"vincent.planat@hpe.com","trainingMode":"WALKING","currentMotion":1,"pace":0.0,"speed":0.0,"totalDistance":2816616}
{"deviceid":"b81e905908354542","eventtype":"distance","timestamp":1456248115830,"userid":"vincent.planat@hpe.com","trainingMode":"WALKING","currentMotion":1,"pace":0.0,"speed":0.0,"totalDistance":2816616}
{"deviceid":"b81e905908354542","eventtype":"distance","timestamp":1456248100291,"userid":"vincent.planat@hpe.com","trainingMode":"SITTING","currentMotion":1,"pace":0.0,"speed":0.0,"totalDistance":2816616}
{"deviceid":"b81e905908354542","eventtype":"distance","timestamp":1456248112110,"userid":"vincent.planat@hpe.com","trainingMode":"WALKING","currentMotion":1,"pace":0.0,"speed":0.0,"totalDistance":2816616}
{"deviceid":"b81e905908354542","eventtype":"distance","timestamp":1456248116925,"userid":"vincent.planat@hpe.com","trainingMode":"WALKING","currentMotion":1,"pace":0.0,"speed":0.0,"totalDistance":2816616}
{"deviceid":"b81e905908354542","eventtype":"distance","timestamp":1456248126155,"userid":"vincent.planat@hpe.com","trainingMode":"WALKING","currentMotion":1,"pace":0.0,"speed":0.0,"totalDistance":2816616}
{"deviceid":"b81e905908354542","eventtype":"distance","timestamp":1456248099434,"userid":"vincent.planat@hpe.com","trainingMode":"SITTING","currentMotion":1,"pace":0.0,"speed":0.0,"totalDistance":2816616}
{"deviceid":"b81e905908354542","eventtype":"distance","timestamp":1456248127164,"userid":"vincent.planat@hpe.com","trainingMode":"WALKING","currentMotion":1,"pace":0.0,"speed":0.0,"totalDistance":2816616}
{"deviceid":"b81e905908354542","eventtype":"distance","timestamp":1456248111105,"userid":"vincent.planat@hpe.com","trainingMode":"WALKING","currentMotion":1,"pace":0.0,"speed":0.0,"totalDistance":2816616}
{"deviceid":"b81e905908354542","eventtype":"distance","timestamp":1456248096945,"userid":"vincent.planat@hpe.com","trainingMode":"SITTING","currentMotion":1,"pace":0.0,"speed":0.0,"totalDistance":2816616}
{"deviceid":"b81e905908354542","eventtype":"distance","timestamp":1456248092912,"userid":"vincent.planat@hpe.com","trainingMode":"SITTING","currentMotion":1,"pace":0.0,"speed":0.0,"totalDistance":2816616}
{"deviceid":"b81e905908354542","eventtype":"distance","timestamp":1456248106267,"userid":"vincent.planat@hpe.com","trainingMode":"SITTING","currentMotion":1,"pace":0.0,"speed":0.0,"totalDistance":2816616}
{"deviceid":"b81e905908354542","eventtype":"distance","timestamp":1456248124228,"userid":"vincent.planat@hpe.com","trainingMode":"WALKING","currentMotion":1,"pace":0.0,"speed":0.0,"totalDistance":2816616}
{"deviceid":"b81e905908354542","eventtype":"distance","timestamp":1456248119100,"userid":"vincent.planat@hpe.com","trainingMode":"WALKING","currentMotion":1,"pace":0.0,"speed":0.0,"totalDistance":2816616}
{"deviceid":"b81e905908354542","eventtype":"distance","timestamp":1456248114081,"userid":"vincent.planat@hpe.com","trainingMode":"WALKING","currentMotion":1,"pace":0.0,"speed":0.0,"totalDistance":2816616}
{"deviceid":"b81e905908354542","eventtype":"distance","timestamp":1456248107165,"userid":"vincent.planat@hpe.com","trainingMode":"WALKING","currentMotion":1,"pace":0.0,"speed":0.0,"totalDistance":2816616}
{"deviceid":"b81e905908354542","eventtype":"distance","timestamp":1456248112131,"userid":"vincent.planat@hpe.com","trainingMode":"WALKING","currentMotion":1,"pace":0.0,"speed":0.0,"totalDistance":2816616}
{"deviceid":"b81e905908354542","eventtype":"distance","timestamp":1456248113150,"userid":"vincent.planat@hpe.com","trainingMode":"WALKING","currentMotion":1,"pace":0.0,"speed":0.0,"totalDistance":2816616}
{"deviceid":"b81e905908354542","eventtype":"distance","timestamp":1456248102979,"userid":"vincent.planat@hpe.com","trainingMode":"SITTING","currentMotion":1,"pace":0.0,"speed":0.0,"totalDistance":2816616}
{"deviceid":"b81e905908354542","eventtype":"distance","timestamp":1456248105426,"userid":"vincent.planat@hpe.com","trainingMode":"SITTING","currentMotion":1,"pace":0.0,"speed":0.0,"totalDistance":2816616}
{"deviceid":"b81e905908354542","eventtype":"distance","timestamp":1456248101073,"userid":"vincent.planat@hpe.com","trainingMode":"SITTING","currentMotion":1,"pace":0.0,"speed":0.0,"totalDistance":2816616}
{"deviceid":"b81e905908354542","eventtype":"distance","timestamp":1456248116945,"userid":"vincent.planat@hpe.com","trainingMode":"WALKING","currentMotion":1,"pace":0.0,"speed":0.0,"totalDistance":2816616}
{"deviceid":"b81e905908354542","eventtype":"distance","timestamp":1456248109151,"userid":"vincent.planat@hpe.com","trainingMode":"WALKING","currentMotion":1,"pace":0.0,"speed":0.0,"totalDistance":2816616}
{"deviceid":"b81e905908354542","eventtype":"distance","timestamp":1456248121208,"userid":"vincent.planat@hpe.com","trainingMode":"WALKING","currentMotion":1,"pace":0.0,"speed":0.0,"totalDistance":2816616}
{"deviceid":"b81e905908354542","eventtype":"distance","timestamp":1456248115817,"userid":"vincent.planat@hpe.com","trainingMode":"WALKING","currentMotion":1,"pace":0.0,"speed":0.0,"totalDistance":2816616}
{"deviceid":"b81e905908354542","eventtype":"distance","timestamp":1456248095967,"userid":"vincent.planat@hpe.com","trainingMode":"SITTING","currentMotion":1,"pace":0.0,"speed":0.0,"totalDistance":2816616}
{"deviceid":"b81e905908354542","eventtype":"distance","timestamp":1456248122302,"userid":"vincent.planat@hpe.com","trainingMode":"WALKING","currentMotion":1,"pace":0.0,"speed":0.0,"totalDistance":2816616}
{"deviceid":"b81e905908354542","eventtype":"distance","timestamp":1456248107183,"userid":"vincent.planat@hpe.com","trainingMode":"WALKING","currentMotion":1,"pace":0.0,"speed":0.0,"totalDistance":2816616}
{"deviceid":"b81e905908354542","eventtype":"distance","timestamp":1456248113136,"userid":"vincent.planat@hpe.com","trainingMode":"WALKING","currentMotion":1,"pace":0.0,"speed":0.0,"totalDistance":2816616}
{"deviceid":"b81e905908354542","eventtype":"distance","timestamp":1456248099451,"userid":"vincent.planat@hpe.com","trainingMode":"SITTING","currentMotion":1,"pace":0.0,"speed":0.0,"totalDistance":2816616}
{"deviceid":"b81e905908354542","eventtype":"distance","timestamp":1456248123137,"userid":"vincent.planat@hpe.com","trainingMode":"WALKING","currentMotion":1,"pace":0.0,"speed":0.0,"totalDistance":2816616}
{"deviceid":"b81e905908354542","eventtype":"distance","timestamp":1456248090248,"userid":"vincent.planat@hpe.com","trainingMode":"SITTING","currentMotion":1,"pace":0.0,"speed":0.0,"totalDistance":2816616}
{"deviceid":"b81e905908354542","eventtype":"distance","timestamp":1456248094028,"userid":"vincent.planat@hpe.com","trainingMode":"SITTING","currentMotion":1,"pace":0.0,"speed":0.0,"totalDistance":2816616}
{"deviceid":"b81e905908354542","eventtype":"distance","timestamp":1456248108110,"userid":"vincent.planat@hpe.com","trainingMode":"WALKING","currentMotion":1,"pace":0.0,"speed":0.0,"totalDistance":2816616}
{"deviceid":"b81e905908354542","eventtype":"distance","timestamp":1456248108124,"userid":"vincent.planat@hpe.com","trainingMode":"WALKING","currentMotion":1,"pace":0.0,"speed":0.0,"totalDistance":2816616}
{"deviceid":"b81e905908354542","eventtype":"distance","timestamp":1456248094971,"userid":"vincent.planat@hpe.com","trainingMode":"SITTING","currentMotion":1,"pace":0.0,"speed":0.0,"totalDistance":2816616}
{"deviceid":"b81e905908354542","eventtype":"distance","timestamp":1456248098555,"userid":"vincent.planat@hpe.com","trainingMode":"SITTING","currentMotion":1,"pace":0.0,"speed":0.0,"totalDistance":2816616}
{"deviceid":"b81e905908354542","eventtype":"distance","timestamp":1456248117470,"userid":"vincent.planat@hpe.com","trainingMode":"WALKING","currentMotion":1,"pace":0.0,"speed":0.0,"totalDistance":2816616}
{"deviceid":"b81e905908354542","eventtype":"distance","timestamp":1456248117460,"userid":"vincent.planat@hpe.com","trainingMode":"WALKING","currentMotion":1,"pace":0.0,"speed":0.0,"totalDistance":2816616}
{"deviceid":"b81e905908354542","eventtype":"distance","timestamp":1456248109170,"userid":"vincent.planat@hpe.com","trainingMode":"WALKING","currentMotion":1,"pace":0.0,"speed":0.0,"totalDistance":2816616}
{"deviceid":"b81e905908354542","eventtype":"distance","timestamp":1456248101992,"userid":"vincent.planat@hpe.com","trainingMode":"SITTING","currentMotion":1,"pace":0.0,"speed":0.0,"totalDistance":2816616}
{"deviceid":"b81e905908354542","eventtype":"distance","timestamp":1456248091967,"userid":"vincent.planat@hpe.com","trainingMode":"SITTING","currentMotion":1,"pace":0.0,"speed":0.0,"totalDistance":2816616}
{"deviceid":"b81e905908354542","eventtype":"distance","timestamp":1456248092936,"userid":"vincent.planat@hpe.com","trainingMode":"SITTING","currentMotion":1,"pace":0.0,"speed":0.0,"totalDistance":2816616}
{"deviceid":"b81e905908354542","eventtype":"distance","timestamp":1456248125190,"userid":"vincent.planat@hpe.com","trainingMode":"WALKING","currentMotion":1,"pace":0.0,"speed":0.0,"totalDistance":2816616}
{"deviceid":"b81e905908354542","eventtype":"distance","timestamp":1456248120126,"userid":"vincent.planat@hpe.com","trainingMode":"WALKING","currentMotion":1,"pace":0.0,"speed":0.0,"totalDistance":2816616}
{"deviceid":"b81e905908354542","eventtype":"distance","timestamp":1456248100276,"userid":"vincent.planat@hpe.com","trainingMode":"SITTING","currentMotion":1,"pace":0.0,"speed":0.0,"totalDistance":2816616}
{"deviceid":"b81e905908354542","eventtype":"distance","timestamp":1456248095952,"userid":"vincent.planat@hpe.com","trainingMode":"SITTING","currentMotion":1,"pace":0.0,"speed":0.0,"totalDistance":2816616}
{"deviceid":"b81e905908354542","eventtype":"distance","timestamp":1456248114063,"userid":"vincent.planat@hpe.com","trainingMode":"WALKING","currentMotion":1,"pace":0.0,"speed":0.0,"totalDistance":2816616}
{"deviceid":"b81e905908354542","eventtype":"distance","timestamp":1456248098524,"userid":"vincent.planat@hpe.com","trainingMode":"SITTING","currentMotion":1,"pace":0.0,"speed":0.0,"totalDistance":2816616}
{"deviceid":"b81e905908354542","eventtype":"distance","timestamp":1456248090233,"userid":"vincent.planat@hpe.com","trainingMode":"SITTING","currentMotion":1,"pace":0.0,"speed":0.0,"totalDistance":2816616}
{"deviceid":"b81e905908354542","eventtype":"distance","timestamp":1456248101976,"userid":"vincent.planat@hpe.com","trainingMode":"SITTING","currentMotion":1,"pace":0.0,"speed":0.0,"totalDistance":2816616}
{"deviceid":"b81e905908354542","eventtype":"distance","timestamp":1456248111146,"userid":"vincent.planat@hpe.com","trainingMode":"WALKING","currentMotion":1,"pace":0.0,"speed":0.0,"totalDistance":2816616}
{"deviceid":"b81e905908354542","eventtype":"distance","timestamp":1456248118078,"userid":"vincent.planat@hpe.com","trainingMode":"WALKING","currentMotion":1,"pace":0.0,"speed":0.0,"totalDistance":2816616}
{"deviceid":"b81e905908354542","eventtype":"distance","timestamp":1456248094014,"userid":"vincent.planat@hpe.com","trainingMode":"SITTING","currentMotion":1,"pace":0.0,"speed":0.0,"totalDistance":2816616}
{"deviceid":"b81e905908354542","eventtype":"distance","timestamp":1456248121194,"userid":"vincent.planat@hpe.com","trainingMode":"WALKING","currentMotion":1,"pace":0.0,"speed":0.0,"totalDistance":2816616}
{"deviceid":"b81e905908354542","eventtype":"distance","timestamp":1456248128178,"userid":"vincent.planat@hpe.com","trainingMode":"WALKING","currentMotion":1,"pace":0.0,"speed":0.0,"totalDistance":2816616}
{"deviceid":"b81e905908354542","eventtype":"distance","timestamp":1456248105409,"userid":"vincent.planat@hpe.com","trainingMode":"SITTING","currentMotion":1,"pace":0.0,"speed":0.0,"totalDistance":2816616}
{"deviceid":"b81e905908354542","eventtype":"distance","timestamp":1456248091027,"userid":"vincent.planat@hpe.com","trainingMode":"SITTING","currentMotion":1,"pace":0.0,"speed":0.0,"totalDistance":2816616}
{"deviceid":"b81e905908354542","eventtype":"distance","timestamp":1456248128176,"userid":"vincent.planat@hpe.com","trainingMode":"WALKING","currentMotion":1,"pace":0.0,"speed":0.0,"totalDistance":2816616}
{"deviceid":"b81e905908354542","eventtype":"distance","timestamp":1456248120135,"userid":"vincent.planat@hpe.com","trainingMode":"WALKING","currentMotion":1,"pace":0.0,"speed":0.0,"totalDistance":2816616}
{"deviceid":"b81e905908354542","eventtype":"distance","timestamp":1456248119109,"userid":"vincent.planat@hpe.com","trainingMode":"WALKING","currentMotion":1,"pace":0.0,"speed":0.0,"totalDistance":2816616}
{"deviceid":"b81e905908354542","eventtype":"distance","timestamp":1456248122287,"userid":"vincent.planat@hpe.com","trainingMode":"WALKING","currentMotion":1,"pace":0.0,"speed":0.0,"totalDistance":2816616}
{"deviceid":"b81e905908354542","eventtype":"distance","timestamp":1456248104021,"userid":"vincent.planat@hpe.com","trainingMode":"SITTING","currentMotion":1,"pace":0.0,"speed":0.0,"totalDistance":2816616}
{"deviceid":"b81e905908354542","eventtype":"distance","timestamp":1456248126157,"userid":"vincent.planat@hpe.com","trainingMode":"WALKING","currentMotion":1,"pace":0.0,"speed":0.0,"totalDistance":2816616}
{"deviceid":"b81e905908354542","eventtype":"distance","timestamp":1456248096966,"userid":"vincent.planat@hpe.com","trainingMode":"SITTING","currentMotion":1,"pace":0.0,"speed":0.0,"totalDistance":2816616}
{"deviceid":"b81e905908354542","eventtype":"distance","timestamp":1456248125206,"userid":"vincent.planat@hpe.com","trainingMode":"WALKING","currentMotion":1,"pace":0.0,"speed":0.0,"totalDistance":2816616}
{"deviceid":"b81e905908354542","eventtype":"distance","timestamp":1456248118076,"userid":"vincent.planat@hpe.com","trainingMode":"WALKING","currentMotion":1,"pace":0.0,"speed":0.0,"totalDistance":2816616}
{"deviceid":"b81e905908354542","eventtype":"distance","timestamp":1456248110086,"userid":"vincent.planat@hpe.com","trainingMode":"WALKING","currentMotion":1,"pace":0.0,"speed":0.0,"totalDistance":2816616}
{"deviceid":"b81e905908354542","eventtype":"distance","timestamp":1456248104037,"userid":"vincent.planat@hpe.com","trainingMode":"SITTING","currentMotion":1,"pace":0.0,"speed":0.0,"totalDistance":2816616}
{"deviceid":"b81e905908354542","eventtype":"distance","timestamp":1456248127163,"userid":"vincent.planat@hpe.com","trainingMode":"WALKING","currentMotion":1,"pace":0.0,"speed":0.0,"totalDistance":2816616}
{"deviceid":"b81e905908354542","eventtype":"distance","timestamp":1456248091982,"userid":"vincent.planat@hpe.com","trainingMode":"SITTING","currentMotion":1,"pace":0.0,"speed":0.0,"totalDistance":2816616}
{"deviceid":"b81e905908354542","eventtype":"distance","timestamp":1456248101083,"userid":"vincent.planat@hpe.com","trainingMode":"SITTING","currentMotion":1,"pace":0.0,"speed":0.0,"totalDistance":2816616}
{"deviceid":"b81e905908354542","eventtype":"distance","timestamp":1456248102996,"userid":"vincent.planat@hpe.com","trainingMode":"SITTING","currentMotion":1,"pace":0.0,"speed":0.0,"totalDistance":2816616}
{"deviceid":"b81e905908354542","eventtype":"distance","timestamp":1456248123119,"userid":"vincent.planat@hpe.com","trainingMode":"WALKING","currentMotion":1,"pace":0.0,"speed":0.0,"totalDistance":2816616}
{"deviceid":"b81e905908354542","eventtype":"distance","timestamp":1456248094955,"userid":"vincent.planat@hpe.com","trainingMode":"SITTING","currentMotion":1,"pace":0.0,"speed":0.0,"totalDistance":2816616}
{"deviceid":"b81e905908354542","eventtype":"distance","timestamp":1456248106254,"userid":"vincent.planat@hpe.com","trainingMode":"SITTING","currentMotion":1,"pace":0.0,"speed":0.0,"totalDistance":2816616}
{"deviceid":"b81e905908354542","eventtype":"distance","timestamp":1456248124214,"userid":"vincent.planat@hpe.com","trainingMode":"WALKING","currentMotion":1,"pace":0.0,"speed":0.0,"totalDistance":2816616}
{"deviceid":"b81e905908354542","eventtype":"distance","timestamp":1456248091012,"userid":"vincent.planat@hpe.com","trainingMode":"SITTING","currentMotion":1,"pace":0.0,"speed":0.0,"totalDistance":2816616}
