{"deviceid":"b81e905908354542","eventtype":"calorie","timestamp":1456248385850,"userid":"vincent.planat@hpe.com","trainingMode":"WALKING","calories":18689}
{"deviceid":"b81e905908354542","eventtype":"calorie","timestamp":1456248405042,"userid":"vincent.planat@hpe.com","trainingMode":"WALKING","calories":18690}
{"deviceid":"b81e905908354542","eventtype":"calorie","timestamp":1456248390565,"userid":"vincent.planat@hpe.com","trainingMode":"WALKING","calories":18689}
{"deviceid":"b81e905908354542","eventtype":"calorie","timestamp":1456248426496,"userid":"vincent.planat@hpe.com","trainingMode":"WALKING","calories":18691}
{"deviceid":"b81e905908354542","eventtype":"calorie","timestamp":1456248407100,"userid":"vincent.planat@hpe.com","trainingMode":"WALKING","calories":18690}
{"deviceid":"b81e905908354542","eventtype":"calorie","timestamp":1456248424440,"userid":"vincent.planat@hpe.com","trainingMode":"WALKING","calories":18691}
{"deviceid":"b81e905908354542","eventtype":"calorie","timestamp":1456248428419,"userid":"vincent.planat@hpe.com","trainingMode":"WALKING","calories":18691}
{"deviceid":"b81e905908354542","eventtype":"calorie","timestamp":1456248408017,"userid":"vincent.planat@hpe.com","trainingMode":"WALKING","calories":18690}
{"deviceid":"b81e905908354542","eventtype":"calorie","timestamp":1456248387537,"userid":"vincent.planat@hpe.com","trainingMode":"WALKING","calories":18689}
{"deviceid":"b81e905908354542","eventtype":"calorie","timestamp":1456248420832,"userid":"vincent.planat@hpe.com","trainingMode":"WALKING","calories":18690}
{"deviceid":"b81e905908354542","eventtype":"calorie","timestamp":1456248387517,"userid":"vincent.planat@hpe.com","trainingMode":"WALKING","calories":18689}
{"deviceid":"b81e905908354542","eventtype":"calorie","timestamp":1456248413594,"userid":"vincent.planat@hpe.com","trainingMode":"WALKING","calories":18690}
{"deviceid":"b81e905908354542","eventtype":"calorie","timestamp":1456248392586,"userid":"vincent.planat@hpe.com","trainingMode":"WALKING","calories":18689}
{"deviceid":"b81e905908354542","eventtype":"calorie","timestamp":1456248414414,"userid":"vincent.planat@hpe.com","trainingMode":"WALKING","calories":18690}
{"deviceid":"b81e905908354542","eventtype":"calorie","timestamp":1456248419815,"userid":"vincent.planat@hpe.com","trainingMode":"WALKING","calories":18690}
{"deviceid":"b81e905908354542","eventtype":"calorie","timestamp":1456248384758,"userid":"vincent.planat@hpe.com","trainingMode":"WALKING","calories":18689}
{"deviceid":"b81e905908354542","eventtype":"calorie","timestamp":1456248381524,"userid":"vincent.planat@hpe.com","trainingMode":"WALKING","calories":18689}
{"deviceid":"b81e905908354542","eventtype":"calorie","timestamp":1456248379726,"userid":"vincent.planat@hpe.com","trainingMode":"WALKING","calories":18689}
{"deviceid":"b81e905908354542","eventtype":"calorie","timestamp":1456248400827,"userid":"vincent.planat@hpe.com","trainingMode":"WALKING","calories":18689}
{"deviceid":"b81e905908354542","eventtype":"calorie","timestamp":1456248399758,"userid":"vincent.planat@hpe.com","trainingMode":"WALKING","calories":18689}
{"deviceid":"b81e905908354542","eventtype":"calorie","timestamp":1456248402899,"userid":"vincent.planat@hpe.com","trainingMode":"WALKING","calories":18690}
{"deviceid":"b81e905908354542","eventtype":"calorie","timestamp":1456248396153,"userid":"vincent.planat@hpe.com","trainingMode":"WALKING","calories":18689}
{"deviceid":"b81e905908354542","eventtype":"calorie","timestamp":1456248380611,"userid":"vincent.planat@hpe.com","trainingMode":"WALKING","calories":18689}
{"deviceid":"b81e905908354542","eventtype":"calorie","timestamp":1456248402885,"userid":"vincent.planat@hpe.com","trainingMode":"WALKING","calories":18690}
{"deviceid":"b81e905908354542","eventtype":"calorie","timestamp":1456248408037,"userid":"vincent.planat@hpe.com","trainingMode":"WALKING","calories":18690}
{"deviceid":"b81e905908354542","eventtype":"calorie","timestamp":1456248419799,"userid":"vincent.planat@hpe.com","trainingMode":"WALKING","calories":18690}
{"deviceid":"b81e905908354542","eventtype":"calorie","timestamp":1456248414430,"userid":"vincent.planat@hpe.com","trainingMode":"WALKING","calories":18690}
{"deviceid":"b81e905908354542","eventtype":"calorie","timestamp":1456248413576,"userid":"vincent.planat@hpe.com","trainingMode":"WALKING","calories":18690}
{"deviceid":"b81e905908354542","eventtype":"calorie","timestamp":1456248415221,"userid":"vincent.planat@hpe.com","trainingMode":"WALKING","calories":18690}
{"deviceid":"b81e905908354542","eventtype":"calorie","timestamp":1456248386677,"userid":"vincent.planat@hpe.com","trainingMode":"WALKING","calories":18689}
{"deviceid":"b81e905908354542","eventtype":"calorie","timestamp":1456248416231,"userid":"vincent.planat@hpe.com","trainingMode":"WALKING","calories":18690}
{"deviceid":"b81e905908354542","eventtype":"calorie","timestamp":1456248380588,"userid":"vincent.planat@hpe.com","trainingMode":"WALKING","calories":18689}
{"deviceid":"b81e905908354542","eventtype":"calorie","timestamp":1456248381509,"userid":"vincent.planat@hpe.com","trainingMode":"WALKING","calories":18689}
{"deviceid":"b81e905908354542","eventtype":"calorie","timestamp":1456248412752,"userid":"vincent.planat@hpe.com","trainingMode":"WALKING","calories":18690}
{"deviceid":"b81e905908354542","eventtype":"calorie","timestamp":1456248418986,"userid":"vincent.planat@hpe.com","trainingMode":"WALKING","calories":18690}
{"deviceid":"b81e905908354542","eventtype":"calorie","timestamp":1456248390582,"userid":"vincent.planat@hpe.com","trainingMode":"WALKING","calories":18689}
{"deviceid":"b81e905908354542","eventtype":"calorie","timestamp":1456248410044,"userid":"vincent.planat@hpe.com","trainingMode":"WALKING","calories":18690}
{"deviceid":"b81e905908354542","eventtype":"calorie","timestamp":1456248411075,"userid":"vincent.planat@hpe.com","trainingMode":"WALKING","calories":18690}
{"deviceid":"b81e905908354542","eventtype":"calorie","timestamp":1456248407116,"userid":"vincent.planat@hpe.com","trainingMode":"WALKING","calories":18690}
{"deviceid":"b81e905908354542","eventtype":"calorie","timestamp":1456248418959,"userid":"vincent.planat@hpe.com","trainingMode":"WALKING","calories":18690}
{"deviceid":"b81e905908354542","eventtype":"calorie","timestamp":1456248396137,"userid":"vincent.planat@hpe.com","trainingMode":"WALKING","calories":18689}
{"deviceid":"b81e905908354542","eventtype":"calorie","timestamp":1456248398832,"userid":"vincent.planat@hpe.com","trainingMode":"WALKING","calories":18689}
{"deviceid":"b81e905908354542","eventtype":"calorie","timestamp":1456248417173,"userid":"vincent.planat@hpe.com","trainingMode":"WALKING","calories":18690}
{"deviceid":"b81e905908354542","eventtype":"calorie","timestamp":1456248406054,"userid":"vincent.planat@hpe.com","trainingMode":"WALKING","calories":18690}
{"deviceid":"b81e905908354542","eventtype":"calorie","timestamp":1456248425621,"userid":"vincent.planat@hpe.com","trainingMode":"WALKING","calories":18691}
{"deviceid":"b81e905908354542","eventtype":"calorie","timestamp":1456248428419,"userid":"vincent.planat@hpe.com","trainingMode":"WALKING","calories":18691}
{"deviceid":"b81e905908354542","eventtype":"calorie","timestamp":1456248426481,"userid":"vincent.planat@hpe.com","trainingMode":"WALKING","calories":18691}
{"deviceid":"b81e905908354542","eventtype":"calorie","timestamp":1456248399760,"userid":"vincent.planat@hpe.com","trainingMode":"WALKING","calories":18689}
{"deviceid":"b81e905908354542","eventtype":"calorie","timestamp":1456248391587,"userid":"vincent.planat@hpe.com","trainingMode":"WALKING","calories":18689}
{"deviceid":"b81e905908354542","eventtype":"calorie","timestamp":1456248383930,"userid":"vincent.planat@hpe.com","trainingMode":"WALKING","calories":18689}
{"deviceid":"b81e905908354542","eventtype":"calorie","timestamp":1456248416215,"userid":"vincent.planat@hpe.com","trainingMode":"WALKING","calories":18690}
{"deviceid":"b81e905908354542","eventtype":"calorie","timestamp":1456248389602,"userid":"vincent.planat@hpe.com","trainingMode":"WALKING","calories":18689}
{"deviceid":"b81e905908354542","eventtype":"calorie","timestamp":1456248396982,"userid":"vincent.planat@hpe.com","trainingMode":"WALKING","calories":18689}
{"deviceid":"b81e905908354542","eventtype":"calorie","timestamp":1456248403938,"userid":"vincent.planat@hpe.com","trainingMode":"WALKING","calories":18690}
{"deviceid":"b81e905908354542","eventtype":"calorie","timestamp":1456248425605,"userid":"vincent.planat@hpe.com","trainingMode":"WALKING","calories":18691}
{"deviceid":"b81e905908354542","eventtype":"calorie","timestamp":1456248415208,"userid":"vincent.planat@hpe.com","trainingMode":"WALKING","calories":18690}
{"deviceid":"b81e905908354542","eventtype":"calorie","timestamp":1456248405066,"userid":"vincent.planat@hpe.com","trainingMode":"WALKING","calories":18690}
{"deviceid":"b81e905908354542","eventtype":"calorie","timestamp":1456248411091,"userid":"vincent.planat@hpe.com","trainingMode":"WALKING","calories":18690}
{"deviceid":"b81e905908354542","eventtype":"calorie","timestamp":1456248401986,"userid":"vincent.planat@hpe.com","trainingMode":"WALKING","calories":18689}
{"deviceid":"b81e905908354542","eventtype":"calorie","timestamp":1456248422456,"userid":"vincent.planat@hpe.com","trainingMode":"WALKING","calories":18691}
{"deviceid":"b81e905908354542","eventtype":"calorie","timestamp":1456248401972,"userid":"vincent.planat@hpe.com","trainingMode":"WALKING","calories":18689}
{"deviceid":"b81e905908354542","eventtype":"calorie","timestamp":1456248391584,"userid":"vincent.planat@hpe.com","trainingMode":"WALKING","calories":18689}
{"deviceid":"b81e905908354542","eventtype":"calorie","timestamp":1456248389585,"userid":"vincent.planat@hpe.com","trainingMode":"WALKING","calories":18689}
{"deviceid":"b81e905908354542","eventtype":"calorie","timestamp":1456248393627,"userid":"vincent.planat@hpe.com","trainingMode":"WALKING","calories":18689}
{"deviceid":"b81e905908354542","eventtype":"calorie","timestamp":1456248398814,"userid":"vincent.planat@hpe.com","trainingMode":"WALKING","calories":18689}
{"deviceid":"b81e905908354542","eventtype":"calorie","timestamp":1456248383072,"userid":"vincent.planat@hpe.com","trainingMode":"WALKING","calories":18689}
{"deviceid":"b81e905908354542","eventtype":"calorie","timestamp":1456248423401,"userid":"vincent.planat@hpe.com","trainingMode":"WALKING","calories":18691}
{"deviceid":"b81e905908354542","eventtype":"calorie","timestamp":1456248410032,"userid":"vincent.planat@hpe.com","trainingMode":"WALKING","calories":18690}
{"deviceid":"b81e905908354542","eventtype":"calorie","timestamp":1456248386660,"userid":"vincent.planat@hpe.com","trainingMode":"WALKING","calories":18689}
{"deviceid":"b81e905908354542","eventtype":"calorie","timestamp":1456248409005,"userid":"vincent.planat@hpe.com","trainingMode":"WALKING","calories":18690}
{"deviceid":"b81e905908354542","eventtype":"calorie","timestamp":1456248406048,"userid":"vincent.planat@hpe.com","trainingMode":"WALKING","calories":18690}
{"deviceid":"b81e905908354542","eventtype":"calorie","timestamp":1456248394635,"userid":"vincent.planat@hpe.com","trainingMode":"WALKING","calories":18689}
{"deviceid":"b81e905908354542","eventtype":"calorie","timestamp":1456248397006,"userid":"vincent.planat@hpe.com","trainingMode":"WALKING","calories":18689}
{"deviceid":"b81e905908354542","eventtype":"calorie","timestamp":1456248427446,"userid":"vincent.planat@hpe.com","trainingMode":"WALKING","calories":18691}
{"deviceid":"b81e905908354542","eventtype":"calorie","timestamp":1456248384744,"userid":"vincent.planat@hpe.com","trainingMode":"WALKING","calories":18689}
{"deviceid":"b81e905908354542","eventtype":"calorie","timestamp":1456248382258,"userid":"vincent.planat@hpe.com","trainingMode":"WALKING","calories":18689}
{"deviceid":"b81e905908354542","eventtype":"calorie","timestamp":1456248412734,"userid":"vincent.planat@hpe.com","trainingMode":"WALKING","calories":18690}
{"deviceid":"b81e905908354542","eventtype":"calorie","timestamp":1456248417171,"userid":"vincent.planat@hpe.com","trainingMode":"WALKING","calories":18690}
{"deviceid":"b81e905908354542","eventtype":"calorie","timestamp":1456248383088,"userid":"vincent.planat@hpe.com","trainingMode":"WALKING","calories":18689}
{"deviceid":"b81e905908354542","eventtype":"calorie","timestamp":1456248420879,"userid":"vincent.planat@hpe.com","trainingMode":"WALKING","calories":18690}
{"deviceid":"b81e905908354542","eventtype":"calorie","timestamp":1456248423380,"userid":"vincent.planat@hpe.com","trainingMode":"WALKING","calories":18691}
{"deviceid":"b81e905908354542","eventtype":"calorie","timestamp":1456248395195,"userid":"vincent.planat@hpe.com","trainingMode":"WALKING","calories":18689}
{"deviceid":"b81e905908354542","eventtype":"calorie","timestamp":1456248393629,"userid":"vincent.planat@hpe.com","trainingMode":"WALKING","calories":18689}
{"deviceid":"b81e905908354542","eventtype":"calorie","timestamp":1456248379743,"userid":"vincent.planat@hpe.com","trainingMode":"WALKING","calories":18689}
{"deviceid":"b81e905908354542","eventtype":"calorie","timestamp":1456248424421,"userid":"vincent.planat@hpe.com","trainingMode":"WALKING","calories":18691}
{"deviceid":"b81e905908354542","eventtype":"calorie","timestamp":1456248388667,"userid":"vincent.planat@hpe.com","trainingMode":"WALKING","calories":18689}
{"deviceid":"b81e905908354542","eventtype":"calorie","timestamp":1456248388665,"userid":"vincent.planat@hpe.com","trainingMode":"WALKING","calories":18689}
{"deviceid":"b81e905908354542","eventtype":"calorie","timestamp":1456248427429,"userid":"vincent.planat@hpe.com","trainingMode":"WALKING","calories":18691}
{"deviceid":"b81e905908354542","eventtype":"calorie","timestamp":1456248383913,"userid":"vincent.planat@hpe.com","trainingMode":"WALKING","calories":18689}
{"deviceid":"b81e905908354542","eventtype":"calorie","timestamp":1456248422498,"userid":"vincent.planat@hpe.com","trainingMode":"WALKING","calories":18691}
{"deviceid":"b81e905908354542","eventtype":"calorie","timestamp":1456248382272,"userid":"vincent.planat@hpe.com","trainingMode":"WALKING","calories":18689}
{"deviceid":"b81e905908354542","eventtype":"calorie","timestamp":1456248392587,"userid":"vincent.planat@hpe.com","trainingMode":"WALKING","calories":18689}
{"deviceid":"b81e905908354542","eventtype":"calorie","timestamp":1456248421674,"userid":"vincent.planat@hpe.com","trainingMode":"WALKING","calories":18690}
{"deviceid":"b81e905908354542","eventtype":"calorie","timestamp":1456248409027,"userid":"vincent.planat@hpe.com","trainingMode":"WALKING","calories":18690}
{"deviceid":"b81e905908354542","eventtype":"calorie","timestamp":1456248400807,"userid":"vincent.planat@hpe.com","trainingMode":"WALKING","calories":18689}
{"deviceid":"b81e905908354542","eventtype":"calorie","timestamp":1456248397827,"userid":"vincent.planat@hpe.com","trainingMode":"WALKING","calories":18689}
{"deviceid":"b81e905908354542","eventtype":"calorie","timestamp":1456248385834,"userid":"vincent.planat@hpe.com","trainingMode":"WALKING","calories":18689}
{"deviceid":"b81e905908354542","eventtype":"calorie","timestamp":1456248397801,"userid":"vincent.planat@hpe.com","trainingMode":"WALKING","calories":18689}
{"deviceid":"b81e905908354542","eventtype":"calorie","timestamp":1456248421718,"userid":"vincent.planat@hpe.com","trainingMode":"WALKING","calories":18690}
{"deviceid":"b81e905908354542","eventtype":"calorie","timestamp":1456248403956,"userid":"vincent.planat@hpe.com","trainingMode":"WALKING","calories":18690}
