{"deviceid":"b81e905908354542","eventtype":"calorie","timestamp":1456248631609,"userid":"vincent.planat@hpe.com","trainingMode":"WALKING","calories":18701}
{"deviceid":"b81e905908354542","eventtype":"calorie","timestamp":1456248645269,"userid":"vincent.planat@hpe.com","trainingMode":"SITTING","calories":18701}
{"deviceid":"b81e905908354542","eventtype":"calorie","timestamp":1456248648666,"userid":"vincent.planat@hpe.com","trainingMode":"SITTING","calories":18701}
{"deviceid":"b81e905908354542","eventtype":"calorie","timestamp":1456248628198,"userid":"vincent.planat@hpe.com","trainingMode":"WALKING","calories":18701}
{"deviceid":"b81e905908354542","eventtype":"calorie","timestamp":1456248647918,"userid":"vincent.planat@hpe.com","trainingMode":"SITTING","calories":18701}
{"deviceid":"b81e905908354542","eventtype":"calorie","timestamp":1456248639423,"userid":"vincent.planat@hpe.com","trainingMode":"WALKING","calories":18701}
{"deviceid":"b81e905908354542","eventtype":"calorie","timestamp":1456248653746,"userid":"vincent.planat@hpe.com","trainingMode":"SITTING","calories":18702}
{"deviceid":"b81e905908354542","eventtype":"calorie","timestamp":1456248631658,"userid":"vincent.planat@hpe.com","trainingMode":"WALKING","calories":18701}
{"deviceid":"b81e905908354542","eventtype":"calorie","timestamp":1456248651696,"userid":"vincent.planat@hpe.com","trainingMode":"SITTING","calories":18702}
{"deviceid":"b81e905908354542","eventtype":"calorie","timestamp":1456248649686,"userid":"vincent.planat@hpe.com","trainingMode":"SITTING","calories":18701}
{"deviceid":"b81e905908354542","eventtype":"calorie","timestamp":1456248656838,"userid":"vincent.planat@hpe.com","trainingMode":"SITTING","calories":18702}
{"deviceid":"b81e905908354542","eventtype":"calorie","timestamp":1456248643532,"userid":"vincent.planat@hpe.com","trainingMode":"WALKING","calories":18701}
{"deviceid":"b81e905908354542","eventtype":"calorie","timestamp":1456248640536,"userid":"vincent.planat@hpe.com","trainingMode":"WALKING","calories":18701}
{"deviceid":"b81e905908354542","eventtype":"calorie","timestamp":1456248630239,"userid":"vincent.planat@hpe.com","trainingMode":"WALKING","calories":18701}
{"deviceid":"b81e905908354542","eventtype":"calorie","timestamp":1456248633413,"userid":"vincent.planat@hpe.com","trainingMode":"WALKING","calories":18701}
{"deviceid":"b81e905908354542","eventtype":"calorie","timestamp":1456248658456,"userid":"vincent.planat@hpe.com","trainingMode":"SITTING","calories":18702}
{"deviceid":"b81e905908354542","eventtype":"calorie","timestamp":1456248648682,"userid":"vincent.planat@hpe.com","trainingMode":"SITTING","calories":18701}
{"deviceid":"b81e905908354542","eventtype":"calorie","timestamp":1456248656824,"userid":"vincent.planat@hpe.com","trainingMode":"SITTING","calories":18702}
{"deviceid":"b81e905908354542","eventtype":"calorie","timestamp":1456248628179,"userid":"vincent.planat@hpe.com","trainingMode":"WALKING","calories":18701}
{"deviceid":"b81e905908354542","eventtype":"calorie","timestamp":1456248642459,"userid":"vincent.planat@hpe.com","trainingMode":"WALKING","calories":18701}
{"deviceid":"b81e905908354542","eventtype":"calorie","timestamp":1456248663018,"userid":"vincent.planat@hpe.com","trainingMode":"SITTING","calories":18702}
{"deviceid":"b81e905908354542","eventtype":"calorie","timestamp":1456248645248,"userid":"vincent.planat@hpe.com","trainingMode":"SITTING","calories":18701}
{"deviceid":"b81e905908354542","eventtype":"calorie","timestamp":1456248668156,"userid":"vincent.planat@hpe.com","trainingMode":"SITTING","calories":18702}
{"deviceid":"b81e905908354542","eventtype":"calorie","timestamp":1456248624700,"userid":"vincent.planat@hpe.com","trainingMode":"WALKING","calories":18700}
{"deviceid":"b81e905908354542","eventtype":"calorie","timestamp":1456248634312,"userid":"vincent.planat@hpe.com","trainingMode":"WALKING","calories":18701}
{"deviceid":"b81e905908354542","eventtype":"calorie","timestamp":1456248627293,"userid":"vincent.planat@hpe.com","trainingMode":"WALKING","calories":18701}
{"deviceid":"b81e905908354542","eventtype":"calorie","timestamp":1456248661088,"userid":"vincent.planat@hpe.com","trainingMode":"SITTING","calories":18702}
{"deviceid":"b81e905908354542","eventtype":"calorie","timestamp":1456248625451,"userid":"vincent.planat@hpe.com","trainingMode":"WALKING","calories":18700}
{"deviceid":"b81e905908354542","eventtype":"calorie","timestamp":1456248650711,"userid":"vincent.planat@hpe.com","trainingMode":"SITTING","calories":18702}
{"deviceid":"b81e905908354542","eventtype":"calorie","timestamp":1456248643516,"userid":"vincent.planat@hpe.com","trainingMode":"WALKING","calories":18701}
{"deviceid":"b81e905908354542","eventtype":"calorie","timestamp":1456248655805,"userid":"vincent.planat@hpe.com","trainingMode":"SITTING","calories":18702}
{"deviceid":"b81e905908354542","eventtype":"calorie","timestamp":1456248669153,"userid":"vincent.planat@hpe.com","trainingMode":"SITTING","calories":18702}
{"deviceid":"b81e905908354542","eventtype":"calorie","timestamp":1456248668172,"userid":"vincent.planat@hpe.com","trainingMode":"SITTING","calories":18702}
{"deviceid":"b81e905908354542","eventtype":"calorie","timestamp":1456248664142,"userid":"vincent.planat@hpe.com","trainingMode":"SITTING","calories":18702}
{"deviceid":"b81e905908354542","eventtype":"calorie","timestamp":1456248634325,"userid":"vincent.planat@hpe.com","trainingMode":"WALKING","calories":18701}
{"deviceid":"b81e905908354542","eventtype":"calorie","timestamp":1456248664121,"userid":"vincent.planat@hpe.com","trainingMode":"SITTING","calories":18702}
{"deviceid":"b81e905908354542","eventtype":"calorie","timestamp":1456248635338,"userid":"vincent.planat@hpe.com","trainingMode":"WALKING","calories":18701}
{"deviceid":"b81e905908354542","eventtype":"calorie","timestamp":1456248639402,"userid":"vincent.planat@hpe.com","trainingMode":"WALKING","calories":18701}
{"deviceid":"b81e905908354542","eventtype":"calorie","timestamp":1456248629178,"userid":"vincent.planat@hpe.com","trainingMode":"WALKING","calories":18701}
{"deviceid":"b81e905908354542","eventtype":"calorie","timestamp":1456248626396,"userid":"vincent.planat@hpe.com","trainingMode":"WALKING","calories":18701}
{"deviceid":"b81e905908354542","eventtype":"calorie","timestamp":1456248638386,"userid":"vincent.planat@hpe.com","trainingMode":"WALKING","calories":18701}
{"deviceid":"b81e905908354542","eventtype":"calorie","timestamp":1456248660295,"userid":"vincent.planat@hpe.com","trainingMode":"SITTING","calories":18702}
{"deviceid":"b81e905908354542","eventtype":"calorie","timestamp":1456248638395,"userid":"vincent.planat@hpe.com","trainingMode":"WALKING","calories":18701}
{"deviceid":"b81e905908354542","eventtype":"calorie","timestamp":1456248649702,"userid":"vincent.planat@hpe.com","trainingMode":"SITTING","calories":18701}
{"deviceid":"b81e905908354542","eventtype":"calorie","timestamp":1456248637419,"userid":"vincent.planat@hpe.com","trainingMode":"WALKING","calories":18701}
{"deviceid":"b81e905908354542","eventtype":"calorie","timestamp":1456248629180,"userid":"vincent.planat@hpe.com","trainingMode":"WALKING","calories":18701}
{"deviceid":"b81e905908354542","eventtype":"calorie","timestamp":1456248626409,"userid":"vincent.planat@hpe.com","trainingMode":"WALKING","calories":18701}
{"deviceid":"b81e905908354542","eventtype":"calorie","timestamp":1456248662032,"userid":"vincent.planat@hpe.com","trainingMode":"SITTING","calories":18702}
{"deviceid":"b81e905908354542","eventtype":"calorie","timestamp":1456248651693,"userid":"vincent.planat@hpe.com","trainingMode":"SITTING","calories":18702}
{"deviceid":"b81e905908354542","eventtype":"calorie","timestamp":1456248632531,"userid":"vincent.planat@hpe.com","trainingMode":"WALKING","calories":18701}
{"deviceid":"b81e905908354542","eventtype":"calorie","timestamp":1456248647101,"userid":"vincent.planat@hpe.com","trainingMode":"SITTING","calories":18701}
{"deviceid":"b81e905908354542","eventtype":"calorie","timestamp":1456248633347,"userid":"vincent.planat@hpe.com","trainingMode":"WALKING","calories":18701}
{"deviceid":"b81e905908354542","eventtype":"calorie","timestamp":1456248667191,"userid":"vincent.planat@hpe.com","trainingMode":"SITTING","calories":18702}
{"deviceid":"b81e905908354542","eventtype":"calorie","timestamp":1456248632590,"userid":"vincent.planat@hpe.com","trainingMode":"WALKING","calories":18701}
{"deviceid":"b81e905908354542","eventtype":"calorie","timestamp":1456248654820,"userid":"vincent.planat@hpe.com","trainingMode":"SITTING","calories":18702}
{"deviceid":"b81e905908354542","eventtype":"calorie","timestamp":1456248661980,"userid":"vincent.planat@hpe.com","trainingMode":"SITTING","calories":18702}
{"deviceid":"b81e905908354542","eventtype":"calorie","timestamp":1456248652747,"userid":"vincent.planat@hpe.com","trainingMode":"SITTING","calories":18702}
{"deviceid":"b81e905908354542","eventtype":"calorie","timestamp":1456248665287,"userid":"vincent.planat@hpe.com","trainingMode":"SITTING","calories":18702}
{"deviceid":"b81e905908354542","eventtype":"calorie","timestamp":1456248647081,"userid":"vincent.planat@hpe.com","trainingMode":"SITTING","calories":18701}
{"deviceid":"b81e905908354542","eventtype":"calorie","timestamp":1456248642456,"userid":"vincent.planat@hpe.com","trainingMode":"WALKING","calories":18701}
{"deviceid":"b81e905908354542","eventtype":"calorie","timestamp":1456248636337,"userid":"vincent.planat@hpe.com","trainingMode":"WALKING","calories":18701}
{"deviceid":"b81e905908354542","eventtype":"calorie","timestamp":1456248665303,"userid":"vincent.planat@hpe.com","trainingMode":"SITTING","calories":18702}
{"deviceid":"b81e905908354542","eventtype":"calorie","timestamp":1456248641494,"userid":"vincent.planat@hpe.com","trainingMode":"WALKING","calories":18701}
{"deviceid":"b81e905908354542","eventtype":"calorie","timestamp":1456248666155,"userid":"vincent.planat@hpe.com","trainingMode":"SITTING","calories":18702}
{"deviceid":"b81e905908354542","eventtype":"calorie","timestamp":1456248647936,"userid":"vincent.planat@hpe.com","trainingMode":"SITTING","calories":18701}
{"deviceid":"b81e905908354542","eventtype":"calorie","timestamp":1456248630255,"userid":"vincent.planat@hpe.com","trainingMode":"WALKING","calories":18701}
{"deviceid":"b81e905908354542","eventtype":"calorie","timestamp":1456248636361,"userid":"vincent.planat@hpe.com","trainingMode":"WALKING","calories":18701}
{"deviceid":"b81e905908354542","eventtype":"calorie","timestamp":1456248640519,"userid":"vincent.planat@hpe.com","trainingMode":"WALKING","calories":18701}
{"deviceid":"b81e905908354542","eventtype":"calorie","timestamp":1456248652732,"userid":"vincent.planat@hpe.com","trainingMode":"SITTING","calories":18702}
{"deviceid":"b81e905908354542","eventtype":"calorie","timestamp":1456248646160,"userid":"vincent.planat@hpe.com","trainingMode":"SITTING","calories":18701}
{"deviceid":"b81e905908354542","eventtype":"calorie","timestamp":1456248667175,"userid":"vincent.planat@hpe.com","trainingMode":"SITTING","calories":18702}
{"deviceid":"b81e905908354542","eventtype":"calorie","timestamp":1456248624687,"userid":"vincent.planat@hpe.com","trainingMode":"WALKING","calories":18700}
{"deviceid":"b81e905908354542","eventtype":"calorie","timestamp":1456248666183,"userid":"vincent.planat@hpe.com","trainingMode":"SITTING","calories":18702}
{"deviceid":"b81e905908354542","eventtype":"calorie","timestamp":1456248659468,"userid":"vincent.planat@hpe.com","trainingMode":"SITTING","calories":18702}
{"deviceid":"b81e905908354542","eventtype":"calorie","timestamp":1456248654841,"userid":"vincent.planat@hpe.com","trainingMode":"SITTING","calories":18702}
{"deviceid":"b81e905908354542","eventtype":"calorie","timestamp":1456248660335,"userid":"vincent.planat@hpe.com","trainingMode":"SITTING","calories":18702}
{"deviceid":"b81e905908354542","eventtype":"calorie","timestamp":1456248658436,"userid":"vincent.planat@hpe.com","trainingMode":"SITTING","calories":18702}
{"deviceid":"b81e905908354542","eventtype":"calorie","timestamp":1456248653732,"userid":"vincent.planat@hpe.com","trainingMode":"SITTING","calories":18702}
{"deviceid":"b81e905908354542","eventtype":"calorie","timestamp":1456248659414,"userid":"vincent.planat@hpe.com","trainingMode":"SITTING","calories":18702}
{"deviceid":"b81e905908354542","eventtype":"calorie","timestamp":1456248635354,"userid":"vincent.planat@hpe.com","trainingMode":"WALKING","calories":18701}
{"deviceid":"b81e905908354542","eventtype":"calorie","timestamp":1456248637435,"userid":"vincent.planat@hpe.com","trainingMode":"WALKING","calories":18701}
{"deviceid":"b81e905908354542","eventtype":"calorie","timestamp":1456248627278,"userid":"vincent.planat@hpe.com","trainingMode":"WALKING","calories":18701}
{"deviceid":"b81e905908354542","eventtype":"calorie","timestamp":1456248655789,"userid":"vincent.planat@hpe.com","trainingMode":"SITTING","calories":18702}
{"deviceid":"b81e905908354542","eventtype":"calorie","timestamp":1456248646175,"userid":"vincent.planat@hpe.com","trainingMode":"SITTING","calories":18701}
{"deviceid":"b81e905908354542","eventtype":"calorie","timestamp":1456248650724,"userid":"vincent.planat@hpe.com","trainingMode":"SITTING","calories":18702}
{"deviceid":"b81e905908354542","eventtype":"calorie","timestamp":1456248661136,"userid":"vincent.planat@hpe.com","trainingMode":"SITTING","calories":18702}
{"deviceid":"b81e905908354542","eventtype":"calorie","timestamp":1456248625466,"userid":"vincent.planat@hpe.com","trainingMode":"WALKING","calories":18700}
{"deviceid":"b81e905908354542","eventtype":"calorie","timestamp":1456248663033,"userid":"vincent.planat@hpe.com","trainingMode":"SITTING","calories":18702}
{"deviceid":"b81e905908354542","eventtype":"calorie","timestamp":1456248641512,"userid":"vincent.planat@hpe.com","trainingMode":"WALKING","calories":18701}
