{"deviceid":"b81e905908354542","eventtype":"ambientLight","timestamp":1456248235233,"userid":"vincent.planat@hpe.com","trainingMode":"WALKING","brightness":0}
{"deviceid":"b81e905908354542","eventtype":"ambientLight","timestamp":1456248209566,"userid":"vincent.planat@hpe.com","trainingMode":"WALKING","brightness":0}
{"deviceid":"b81e905908354542","eventtype":"ambientLight","timestamp":1456248235737,"userid":"vincent.planat@hpe.com","trainingMode":"WALKING","brightness":0}
{"deviceid":"b81e905908354542","eventtype":"ambientLight","timestamp":1456248243765,"userid":"vincent.planat@hpe.com","trainingMode":"WALKING","brightness":67}
{"deviceid":"b81e905908354542","eventtype":"ambientLight","timestamp":1456248222818,"userid":"vincent.planat@hpe.com","trainingMode":"WALKING","brightness":0}
{"deviceid":"b81e905908354542","eventtype":"ambientLight","timestamp":1456248220363,"userid":"vincent.planat@hpe.com","trainingMode":"WALKING","brightness":0}
{"deviceid":"b81e905908354542","eventtype":"ambientLight","timestamp":1456248212394,"userid":"vincent.planat@hpe.com","trainingMode":"WALKING","brightness":0}
{"deviceid":"b81e905908354542","eventtype":"ambientLight","timestamp":1456248213561,"userid":"vincent.planat@hpe.com","trainingMode":"WALKING","brightness":0}
{"deviceid":"b81e905908354542","eventtype":"ambientLight","timestamp":1456248223784,"userid":"vincent.planat@hpe.com","trainingMode":"WALKING","brightness":0}
{"deviceid":"b81e905908354542","eventtype":"ambientLight","timestamp":1456248243778,"userid":"vincent.planat@hpe.com","trainingMode":"WALKING","brightness":67}
{"deviceid":"b81e905908354542","eventtype":"ambientLight","timestamp":1456248212373,"userid":"vincent.planat@hpe.com","trainingMode":"WALKING","brightness":0}
{"deviceid":"b81e905908354542","eventtype":"ambientLight","timestamp":1456248234431,"userid":"vincent.planat@hpe.com","trainingMode":"WALKING","brightness":0}
{"deviceid":"b81e905908354542","eventtype":"ambientLight","timestamp":1456248227286,"userid":"vincent.planat@hpe.com","trainingMode":"WALKING","brightness":0}
{"deviceid":"b81e905908354542","eventtype":"ambientLight","timestamp":1456248241732,"userid":"vincent.planat@hpe.com","trainingMode":"WALKING","brightness":0}
{"deviceid":"b81e905908354542","eventtype":"ambientLight","timestamp":1456248223248,"userid":"vincent.planat@hpe.com","trainingMode":"WALKING","brightness":0}
{"deviceid":"b81e905908354542","eventtype":"ambientLight","timestamp":1456248224262,"userid":"vincent.planat@hpe.com","trainingMode":"WALKING","brightness":0}
{"deviceid":"b81e905908354542","eventtype":"ambientLight","timestamp":1456248246498,"userid":"vincent.planat@hpe.com","trainingMode":"WALKING","brightness":12}
{"deviceid":"b81e905908354542","eventtype":"ambientLight","timestamp":1456248214012,"userid":"vincent.planat@hpe.com","trainingMode":"WALKING","brightness":0}
{"deviceid":"b81e905908354542","eventtype":"ambientLight","timestamp":1456248219760,"userid":"vincent.planat@hpe.com","trainingMode":"WALKING","brightness":0}
{"deviceid":"b81e905908354542","eventtype":"ambientLight","timestamp":1456248229410,"userid":"vincent.planat@hpe.com","trainingMode":"WALKING","brightness":0}
{"deviceid":"b81e905908354542","eventtype":"ambientLight","timestamp":1456248226862,"userid":"vincent.planat@hpe.com","trainingMode":"WALKING","brightness":0}
{"deviceid":"b81e905908354542","eventtype":"ambientLight","timestamp":1456248228173,"userid":"vincent.planat@hpe.com","trainingMode":"WALKING","brightness":0}
{"deviceid":"b81e905908354542","eventtype":"ambientLight","timestamp":1456248226036,"userid":"vincent.planat@hpe.com","trainingMode":"WALKING","brightness":0}
{"deviceid":"b81e905908354542","eventtype":"ambientLight","timestamp":1456248239971,"userid":"vincent.planat@hpe.com","trainingMode":"WALKING","brightness":0}
{"deviceid":"b81e905908354542","eventtype":"ambientLight","timestamp":1456248210483,"userid":"vincent.planat@hpe.com","trainingMode":"WALKING","brightness":0}
{"deviceid":"b81e905908354542","eventtype":"ambientLight","timestamp":1456248244774,"userid":"vincent.planat@hpe.com","trainingMode":"WALKING","brightness":62}
{"deviceid":"b81e905908354542","eventtype":"ambientLight","timestamp":1456248217317,"userid":"vincent.planat@hpe.com","trainingMode":"WALKING","brightness":0}
{"deviceid":"b81e905908354542","eventtype":"ambientLight","timestamp":1456248242824,"userid":"vincent.planat@hpe.com","trainingMode":"WALKING","brightness":182}
{"deviceid":"b81e905908354542","eventtype":"ambientLight","timestamp":1456248234803,"userid":"vincent.planat@hpe.com","trainingMode":"WALKING","brightness":0}
{"deviceid":"b81e905908354542","eventtype":"ambientLight","timestamp":1456248216452,"userid":"vincent.planat@hpe.com","trainingMode":"WALKING","brightness":0}
{"deviceid":"b81e905908354542","eventtype":"ambientLight","timestamp":1456248240831,"userid":"vincent.planat@hpe.com","trainingMode":"WALKING","brightness":0}
{"deviceid":"b81e905908354542","eventtype":"ambientLight","timestamp":1456248232774,"userid":"vincent.planat@hpe.com","trainingMode":"WALKING","brightness":0}
{"deviceid":"b81e905908354542","eventtype":"ambientLight","timestamp":1456248240364,"userid":"vincent.planat@hpe.com","trainingMode":"WALKING","brightness":0}
{"deviceid":"b81e905908354542","eventtype":"ambientLight","timestamp":1456248233237,"userid":"vincent.planat@hpe.com","trainingMode":"WALKING","brightness":0}
{"deviceid":"b81e905908354542","eventtype":"ambientLight","timestamp":1456248228947,"userid":"vincent.planat@hpe.com","trainingMode":"WALKING","brightness":0}
{"deviceid":"b81e905908354542","eventtype":"ambientLight","timestamp":1456248233872,"userid":"vincent.planat@hpe.com","trainingMode":"WALKING","brightness":0}
{"deviceid":"b81e905908354542","eventtype":"ambientLight","timestamp":1456248243276,"userid":"vincent.planat@hpe.com","trainingMode":"WALKING","brightness":23}
{"deviceid":"b81e905908354542","eventtype":"ambientLight","timestamp":1456248229381,"userid":"vincent.planat@hpe.com","trainingMode":"WALKING","brightness":0}
{"deviceid":"b81e905908354542","eventtype":"ambientLight","timestamp":1456248215978,"userid":"vincent.planat@hpe.com","trainingMode":"WALKING","brightness":0}
{"deviceid":"b81e905908354542","eventtype":"ambientLight","timestamp":1456248224919,"userid":"vincent.planat@hpe.com","trainingMode":"WALKING","brightness":0}
{"deviceid":"b81e905908354542","eventtype":"ambientLight","timestamp":1456248237432,"userid":"vincent.planat@hpe.com","trainingMode":"WALKING","brightness":0}
{"deviceid":"b81e905908354542","eventtype":"ambientLight","timestamp":1456248242547,"userid":"vincent.planat@hpe.com","trainingMode":"WALKING","brightness":70}
{"deviceid":"b81e905908354542","eventtype":"ambientLight","timestamp":1456248242837,"userid":"vincent.planat@hpe.com","trainingMode":"WALKING","brightness":182}
{"deviceid":"b81e905908354542","eventtype":"ambientLight","timestamp":1456248230245,"userid":"vincent.planat@hpe.com","trainingMode":"WALKING","brightness":0}
{"deviceid":"b81e905908354542","eventtype":"ambientLight","timestamp":1456248243292,"userid":"vincent.planat@hpe.com","trainingMode":"WALKING","brightness":23}
{"deviceid":"b81e905908354542","eventtype":"ambientLight","timestamp":1456248223236,"userid":"vincent.planat@hpe.com","trainingMode":"WALKING","brightness":0}
{"deviceid":"b81e905908354542","eventtype":"ambientLight","timestamp":1456248210122,"userid":"vincent.planat@hpe.com","trainingMode":"WALKING","brightness":0}
{"deviceid":"b81e905908354542","eventtype":"ambientLight","timestamp":1456248238315,"userid":"vincent.planat@hpe.com","trainingMode":"WALKING","brightness":0}
{"deviceid":"b81e905908354542","eventtype":"ambientLight","timestamp":1456248215544,"userid":"vincent.planat@hpe.com","trainingMode":"WALKING","brightness":0}
{"deviceid":"b81e905908354542","eventtype":"ambientLight","timestamp":1456248221359,"userid":"vincent.planat@hpe.com","trainingMode":"WALKING","brightness":0}
{"deviceid":"b81e905908354542","eventtype":"ambientLight","timestamp":1456248244758,"userid":"vincent.planat@hpe.com","trainingMode":"WALKING","brightness":62}
{"deviceid":"b81e905908354542","eventtype":"ambientLight","timestamp":1456248236763,"userid":"vincent.planat@hpe.com","trainingMode":"WALKING","brightness":0}
{"deviceid":"b81e905908354542","eventtype":"ambientLight","timestamp":1456248241213,"userid":"vincent.planat@hpe.com","trainingMode":"WALKING","brightness":0}
{"deviceid":"b81e905908354542","eventtype":"ambientLight","timestamp":1456248217860,"userid":"vincent.planat@hpe.com","trainingMode":"WALKING","brightness":0}
{"deviceid":"b81e905908354542","eventtype":"ambientLight","timestamp":1456248230791,"userid":"vincent.planat@hpe.com","trainingMode":"WALKING","brightness":0}
{"deviceid":"b81e905908354542","eventtype":"ambientLight","timestamp":1456248229779,"userid":"vincent.planat@hpe.com","trainingMode":"WALKING","brightness":0}
{"deviceid":"b81e905908354542","eventtype":"ambientLight","timestamp":1456248237404,"userid":"vincent.planat@hpe.com","trainingMode":"WALKING","brightness":0}
{"deviceid":"b81e905908354542","eventtype":"ambientLight","timestamp":1456248247767,"userid":"vincent.planat@hpe.com","trainingMode":"WALKING","brightness":45}
{"deviceid":"b81e905908354542","eventtype":"ambientLight","timestamp":1456248238336,"userid":"vincent.planat@hpe.com","trainingMode":"WALKING","brightness":0}
{"deviceid":"b81e905908354542","eventtype":"ambientLight","timestamp":1456248244325,"userid":"vincent.planat@hpe.com","trainingMode":"WALKING","brightness":100}
{"deviceid":"b81e905908354542","eventtype":"ambientLight","timestamp":1456248226007,"userid":"vincent.planat@hpe.com","trainingMode":"WALKING","brightness":0}
{"deviceid":"b81e905908354542","eventtype":"ambientLight","timestamp":1456248226877,"userid":"vincent.planat@hpe.com","trainingMode":"WALKING","brightness":0}
{"deviceid":"b81e905908354542","eventtype":"ambientLight","timestamp":1456248247321,"userid":"vincent.planat@hpe.com","trainingMode":"WALKING","brightness":37}
{"deviceid":"b81e905908354542","eventtype":"ambientLight","timestamp":1456248228967,"userid":"vincent.planat@hpe.com","trainingMode":"WALKING","brightness":0}
{"deviceid":"b81e905908354542","eventtype":"ambientLight","timestamp":1456248213127,"userid":"vincent.planat@hpe.com","trainingMode":"WALKING","brightness":0}
{"deviceid":"b81e905908354542","eventtype":"ambientLight","timestamp":1456248228598,"userid":"vincent.planat@hpe.com","trainingMode":"WALKING","brightness":0}
{"deviceid":"b81e905908354542","eventtype":"ambientLight","timestamp":1456248215526,"userid":"vincent.planat@hpe.com","trainingMode":"WALKING","brightness":0}
{"deviceid":"b81e905908354542","eventtype":"ambientLight","timestamp":1456248226425,"userid":"vincent.planat@hpe.com","trainingMode":"WALKING","brightness":0}
{"deviceid":"b81e905908354542","eventtype":"ambientLight","timestamp":1456248218760,"userid":"vincent.planat@hpe.com","trainingMode":"WALKING","brightness":0}
{"deviceid":"b81e905908354542","eventtype":"ambientLight","timestamp":1456248232280,"userid":"vincent.planat@hpe.com","trainingMode":"WALKING","brightness":0}
{"deviceid":"b81e905908354542","eventtype":"ambientLight","timestamp":1456248239956,"userid":"vincent.planat@hpe.com","trainingMode":"WALKING","brightness":0}
{"deviceid":"b81e905908354542","eventtype":"ambientLight","timestamp":1456248211977,"userid":"vincent.planat@hpe.com","trainingMode":"WALKING","brightness":0}
{"deviceid":"b81e905908354542","eventtype":"ambientLight","timestamp":1456248210142,"userid":"vincent.planat@hpe.com","trainingMode":"WALKING","brightness":0}
{"deviceid":"b81e905908354542","eventtype":"ambientLight","timestamp":1456248240384,"userid":"vincent.planat@hpe.com","trainingMode":"WALKING","brightness":0}
{"deviceid":"b81e905908354542","eventtype":"ambientLight","timestamp":1456248211952,"userid":"vincent.planat@hpe.com","trainingMode":"WALKING","brightness":0}
{"deviceid":"b81e905908354542","eventtype":"ambientLight","timestamp":1456248233250,"userid":"vincent.planat@hpe.com","trainingMode":"WALKING","brightness":0}
{"deviceid":"b81e905908354542","eventtype":"ambientLight","timestamp":1456248244290,"userid":"vincent.planat@hpe.com","trainingMode":"WALKING","brightness":100}
{"deviceid":"b81e905908354542","eventtype":"ambientLight","timestamp":1456248213107,"userid":"vincent.planat@hpe.com","trainingMode":"WALKING","brightness":0}
{"deviceid":"b81e905908354542","eventtype":"ambientLight","timestamp":1456248248415,"userid":"vincent.planat@hpe.com","trainingMode":"WALKING","brightness":49}
{"deviceid":"b81e905908354542","eventtype":"ambientLight","timestamp":1456248218348,"userid":"vincent.planat@hpe.com","trainingMode":"WALKING","brightness":0}
{"deviceid":"b81e905908354542","eventtype":"ambientLight","timestamp":1456248231925,"userid":"vincent.planat@hpe.com","trainingMode":"WALKING","brightness":0}
{"deviceid":"b81e905908354542","eventtype":"ambientLight","timestamp":1456248240846,"userid":"vincent.planat@hpe.com","trainingMode":"WALKING","brightness":0}
{"deviceid":"b81e905908354542","eventtype":"ambientLight","timestamp":1456248228612,"userid":"vincent.planat@hpe.com","trainingMode":"WALKING","brightness":0}
{"deviceid":"b81e905908354542","eventtype":"ambientLight","timestamp":1456248246483,"userid":"vincent.planat@hpe.com","trainingMode":"WALKING","brightness":12}
{"deviceid":"b81e905908354542","eventtype":"ambientLight","timestamp":1456248214468,"userid":"vincent.planat@hpe.com","trainingMode":"WALKING","brightness":0}
{"deviceid":"b81e905908354542","eventtype":"ambientLight","timestamp":1456248235273,"userid":"vincent.planat@hpe.com","trainingMode":"WALKING","brightness":0}
{"deviceid":"b81e905908354542","eventtype":"ambientLight","timestamp":1456248237786,"userid":"vincent.planat@hpe.com","trainingMode":"WALKING","brightness":0}
{"deviceid":"b81e905908354542","eventtype":"ambientLight","timestamp":1456248242530,"userid":"vincent.planat@hpe.com","trainingMode":"WALKING","brightness":70}
{"deviceid":"b81e905908354542","eventtype":"ambientLight","timestamp":1456248239500,"userid":"vincent.planat@hpe.com","trainingMode":"WALKING","brightness":0}
{"deviceid":"b81e905908354542","eventtype":"ambientLight","timestamp":1456248227768,"userid":"vincent.planat@hpe.com","trainingMode":"WALKING","brightness":0}
{"deviceid":"b81e905908354542","eventtype":"ambientLight","timestamp":1456248222367,"userid":"vincent.planat@hpe.com","trainingMode":"WALKING","brightness":0}
{"deviceid":"b81e905908354542","eventtype":"ambientLight","timestamp":1456248212736,"userid":"vincent.planat@hpe.com","trainingMode":"WALKING","brightness":0}
{"deviceid":"b81e905908354542","eventtype":"ambientLight","timestamp":1456248233854,"userid":"vincent.planat@hpe.com","trainingMode":"WALKING","brightness":0}
{"deviceid":"b81e905908354542","eventtype":"ambientLight","timestamp":1456248221761,"userid":"vincent.planat@hpe.com","trainingMode":"WALKING","brightness":0}
{"deviceid":"b81e905908354542","eventtype":"ambientLight","timestamp":1456248231902,"userid":"vincent.planat@hpe.com","trainingMode":"WALKING","brightness":0}
{"deviceid":"b81e905908354542","eventtype":"ambientLight","timestamp":1456248219775,"userid":"vincent.planat@hpe.com","trainingMode":"WALKING","brightness":0}
{"deviceid":"b81e905908354542","eventtype":"ambientLight","timestamp":1456248246803,"userid":"vincent.planat@hpe.com","trainingMode":"WALKING","brightness":15}
{"deviceid":"b81e905908354542","eventtype":"ambientLight","timestamp":1456248211061,"userid":"vincent.planat@hpe.com","trainingMode":"WALKING","brightness":0}
{"deviceid":"b81e905908354542","eventtype":"ambientLight","timestamp":1456248223807,"userid":"vincent.planat@hpe.com","trainingMode":"WALKING","brightness":0}
{"deviceid":"b81e905908354542","eventtype":"ambientLight","timestamp":1456248245669,"userid":"vincent.planat@hpe.com","trainingMode":"WALKING","brightness":85}
{"deviceid":"b81e905908354542","eventtype":"ambientLight","timestamp":1456248213582,"userid":"vincent.planat@hpe.com","trainingMode":"WALKING","brightness":0}
{"deviceid":"b81e905908354542","eventtype":"ambientLight","timestamp":1456248211037,"userid":"vincent.planat@hpe.com","trainingMode":"WALKING","brightness":0}
{"deviceid":"b81e905908354542","eventtype":"ambientLight","timestamp":1456248214912,"userid":"vincent.planat@hpe.com","trainingMode":"WALKING","brightness":0}
{"deviceid":"b81e905908354542","eventtype":"ambientLight","timestamp":1456248232295,"userid":"vincent.planat@hpe.com","trainingMode":"WALKING","brightness":0}
{"deviceid":"b81e905908354542","eventtype":"ambientLight","timestamp":1456248242119,"userid":"vincent.planat@hpe.com","trainingMode":"WALKING","brightness":204}
{"deviceid":"b81e905908354542","eventtype":"ambientLight","timestamp":1456248209582,"userid":"vincent.planat@hpe.com","trainingMode":"WALKING","brightness":0}
{"deviceid":"b81e905908354542","eventtype":"ambientLight","timestamp":1456248235723,"userid":"vincent.planat@hpe.com","trainingMode":"WALKING","brightness":0}
{"deviceid":"b81e905908354542","eventtype":"ambientLight","timestamp":1456248247275,"userid":"vincent.planat@hpe.com","trainingMode":"WALKING","brightness":37}
{"deviceid":"b81e905908354542","eventtype":"ambientLight","timestamp":1456248221344,"userid":"vincent.planat@hpe.com","trainingMode":"WALKING","brightness":0}
{"deviceid":"b81e905908354542","eventtype":"ambientLight","timestamp":1456248231262,"userid":"vincent.planat@hpe.com","trainingMode":"WALKING","brightness":0}
{"deviceid":"b81e905908354542","eventtype":"ambientLight","timestamp":1456248246035,"userid":"vincent.planat@hpe.com","trainingMode":"WALKING","brightness":27}
{"deviceid":"b81e905908354542","eventtype":"ambientLight","timestamp":1456248232746,"userid":"vincent.planat@hpe.com","trainingMode":"WALKING","brightness":0}
{"deviceid":"b81e905908354542","eventtype":"ambientLight","timestamp":1456248215996,"userid":"vincent.planat@hpe.com","trainingMode":"WALKING","brightness":0}
{"deviceid":"b81e905908354542","eventtype":"ambientLight","timestamp":1456248227306,"userid":"vincent.planat@hpe.com","trainingMode":"WALKING","brightness":0}
{"deviceid":"b81e905908354542","eventtype":"ambientLight","timestamp":1456248216879,"userid":"vincent.planat@hpe.com","trainingMode":"WALKING","brightness":0}
{"deviceid":"b81e905908354542","eventtype":"ambientLight","timestamp":1456248248402,"userid":"vincent.planat@hpe.com","trainingMode":"WALKING","brightness":49}
{"deviceid":"b81e905908354542","eventtype":"ambientLight","timestamp":1456248216862,"userid":"vincent.planat@hpe.com","trainingMode":"WALKING","brightness":0}
{"deviceid":"b81e905908354542","eventtype":"ambientLight","timestamp":1456248217300,"userid":"vincent.planat@hpe.com","trainingMode":"WALKING","brightness":0}
{"deviceid":"b81e905908354542","eventtype":"ambientLight","timestamp":1456248214896,"userid":"vincent.planat@hpe.com","trainingMode":"WALKING","brightness":0}
{"deviceid":"b81e905908354542","eventtype":"ambientLight","timestamp":1456248239513,"userid":"vincent.planat@hpe.com","trainingMode":"WALKING","brightness":0}
{"deviceid":"b81e905908354542","eventtype":"ambientLight","timestamp":1456248214488,"userid":"vincent.planat@hpe.com","trainingMode":"WALKING","brightness":0}
{"deviceid":"b81e905908354542","eventtype":"ambientLight","timestamp":1456248229760,"userid":"vincent.planat@hpe.com","trainingMode":"WALKING","brightness":0}
{"deviceid":"b81e905908354542","eventtype":"ambientLight","timestamp":1456248245693,"userid":"vincent.planat@hpe.com","trainingMode":"WALKING","brightness":85}
{"deviceid":"b81e905908354542","eventtype":"ambientLight","timestamp":1456248237767,"userid":"vincent.planat@hpe.com","trainingMode":"WALKING","brightness":0}
{"deviceid":"b81e905908354542","eventtype":"ambientLight","timestamp":1456248234787,"userid":"vincent.planat@hpe.com","trainingMode":"WALKING","brightness":0}
{"deviceid":"b81e905908354542","eventtype":"ambientLight","timestamp":1456248241704,"userid":"vincent.planat@hpe.com","trainingMode":"WALKING","brightness":0}
{"deviceid":"b81e905908354542","eventtype":"ambientLight","timestamp":1456248220926,"userid":"vincent.planat@hpe.com","trainingMode":"WALKING","brightness":0}
{"deviceid":"b81e905908354542","eventtype":"ambientLight","timestamp":1456248222384,"userid":"vincent.planat@hpe.com","trainingMode":"WALKING","brightness":0}
{"deviceid":"b81e905908354542","eventtype":"ambientLight","timestamp":1456248231280,"userid":"vincent.planat@hpe.com","trainingMode":"WALKING","brightness":0}
{"deviceid":"b81e905908354542","eventtype":"ambientLight","timestamp":1456248211507,"userid":"vincent.planat@hpe.com","trainingMode":"WALKING","brightness":0}
{"deviceid":"b81e905908354542","eventtype":"ambientLight","timestamp":1456248224906,"userid":"vincent.planat@hpe.com","trainingMode":"WALKING","brightness":0}
{"deviceid":"b81e905908354542","eventtype":"ambientLight","timestamp":1456248247785,"userid":"vincent.planat@hpe.com","trainingMode":"WALKING","brightness":45}
{"deviceid":"b81e905908354542","eventtype":"ambientLight","timestamp":1456248212756,"userid":"vincent.planat@hpe.com","trainingMode":"WALKING","brightness":0}
{"deviceid":"b81e905908354542","eventtype":"ambientLight","timestamp":1456248210498,"userid":"vincent.planat@hpe.com","trainingMode":"WALKING","brightness":0}
{"deviceid":"b81e905908354542","eventtype":"ambientLight","timestamp":1456248211520,"userid":"vincent.planat@hpe.com","trainingMode":"WALKING","brightness":0}
{"deviceid":"b81e905908354542","eventtype":"ambientLight","timestamp":1456248217878,"userid":"vincent.planat@hpe.com","trainingMode":"WALKING","brightness":0}
{"deviceid":"b81e905908354542","eventtype":"ambientLight","timestamp":1456248218738,"userid":"vincent.planat@hpe.com","trainingMode":"WALKING","brightness":0}
{"deviceid":"b81e905908354542","eventtype":"ambientLight","timestamp":1456248228187,"userid":"vincent.planat@hpe.com","trainingMode":"WALKING","brightness":0}
{"deviceid":"b81e905908354542","eventtype":"ambientLight","timestamp":1456248216475,"userid":"vincent.planat@hpe.com","trainingMode":"WALKING","brightness":0}
{"deviceid":"b81e905908354542","eventtype":"ambientLight","timestamp":1456248222833,"userid":"vincent.planat@hpe.com","trainingMode":"WALKING","brightness":0}
{"deviceid":"b81e905908354542","eventtype":"ambientLight","timestamp":1456248214028,"userid":"vincent.planat@hpe.com","trainingMode":"WALKING","brightness":0}
{"deviceid":"b81e905908354542","eventtype":"ambientLight","timestamp":1456248246864,"userid":"vincent.planat@hpe.com","trainingMode":"WALKING","brightness":15}
{"deviceid":"b81e905908354542","eventtype":"ambientLight","timestamp":1456248227732,"userid":"vincent.planat@hpe.com","trainingMode":"WALKING","brightness":0}
{"deviceid":"b81e905908354542","eventtype":"ambientLight","timestamp":1456248236744,"userid":"vincent.planat@hpe.com","trainingMode":"WALKING","brightness":0}
{"deviceid":"b81e905908354542","eventtype":"ambientLight","timestamp":1456248226442,"userid":"vincent.planat@hpe.com","trainingMode":"WALKING","brightness":0}
{"deviceid":"b81e905908354542","eventtype":"ambientLight","timestamp":1456248236245,"userid":"vincent.planat@hpe.com","trainingMode":"WALKING","brightness":0}
{"deviceid":"b81e905908354542","eventtype":"ambientLight","timestamp":1456248220387,"userid":"vincent.planat@hpe.com","trainingMode":"WALKING","brightness":0}
{"deviceid":"b81e905908354542","eventtype":"ambientLight","timestamp":1456248219264,"userid":"vincent.planat@hpe.com","trainingMode":"WALKING","brightness":0}
{"deviceid":"b81e905908354542","eventtype":"ambientLight","timestamp":1456248241230,"userid":"vincent.planat@hpe.com","trainingMode":"WALKING","brightness":0}
{"deviceid":"b81e905908354542","eventtype":"ambientLight","timestamp":1456248224278,"userid":"vincent.planat@hpe.com","trainingMode":"WALKING","brightness":0}
{"deviceid":"b81e905908354542","eventtype":"ambientLight","timestamp":1456248236247,"userid":"vincent.planat@hpe.com","trainingMode":"WALKING","brightness":0}
{"deviceid":"b81e905908354542","eventtype":"ambientLight","timestamp":1456248230240,"userid":"vincent.planat@hpe.com","trainingMode":"WALKING","brightness":0}
{"deviceid":"b81e905908354542","eventtype":"ambientLight","timestamp":1456248219280,"userid":"vincent.planat@hpe.com","trainingMode":"WALKING","brightness":0}
{"deviceid":"b81e905908354542","eventtype":"ambientLight","timestamp":1456248220911,"userid":"vincent.planat@hpe.com","trainingMode":"WALKING","brightness":0}
{"deviceid":"b81e905908354542","eventtype":"ambientLight","timestamp":1456248242102,"userid":"vincent.planat@hpe.com","trainingMode":"WALKING","brightness":204}
{"deviceid":"b81e905908354542","eventtype":"ambientLight","timestamp":1456248221745,"userid":"vincent.planat@hpe.com","trainingMode":"WALKING","brightness":0}
{"deviceid":"b81e905908354542","eventtype":"ambientLight","timestamp":1456248218326,"userid":"vincent.planat@hpe.com","trainingMode":"WALKING","brightness":0}
{"deviceid":"b81e905908354542","eventtype":"ambientLight","timestamp":1456248246051,"userid":"vincent.planat@hpe.com","trainingMode":"WALKING","brightness":27}
{"deviceid":"b81e905908354542","eventtype":"ambientLight","timestamp":1456248230815,"userid":"vincent.planat@hpe.com","trainingMode":"WALKING","brightness":0}
{"deviceid":"b81e905908354542","eventtype":"ambientLight","timestamp":1456248234418,"userid":"vincent.planat@hpe.com","trainingMode":"WALKING","brightness":0}
