{"deviceid":"b81e905908354542","eventtype":"altimeter","timestamp":1456248182248,"userid":"vincent.planat@hpe.com","trainingMode":"WALKING","flightsAscended":14,"flightsDescended":8,"rate":4.0,"steppingGain":3805,"steppingLoss":2957,"stepsAscended":682,"stepsDescended":632,"totalGain":17298,"totalLoss":15326}
{"deviceid":"b81e905908354542","eventtype":"altimeter","timestamp":1456248148052,"userid":"vincent.planat@hpe.com","trainingMode":"WALKING","flightsAscended":14,"flightsDescended":8,"rate":-1.0,"steppingGain":3805,"steppingLoss":2957,"stepsAscended":682,"stepsDescended":632,"totalGain":17298,"totalLoss":15326}
{"deviceid":"b81e905908354542","eventtype":"altimeter","timestamp":1456248172900,"userid":"vincent.planat@hpe.com","trainingMode":"WALKING","flightsAscended":14,"flightsDescended":8,"rate":1.0,"steppingGain":3805,"steppingLoss":2957,"stepsAscended":682,"stepsDescended":632,"totalGain":17298,"totalLoss":15326}
{"deviceid":"b81e905908354542","eventtype":"altimeter","timestamp":1456248148033,"userid":"vincent.planat@hpe.com","trainingMode":"WALKING","flightsAscended":14,"flightsDescended":8,"rate":-1.0,"steppingGain":3805,"steppingLoss":2957,"stepsAscended":682,"stepsDescended":632,"totalGain":17298,"totalLoss":15326}
{"deviceid":"b81e905908354542","eventtype":"altimeter","timestamp":1456248154295,"userid":"vincent.planat@hpe.com","trainingMode":"WALKING","flightsAscended":14,"flightsDescended":8,"rate":1.0,"steppingGain":3805,"steppingLoss":2957,"stepsAscended":682,"stepsDescended":632,"totalGain":17298,"totalLoss":15326}
{"deviceid":"b81e905908354542","eventtype":"altimeter","timestamp":1456248172915,"userid":"vincent.planat@hpe.com","trainingMode":"WALKING","flightsAscended":14,"flightsDescended":8,"rate":1.0,"steppingGain":3805,"steppingLoss":2957,"stepsAscended":682,"stepsDescended":632,"totalGain":17298,"totalLoss":15326}
{"deviceid":"b81e905908354542","eventtype":"altimeter","timestamp":1456248152607,"userid":"vincent.planat@hpe.com","trainingMode":"WALKING","flightsAscended":14,"flightsDescended":8,"rate":-5.0,"steppingGain":3805,"steppingLoss":2957,"stepsAscended":682,"stepsDescended":632,"totalGain":17298,"totalLoss":15326}
{"deviceid":"b81e905908354542","eventtype":"altimeter","timestamp":1456248188023,"userid":"vincent.planat@hpe.com","trainingMode":"WALKING","flightsAscended":14,"flightsDescended":8,"rate":0.0,"steppingGain":3805,"steppingLoss":2957,"stepsAscended":682,"stepsDescended":632,"totalGain":17298,"totalLoss":15326}
{"deviceid":"b81e905908354542","eventtype":"altimeter","timestamp":1456248146975,"userid":"vincent.planat@hpe.com","trainingMode":"WALKING","flightsAscended":14,"flightsDescended":8,"rate":1.0,"steppingGain":3805,"steppingLoss":2957,"stepsAscended":682,"stepsDescended":632,"totalGain":17298,"totalLoss":15326}
{"deviceid":"b81e905908354542","eventtype":"altimeter","timestamp":1456248182213,"userid":"vincent.planat@hpe.com","trainingMode":"WALKING","flightsAscended":14,"flightsDescended":8,"rate":4.0,"steppingGain":3805,"steppingLoss":2957,"stepsAscended":682,"stepsDescended":632,"totalGain":17298,"totalLoss":15326}
{"deviceid":"b81e905908354542","eventtype":"altimeter","timestamp":1456248176536,"userid":"vincent.planat@hpe.com","trainingMode":"WALKING","flightsAscended":14,"flightsDescended":8,"rate":-9.0,"steppingGain":3805,"steppingLoss":2957,"stepsAscended":682,"stepsDescended":632,"totalGain":17298,"totalLoss":15326}
{"deviceid":"b81e905908354542","eventtype":"altimeter","timestamp":1456248171062,"userid":"vincent.planat@hpe.com","trainingMode":"WALKING","flightsAscended":14,"flightsDescended":8,"rate":-2.0,"steppingGain":3805,"steppingLoss":2957,"stepsAscended":682,"stepsDescended":632,"totalGain":17298,"totalLoss":15326}
{"deviceid":"b81e905908354542","eventtype":"altimeter","timestamp":1456248149576,"userid":"vincent.planat@hpe.com","trainingMode":"WALKING","flightsAscended":14,"flightsDescended":8,"rate":-4.0,"steppingGain":3805,"steppingLoss":2957,"stepsAscended":682,"stepsDescended":632,"totalGain":17298,"totalLoss":15326}
{"deviceid":"b81e905908354542","eventtype":"altimeter","timestamp":1456248184912,"userid":"vincent.planat@hpe.com","trainingMode":"WALKING","flightsAscended":14,"flightsDescended":8,"rate":5.0,"steppingGain":3805,"steppingLoss":2957,"stepsAscended":682,"stepsDescended":632,"totalGain":17298,"totalLoss":15326}
{"deviceid":"b81e905908354542","eventtype":"altimeter","timestamp":1456248169326,"userid":"vincent.planat@hpe.com","trainingMode":"WALKING","flightsAscended":14,"flightsDescended":8,"rate":-6.0,"steppingGain":3805,"steppingLoss":2957,"stepsAscended":682,"stepsDescended":632,"totalGain":17298,"totalLoss":15326}
{"deviceid":"b81e905908354542","eventtype":"altimeter","timestamp":1456248144928,"userid":"vincent.planat@hpe.com","trainingMode":"WALKING","flightsAscended":14,"flightsDescended":8,"rate":0.0,"steppingGain":3805,"steppingLoss":2957,"stepsAscended":682,"stepsDescended":632,"totalGain":17298,"totalLoss":15326}
{"deviceid":"b81e905908354542","eventtype":"altimeter","timestamp":1456248142100,"userid":"vincent.planat@hpe.com","trainingMode":"WALKING","flightsAscended":14,"flightsDescended":8,"rate":-5.0,"steppingGain":3805,"steppingLoss":2957,"stepsAscended":682,"stepsDescended":632,"totalGain":17298,"totalLoss":15326}
{"deviceid":"b81e905908354542","eventtype":"altimeter","timestamp":1456248158672,"userid":"vincent.planat@hpe.com","trainingMode":"WALKING","flightsAscended":14,"flightsDescended":8,"rate":-3.0,"steppingGain":3805,"steppingLoss":2957,"stepsAscended":682,"stepsDescended":632,"totalGain":17298,"totalLoss":15326}
{"deviceid":"b81e905908354542","eventtype":"altimeter","timestamp":1456248157840,"userid":"vincent.planat@hpe.com","trainingMode":"WALKING","flightsAscended":14,"flightsDescended":8,"rate":0.0,"steppingGain":3805,"steppingLoss":2957,"stepsAscended":682,"stepsDescended":632,"totalGain":17298,"totalLoss":15326}
{"deviceid":"b81e905908354542","eventtype":"altimeter","timestamp":1456248166977,"userid":"vincent.planat@hpe.com","trainingMode":"WALKING","flightsAscended":14,"flightsDescended":8,"rate":-1.0,"steppingGain":3805,"steppingLoss":2957,"stepsAscended":682,"stepsDescended":632,"totalGain":17298,"totalLoss":15326}
{"deviceid":"b81e905908354542","eventtype":"altimeter","timestamp":1456248156886,"userid":"vincent.planat@hpe.com","trainingMode":"WALKING","flightsAscended":14,"flightsDescended":8,"rate":2.0,"steppingGain":3805,"steppingLoss":2957,"stepsAscended":682,"stepsDescended":632,"totalGain":17298,"totalLoss":15326}
{"deviceid":"b81e905908354542","eventtype":"altimeter","timestamp":1456248173957,"userid":"vincent.planat@hpe.com","trainingMode":"WALKING","flightsAscended":14,"flightsDescended":8,"rate":-3.0,"steppingGain":3805,"steppingLoss":2957,"stepsAscended":682,"stepsDescended":632,"totalGain":17298,"totalLoss":15326}
{"deviceid":"b81e905908354542","eventtype":"altimeter","timestamp":1456248143937,"userid":"vincent.planat@hpe.com","trainingMode":"WALKING","flightsAscended":14,"flightsDescended":8,"rate":-3.0,"steppingGain":3805,"steppingLoss":2957,"stepsAscended":682,"stepsDescended":632,"totalGain":17298,"totalLoss":15326}
{"deviceid":"b81e905908354542","eventtype":"altimeter","timestamp":1456248169341,"userid":"vincent.planat@hpe.com","trainingMode":"WALKING","flightsAscended":14,"flightsDescended":8,"rate":-6.0,"steppingGain":3805,"steppingLoss":2957,"stepsAscended":682,"stepsDescended":632,"totalGain":17298,"totalLoss":15326}
{"deviceid":"b81e905908354542","eventtype":"altimeter","timestamp":1456248164235,"userid":"vincent.planat@hpe.com","trainingMode":"WALKING","flightsAscended":14,"flightsDescended":8,"rate":2.0,"steppingGain":3805,"steppingLoss":2957,"stepsAscended":682,"stepsDescended":632,"totalGain":17298,"totalLoss":15326}
{"deviceid":"b81e905908354542","eventtype":"altimeter","timestamp":1456248165123,"userid":"vincent.planat@hpe.com","trainingMode":"WALKING","flightsAscended":14,"flightsDescended":8,"rate":2.0,"steppingGain":3805,"steppingLoss":2957,"stepsAscended":682,"stepsDescended":632,"totalGain":17298,"totalLoss":15326}
{"deviceid":"b81e905908354542","eventtype":"altimeter","timestamp":1456248156907,"userid":"vincent.planat@hpe.com","trainingMode":"WALKING","flightsAscended":14,"flightsDescended":8,"rate":2.0,"steppingGain":3805,"steppingLoss":2957,"stepsAscended":682,"stepsDescended":632,"totalGain":17298,"totalLoss":15326}
{"deviceid":"b81e905908354542","eventtype":"altimeter","timestamp":1456248161417,"userid":"vincent.planat@hpe.com","trainingMode":"WALKING","flightsAscended":14,"flightsDescended":8,"rate":3.0,"steppingGain":3805,"steppingLoss":2957,"stepsAscended":682,"stepsDescended":632,"totalGain":17298,"totalLoss":15326}
{"deviceid":"b81e905908354542","eventtype":"altimeter","timestamp":1456248163346,"userid":"vincent.planat@hpe.com","trainingMode":"WALKING","flightsAscended":14,"flightsDescended":8,"rate":-1.0,"steppingGain":3805,"steppingLoss":2957,"stepsAscended":682,"stepsDescended":632,"totalGain":17298,"totalLoss":15326}
{"deviceid":"b81e905908354542","eventtype":"altimeter","timestamp":1456248150698,"userid":"vincent.planat@hpe.com","trainingMode":"WALKING","flightsAscended":14,"flightsDescended":8,"rate":-6.0,"steppingGain":3805,"steppingLoss":2957,"stepsAscended":682,"stepsDescended":632,"totalGain":17298,"totalLoss":15326}
{"deviceid":"b81e905908354542","eventtype":"altimeter","timestamp":1456248153446,"userid":"vincent.planat@hpe.com","trainingMode":"WALKING","flightsAscended":14,"flightsDescended":8,"rate":-3.0,"steppingGain":3805,"steppingLoss":2957,"stepsAscended":682,"stepsDescended":632,"totalGain":17298,"totalLoss":15326}
{"deviceid":"b81e905908354542","eventtype":"altimeter","timestamp":1456248142931,"userid":"vincent.planat@hpe.com","trainingMode":"WALKING","flightsAscended":14,"flightsDescended":8,"rate":-4.0,"steppingGain":3805,"steppingLoss":2957,"stepsAscended":682,"stepsDescended":632,"totalGain":17298,"totalLoss":15326}
{"deviceid":"b81e905908354542","eventtype":"altimeter","timestamp":1456248164213,"userid":"vincent.planat@hpe.com","trainingMode":"WALKING","flightsAscended":14,"flightsDescended":8,"rate":2.0,"steppingGain":3805,"steppingLoss":2957,"stepsAscended":682,"stepsDescended":632,"totalGain":17298,"totalLoss":15326}
{"deviceid":"b81e905908354542","eventtype":"altimeter","timestamp":1456248175164,"userid":"vincent.planat@hpe.com","trainingMode":"WALKING","flightsAscended":14,"flightsDescended":8,"rate":-5.0,"steppingGain":3805,"steppingLoss":2957,"stepsAscended":682,"stepsDescended":632,"totalGain":17298,"totalLoss":15326}
{"deviceid":"b81e905908354542","eventtype":"altimeter","timestamp":1456248177344,"userid":"vincent.planat@hpe.com","trainingMode":"WALKING","flightsAscended":14,"flightsDescended":8,"rate":-7.0,"steppingGain":3805,"steppingLoss":2957,"stepsAscended":682,"stepsDescended":632,"totalGain":17298,"totalLoss":15326}
{"deviceid":"b81e905908354542","eventtype":"altimeter","timestamp":1456248178956,"userid":"vincent.planat@hpe.com","trainingMode":"WALKING","flightsAscended":14,"flightsDescended":8,"rate":1.0,"steppingGain":3805,"steppingLoss":2957,"stepsAscended":682,"stepsDescended":632,"totalGain":17298,"totalLoss":15326}
{"deviceid":"b81e905908354542","eventtype":"altimeter","timestamp":1456248160552,"userid":"vincent.planat@hpe.com","trainingMode":"WALKING","flightsAscended":14,"flightsDescended":8,"rate":-2.0,"steppingGain":3805,"steppingLoss":2957,"stepsAscended":682,"stepsDescended":632,"totalGain":17298,"totalLoss":15326}
{"deviceid":"b81e905908354542","eventtype":"altimeter","timestamp":1456248149593,"userid":"vincent.planat@hpe.com","trainingMode":"WALKING","flightsAscended":14,"flightsDescended":8,"rate":-4.0,"steppingGain":3805,"steppingLoss":2957,"stepsAscended":682,"stepsDescended":632,"totalGain":17298,"totalLoss":15326}
{"deviceid":"b81e905908354542","eventtype":"altimeter","timestamp":1456248155138,"userid":"vincent.planat@hpe.com","trainingMode":"WALKING","flightsAscended":14,"flightsDescended":8,"rate":2.0,"steppingGain":3805,"steppingLoss":2957,"stepsAscended":682,"stepsDescended":632,"totalGain":17298,"totalLoss":15326}
{"deviceid":"b81e905908354542","eventtype":"altimeter","timestamp":1456248145921,"userid":"vincent.planat@hpe.com","trainingMode":"WALKING","flightsAscended":14,"flightsDescended":8,"rate":1.0,"steppingGain":3805,"steppingLoss":2957,"stepsAscended":682,"stepsDescended":632,"totalGain":17298,"totalLoss":15326}
{"deviceid":"b81e905908354542","eventtype":"altimeter","timestamp":1456248187028,"userid":"vincent.planat@hpe.com","trainingMode":"WALKING","flightsAscended":14,"flightsDescended":8,"rate":0.0,"steppingGain":3805,"steppingLoss":2957,"stepsAscended":682,"stepsDescended":632,"totalGain":17298,"totalLoss":15326}
{"deviceid":"b81e905908354542","eventtype":"altimeter","timestamp":1456248175143,"userid":"vincent.planat@hpe.com","trainingMode":"WALKING","flightsAscended":14,"flightsDescended":8,"rate":-5.0,"steppingGain":3805,"steppingLoss":2957,"stepsAscended":682,"stepsDescended":632,"totalGain":17298,"totalLoss":15326}
{"deviceid":"b81e905908354542","eventtype":"altimeter","timestamp":1456248186115,"userid":"vincent.planat@hpe.com","trainingMode":"WALKING","flightsAscended":14,"flightsDescended":8,"rate":4.0,"steppingGain":3805,"steppingLoss":2957,"stepsAscended":682,"stepsDescended":632,"totalGain":17298,"totalLoss":15326}
{"deviceid":"b81e905908354542","eventtype":"altimeter","timestamp":1456248170236,"userid":"vincent.planat@hpe.com","trainingMode":"WALKING","flightsAscended":14,"flightsDescended":8,"rate":-4.0,"steppingGain":3805,"steppingLoss":2957,"stepsAscended":682,"stepsDescended":632,"totalGain":17298,"totalLoss":15326}
{"deviceid":"b81e905908354542","eventtype":"altimeter","timestamp":1456248158691,"userid":"vincent.planat@hpe.com","trainingMode":"WALKING","flightsAscended":14,"flightsDescended":8,"rate":-3.0,"steppingGain":3805,"steppingLoss":2957,"stepsAscended":682,"stepsDescended":632,"totalGain":17298,"totalLoss":15326}
{"deviceid":"b81e905908354542","eventtype":"altimeter","timestamp":1456248147021,"userid":"vincent.planat@hpe.com","trainingMode":"WALKING","flightsAscended":14,"flightsDescended":8,"rate":1.0,"steppingGain":3805,"steppingLoss":2957,"stepsAscended":682,"stepsDescended":632,"totalGain":17298,"totalLoss":15326}
{"deviceid":"b81e905908354542","eventtype":"altimeter","timestamp":1456248179926,"userid":"vincent.planat@hpe.com","trainingMode":"WALKING","flightsAscended":14,"flightsDescended":8,"rate":4.0,"steppingGain":3805,"steppingLoss":2957,"stepsAscended":682,"stepsDescended":632,"totalGain":17298,"totalLoss":15326}
{"deviceid":"b81e905908354542","eventtype":"altimeter","timestamp":1456248154280,"userid":"vincent.planat@hpe.com","trainingMode":"WALKING","flightsAscended":14,"flightsDescended":8,"rate":1.0,"steppingGain":3805,"steppingLoss":2957,"stepsAscended":682,"stepsDescended":632,"totalGain":17298,"totalLoss":15326}
{"deviceid":"b81e905908354542","eventtype":"altimeter","timestamp":1456248151775,"userid":"vincent.planat@hpe.com","trainingMode":"WALKING","flightsAscended":14,"flightsDescended":8,"rate":-6.0,"steppingGain":3805,"steppingLoss":2957,"stepsAscended":682,"stepsDescended":632,"totalGain":17298,"totalLoss":15326}
{"deviceid":"b81e905908354542","eventtype":"altimeter","timestamp":1456248184087,"userid":"vincent.planat@hpe.com","trainingMode":"WALKING","flightsAscended":14,"flightsDescended":8,"rate":9.0,"steppingGain":3805,"steppingLoss":2957,"stepsAscended":682,"stepsDescended":632,"totalGain":17298,"totalLoss":15326}
{"deviceid":"b81e905908354542","eventtype":"altimeter","timestamp":1456248176489,"userid":"vincent.planat@hpe.com","trainingMode":"WALKING","flightsAscended":14,"flightsDescended":8,"rate":-9.0,"steppingGain":3805,"steppingLoss":2957,"stepsAscended":682,"stepsDescended":632,"totalGain":17298,"totalLoss":15326}
{"deviceid":"b81e905908354542","eventtype":"altimeter","timestamp":1456248159661,"userid":"vincent.planat@hpe.com","trainingMode":"WALKING","flightsAscended":14,"flightsDescended":8,"rate":-4.0,"steppingGain":3805,"steppingLoss":2957,"stepsAscended":682,"stepsDescended":632,"totalGain":17298,"totalLoss":15326}
{"deviceid":"b81e905908354542","eventtype":"altimeter","timestamp":1456248151807,"userid":"vincent.planat@hpe.com","trainingMode":"WALKING","flightsAscended":14,"flightsDescended":8,"rate":-6.0,"steppingGain":3805,"steppingLoss":2957,"stepsAscended":682,"stepsDescended":632,"totalGain":17298,"totalLoss":15326}
{"deviceid":"b81e905908354542","eventtype":"altimeter","timestamp":1456248152588,"userid":"vincent.planat@hpe.com","trainingMode":"WALKING","flightsAscended":14,"flightsDescended":8,"rate":-5.0,"steppingGain":3805,"steppingLoss":2957,"stepsAscended":682,"stepsDescended":632,"totalGain":17298,"totalLoss":15326}
{"deviceid":"b81e905908354542","eventtype":"altimeter","timestamp":1456248153468,"userid":"vincent.planat@hpe.com","trainingMode":"WALKING","flightsAscended":14,"flightsDescended":8,"rate":-3.0,"steppingGain":3805,"steppingLoss":2957,"stepsAscended":682,"stepsDescended":632,"totalGain":17298,"totalLoss":15326}
{"deviceid":"b81e905908354542","eventtype":"altimeter","timestamp":1456248167888,"userid":"vincent.planat@hpe.com","trainingMode":"WALKING","flightsAscended":14,"flightsDescended":8,"rate":-5.0,"steppingGain":3805,"steppingLoss":2957,"stepsAscended":682,"stepsDescended":632,"totalGain":17298,"totalLoss":15326}
{"deviceid":"b81e905908354542","eventtype":"altimeter","timestamp":1456248173972,"userid":"vincent.planat@hpe.com","trainingMode":"WALKING","flightsAscended":14,"flightsDescended":8,"rate":-3.0,"steppingGain":3805,"steppingLoss":2957,"stepsAscended":682,"stepsDescended":632,"totalGain":17298,"totalLoss":15326}
{"deviceid":"b81e905908354542","eventtype":"altimeter","timestamp":1456248178150,"userid":"vincent.planat@hpe.com","trainingMode":"WALKING","flightsAscended":14,"flightsDescended":8,"rate":-4.0,"steppingGain":3805,"steppingLoss":2957,"stepsAscended":682,"stepsDescended":632,"totalGain":17298,"totalLoss":15326}
{"deviceid":"b81e905908354542","eventtype":"altimeter","timestamp":1456248161396,"userid":"vincent.planat@hpe.com","trainingMode":"WALKING","flightsAscended":14,"flightsDescended":8,"rate":3.0,"steppingGain":3805,"steppingLoss":2957,"stepsAscended":682,"stepsDescended":632,"totalGain":17298,"totalLoss":15326}
{"deviceid":"b81e905908354542","eventtype":"altimeter","timestamp":1456248188032,"userid":"vincent.planat@hpe.com","trainingMode":"WALKING","flightsAscended":14,"flightsDescended":8,"rate":0.0,"steppingGain":3805,"steppingLoss":2957,"stepsAscended":682,"stepsDescended":632,"totalGain":17298,"totalLoss":15326}
{"deviceid":"b81e905908354542","eventtype":"altimeter","timestamp":1456248178939,"userid":"vincent.planat@hpe.com","trainingMode":"WALKING","flightsAscended":14,"flightsDescended":8,"rate":1.0,"steppingGain":3805,"steppingLoss":2957,"stepsAscended":682,"stepsDescended":632,"totalGain":17298,"totalLoss":15326}
{"deviceid":"b81e905908354542","eventtype":"altimeter","timestamp":1456248167901,"userid":"vincent.planat@hpe.com","trainingMode":"WALKING","flightsAscended":14,"flightsDescended":8,"rate":-5.0,"steppingGain":3805,"steppingLoss":2957,"stepsAscended":682,"stepsDescended":632,"totalGain":17298,"totalLoss":15326}
{"deviceid":"b81e905908354542","eventtype":"altimeter","timestamp":1456248165138,"userid":"vincent.planat@hpe.com","trainingMode":"WALKING","flightsAscended":14,"flightsDescended":8,"rate":2.0,"steppingGain":3805,"steppingLoss":2957,"stepsAscended":682,"stepsDescended":632,"totalGain":17298,"totalLoss":15326}
{"deviceid":"b81e905908354542","eventtype":"altimeter","timestamp":1456248184925,"userid":"vincent.planat@hpe.com","trainingMode":"WALKING","flightsAscended":14,"flightsDescended":8,"rate":5.0,"steppingGain":3805,"steppingLoss":2957,"stepsAscended":682,"stepsDescended":632,"totalGain":17298,"totalLoss":15326}
{"deviceid":"b81e905908354542","eventtype":"altimeter","timestamp":1456248160570,"userid":"vincent.planat@hpe.com","trainingMode":"WALKING","flightsAscended":14,"flightsDescended":8,"rate":-2.0,"steppingGain":3805,"steppingLoss":2957,"stepsAscended":682,"stepsDescended":632,"totalGain":17298,"totalLoss":15326}
{"deviceid":"b81e905908354542","eventtype":"altimeter","timestamp":1456248180935,"userid":"vincent.planat@hpe.com","trainingMode":"WALKING","flightsAscended":14,"flightsDescended":8,"rate":4.0,"steppingGain":3805,"steppingLoss":2957,"stepsAscended":682,"stepsDescended":632,"totalGain":17298,"totalLoss":15326}
{"deviceid":"b81e905908354542","eventtype":"altimeter","timestamp":1456248155153,"userid":"vincent.planat@hpe.com","trainingMode":"WALKING","flightsAscended":14,"flightsDescended":8,"rate":2.0,"steppingGain":3805,"steppingLoss":2957,"stepsAscended":682,"stepsDescended":632,"totalGain":17298,"totalLoss":15326}
{"deviceid":"b81e905908354542","eventtype":"altimeter","timestamp":1456248166004,"userid":"vincent.planat@hpe.com","trainingMode":"WALKING","flightsAscended":14,"flightsDescended":8,"rate":1.0,"steppingGain":3805,"steppingLoss":2957,"stepsAscended":682,"stepsDescended":632,"totalGain":17298,"totalLoss":15326}
{"deviceid":"b81e905908354542","eventtype":"altimeter","timestamp":1456248177357,"userid":"vincent.planat@hpe.com","trainingMode":"WALKING","flightsAscended":14,"flightsDescended":8,"rate":-7.0,"steppingGain":3805,"steppingLoss":2957,"stepsAscended":682,"stepsDescended":632,"totalGain":17298,"totalLoss":15326}
{"deviceid":"b81e905908354542","eventtype":"altimeter","timestamp":1456248159646,"userid":"vincent.planat@hpe.com","trainingMode":"WALKING","flightsAscended":14,"flightsDescended":8,"rate":-4.0,"steppingGain":3805,"steppingLoss":2957,"stepsAscended":682,"stepsDescended":632,"totalGain":17298,"totalLoss":15326}
{"deviceid":"b81e905908354542","eventtype":"altimeter","timestamp":1456248183210,"userid":"vincent.planat@hpe.com","trainingMode":"WALKING","flightsAscended":14,"flightsDescended":8,"rate":7.0,"steppingGain":3805,"steppingLoss":2957,"stepsAscended":682,"stepsDescended":632,"totalGain":17298,"totalLoss":15326}
{"deviceid":"b81e905908354542","eventtype":"altimeter","timestamp":1456248171040,"userid":"vincent.planat@hpe.com","trainingMode":"WALKING","flightsAscended":14,"flightsDescended":8,"rate":-2.0,"steppingGain":3805,"steppingLoss":2957,"stepsAscended":682,"stepsDescended":632,"totalGain":17298,"totalLoss":15326}
{"deviceid":"b81e905908354542","eventtype":"altimeter","timestamp":1456248187044,"userid":"vincent.planat@hpe.com","trainingMode":"WALKING","flightsAscended":14,"flightsDescended":8,"rate":0.0,"steppingGain":3805,"steppingLoss":2957,"stepsAscended":682,"stepsDescended":632,"totalGain":17298,"totalLoss":15326}
{"deviceid":"b81e905908354542","eventtype":"altimeter","timestamp":1456248142978,"userid":"vincent.planat@hpe.com","trainingMode":"WALKING","flightsAscended":14,"flightsDescended":8,"rate":-4.0,"steppingGain":3805,"steppingLoss":2957,"stepsAscended":682,"stepsDescended":632,"totalGain":17298,"totalLoss":15326}
{"deviceid":"b81e905908354542","eventtype":"altimeter","timestamp":1456248141957,"userid":"vincent.planat@hpe.com","trainingMode":"WALKING","flightsAscended":14,"flightsDescended":8,"rate":-5.0,"steppingGain":3805,"steppingLoss":2957,"stepsAscended":682,"stepsDescended":632,"totalGain":17298,"totalLoss":15326}
{"deviceid":"b81e905908354542","eventtype":"altimeter","timestamp":1456248162488,"userid":"vincent.planat@hpe.com","trainingMode":"WALKING","flightsAscended":14,"flightsDescended":8,"rate":2.0,"steppingGain":3805,"steppingLoss":2957,"stepsAscended":682,"stepsDescended":632,"totalGain":17298,"totalLoss":15326}
{"deviceid":"b81e905908354542","eventtype":"altimeter","timestamp":1456248165994,"userid":"vincent.planat@hpe.com","trainingMode":"WALKING","flightsAscended":14,"flightsDescended":8,"rate":1.0,"steppingGain":3805,"steppingLoss":2957,"stepsAscended":682,"stepsDescended":632,"totalGain":17298,"totalLoss":15326}
{"deviceid":"b81e905908354542","eventtype":"altimeter","timestamp":1456248143951,"userid":"vincent.planat@hpe.com","trainingMode":"WALKING","flightsAscended":14,"flightsDescended":8,"rate":-3.0,"steppingGain":3805,"steppingLoss":2957,"stepsAscended":682,"stepsDescended":632,"totalGain":17298,"totalLoss":15326}
{"deviceid":"b81e905908354542","eventtype":"altimeter","timestamp":1456248166996,"userid":"vincent.planat@hpe.com","trainingMode":"WALKING","flightsAscended":14,"flightsDescended":8,"rate":-1.0,"steppingGain":3805,"steppingLoss":2957,"stepsAscended":682,"stepsDescended":632,"totalGain":17298,"totalLoss":15326}
{"deviceid":"b81e905908354542","eventtype":"altimeter","timestamp":1456248145970,"userid":"vincent.planat@hpe.com","trainingMode":"WALKING","flightsAscended":14,"flightsDescended":8,"rate":1.0,"steppingGain":3805,"steppingLoss":2957,"stepsAscended":682,"stepsDescended":632,"totalGain":17298,"totalLoss":15326}
{"deviceid":"b81e905908354542","eventtype":"altimeter","timestamp":1456248183236,"userid":"vincent.planat@hpe.com","trainingMode":"WALKING","flightsAscended":14,"flightsDescended":8,"rate":7.0,"steppingGain":3805,"steppingLoss":2957,"stepsAscended":682,"stepsDescended":632,"totalGain":17298,"totalLoss":15326}
{"deviceid":"b81e905908354542","eventtype":"altimeter","timestamp":1456248184063,"userid":"vincent.planat@hpe.com","trainingMode":"WALKING","flightsAscended":14,"flightsDescended":8,"rate":9.0,"steppingGain":3805,"steppingLoss":2957,"stepsAscended":682,"stepsDescended":632,"totalGain":17298,"totalLoss":15326}
{"deviceid":"b81e905908354542","eventtype":"altimeter","timestamp":1456248171932,"userid":"vincent.planat@hpe.com","trainingMode":"WALKING","flightsAscended":14,"flightsDescended":8,"rate":2.0,"steppingGain":3805,"steppingLoss":2957,"stepsAscended":682,"stepsDescended":632,"totalGain":17298,"totalLoss":15326}
{"deviceid":"b81e905908354542","eventtype":"altimeter","timestamp":1456248171952,"userid":"vincent.planat@hpe.com","trainingMode":"WALKING","flightsAscended":14,"flightsDescended":8,"rate":2.0,"steppingGain":3805,"steppingLoss":2957,"stepsAscended":682,"stepsDescended":632,"totalGain":17298,"totalLoss":15326}
{"deviceid":"b81e905908354542","eventtype":"altimeter","timestamp":1456248157822,"userid":"vincent.planat@hpe.com","trainingMode":"WALKING","flightsAscended":14,"flightsDescended":8,"rate":0.0,"steppingGain":3805,"steppingLoss":2957,"stepsAscended":682,"stepsDescended":632,"totalGain":17298,"totalLoss":15326}
{"deviceid":"b81e905908354542","eventtype":"altimeter","timestamp":1456248170219,"userid":"vincent.planat@hpe.com","trainingMode":"WALKING","flightsAscended":14,"flightsDescended":8,"rate":-4.0,"steppingGain":3805,"steppingLoss":2957,"stepsAscended":682,"stepsDescended":632,"totalGain":17298,"totalLoss":15326}
{"deviceid":"b81e905908354542","eventtype":"altimeter","timestamp":1456248178136,"userid":"vincent.planat@hpe.com","trainingMode":"WALKING","flightsAscended":14,"flightsDescended":8,"rate":-4.0,"steppingGain":3805,"steppingLoss":2957,"stepsAscended":682,"stepsDescended":632,"totalGain":17298,"totalLoss":15326}
{"deviceid":"b81e905908354542","eventtype":"altimeter","timestamp":1456248180952,"userid":"vincent.planat@hpe.com","trainingMode":"WALKING","flightsAscended":14,"flightsDescended":8,"rate":4.0,"steppingGain":3805,"steppingLoss":2957,"stepsAscended":682,"stepsDescended":632,"totalGain":17298,"totalLoss":15326}
{"deviceid":"b81e905908354542","eventtype":"altimeter","timestamp":1456248179905,"userid":"vincent.planat@hpe.com","trainingMode":"WALKING","flightsAscended":14,"flightsDescended":8,"rate":4.0,"steppingGain":3805,"steppingLoss":2957,"stepsAscended":682,"stepsDescended":632,"totalGain":17298,"totalLoss":15326}
{"deviceid":"b81e905908354542","eventtype":"altimeter","timestamp":1456248186086,"userid":"vincent.planat@hpe.com","trainingMode":"WALKING","flightsAscended":14,"flightsDescended":8,"rate":4.0,"steppingGain":3805,"steppingLoss":2957,"stepsAscended":682,"stepsDescended":632,"totalGain":17298,"totalLoss":15326}
{"deviceid":"b81e905908354542","eventtype":"altimeter","timestamp":1456248150719,"userid":"vincent.planat@hpe.com","trainingMode":"WALKING","flightsAscended":14,"flightsDescended":8,"rate":-6.0,"steppingGain":3805,"steppingLoss":2957,"stepsAscended":682,"stepsDescended":632,"totalGain":17298,"totalLoss":15326}
{"deviceid":"b81e905908354542","eventtype":"altimeter","timestamp":1456248144913,"userid":"vincent.planat@hpe.com","trainingMode":"WALKING","flightsAscended":14,"flightsDescended":8,"rate":0.0,"steppingGain":3805,"steppingLoss":2957,"stepsAscended":682,"stepsDescended":632,"totalGain":17298,"totalLoss":15326}
{"deviceid":"b81e905908354542","eventtype":"altimeter","timestamp":1456248162474,"userid":"vincent.planat@hpe.com","trainingMode":"WALKING","flightsAscended":14,"flightsDescended":8,"rate":2.0,"steppingGain":3805,"steppingLoss":2957,"stepsAscended":682,"stepsDescended":632,"totalGain":17298,"totalLoss":15326}
{"deviceid":"b81e905908354542","eventtype":"altimeter","timestamp":1456248163361,"userid":"vincent.planat@hpe.com","trainingMode":"WALKING","flightsAscended":14,"flightsDescended":8,"rate":-1.0,"steppingGain":3805,"steppingLoss":2957,"stepsAscended":682,"stepsDescended":632,"totalGain":17298,"totalLoss":15326}
