{"deviceid":"b81e905908354542","eventtype":"distance","timestamp":1456248668517,"userid":"vincent.planat@hpe.com","trainingMode":"SITTING","currentMotion":1,"pace":0.0,"speed":0.0,"totalDistance":2873754}
{"deviceid":"b81e905908354542","eventtype":"distance","timestamp":1456248639307,"userid":"vincent.planat@hpe.com","trainingMode":"WALKING","currentMotion":2,"pace":719.0,"speed":139.0,"totalDistance":2872984}
{"deviceid":"b81e905908354542","eventtype":"distance","timestamp":1456248649360,"userid":"vincent.planat@hpe.com","trainingMode":"SITTING","currentMotion":1,"pace":1086.0,"speed":92.0,"totalDistance":2873754}
{"deviceid":"b81e905908354542","eventtype":"distance","timestamp":1456248661633,"userid":"vincent.planat@hpe.com","trainingMode":"SITTING","currentMotion":1,"pace":0.0,"speed":5.0,"totalDistance":2873754}
{"deviceid":"b81e905908354542","eventtype":"distance","timestamp":1456248646889,"userid":"vincent.planat@hpe.com","trainingMode":"SITTING","currentMotion":2,"pace":990.0,"speed":101.0,"totalDistance":2873600}
{"deviceid":"b81e905908354542","eventtype":"distance","timestamp":1456248643333,"userid":"vincent.planat@hpe.com","trainingMode":"WALKING","currentMotion":2,"pace":869.0,"speed":115.0,"totalDistance":2873292}
{"deviceid":"b81e905908354542","eventtype":"distance","timestamp":1456248634276,"userid":"vincent.planat@hpe.com","trainingMode":"WALKING","currentMotion":2,"pace":680.0,"speed":147.0,"totalDistance":2872368}
{"deviceid":"b81e905908354542","eventtype":"distance","timestamp":1456248659046,"userid":"vincent.planat@hpe.com","trainingMode":"SITTING","currentMotion":1,"pace":0.0,"speed":18.0,"totalDistance":2873754}
{"deviceid":"b81e905908354542","eventtype":"distance","timestamp":1456248655430,"userid":"vincent.planat@hpe.com","trainingMode":"SITTING","currentMotion":1,"pace":2083.0,"speed":48.0,"totalDistance":2873754}
{"deviceid":"b81e905908354542","eventtype":"distance","timestamp":1456248632444,"userid":"vincent.planat@hpe.com","trainingMode":"WALKING","currentMotion":2,"pace":689.0,"speed":145.0,"totalDistance":2872060}
{"deviceid":"b81e905908354542","eventtype":"distance","timestamp":1456248626489,"userid":"vincent.planat@hpe.com","trainingMode":"WALKING","currentMotion":2,"pace":704.0,"speed":142.0,"totalDistance":2871152}
{"deviceid":"b81e905908354542","eventtype":"distance","timestamp":1456248648478,"userid":"vincent.planat@hpe.com","trainingMode":"SITTING","currentMotion":2,"pace":1010.0,"speed":99.0,"totalDistance":2873754}
{"deviceid":"b81e905908354542","eventtype":"distance","timestamp":1456248640314,"userid":"vincent.planat@hpe.com","trainingMode":"WALKING","currentMotion":2,"pace":751.0,"speed":133.0,"totalDistance":2872984}
{"deviceid":"b81e905908354542","eventtype":"distance","timestamp":1456248649362,"userid":"vincent.planat@hpe.com","trainingMode":"SITTING","currentMotion":1,"pace":1086.0,"speed":92.0,"totalDistance":2873754}
{"deviceid":"b81e905908354542","eventtype":"distance","timestamp":1456248627415,"userid":"vincent.planat@hpe.com","trainingMode":"WALKING","currentMotion":2,"pace":704.0,"speed":142.0,"totalDistance":2871298}
{"deviceid":"b81e905908354542","eventtype":"distance","timestamp":1456248630311,"userid":"vincent.planat@hpe.com","trainingMode":"WALKING","currentMotion":2,"pace":694.0,"speed":144.0,"totalDistance":2871760}
{"deviceid":"b81e905908354542","eventtype":"distance","timestamp":1456248662540,"userid":"vincent.planat@hpe.com","trainingMode":"SITTING","currentMotion":1,"pace":0.0,"speed":3.0,"totalDistance":2873754}
{"deviceid":"b81e905908354542","eventtype":"distance","timestamp":1456248638276,"userid":"vincent.planat@hpe.com","trainingMode":"WALKING","currentMotion":2,"pace":709.0,"speed":141.0,"totalDistance":2872830}
{"deviceid":"b81e905908354542","eventtype":"distance","timestamp":1456248641283,"userid":"vincent.planat@hpe.com","trainingMode":"WALKING","currentMotion":1,"pace":800.0,"speed":125.0,"totalDistance":2872984}
{"deviceid":"b81e905908354542","eventtype":"distance","timestamp":1456248659955,"userid":"vincent.planat@hpe.com","trainingMode":"SITTING","currentMotion":1,"pace":0.0,"speed":12.0,"totalDistance":2873754}
{"deviceid":"b81e905908354542","eventtype":"distance","timestamp":1456248654446,"userid":"vincent.planat@hpe.com","trainingMode":"SITTING","currentMotion":1,"pace":1785.0,"speed":56.0,"totalDistance":2873754}
{"deviceid":"b81e905908354542","eventtype":"distance","timestamp":1456248668519,"userid":"vincent.planat@hpe.com","trainingMode":"SITTING","currentMotion":1,"pace":0.0,"speed":0.0,"totalDistance":2873754}
{"deviceid":"b81e905908354542","eventtype":"distance","timestamp":1456248666551,"userid":"vincent.planat@hpe.com","trainingMode":"SITTING","currentMotion":1,"pace":0.0,"speed":0.0,"totalDistance":2873754}
{"deviceid":"b81e905908354542","eventtype":"distance","timestamp":1456248661681,"userid":"vincent.planat@hpe.com","trainingMode":"SITTING","currentMotion":1,"pace":0.0,"speed":5.0,"totalDistance":2873754}
{"deviceid":"b81e905908354542","eventtype":"distance","timestamp":1456248645069,"userid":"vincent.planat@hpe.com","trainingMode":"SITTING","currentMotion":2,"pace":892.0,"speed":112.0,"totalDistance":2873446}
{"deviceid":"b81e905908354542","eventtype":"distance","timestamp":1456248659902,"userid":"vincent.planat@hpe.com","trainingMode":"SITTING","currentMotion":1,"pace":0.0,"speed":12.0,"totalDistance":2873754}
{"deviceid":"b81e905908354542","eventtype":"distance","timestamp":1456248646042,"userid":"vincent.planat@hpe.com","trainingMode":"SITTING","currentMotion":2,"pace":943.0,"speed":106.0,"totalDistance":2873446}
{"deviceid":"b81e905908354542","eventtype":"distance","timestamp":1456248642306,"userid":"vincent.planat@hpe.com","trainingMode":"WALKING","currentMotion":2,"pace":840.0,"speed":119.0,"totalDistance":2873138}
{"deviceid":"b81e905908354542","eventtype":"distance","timestamp":1456248663520,"userid":"vincent.planat@hpe.com","trainingMode":"SITTING","currentMotion":1,"pace":0.0,"speed":2.0,"totalDistance":2873754}
{"deviceid":"b81e905908354542","eventtype":"distance","timestamp":1456248643318,"userid":"vincent.planat@hpe.com","trainingMode":"WALKING","currentMotion":2,"pace":869.0,"speed":115.0,"totalDistance":2873292}
{"deviceid":"b81e905908354542","eventtype":"distance","timestamp":1456248641283,"userid":"vincent.planat@hpe.com","trainingMode":"WALKING","currentMotion":1,"pace":800.0,"speed":125.0,"totalDistance":2872984}
{"deviceid":"b81e905908354542","eventtype":"distance","timestamp":1456248646016,"userid":"vincent.planat@hpe.com","trainingMode":"SITTING","currentMotion":2,"pace":943.0,"speed":106.0,"totalDistance":2873446}
{"deviceid":"b81e905908354542","eventtype":"distance","timestamp":1456248664825,"userid":"vincent.planat@hpe.com","trainingMode":"SITTING","currentMotion":1,"pace":0.0,"speed":1.0,"totalDistance":2873754}
{"deviceid":"b81e905908354542","eventtype":"distance","timestamp":1456248635277,"userid":"vincent.planat@hpe.com","trainingMode":"WALKING","currentMotion":2,"pace":680.0,"speed":147.0,"totalDistance":2872522}
{"deviceid":"b81e905908354542","eventtype":"distance","timestamp":1456248663507,"userid":"vincent.planat@hpe.com","trainingMode":"SITTING","currentMotion":1,"pace":0.0,"speed":2.0,"totalDistance":2873754}
{"deviceid":"b81e905908354542","eventtype":"distance","timestamp":1456248639321,"userid":"vincent.planat@hpe.com","trainingMode":"WALKING","currentMotion":2,"pace":719.0,"speed":139.0,"totalDistance":2872984}
{"deviceid":"b81e905908354542","eventtype":"distance","timestamp":1456248664840,"userid":"vincent.planat@hpe.com","trainingMode":"SITTING","currentMotion":1,"pace":0.0,"speed":1.0,"totalDistance":2873754}
{"deviceid":"b81e905908354542","eventtype":"distance","timestamp":1456248625585,"userid":"vincent.planat@hpe.com","trainingMode":"WALKING","currentMotion":2,"pace":704.0,"speed":142.0,"totalDistance":2871006}
{"deviceid":"b81e905908354542","eventtype":"distance","timestamp":1456248630272,"userid":"vincent.planat@hpe.com","trainingMode":"WALKING","currentMotion":2,"pace":694.0,"speed":144.0,"totalDistance":2871760}
{"deviceid":"b81e905908354542","eventtype":"distance","timestamp":1456248634298,"userid":"vincent.planat@hpe.com","trainingMode":"WALKING","currentMotion":2,"pace":680.0,"speed":147.0,"totalDistance":2872368}
{"deviceid":"b81e905908354542","eventtype":"distance","timestamp":1456248667498,"userid":"vincent.planat@hpe.com","trainingMode":"SITTING","currentMotion":1,"pace":0.0,"speed":0.0,"totalDistance":2873754}
{"deviceid":"b81e905908354542","eventtype":"distance","timestamp":1456248633252,"userid":"vincent.planat@hpe.com","trainingMode":"WALKING","currentMotion":2,"pace":684.0,"speed":146.0,"totalDistance":2872214}
{"deviceid":"b81e905908354542","eventtype":"distance","timestamp":1456248650370,"userid":"vincent.planat@hpe.com","trainingMode":"SITTING","currentMotion":1,"pace":1149.0,"speed":87.0,"totalDistance":2873754}
{"deviceid":"b81e905908354542","eventtype":"distance","timestamp":1456248654433,"userid":"vincent.planat@hpe.com","trainingMode":"SITTING","currentMotion":1,"pace":1785.0,"speed":56.0,"totalDistance":2873754}
{"deviceid":"b81e905908354542","eventtype":"distance","timestamp":1456248652380,"userid":"vincent.planat@hpe.com","trainingMode":"SITTING","currentMotion":1,"pace":1315.0,"speed":76.0,"totalDistance":2873754}
{"deviceid":"b81e905908354542","eventtype":"distance","timestamp":1456248666565,"userid":"vincent.planat@hpe.com","trainingMode":"SITTING","currentMotion":1,"pace":0.0,"speed":0.0,"totalDistance":2873754}
{"deviceid":"b81e905908354542","eventtype":"distance","timestamp":1456248646854,"userid":"vincent.planat@hpe.com","trainingMode":"SITTING","currentMotion":2,"pace":990.0,"speed":101.0,"totalDistance":2873600}
{"deviceid":"b81e905908354542","eventtype":"distance","timestamp":1456248637320,"userid":"vincent.planat@hpe.com","trainingMode":"WALKING","currentMotion":2,"pace":694.0,"speed":144.0,"totalDistance":2872676}
{"deviceid":"b81e905908354542","eventtype":"distance","timestamp":1456248632509,"userid":"vincent.planat@hpe.com","trainingMode":"WALKING","currentMotion":2,"pace":689.0,"speed":145.0,"totalDistance":2872060}
{"deviceid":"b81e905908354542","eventtype":"distance","timestamp":1456248659024,"userid":"vincent.planat@hpe.com","trainingMode":"SITTING","currentMotion":1,"pace":0.0,"speed":18.0,"totalDistance":2873754}
{"deviceid":"b81e905908354542","eventtype":"distance","timestamp":1456248645087,"userid":"vincent.planat@hpe.com","trainingMode":"SITTING","currentMotion":2,"pace":892.0,"speed":112.0,"totalDistance":2873446}
{"deviceid":"b81e905908354542","eventtype":"distance","timestamp":1456248631578,"userid":"vincent.planat@hpe.com","trainingMode":"WALKING","currentMotion":2,"pace":694.0,"speed":144.0,"totalDistance":2871906}
{"deviceid":"b81e905908354542","eventtype":"distance","timestamp":1456248652392,"userid":"vincent.planat@hpe.com","trainingMode":"SITTING","currentMotion":1,"pace":1315.0,"speed":76.0,"totalDistance":2873754}
{"deviceid":"b81e905908354542","eventtype":"distance","timestamp":1456248633296,"userid":"vincent.planat@hpe.com","trainingMode":"WALKING","currentMotion":2,"pace":684.0,"speed":146.0,"totalDistance":2872214}
{"deviceid":"b81e905908354542","eventtype":"distance","timestamp":1456248662519,"userid":"vincent.planat@hpe.com","trainingMode":"SITTING","currentMotion":1,"pace":0.0,"speed":3.0,"totalDistance":2873754}
{"deviceid":"b81e905908354542","eventtype":"distance","timestamp":1456248647709,"userid":"vincent.planat@hpe.com","trainingMode":"SITTING","currentMotion":2,"pace":980.0,"speed":102.0,"totalDistance":2873754}
{"deviceid":"b81e905908354542","eventtype":"distance","timestamp":1456248667509,"userid":"vincent.planat@hpe.com","trainingMode":"SITTING","currentMotion":1,"pace":0.0,"speed":0.0,"totalDistance":2873754}
{"deviceid":"b81e905908354542","eventtype":"distance","timestamp":1456248660818,"userid":"vincent.planat@hpe.com","trainingMode":"SITTING","currentMotion":1,"pace":0.0,"speed":8.0,"totalDistance":2873754}
{"deviceid":"b81e905908354542","eventtype":"distance","timestamp":1456248658118,"userid":"vincent.planat@hpe.com","trainingMode":"SITTING","currentMotion":1,"pace":0.0,"speed":26.0,"totalDistance":2873754}
{"deviceid":"b81e905908354542","eventtype":"distance","timestamp":1456248636321,"userid":"vincent.planat@hpe.com","trainingMode":"WALKING","currentMotion":2,"pace":675.0,"speed":148.0,"totalDistance":2872676}
{"deviceid":"b81e905908354542","eventtype":"distance","timestamp":1456248626506,"userid":"vincent.planat@hpe.com","trainingMode":"WALKING","currentMotion":2,"pace":704.0,"speed":142.0,"totalDistance":2871152}
{"deviceid":"b81e905908354542","eventtype":"distance","timestamp":1456248636306,"userid":"vincent.planat@hpe.com","trainingMode":"WALKING","currentMotion":2,"pace":675.0,"speed":148.0,"totalDistance":2872676}
{"deviceid":"b81e905908354542","eventtype":"distance","timestamp":1456248638271,"userid":"vincent.planat@hpe.com","trainingMode":"WALKING","currentMotion":2,"pace":709.0,"speed":141.0,"totalDistance":2872830}
{"deviceid":"b81e905908354542","eventtype":"distance","timestamp":1456248629206,"userid":"vincent.planat@hpe.com","trainingMode":"WALKING","currentMotion":2,"pace":699.0,"speed":143.0,"totalDistance":2871606}
{"deviceid":"b81e905908354542","eventtype":"distance","timestamp":1456248650374,"userid":"vincent.planat@hpe.com","trainingMode":"SITTING","currentMotion":1,"pace":1149.0,"speed":87.0,"totalDistance":2873754}
{"deviceid":"b81e905908354542","eventtype":"distance","timestamp":1456248665696,"userid":"vincent.planat@hpe.com","trainingMode":"SITTING","currentMotion":1,"pace":0.0,"speed":0.0,"totalDistance":2873754}
{"deviceid":"b81e905908354542","eventtype":"distance","timestamp":1456248647695,"userid":"vincent.planat@hpe.com","trainingMode":"SITTING","currentMotion":2,"pace":980.0,"speed":102.0,"totalDistance":2873754}
{"deviceid":"b81e905908354542","eventtype":"distance","timestamp":1456248624713,"userid":"vincent.planat@hpe.com","trainingMode":"WALKING","currentMotion":2,"pace":704.0,"speed":142.0,"totalDistance":2870860}
{"deviceid":"b81e905908354542","eventtype":"distance","timestamp":1456248625570,"userid":"vincent.planat@hpe.com","trainingMode":"WALKING","currentMotion":2,"pace":704.0,"speed":142.0,"totalDistance":2871006}
{"deviceid":"b81e905908354542","eventtype":"distance","timestamp":1456248651402,"userid":"vincent.planat@hpe.com","trainingMode":"SITTING","currentMotion":1,"pace":1204.0,"speed":83.0,"totalDistance":2873754}
{"deviceid":"b81e905908354542","eventtype":"distance","timestamp":1456248653508,"userid":"vincent.planat@hpe.com","trainingMode":"SITTING","currentMotion":1,"pace":1492.0,"speed":67.0,"totalDistance":2873754}
{"deviceid":"b81e905908354542","eventtype":"distance","timestamp":1456248665679,"userid":"vincent.planat@hpe.com","trainingMode":"SITTING","currentMotion":1,"pace":0.0,"speed":0.0,"totalDistance":2873754}
{"deviceid":"b81e905908354542","eventtype":"distance","timestamp":1456248631627,"userid":"vincent.planat@hpe.com","trainingMode":"WALKING","currentMotion":2,"pace":694.0,"speed":144.0,"totalDistance":2871906}
{"deviceid":"b81e905908354542","eventtype":"distance","timestamp":1456248660762,"userid":"vincent.planat@hpe.com","trainingMode":"SITTING","currentMotion":1,"pace":0.0,"speed":8.0,"totalDistance":2873754}
{"deviceid":"b81e905908354542","eventtype":"distance","timestamp":1456248656456,"userid":"vincent.planat@hpe.com","trainingMode":"SITTING","currentMotion":1,"pace":2631.0,"speed":38.0,"totalDistance":2873754}
{"deviceid":"b81e905908354542","eventtype":"distance","timestamp":1456248640323,"userid":"vincent.planat@hpe.com","trainingMode":"WALKING","currentMotion":2,"pace":751.0,"speed":133.0,"totalDistance":2872984}
{"deviceid":"b81e905908354542","eventtype":"distance","timestamp":1456248653476,"userid":"vincent.planat@hpe.com","trainingMode":"SITTING","currentMotion":1,"pace":1492.0,"speed":67.0,"totalDistance":2873754}
{"deviceid":"b81e905908354542","eventtype":"distance","timestamp":1456248624730,"userid":"vincent.planat@hpe.com","trainingMode":"WALKING","currentMotion":2,"pace":704.0,"speed":142.0,"totalDistance":2870860}
{"deviceid":"b81e905908354542","eventtype":"distance","timestamp":1456248648497,"userid":"vincent.planat@hpe.com","trainingMode":"SITTING","currentMotion":2,"pace":1010.0,"speed":99.0,"totalDistance":2873754}
{"deviceid":"b81e905908354542","eventtype":"distance","timestamp":1456248627430,"userid":"vincent.planat@hpe.com","trainingMode":"WALKING","currentMotion":2,"pace":704.0,"speed":142.0,"totalDistance":2871298}
{"deviceid":"b81e905908354542","eventtype":"distance","timestamp":1456248628268,"userid":"vincent.planat@hpe.com","trainingMode":"WALKING","currentMotion":2,"pace":699.0,"speed":143.0,"totalDistance":2871452}
{"deviceid":"b81e905908354542","eventtype":"distance","timestamp":1456248642308,"userid":"vincent.planat@hpe.com","trainingMode":"WALKING","currentMotion":2,"pace":840.0,"speed":119.0,"totalDistance":2873138}
{"deviceid":"b81e905908354542","eventtype":"distance","timestamp":1456248629223,"userid":"vincent.planat@hpe.com","trainingMode":"WALKING","currentMotion":2,"pace":699.0,"speed":143.0,"totalDistance":2871606}
{"deviceid":"b81e905908354542","eventtype":"distance","timestamp":1456248655443,"userid":"vincent.planat@hpe.com","trainingMode":"SITTING","currentMotion":1,"pace":2083.0,"speed":48.0,"totalDistance":2873754}
{"deviceid":"b81e905908354542","eventtype":"distance","timestamp":1456248651417,"userid":"vincent.planat@hpe.com","trainingMode":"SITTING","currentMotion":1,"pace":1204.0,"speed":83.0,"totalDistance":2873754}
{"deviceid":"b81e905908354542","eventtype":"distance","timestamp":1456248637305,"userid":"vincent.planat@hpe.com","trainingMode":"WALKING","currentMotion":2,"pace":694.0,"speed":144.0,"totalDistance":2872676}
{"deviceid":"b81e905908354542","eventtype":"distance","timestamp":1456248628282,"userid":"vincent.planat@hpe.com","trainingMode":"WALKING","currentMotion":2,"pace":699.0,"speed":143.0,"totalDistance":2871452}
{"deviceid":"b81e905908354542","eventtype":"distance","timestamp":1456248635292,"userid":"vincent.planat@hpe.com","trainingMode":"WALKING","currentMotion":2,"pace":680.0,"speed":147.0,"totalDistance":2872522}
{"deviceid":"b81e905908354542","eventtype":"distance","timestamp":1456248658087,"userid":"vincent.planat@hpe.com","trainingMode":"SITTING","currentMotion":1,"pace":0.0,"speed":26.0,"totalDistance":2873754}
{"deviceid":"b81e905908354542","eventtype":"distance","timestamp":1456248656470,"userid":"vincent.planat@hpe.com","trainingMode":"SITTING","currentMotion":1,"pace":2631.0,"speed":38.0,"totalDistance":2873754}
