{"deviceid":"b81e905908354542","eventtype":"distance","timestamp":1456247973998,"userid":"vincent.planat@hpe.com","trainingMode":"NONE","currentMotion":1,"pace":0.0,"speed":0.0,"totalDistance":2816616}
{"deviceid":"b81e905908354542","eventtype":"distance","timestamp":1456247982012,"userid":"vincent.planat@hpe.com","trainingMode":"NONE","currentMotion":1,"pace":0.0,"speed":0.0,"totalDistance":2816616}
{"deviceid":"b81e905908354542","eventtype":"distance","timestamp":1456248024338,"userid":"vincent.planat@hpe.com","trainingMode":"SITTING","currentMotion":1,"pace":0.0,"speed":0.0,"totalDistance":2816616}
{"deviceid":"b81e905908354542","eventtype":"distance","timestamp":1456248046532,"userid":"vincent.planat@hpe.com","trainingMode":"SITTING","currentMotion":1,"pace":0.0,"speed":0.0,"totalDistance":2816616}
{"deviceid":"b81e905908354542","eventtype":"distance","timestamp":1456248017278,"userid":"vincent.planat@hpe.com","trainingMode":"SITTING","currentMotion":1,"pace":0.0,"speed":0.0,"totalDistance":2816616}
{"deviceid":"b81e905908354542","eventtype":"distance","timestamp":1456248019353,"userid":"vincent.planat@hpe.com","trainingMode":"SITTING","currentMotion":1,"pace":0.0,"speed":0.0,"totalDistance":2816616}
{"deviceid":"b81e905908354542","eventtype":"distance","timestamp":1456248053896,"userid":"vincent.planat@hpe.com","trainingMode":"SITTING","currentMotion":1,"pace":0.0,"speed":0.0,"totalDistance":2816616}
{"deviceid":"b81e905908354542","eventtype":"distance","timestamp":1456248055591,"userid":"vincent.planat@hpe.com","trainingMode":"SITTING","currentMotion":1,"pace":0.0,"speed":0.0,"totalDistance":2816616}
{"deviceid":"b81e905908354542","eventtype":"distance","timestamp":1456248068354,"userid":"vincent.planat@hpe.com","trainingMode":"SITTING","currentMotion":1,"pace":0.0,"speed":0.0,"totalDistance":2816616}
{"deviceid":"b81e905908354542","eventtype":"distance","timestamp":1456248063654,"userid":"vincent.planat@hpe.com","trainingMode":"SITTING","currentMotion":1,"pace":0.0,"speed":0.0,"totalDistance":2816616}
{"deviceid":"b81e905908354542","eventtype":"distance","timestamp":1456248058613,"userid":"vincent.planat@hpe.com","trainingMode":"SITTING","currentMotion":1,"pace":0.0,"speed":0.0,"totalDistance":2816616}
{"deviceid":"b81e905908354542","eventtype":"distance","timestamp":1456248052207,"userid":"vincent.planat@hpe.com","trainingMode":"SITTING","currentMotion":1,"pace":0.0,"speed":0.0,"totalDistance":2816616}
{"deviceid":"b81e905908354542","eventtype":"distance","timestamp":1456247978044,"userid":"vincent.planat@hpe.com","trainingMode":"NONE","currentMotion":1,"pace":0.0,"speed":0.0,"totalDistance":2816616}
{"deviceid":"b81e905908354542","eventtype":"distance","timestamp":1456248055610,"userid":"vincent.planat@hpe.com","trainingMode":"SITTING","currentMotion":1,"pace":0.0,"speed":0.0,"totalDistance":2816616}
{"deviceid":"b81e905908354542","eventtype":"distance","timestamp":1456247979966,"userid":"vincent.planat@hpe.com","trainingMode":"NONE","currentMotion":1,"pace":0.0,"speed":0.0,"totalDistance":2816616}
{"deviceid":"b81e905908354542","eventtype":"distance","timestamp":1456248003155,"userid":"vincent.planat@hpe.com","trainingMode":"SITTING","currentMotion":1,"pace":0.0,"speed":0.0,"totalDistance":2816616}
{"deviceid":"b81e905908354542","eventtype":"distance","timestamp":1456248047552,"userid":"vincent.planat@hpe.com","trainingMode":"SITTING","currentMotion":1,"pace":0.0,"speed":0.0,"totalDistance":2816616}
{"deviceid":"b81e905908354542","eventtype":"distance","timestamp":1456248010262,"userid":"vincent.planat@hpe.com","trainingMode":"SITTING","currentMotion":1,"pace":0.0,"speed":0.0,"totalDistance":2816616}
{"deviceid":"b81e905908354542","eventtype":"distance","timestamp":1456248041466,"userid":"vincent.planat@hpe.com","trainingMode":"SITTING","currentMotion":1,"pace":0.0,"speed":0.0,"totalDistance":2816616}
{"deviceid":"b81e905908354542","eventtype":"distance","timestamp":1456248053878,"userid":"vincent.planat@hpe.com","trainingMode":"SITTING","currentMotion":1,"pace":0.0,"speed":0.0,"totalDistance":2816616}
{"deviceid":"b81e905908354542","eventtype":"distance","timestamp":1456248056667,"userid":"vincent.planat@hpe.com","trainingMode":"SITTING","currentMotion":1,"pace":0.0,"speed":0.0,"totalDistance":2816616}
{"deviceid":"b81e905908354542","eventtype":"distance","timestamp":1456247972968,"userid":"vincent.planat@hpe.com","trainingMode":"NONE","currentMotion":1,"pace":0.0,"speed":0.0,"totalDistance":2816616}
{"deviceid":"b81e905908354542","eventtype":"distance","timestamp":1456247987622,"userid":"vincent.planat@hpe.com","trainingMode":"NONE","currentMotion":1,"pace":0.0,"speed":0.0,"totalDistance":2816616}
{"deviceid":"b81e905908354542","eventtype":"distance","timestamp":1456248023429,"userid":"vincent.planat@hpe.com","trainingMode":"SITTING","currentMotion":1,"pace":0.0,"speed":0.0,"totalDistance":2816616}
{"deviceid":"b81e905908354542","eventtype":"distance","timestamp":1456247988230,"userid":"vincent.planat@hpe.com","trainingMode":"NONE","currentMotion":1,"pace":0.0,"speed":0.0,"totalDistance":2816616}
{"deviceid":"b81e905908354542","eventtype":"distance","timestamp":1456248000130,"userid":"vincent.planat@hpe.com","trainingMode":"SITTING","currentMotion":1,"pace":0.0,"speed":0.0,"totalDistance":2816616}
{"deviceid":"b81e905908354542","eventtype":"distance","timestamp":1456248063652,"userid":"vincent.planat@hpe.com","trainingMode":"SITTING","currentMotion":1,"pace":0.0,"speed":0.0,"totalDistance":2816616}
{"deviceid":"b81e905908354542","eventtype":"distance","timestamp":1456248052222,"userid":"vincent.planat@hpe.com","trainingMode":"SITTING","currentMotion":1,"pace":0.0,"speed":0.0,"totalDistance":2816616}
{"deviceid":"b81e905908354542","eventtype":"distance","timestamp":1456247993103,"userid":"vincent.planat@hpe.com","trainingMode":"SITTING","currentMotion":1,"pace":0.0,"speed":0.0,"totalDistance":2816616}
{"deviceid":"b81e905908354542","eventtype":"distance","timestamp":1456248030372,"userid":"vincent.planat@hpe.com","trainingMode":"SITTING","currentMotion":1,"pace":0.0,"speed":0.0,"totalDistance":2816616}
{"deviceid":"b81e905908354542","eventtype":"distance","timestamp":1456248009226,"userid":"vincent.planat@hpe.com","trainingMode":"SITTING","currentMotion":1,"pace":0.0,"speed":0.0,"totalDistance":2816616}
{"deviceid":"b81e905908354542","eventtype":"distance","timestamp":1456248061690,"userid":"vincent.planat@hpe.com","trainingMode":"SITTING","currentMotion":1,"pace":0.0,"speed":0.0,"totalDistance":2816616}
{"deviceid":"b81e905908354542","eventtype":"distance","timestamp":1456248059627,"userid":"vincent.planat@hpe.com","trainingMode":"SITTING","currentMotion":1,"pace":0.0,"speed":0.0,"totalDistance":2816616}
{"deviceid":"b81e905908354542","eventtype":"distance","timestamp":1456248020452,"userid":"vincent.planat@hpe.com","trainingMode":"SITTING","currentMotion":1,"pace":0.0,"speed":0.0,"totalDistance":2816616}
{"deviceid":"b81e905908354542","eventtype":"distance","timestamp":1456248058616,"userid":"vincent.planat@hpe.com","trainingMode":"SITTING","currentMotion":1,"pace":0.0,"speed":0.0,"totalDistance":2816616}
{"deviceid":"b81e905908354542","eventtype":"distance","timestamp":1456247987008,"userid":"vincent.planat@hpe.com","trainingMode":"NONE","currentMotion":1,"pace":0.0,"speed":0.0,"totalDistance":2816616}
{"deviceid":"b81e905908354542","eventtype":"distance","timestamp":1456248005236,"userid":"vincent.planat@hpe.com","trainingMode":"SITTING","currentMotion":1,"pace":0.0,"speed":0.0,"totalDistance":2816616}
{"deviceid":"b81e905908354542","eventtype":"distance","timestamp":1456248022360,"userid":"vincent.planat@hpe.com","trainingMode":"SITTING","currentMotion":1,"pace":0.0,"speed":0.0,"totalDistance":2816616}
{"deviceid":"b81e905908354542","eventtype":"distance","timestamp":1456248062630,"userid":"vincent.planat@hpe.com","trainingMode":"SITTING","currentMotion":1,"pace":0.0,"speed":0.0,"totalDistance":2816616}
{"deviceid":"b81e905908354542","eventtype":"distance","timestamp":1456248007236,"userid":"vincent.planat@hpe.com","trainingMode":"SITTING","currentMotion":1,"pace":0.0,"speed":0.0,"totalDistance":2816616}
{"deviceid":"b81e905908354542","eventtype":"distance","timestamp":1456248032451,"userid":"vincent.planat@hpe.com","trainingMode":"SITTING","currentMotion":1,"pace":0.0,"speed":0.0,"totalDistance":2816616}
{"deviceid":"b81e905908354542","eventtype":"distance","timestamp":1456247971980,"userid":"vincent.planat@hpe.com","trainingMode":"NONE","currentMotion":1,"pace":0.0,"speed":0.0,"totalDistance":2816616}
{"deviceid":"b81e905908354542","eventtype":"distance","timestamp":1456248045518,"userid":"vincent.planat@hpe.com","trainingMode":"SITTING","currentMotion":1,"pace":0.0,"speed":0.0,"totalDistance":2816616}
{"deviceid":"b81e905908354542","eventtype":"distance","timestamp":1456247995098,"userid":"vincent.planat@hpe.com","trainingMode":"SITTING","currentMotion":1,"pace":0.0,"speed":0.0,"totalDistance":2816616}
{"deviceid":"b81e905908354542","eventtype":"distance","timestamp":1456247997136,"userid":"vincent.planat@hpe.com","trainingMode":"SITTING","currentMotion":1,"pace":0.0,"speed":0.0,"totalDistance":2816616}
{"deviceid":"b81e905908354542","eventtype":"distance","timestamp":1456248051354,"userid":"vincent.planat@hpe.com","trainingMode":"SITTING","currentMotion":1,"pace":0.0,"speed":0.0,"totalDistance":2816616}
{"deviceid":"b81e905908354542","eventtype":"distance","timestamp":1456248029381,"userid":"vincent.planat@hpe.com","trainingMode":"SITTING","currentMotion":1,"pace":0.0,"speed":0.0,"totalDistance":2816616}
{"deviceid":"b81e905908354542","eventtype":"distance","timestamp":1456247977307,"userid":"vincent.planat@hpe.com","trainingMode":"NONE","currentMotion":1,"pace":0.0,"speed":0.0,"totalDistance":2816616}
{"deviceid":"b81e905908354542","eventtype":"distance","timestamp":1456247975081,"userid":"vincent.planat@hpe.com","trainingMode":"NONE","currentMotion":1,"pace":0.0,"speed":0.0,"totalDistance":2816616}
{"deviceid":"b81e905908354542","eventtype":"distance","timestamp":1456248057790,"userid":"vincent.planat@hpe.com","trainingMode":"SITTING","currentMotion":1,"pace":0.0,"speed":0.0,"totalDistance":2816616}
{"deviceid":"b81e905908354542","eventtype":"distance","timestamp":1456247999131,"userid":"vincent.planat@hpe.com","trainingMode":"SITTING","currentMotion":1,"pace":0.0,"speed":0.0,"totalDistance":2816616}
{"deviceid":"b81e905908354542","eventtype":"distance","timestamp":1456248048574,"userid":"vincent.planat@hpe.com","trainingMode":"SITTING","currentMotion":1,"pace":0.0,"speed":0.0,"totalDistance":2816616}
{"deviceid":"b81e905908354542","eventtype":"distance","timestamp":1456247981073,"userid":"vincent.planat@hpe.com","trainingMode":"NONE","currentMotion":1,"pace":0.0,"speed":0.0,"totalDistance":2816616}
{"deviceid":"b81e905908354542","eventtype":"distance","timestamp":1456248053041,"userid":"vincent.planat@hpe.com","trainingMode":"SITTING","currentMotion":1,"pace":0.0,"speed":0.0,"totalDistance":2816616}
{"deviceid":"b81e905908354542","eventtype":"distance","timestamp":1456248034408,"userid":"vincent.planat@hpe.com","trainingMode":"SITTING","currentMotion":1,"pace":0.0,"speed":0.0,"totalDistance":2816616}
{"deviceid":"b81e905908354542","eventtype":"distance","timestamp":1456248064682,"userid":"vincent.planat@hpe.com","trainingMode":"SITTING","currentMotion":1,"pace":0.0,"speed":0.0,"totalDistance":2816616}
{"deviceid":"b81e905908354542","eventtype":"distance","timestamp":1456248066655,"userid":"vincent.planat@hpe.com","trainingMode":"SITTING","currentMotion":1,"pace":0.0,"speed":0.0,"totalDistance":2816616}
{"deviceid":"b81e905908354542","eventtype":"distance","timestamp":1456248044543,"userid":"vincent.planat@hpe.com","trainingMode":"SITTING","currentMotion":1,"pace":0.0,"speed":0.0,"totalDistance":2816616}
{"deviceid":"b81e905908354542","eventtype":"distance","timestamp":1456248001208,"userid":"vincent.planat@hpe.com","trainingMode":"SITTING","currentMotion":1,"pace":0.0,"speed":0.0,"totalDistance":2816616}
{"deviceid":"b81e905908354542","eventtype":"distance","timestamp":1456247984033,"userid":"vincent.planat@hpe.com","trainingMode":"NONE","currentMotion":1,"pace":0.0,"speed":0.0,"totalDistance":2816616}
{"deviceid":"b81e905908354542","eventtype":"distance","timestamp":1456248054720,"userid":"vincent.planat@hpe.com","trainingMode":"SITTING","currentMotion":1,"pace":0.0,"speed":0.0,"totalDistance":2816616}
{"deviceid":"b81e905908354542","eventtype":"distance","timestamp":1456248060645,"userid":"vincent.planat@hpe.com","trainingMode":"SITTING","currentMotion":1,"pace":0.0,"speed":0.0,"totalDistance":2816616}
{"deviceid":"b81e905908354542","eventtype":"distance","timestamp":1456248014280,"userid":"vincent.planat@hpe.com","trainingMode":"SITTING","currentMotion":1,"pace":0.0,"speed":0.0,"totalDistance":2816616}
{"deviceid":"b81e905908354542","eventtype":"distance","timestamp":1456248049648,"userid":"vincent.planat@hpe.com","trainingMode":"SITTING","currentMotion":1,"pace":0.0,"speed":0.0,"totalDistance":2816616}
{"deviceid":"b81e905908354542","eventtype":"distance","timestamp":1456248013427,"userid":"vincent.planat@hpe.com","trainingMode":"SITTING","currentMotion":1,"pace":0.0,"speed":0.0,"totalDistance":2816616}
{"deviceid":"b81e905908354542","eventtype":"distance","timestamp":1456248018302,"userid":"vincent.planat@hpe.com","trainingMode":"SITTING","currentMotion":1,"pace":0.0,"speed":0.0,"totalDistance":2816616}
{"deviceid":"b81e905908354542","eventtype":"distance","timestamp":1456247989100,"userid":"vincent.planat@hpe.com","trainingMode":"SITTING","currentMotion":1,"pace":0.0,"speed":0.0,"totalDistance":2816616}
{"deviceid":"b81e905908354542","eventtype":"distance","timestamp":1456247994328,"userid":"vincent.planat@hpe.com","trainingMode":"SITTING","currentMotion":1,"pace":0.0,"speed":0.0,"totalDistance":2816616}
{"deviceid":"b81e905908354542","eventtype":"distance","timestamp":1456248040489,"userid":"vincent.planat@hpe.com","trainingMode":"SITTING","currentMotion":1,"pace":0.0,"speed":0.0,"totalDistance":2816616}
{"deviceid":"b81e905908354542","eventtype":"distance","timestamp":1456248068341,"userid":"vincent.planat@hpe.com","trainingMode":"SITTING","currentMotion":1,"pace":0.0,"speed":0.0,"totalDistance":2816616}
{"deviceid":"b81e905908354542","eventtype":"distance","timestamp":1456248064669,"userid":"vincent.planat@hpe.com","trainingMode":"SITTING","currentMotion":1,"pace":0.0,"speed":0.0,"totalDistance":2816616}
{"deviceid":"b81e905908354542","eventtype":"distance","timestamp":1456248065696,"userid":"vincent.planat@hpe.com","trainingMode":"SITTING","currentMotion":1,"pace":0.0,"speed":0.0,"totalDistance":2816616}
{"deviceid":"b81e905908354542","eventtype":"distance","timestamp":1456247991062,"userid":"vincent.planat@hpe.com","trainingMode":"SITTING","currentMotion":1,"pace":0.0,"speed":0.0,"totalDistance":2816616}
{"deviceid":"b81e905908354542","eventtype":"distance","timestamp":1456248061672,"userid":"vincent.planat@hpe.com","trainingMode":"SITTING","currentMotion":1,"pace":0.0,"speed":0.0,"totalDistance":2816616}
{"deviceid":"b81e905908354542","eventtype":"distance","timestamp":1456248012772,"userid":"vincent.planat@hpe.com","trainingMode":"SITTING","currentMotion":1,"pace":0.0,"speed":0.0,"totalDistance":2816616}
{"deviceid":"b81e905908354542","eventtype":"distance","timestamp":1456248004206,"userid":"vincent.planat@hpe.com","trainingMode":"SITTING","currentMotion":1,"pace":0.0,"speed":0.0,"totalDistance":2816616}
{"deviceid":"b81e905908354542","eventtype":"distance","timestamp":1456247978967,"userid":"vincent.planat@hpe.com","trainingMode":"NONE","currentMotion":1,"pace":0.0,"speed":0.0,"totalDistance":2816616}
{"deviceid":"b81e905908354542","eventtype":"distance","timestamp":1456247985706,"userid":"vincent.planat@hpe.com","trainingMode":"NONE","currentMotion":1,"pace":0.0,"speed":0.0,"totalDistance":2816616}
{"deviceid":"b81e905908354542","eventtype":"distance","timestamp":1456248062628,"userid":"vincent.planat@hpe.com","trainingMode":"SITTING","currentMotion":1,"pace":0.0,"speed":0.0,"totalDistance":2816616}
{"deviceid":"b81e905908354542","eventtype":"distance","timestamp":1456248027389,"userid":"vincent.planat@hpe.com","trainingMode":"SITTING","currentMotion":1,"pace":0.0,"speed":0.0,"totalDistance":2816616}
{"deviceid":"b81e905908354542","eventtype":"distance","timestamp":1456248021298,"userid":"vincent.planat@hpe.com","trainingMode":"SITTING","currentMotion":1,"pace":0.0,"speed":0.0,"totalDistance":2816616}
{"deviceid":"b81e905908354542","eventtype":"distance","timestamp":1456248039485,"userid":"vincent.planat@hpe.com","trainingMode":"SITTING","currentMotion":1,"pace":0.0,"speed":0.0,"totalDistance":2816616}
{"deviceid":"b81e905908354542","eventtype":"distance","timestamp":1456248036483,"userid":"vincent.planat@hpe.com","trainingMode":"SITTING","currentMotion":1,"pace":0.0,"speed":0.0,"totalDistance":2816616}
{"deviceid":"b81e905908354542","eventtype":"distance","timestamp":1456247970002,"userid":"vincent.planat@hpe.com","trainingMode":"NONE","currentMotion":1,"pace":0.0,"speed":0.0,"totalDistance":2816616}
{"deviceid":"b81e905908354542","eventtype":"distance","timestamp":1456248038736,"userid":"vincent.planat@hpe.com","trainingMode":"SITTING","currentMotion":1,"pace":0.0,"speed":0.0,"totalDistance":2816616}
{"deviceid":"b81e905908354542","eventtype":"distance","timestamp":1456248008221,"userid":"vincent.planat@hpe.com","trainingMode":"SITTING","currentMotion":1,"pace":0.0,"speed":0.0,"totalDistance":2816616}
{"deviceid":"b81e905908354542","eventtype":"distance","timestamp":1456248011282,"userid":"vincent.planat@hpe.com","trainingMode":"SITTING","currentMotion":1,"pace":0.0,"speed":0.0,"totalDistance":2816616}
{"deviceid":"b81e905908354542","eventtype":"distance","timestamp":1456247982995,"userid":"vincent.planat@hpe.com","trainingMode":"NONE","currentMotion":1,"pace":0.0,"speed":0.0,"totalDistance":2816616}
{"deviceid":"b81e905908354542","eventtype":"distance","timestamp":1456247998163,"userid":"vincent.planat@hpe.com","trainingMode":"SITTING","currentMotion":1,"pace":0.0,"speed":0.0,"totalDistance":2816616}
{"deviceid":"b81e905908354542","eventtype":"distance","timestamp":1456248054738,"userid":"vincent.planat@hpe.com","trainingMode":"SITTING","currentMotion":1,"pace":0.0,"speed":0.0,"totalDistance":2816616}
{"deviceid":"b81e905908354542","eventtype":"distance","timestamp":1456247996108,"userid":"vincent.planat@hpe.com","trainingMode":"SITTING","currentMotion":1,"pace":0.0,"speed":0.0,"totalDistance":2816616}
{"deviceid":"b81e905908354542","eventtype":"distance","timestamp":1456248051333,"userid":"vincent.planat@hpe.com","trainingMode":"SITTING","currentMotion":1,"pace":0.0,"speed":0.0,"totalDistance":2816616}
{"deviceid":"b81e905908354542","eventtype":"distance","timestamp":1456248056626,"userid":"vincent.planat@hpe.com","trainingMode":"SITTING","currentMotion":1,"pace":0.0,"speed":0.0,"totalDistance":2816616}
{"deviceid":"b81e905908354542","eventtype":"distance","timestamp":1456248028355,"userid":"vincent.planat@hpe.com","trainingMode":"SITTING","currentMotion":1,"pace":0.0,"speed":0.0,"totalDistance":2816616}
{"deviceid":"b81e905908354542","eventtype":"distance","timestamp":1456248031395,"userid":"vincent.planat@hpe.com","trainingMode":"SITTING","currentMotion":1,"pace":0.0,"speed":0.0,"totalDistance":2816616}
{"deviceid":"b81e905908354542","eventtype":"distance","timestamp":1456248042480,"userid":"vincent.planat@hpe.com","trainingMode":"SITTING","currentMotion":1,"pace":0.0,"speed":0.0,"totalDistance":2816616}
{"deviceid":"b81e905908354542","eventtype":"distance","timestamp":1456248066660,"userid":"vincent.planat@hpe.com","trainingMode":"SITTING","currentMotion":1,"pace":0.0,"speed":0.0,"totalDistance":2816616}
{"deviceid":"b81e905908354542","eventtype":"distance","timestamp":1456248025863,"userid":"vincent.planat@hpe.com","trainingMode":"SITTING","currentMotion":1,"pace":0.0,"speed":0.0,"totalDistance":2816616}
{"deviceid":"b81e905908354542","eventtype":"distance","timestamp":1456247968950,"userid":"vincent.planat@hpe.com","trainingMode":"NONE","currentMotion":1,"pace":0.0,"speed":0.0,"totalDistance":2816616}
{"deviceid":"b81e905908354542","eventtype":"distance","timestamp":1456248065711,"userid":"vincent.planat@hpe.com","trainingMode":"SITTING","currentMotion":1,"pace":0.0,"speed":0.0,"totalDistance":2816616}
{"deviceid":"b81e905908354542","eventtype":"distance","timestamp":1456248026584,"userid":"vincent.planat@hpe.com","trainingMode":"SITTING","currentMotion":1,"pace":0.0,"speed":0.0,"totalDistance":2816616}
{"deviceid":"b81e905908354542","eventtype":"distance","timestamp":1456248002175,"userid":"vincent.planat@hpe.com","trainingMode":"SITTING","currentMotion":1,"pace":0.0,"speed":0.0,"totalDistance":2816616}
{"deviceid":"b81e905908354542","eventtype":"distance","timestamp":1456248053028,"userid":"vincent.planat@hpe.com","trainingMode":"SITTING","currentMotion":1,"pace":0.0,"speed":0.0,"totalDistance":2816616}
{"deviceid":"b81e905908354542","eventtype":"distance","timestamp":1456248060670,"userid":"vincent.planat@hpe.com","trainingMode":"SITTING","currentMotion":1,"pace":0.0,"speed":0.0,"totalDistance":2816616}
{"deviceid":"b81e905908354542","eventtype":"distance","timestamp":1456248057806,"userid":"vincent.planat@hpe.com","trainingMode":"SITTING","currentMotion":1,"pace":0.0,"speed":0.0,"totalDistance":2816616}
{"deviceid":"b81e905908354542","eventtype":"distance","timestamp":1456248035453,"userid":"vincent.planat@hpe.com","trainingMode":"SITTING","currentMotion":1,"pace":0.0,"speed":0.0,"totalDistance":2816616}
{"deviceid":"b81e905908354542","eventtype":"distance","timestamp":1456247976162,"userid":"vincent.planat@hpe.com","trainingMode":"NONE","currentMotion":1,"pace":0.0,"speed":0.0,"totalDistance":2816616}
{"deviceid":"b81e905908354542","eventtype":"distance","timestamp":1456248059627,"userid":"vincent.planat@hpe.com","trainingMode":"SITTING","currentMotion":1,"pace":0.0,"speed":0.0,"totalDistance":2816616}
{"deviceid":"b81e905908354542","eventtype":"distance","timestamp":1456248006317,"userid":"vincent.planat@hpe.com","trainingMode":"SITTING","currentMotion":1,"pace":0.0,"speed":0.0,"totalDistance":2816616}
{"deviceid":"b81e905908354542","eventtype":"distance","timestamp":1456248015318,"userid":"vincent.planat@hpe.com","trainingMode":"SITTING","currentMotion":1,"pace":0.0,"speed":0.0,"totalDistance":2816616}
{"deviceid":"b81e905908354542","eventtype":"distance","timestamp":1456248037430,"userid":"vincent.planat@hpe.com","trainingMode":"SITTING","currentMotion":1,"pace":0.0,"speed":0.0,"totalDistance":2816616}
{"deviceid":"b81e905908354542","eventtype":"distance","timestamp":1456247992080,"userid":"vincent.planat@hpe.com","trainingMode":"SITTING","currentMotion":1,"pace":0.0,"speed":0.0,"totalDistance":2816616}
{"deviceid":"b81e905908354542","eventtype":"distance","timestamp":1456248033412,"userid":"vincent.planat@hpe.com","trainingMode":"SITTING","currentMotion":1,"pace":0.0,"speed":0.0,"totalDistance":2816616}
{"deviceid":"b81e905908354542","eventtype":"distance","timestamp":1456248043498,"userid":"vincent.planat@hpe.com","trainingMode":"SITTING","currentMotion":1,"pace":0.0,"speed":0.0,"totalDistance":2816616}
{"deviceid":"b81e905908354542","eventtype":"distance","timestamp":1456247990055,"userid":"vincent.planat@hpe.com","trainingMode":"SITTING","currentMotion":1,"pace":0.0,"speed":0.0,"totalDistance":2816616}
{"deviceid":"b81e905908354542","eventtype":"distance","timestamp":1456247971206,"userid":"vincent.planat@hpe.com","trainingMode":"NONE","currentMotion":1,"pace":0.0,"speed":0.0,"totalDistance":2816616}
{"deviceid":"b81e905908354542","eventtype":"distance","timestamp":1456248016284,"userid":"vincent.planat@hpe.com","trainingMode":"SITTING","currentMotion":1,"pace":0.0,"speed":0.0,"totalDistance":2816616}
{"deviceid":"b81e905908354542","eventtype":"distance","timestamp":1456248049628,"userid":"vincent.planat@hpe.com","trainingMode":"SITTING","currentMotion":1,"pace":0.0,"speed":0.0,"totalDistance":2816616}
