{"deviceid":"b81e905908354542","eventtype":"altimeter","timestamp":1456248532063,"userid":"vincent.planat@hpe.com","trainingMode":"WALKING","flightsAscended":17,"flightsDescended":12,"rate":-20.0,"steppingGain":4839,"steppingLoss":4150,"stepsAscended":820,"stepsDescended":820,"totalGain":18459,"totalLoss":17289}
{"deviceid":"b81e905908354542","eventtype":"altimeter","timestamp":1456248544335,"userid":"vincent.planat@hpe.com","trainingMode":"WALKING_UP","flightsAscended":17,"flightsDescended":12,"rate":1.0,"steppingGain":4839,"steppingLoss":4280,"stepsAscended":820,"stepsDescended":856,"totalGain":18459,"totalLoss":17419}
{"deviceid":"b81e905908354542","eventtype":"altimeter","timestamp":1456248534041,"userid":"vincent.planat@hpe.com","trainingMode":"NONE","flightsAscended":17,"flightsDescended":12,"rate":-19.0,"steppingGain":4839,"steppingLoss":4150,"stepsAscended":820,"stepsDescended":820,"totalGain":18459,"totalLoss":17289}
{"deviceid":"b81e905908354542","eventtype":"altimeter","timestamp":1456248517958,"userid":"vincent.planat@hpe.com","trainingMode":"WALKING","flightsAscended":17,"flightsDescended":12,"rate":11.0,"steppingGain":4839,"steppingLoss":4150,"stepsAscended":820,"stepsDescended":820,"totalGain":18459,"totalLoss":17289}
{"deviceid":"b81e905908354542","eventtype":"altimeter","timestamp":1456248536007,"userid":"vincent.planat@hpe.com","trainingMode":"NONE","flightsAscended":17,"flightsDescended":12,"rate":-19.0,"steppingGain":4839,"steppingLoss":4280,"stepsAscended":820,"stepsDescended":856,"totalGain":18459,"totalLoss":17419}
{"deviceid":"b81e905908354542","eventtype":"altimeter","timestamp":1456248530954,"userid":"vincent.planat@hpe.com","trainingMode":"WALKING","flightsAscended":17,"flightsDescended":12,"rate":-21.0,"steppingGain":4839,"steppingLoss":4150,"stepsAscended":820,"stepsDescended":820,"totalGain":18459,"totalLoss":17289}
{"deviceid":"b81e905908354542","eventtype":"altimeter","timestamp":1456248522553,"userid":"vincent.planat@hpe.com","trainingMode":"WALKING","flightsAscended":17,"flightsDescended":12,"rate":8.0,"steppingGain":4839,"steppingLoss":4150,"stepsAscended":820,"stepsDescended":820,"totalGain":18459,"totalLoss":17289}
{"deviceid":"b81e905908354542","eventtype":"altimeter","timestamp":1456248518978,"userid":"vincent.planat@hpe.com","trainingMode":"WALKING","flightsAscended":17,"flightsDescended":12,"rate":11.0,"steppingGain":4839,"steppingLoss":4150,"stepsAscended":820,"stepsDescended":820,"totalGain":18459,"totalLoss":17289}
{"deviceid":"b81e905908354542","eventtype":"altimeter","timestamp":1456248524939,"userid":"vincent.planat@hpe.com","trainingMode":"WALKING","flightsAscended":17,"flightsDescended":12,"rate":2.0,"steppingGain":4839,"steppingLoss":4150,"stepsAscended":820,"stepsDescended":820,"totalGain":18459,"totalLoss":17289}
{"deviceid":"b81e905908354542","eventtype":"altimeter","timestamp":1456248543070,"userid":"vincent.planat@hpe.com","trainingMode":"WALKING_UP","flightsAscended":17,"flightsDescended":12,"rate":-10.0,"steppingGain":4839,"steppingLoss":4280,"stepsAscended":820,"stepsDescended":856,"totalGain":18459,"totalLoss":17419}
{"deviceid":"b81e905908354542","eventtype":"altimeter","timestamp":1456248548087,"userid":"vincent.planat@hpe.com","trainingMode":"WALKING_UP","flightsAscended":17,"flightsDescended":12,"rate":31.0,"steppingGain":4839,"steppingLoss":4280,"stepsAscended":820,"stepsDescended":856,"totalGain":18459,"totalLoss":17419}
{"deviceid":"b81e905908354542","eventtype":"altimeter","timestamp":1456248537028,"userid":"vincent.planat@hpe.com","trainingMode":"NONE","flightsAscended":17,"flightsDescended":12,"rate":-22.0,"steppingGain":4839,"steppingLoss":4280,"stepsAscended":820,"stepsDescended":856,"totalGain":18459,"totalLoss":17419}
{"deviceid":"b81e905908354542","eventtype":"altimeter","timestamp":1456248534968,"userid":"vincent.planat@hpe.com","trainingMode":"NONE","flightsAscended":17,"flightsDescended":12,"rate":-16.0,"steppingGain":4839,"steppingLoss":4150,"stepsAscended":820,"stepsDescended":820,"totalGain":18459,"totalLoss":17289}
{"deviceid":"b81e905908354542","eventtype":"altimeter","timestamp":1456248523460,"userid":"vincent.planat@hpe.com","trainingMode":"WALKING","flightsAscended":17,"flightsDescended":12,"rate":7.0,"steppingGain":4839,"steppingLoss":4150,"stepsAscended":820,"stepsDescended":820,"totalGain":18459,"totalLoss":17289}
{"deviceid":"b81e905908354542","eventtype":"altimeter","timestamp":1456248533025,"userid":"vincent.planat@hpe.com","trainingMode":"WALKING","flightsAscended":17,"flightsDescended":12,"rate":-23.0,"steppingGain":4839,"steppingLoss":4150,"stepsAscended":820,"stepsDescended":820,"totalGain":18459,"totalLoss":17289}
{"deviceid":"b81e905908354542","eventtype":"altimeter","timestamp":1456248524162,"userid":"vincent.planat@hpe.com","trainingMode":"WALKING","flightsAscended":17,"flightsDescended":12,"rate":5.0,"steppingGain":4839,"steppingLoss":4150,"stepsAscended":820,"stepsDescended":820,"totalGain":18459,"totalLoss":17289}
{"deviceid":"b81e905908354542","eventtype":"altimeter","timestamp":1456248539266,"userid":"vincent.planat@hpe.com","trainingMode":"NONE","flightsAscended":17,"flightsDescended":12,"rate":-16.0,"steppingGain":4839,"steppingLoss":4280,"stepsAscended":820,"stepsDescended":856,"totalGain":18459,"totalLoss":17419}
{"deviceid":"b81e905908354542","eventtype":"altimeter","timestamp":1456248509987,"userid":"vincent.planat@hpe.com","trainingMode":"WALKING","flightsAscended":16,"flightsDescended":12,"rate":14.0,"steppingGain":4709,"steppingLoss":4150,"stepsAscended":784,"stepsDescended":820,"totalGain":18329,"totalLoss":17289}
{"deviceid":"b81e905908354542","eventtype":"altimeter","timestamp":1456248543098,"userid":"vincent.planat@hpe.com","trainingMode":"WALKING_UP","flightsAscended":17,"flightsDescended":12,"rate":-10.0,"steppingGain":4839,"steppingLoss":4280,"stepsAscended":820,"stepsDescended":856,"totalGain":18459,"totalLoss":17419}
{"deviceid":"b81e905908354542","eventtype":"altimeter","timestamp":1456248511985,"userid":"vincent.planat@hpe.com","trainingMode":"WALKING","flightsAscended":16,"flightsDescended":12,"rate":15.0,"steppingGain":4709,"steppingLoss":4150,"stepsAscended":784,"stepsDescended":820,"totalGain":18329,"totalLoss":17289}
{"deviceid":"b81e905908354542","eventtype":"altimeter","timestamp":1456248532078,"userid":"vincent.planat@hpe.com","trainingMode":"WALKING","flightsAscended":17,"flightsDescended":12,"rate":-20.0,"steppingGain":4839,"steppingLoss":4150,"stepsAscended":820,"stepsDescended":820,"totalGain":18459,"totalLoss":17289}
{"deviceid":"b81e905908354542","eventtype":"altimeter","timestamp":1456248541011,"userid":"vincent.planat@hpe.com","trainingMode":"WALKING_UP","flightsAscended":17,"flightsDescended":12,"rate":-11.0,"steppingGain":4839,"steppingLoss":4280,"stepsAscended":820,"stepsDescended":856,"totalGain":18459,"totalLoss":17419}
{"deviceid":"b81e905908354542","eventtype":"altimeter","timestamp":1456248510950,"userid":"vincent.planat@hpe.com","trainingMode":"WALKING","flightsAscended":16,"flightsDescended":12,"rate":14.0,"steppingGain":4709,"steppingLoss":4150,"stepsAscended":784,"stepsDescended":820,"totalGain":18329,"totalLoss":17289}
{"deviceid":"b81e905908354542","eventtype":"altimeter","timestamp":1456248546018,"userid":"vincent.planat@hpe.com","trainingMode":"WALKING_UP","flightsAscended":17,"flightsDescended":12,"rate":20.0,"steppingGain":4839,"steppingLoss":4280,"stepsAscended":820,"stepsDescended":856,"totalGain":18459,"totalLoss":17419}
{"deviceid":"b81e905908354542","eventtype":"altimeter","timestamp":1456248545125,"userid":"vincent.planat@hpe.com","trainingMode":"WALKING_UP","flightsAscended":17,"flightsDescended":12,"rate":10.0,"steppingGain":4839,"steppingLoss":4280,"stepsAscended":820,"stepsDescended":856,"totalGain":18459,"totalLoss":17419}
{"deviceid":"b81e905908354542","eventtype":"altimeter","timestamp":1456248527288,"userid":"vincent.planat@hpe.com","trainingMode":"WALKING","flightsAscended":17,"flightsDescended":12,"rate":-12.0,"steppingGain":4839,"steppingLoss":4150,"stepsAscended":820,"stepsDescended":820,"totalGain":18459,"totalLoss":17289}
{"deviceid":"b81e905908354542","eventtype":"altimeter","timestamp":1456248515441,"userid":"vincent.planat@hpe.com","trainingMode":"WALKING","flightsAscended":17,"flightsDescended":12,"rate":16.0,"steppingGain":4709,"steppingLoss":4150,"stepsAscended":784,"stepsDescended":820,"totalGain":18329,"totalLoss":17289}
{"deviceid":"b81e905908354542","eventtype":"altimeter","timestamp":1456248507301,"userid":"vincent.planat@hpe.com","trainingMode":"WALKING","flightsAscended":16,"flightsDescended":12,"rate":12.0,"steppingGain":4709,"steppingLoss":4150,"stepsAscended":784,"stepsDescended":820,"totalGain":18329,"totalLoss":17289}
{"deviceid":"b81e905908354542","eventtype":"altimeter","timestamp":1456248509000,"userid":"vincent.planat@hpe.com","trainingMode":"WALKING","flightsAscended":16,"flightsDescended":12,"rate":14.0,"steppingGain":4709,"steppingLoss":4150,"stepsAscended":784,"stepsDescended":820,"totalGain":18329,"totalLoss":17289}
{"deviceid":"b81e905908354542","eventtype":"altimeter","timestamp":1456248522567,"userid":"vincent.planat@hpe.com","trainingMode":"WALKING","flightsAscended":17,"flightsDescended":12,"rate":8.0,"steppingGain":4839,"steppingLoss":4150,"stepsAscended":820,"stepsDescended":820,"totalGain":18459,"totalLoss":17289}
{"deviceid":"b81e905908354542","eventtype":"altimeter","timestamp":1456248540104,"userid":"vincent.planat@hpe.com","trainingMode":"NONE","flightsAscended":17,"flightsDescended":12,"rate":-16.0,"steppingGain":4839,"steppingLoss":4280,"stepsAscended":820,"stepsDescended":856,"totalGain":18459,"totalLoss":17419}
{"deviceid":"b81e905908354542","eventtype":"altimeter","timestamp":1456248518951,"userid":"vincent.planat@hpe.com","trainingMode":"WALKING","flightsAscended":17,"flightsDescended":12,"rate":11.0,"steppingGain":4839,"steppingLoss":4150,"stepsAscended":820,"stepsDescended":820,"totalGain":18459,"totalLoss":17289}
{"deviceid":"b81e905908354542","eventtype":"altimeter","timestamp":1456248511967,"userid":"vincent.planat@hpe.com","trainingMode":"WALKING","flightsAscended":16,"flightsDescended":12,"rate":15.0,"steppingGain":4709,"steppingLoss":4150,"stepsAscended":784,"stepsDescended":820,"totalGain":18329,"totalLoss":17289}
{"deviceid":"b81e905908354542","eventtype":"altimeter","timestamp":1456248528093,"userid":"vincent.planat@hpe.com","trainingMode":"WALKING","flightsAscended":17,"flightsDescended":12,"rate":-14.0,"steppingGain":4839,"steppingLoss":4150,"stepsAscended":820,"stepsDescended":820,"totalGain":18459,"totalLoss":17289}
{"deviceid":"b81e905908354542","eventtype":"altimeter","timestamp":1456248544354,"userid":"vincent.planat@hpe.com","trainingMode":"WALKING_UP","flightsAscended":17,"flightsDescended":12,"rate":1.0,"steppingGain":4839,"steppingLoss":4280,"stepsAscended":820,"stepsDescended":856,"totalGain":18459,"totalLoss":17419}
{"deviceid":"b81e905908354542","eventtype":"altimeter","timestamp":1456248507288,"userid":"vincent.planat@hpe.com","trainingMode":"WALKING","flightsAscended":16,"flightsDescended":12,"rate":12.0,"steppingGain":4709,"steppingLoss":4150,"stepsAscended":784,"stepsDescended":820,"totalGain":18329,"totalLoss":17289}
{"deviceid":"b81e905908354542","eventtype":"altimeter","timestamp":1456248546039,"userid":"vincent.planat@hpe.com","trainingMode":"WALKING_UP","flightsAscended":17,"flightsDescended":12,"rate":20.0,"steppingGain":4839,"steppingLoss":4280,"stepsAscended":820,"stepsDescended":856,"totalGain":18459,"totalLoss":17419}
{"deviceid":"b81e905908354542","eventtype":"altimeter","timestamp":1456248509975,"userid":"vincent.planat@hpe.com","trainingMode":"WALKING","flightsAscended":16,"flightsDescended":12,"rate":14.0,"steppingGain":4709,"steppingLoss":4150,"stepsAscended":784,"stepsDescended":820,"totalGain":18329,"totalLoss":17289}
{"deviceid":"b81e905908354542","eventtype":"altimeter","timestamp":1456248524177,"userid":"vincent.planat@hpe.com","trainingMode":"WALKING","flightsAscended":17,"flightsDescended":12,"rate":5.0,"steppingGain":4839,"steppingLoss":4150,"stepsAscended":820,"stepsDescended":820,"totalGain":18459,"totalLoss":17289}
{"deviceid":"b81e905908354542","eventtype":"altimeter","timestamp":1456248517107,"userid":"vincent.planat@hpe.com","trainingMode":"WALKING","flightsAscended":17,"flightsDescended":12,"rate":16.0,"steppingGain":4839,"steppingLoss":4150,"stepsAscended":820,"stepsDescended":820,"totalGain":18459,"totalLoss":17289}
{"deviceid":"b81e905908354542","eventtype":"altimeter","timestamp":1456248519959,"userid":"vincent.planat@hpe.com","trainingMode":"WALKING","flightsAscended":17,"flightsDescended":12,"rate":8.0,"steppingGain":4839,"steppingLoss":4150,"stepsAscended":820,"stepsDescended":820,"totalGain":18459,"totalLoss":17289}
{"deviceid":"b81e905908354542","eventtype":"altimeter","timestamp":1456248536023,"userid":"vincent.planat@hpe.com","trainingMode":"NONE","flightsAscended":17,"flightsDescended":12,"rate":-19.0,"steppingGain":4839,"steppingLoss":4280,"stepsAscended":820,"stepsDescended":856,"totalGain":18459,"totalLoss":17419}
{"deviceid":"b81e905908354542","eventtype":"altimeter","timestamp":1456248537040,"userid":"vincent.planat@hpe.com","trainingMode":"NONE","flightsAscended":17,"flightsDescended":12,"rate":-22.0,"steppingGain":4839,"steppingLoss":4280,"stepsAscended":820,"stepsDescended":856,"totalGain":18459,"totalLoss":17419}
{"deviceid":"b81e905908354542","eventtype":"altimeter","timestamp":1456248523444,"userid":"vincent.planat@hpe.com","trainingMode":"WALKING","flightsAscended":17,"flightsDescended":12,"rate":7.0,"steppingGain":4839,"steppingLoss":4150,"stepsAscended":820,"stepsDescended":820,"totalGain":18459,"totalLoss":17289}
{"deviceid":"b81e905908354542","eventtype":"altimeter","timestamp":1456248530011,"userid":"vincent.planat@hpe.com","trainingMode":"WALKING","flightsAscended":17,"flightsDescended":12,"rate":-20.0,"steppingGain":4839,"steppingLoss":4150,"stepsAscended":820,"stepsDescended":820,"totalGain":18459,"totalLoss":17289}
{"deviceid":"b81e905908354542","eventtype":"altimeter","timestamp":1456248545109,"userid":"vincent.planat@hpe.com","trainingMode":"WALKING_UP","flightsAscended":17,"flightsDescended":12,"rate":10.0,"steppingGain":4839,"steppingLoss":4280,"stepsAscended":820,"stepsDescended":856,"totalGain":18459,"totalLoss":17419}
{"deviceid":"b81e905908354542","eventtype":"altimeter","timestamp":1456248515412,"userid":"vincent.planat@hpe.com","trainingMode":"WALKING","flightsAscended":17,"flightsDescended":12,"rate":16.0,"steppingGain":4709,"steppingLoss":4150,"stepsAscended":784,"stepsDescended":820,"totalGain":18329,"totalLoss":17289}
{"deviceid":"b81e905908354542","eventtype":"altimeter","timestamp":1456248526028,"userid":"vincent.planat@hpe.com","trainingMode":"WALKING","flightsAscended":17,"flightsDescended":12,"rate":-4.0,"steppingGain":4839,"steppingLoss":4150,"stepsAscended":820,"stepsDescended":820,"totalGain":18459,"totalLoss":17289}
{"deviceid":"b81e905908354542","eventtype":"altimeter","timestamp":1456248512955,"userid":"vincent.planat@hpe.com","trainingMode":"WALKING","flightsAscended":16,"flightsDescended":12,"rate":18.0,"steppingGain":4709,"steppingLoss":4150,"stepsAscended":784,"stepsDescended":820,"totalGain":18329,"totalLoss":17289}
{"deviceid":"b81e905908354542","eventtype":"altimeter","timestamp":1456248530980,"userid":"vincent.planat@hpe.com","trainingMode":"WALKING","flightsAscended":17,"flightsDescended":12,"rate":-21.0,"steppingGain":4839,"steppingLoss":4150,"stepsAscended":820,"stepsDescended":820,"totalGain":18459,"totalLoss":17289}
{"deviceid":"b81e905908354542","eventtype":"altimeter","timestamp":1456248534952,"userid":"vincent.planat@hpe.com","trainingMode":"NONE","flightsAscended":17,"flightsDescended":12,"rate":-16.0,"steppingGain":4839,"steppingLoss":4150,"stepsAscended":820,"stepsDescended":820,"totalGain":18459,"totalLoss":17289}
{"deviceid":"b81e905908354542","eventtype":"altimeter","timestamp":1456248521765,"userid":"vincent.planat@hpe.com","trainingMode":"WALKING","flightsAscended":17,"flightsDescended":12,"rate":8.0,"steppingGain":4839,"steppingLoss":4150,"stepsAscended":820,"stepsDescended":820,"totalGain":18459,"totalLoss":17289}
{"deviceid":"b81e905908354542","eventtype":"altimeter","timestamp":1456248521750,"userid":"vincent.planat@hpe.com","trainingMode":"WALKING","flightsAscended":17,"flightsDescended":12,"rate":8.0,"steppingGain":4839,"steppingLoss":4150,"stepsAscended":820,"stepsDescended":820,"totalGain":18459,"totalLoss":17289}
{"deviceid":"b81e905908354542","eventtype":"altimeter","timestamp":1456248528107,"userid":"vincent.planat@hpe.com","trainingMode":"WALKING","flightsAscended":17,"flightsDescended":12,"rate":-14.0,"steppingGain":4839,"steppingLoss":4150,"stepsAscended":820,"stepsDescended":820,"totalGain":18459,"totalLoss":17289}
{"deviceid":"b81e905908354542","eventtype":"altimeter","timestamp":1456248508084,"userid":"vincent.planat@hpe.com","trainingMode":"WALKING","flightsAscended":16,"flightsDescended":12,"rate":13.0,"steppingGain":4709,"steppingLoss":4150,"stepsAscended":784,"stepsDescended":820,"totalGain":18329,"totalLoss":17289}
{"deviceid":"b81e905908354542","eventtype":"altimeter","timestamp":1456248514601,"userid":"vincent.planat@hpe.com","trainingMode":"WALKING","flightsAscended":17,"flightsDescended":12,"rate":18.0,"steppingGain":4709,"steppingLoss":4150,"stepsAscended":784,"stepsDescended":820,"totalGain":18329,"totalLoss":17289}
{"deviceid":"b81e905908354542","eventtype":"altimeter","timestamp":1456248519972,"userid":"vincent.planat@hpe.com","trainingMode":"WALKING","flightsAscended":17,"flightsDescended":12,"rate":8.0,"steppingGain":4839,"steppingLoss":4150,"stepsAscended":820,"stepsDescended":820,"totalGain":18459,"totalLoss":17289}
{"deviceid":"b81e905908354542","eventtype":"altimeter","timestamp":1456248547008,"userid":"vincent.planat@hpe.com","trainingMode":"WALKING_UP","flightsAscended":17,"flightsDescended":12,"rate":28.0,"steppingGain":4839,"steppingLoss":4280,"stepsAscended":820,"stepsDescended":856,"totalGain":18459,"totalLoss":17419}
{"deviceid":"b81e905908354542","eventtype":"altimeter","timestamp":1456248534056,"userid":"vincent.planat@hpe.com","trainingMode":"NONE","flightsAscended":17,"flightsDescended":12,"rate":-19.0,"steppingGain":4839,"steppingLoss":4150,"stepsAscended":820,"stepsDescended":820,"totalGain":18459,"totalLoss":17289}
{"deviceid":"b81e905908354542","eventtype":"altimeter","timestamp":1456248540996,"userid":"vincent.planat@hpe.com","trainingMode":"WALKING_UP","flightsAscended":17,"flightsDescended":12,"rate":-11.0,"steppingGain":4839,"steppingLoss":4280,"stepsAscended":820,"stepsDescended":856,"totalGain":18459,"totalLoss":17419}
{"deviceid":"b81e905908354542","eventtype":"altimeter","timestamp":1456248542016,"userid":"vincent.planat@hpe.com","trainingMode":"WALKING_UP","flightsAscended":17,"flightsDescended":12,"rate":-11.0,"steppingGain":4839,"steppingLoss":4280,"stepsAscended":820,"stepsDescended":856,"totalGain":18459,"totalLoss":17419}
{"deviceid":"b81e905908354542","eventtype":"altimeter","timestamp":1456248528989,"userid":"vincent.planat@hpe.com","trainingMode":"WALKING","flightsAscended":17,"flightsDescended":12,"rate":-17.0,"steppingGain":4839,"steppingLoss":4150,"stepsAscended":820,"stepsDescended":820,"totalGain":18459,"totalLoss":17289}
{"deviceid":"b81e905908354542","eventtype":"altimeter","timestamp":1456248542001,"userid":"vincent.planat@hpe.com","trainingMode":"WALKING_UP","flightsAscended":17,"flightsDescended":12,"rate":-11.0,"steppingGain":4839,"steppingLoss":4280,"stepsAscended":820,"stepsDescended":856,"totalGain":18459,"totalLoss":17419}
{"deviceid":"b81e905908354542","eventtype":"altimeter","timestamp":1456248540070,"userid":"vincent.planat@hpe.com","trainingMode":"NONE","flightsAscended":17,"flightsDescended":12,"rate":-16.0,"steppingGain":4839,"steppingLoss":4280,"stepsAscended":820,"stepsDescended":856,"totalGain":18459,"totalLoss":17419}
{"deviceid":"b81e905908354542","eventtype":"altimeter","timestamp":1456248510963,"userid":"vincent.planat@hpe.com","trainingMode":"WALKING","flightsAscended":16,"flightsDescended":12,"rate":14.0,"steppingGain":4709,"steppingLoss":4150,"stepsAscended":784,"stepsDescended":820,"totalGain":18329,"totalLoss":17289}
{"deviceid":"b81e905908354542","eventtype":"altimeter","timestamp":1456248516366,"userid":"vincent.planat@hpe.com","trainingMode":"WALKING","flightsAscended":17,"flightsDescended":12,"rate":14.0,"steppingGain":4839,"steppingLoss":4150,"stepsAscended":820,"stepsDescended":820,"totalGain":18459,"totalLoss":17289}
{"deviceid":"b81e905908354542","eventtype":"altimeter","timestamp":1456248517119,"userid":"vincent.planat@hpe.com","trainingMode":"WALKING","flightsAscended":17,"flightsDescended":12,"rate":16.0,"steppingGain":4839,"steppingLoss":4150,"stepsAscended":820,"stepsDescended":820,"totalGain":18459,"totalLoss":17289}
{"deviceid":"b81e905908354542","eventtype":"altimeter","timestamp":1456248508985,"userid":"vincent.planat@hpe.com","trainingMode":"WALKING","flightsAscended":16,"flightsDescended":12,"rate":14.0,"steppingGain":4709,"steppingLoss":4150,"stepsAscended":784,"stepsDescended":820,"totalGain":18329,"totalLoss":17289}
{"deviceid":"b81e905908354542","eventtype":"altimeter","timestamp":1456248538452,"userid":"vincent.planat@hpe.com","trainingMode":"NONE","flightsAscended":17,"flightsDescended":12,"rate":-22.0,"steppingGain":4839,"steppingLoss":4280,"stepsAscended":820,"stepsDescended":856,"totalGain":18459,"totalLoss":17419}
{"deviceid":"b81e905908354542","eventtype":"altimeter","timestamp":1456248526042,"userid":"vincent.planat@hpe.com","trainingMode":"WALKING","flightsAscended":17,"flightsDescended":12,"rate":-4.0,"steppingGain":4839,"steppingLoss":4150,"stepsAscended":820,"stepsDescended":820,"totalGain":18459,"totalLoss":17289}
{"deviceid":"b81e905908354542","eventtype":"altimeter","timestamp":1456248533007,"userid":"vincent.planat@hpe.com","trainingMode":"WALKING","flightsAscended":17,"flightsDescended":12,"rate":-23.0,"steppingGain":4839,"steppingLoss":4150,"stepsAscended":820,"stepsDescended":820,"totalGain":18459,"totalLoss":17289}
{"deviceid":"b81e905908354542","eventtype":"altimeter","timestamp":1456248538435,"userid":"vincent.planat@hpe.com","trainingMode":"NONE","flightsAscended":17,"flightsDescended":12,"rate":-22.0,"steppingGain":4839,"steppingLoss":4280,"stepsAscended":820,"stepsDescended":856,"totalGain":18459,"totalLoss":17419}
{"deviceid":"b81e905908354542","eventtype":"altimeter","timestamp":1456248548157,"userid":"vincent.planat@hpe.com","trainingMode":"WALKING_UP","flightsAscended":17,"flightsDescended":12,"rate":31.0,"steppingGain":4839,"steppingLoss":4280,"stepsAscended":820,"stepsDescended":856,"totalGain":18459,"totalLoss":17419}
{"deviceid":"b81e905908354542","eventtype":"altimeter","timestamp":1456248528973,"userid":"vincent.planat@hpe.com","trainingMode":"WALKING","flightsAscended":17,"flightsDescended":12,"rate":-17.0,"steppingGain":4839,"steppingLoss":4150,"stepsAscended":820,"stepsDescended":820,"totalGain":18459,"totalLoss":17289}
{"deviceid":"b81e905908354542","eventtype":"altimeter","timestamp":1456248516352,"userid":"vincent.planat@hpe.com","trainingMode":"WALKING","flightsAscended":17,"flightsDescended":12,"rate":14.0,"steppingGain":4839,"steppingLoss":4150,"stepsAscended":820,"stepsDescended":820,"totalGain":18459,"totalLoss":17289}
{"deviceid":"b81e905908354542","eventtype":"altimeter","timestamp":1456248527318,"userid":"vincent.planat@hpe.com","trainingMode":"WALKING","flightsAscended":17,"flightsDescended":12,"rate":-12.0,"steppingGain":4839,"steppingLoss":4150,"stepsAscended":820,"stepsDescended":820,"totalGain":18459,"totalLoss":17289}
{"deviceid":"b81e905908354542","eventtype":"altimeter","timestamp":1456248512969,"userid":"vincent.planat@hpe.com","trainingMode":"WALKING","flightsAscended":16,"flightsDescended":12,"rate":18.0,"steppingGain":4709,"steppingLoss":4150,"stepsAscended":784,"stepsDescended":820,"totalGain":18329,"totalLoss":17289}
{"deviceid":"b81e905908354542","eventtype":"altimeter","timestamp":1456248508068,"userid":"vincent.planat@hpe.com","trainingMode":"WALKING","flightsAscended":16,"flightsDescended":12,"rate":13.0,"steppingGain":4709,"steppingLoss":4150,"stepsAscended":784,"stepsDescended":820,"totalGain":18329,"totalLoss":17289}
{"deviceid":"b81e905908354542","eventtype":"altimeter","timestamp":1456248517945,"userid":"vincent.planat@hpe.com","trainingMode":"WALKING","flightsAscended":17,"flightsDescended":12,"rate":11.0,"steppingGain":4839,"steppingLoss":4150,"stepsAscended":820,"stepsDescended":820,"totalGain":18459,"totalLoss":17289}
{"deviceid":"b81e905908354542","eventtype":"altimeter","timestamp":1456248539284,"userid":"vincent.planat@hpe.com","trainingMode":"NONE","flightsAscended":17,"flightsDescended":12,"rate":-16.0,"steppingGain":4839,"steppingLoss":4280,"stepsAscended":820,"stepsDescended":856,"totalGain":18459,"totalLoss":17419}
{"deviceid":"b81e905908354542","eventtype":"altimeter","timestamp":1456248546994,"userid":"vincent.planat@hpe.com","trainingMode":"WALKING_UP","flightsAscended":17,"flightsDescended":12,"rate":28.0,"steppingGain":4839,"steppingLoss":4280,"stepsAscended":820,"stepsDescended":856,"totalGain":18459,"totalLoss":17419}
{"deviceid":"b81e905908354542","eventtype":"altimeter","timestamp":1456248514580,"userid":"vincent.planat@hpe.com","trainingMode":"WALKING","flightsAscended":17,"flightsDescended":12,"rate":18.0,"steppingGain":4709,"steppingLoss":4150,"stepsAscended":784,"stepsDescended":820,"totalGain":18329,"totalLoss":17289}
{"deviceid":"b81e905908354542","eventtype":"altimeter","timestamp":1456248529994,"userid":"vincent.planat@hpe.com","trainingMode":"WALKING","flightsAscended":17,"flightsDescended":12,"rate":-20.0,"steppingGain":4839,"steppingLoss":4150,"stepsAscended":820,"stepsDescended":820,"totalGain":18459,"totalLoss":17289}
{"deviceid":"b81e905908354542","eventtype":"altimeter","timestamp":1456248524955,"userid":"vincent.planat@hpe.com","trainingMode":"WALKING","flightsAscended":17,"flightsDescended":12,"rate":2.0,"steppingGain":4839,"steppingLoss":4150,"stepsAscended":820,"stepsDescended":820,"totalGain":18459,"totalLoss":17289}
