{"deviceid":"b81e905908354542","eventtype":"barometer","timestamp":1456248209825,"userid":"vincent.planat@hpe.com","trainingMode":"WALKING","airPressure":990.282715,"temperature":35.097917}
{"deviceid":"b81e905908354542","eventtype":"barometer","timestamp":1456248232017,"userid":"vincent.planat@hpe.com","trainingMode":"WALKING","airPressure":990.30249,"temperature":35.027083}
{"deviceid":"b81e905908354542","eventtype":"barometer","timestamp":1456248236844,"userid":"vincent.planat@hpe.com","trainingMode":"WALKING","airPressure":990.291504,"temperature":35.00625}
{"deviceid":"b81e905908354542","eventtype":"barometer","timestamp":1456248246149,"userid":"vincent.planat@hpe.com","trainingMode":"WALKING","airPressure":990.336426,"temperature":34.975}
{"deviceid":"b81e905908354542","eventtype":"barometer","timestamp":1456248246908,"userid":"vincent.planat@hpe.com","trainingMode":"WALKING","airPressure":990.343018,"temperature":34.964583}
{"deviceid":"b81e905908354542","eventtype":"barometer","timestamp":1456248239594,"userid":"vincent.planat@hpe.com","trainingMode":"WALKING","airPressure":990.298096,"temperature":35.0}
{"deviceid":"b81e905908354542","eventtype":"barometer","timestamp":1456248226539,"userid":"vincent.planat@hpe.com","trainingMode":"WALKING","airPressure":990.262695,"temperature":35.041667}
{"deviceid":"b81e905908354542","eventtype":"barometer","timestamp":1456248242927,"userid":"vincent.planat@hpe.com","trainingMode":"WALKING","airPressure":990.328369,"temperature":34.989583}
{"deviceid":"b81e905908354542","eventtype":"barometer","timestamp":1456248227401,"userid":"vincent.planat@hpe.com","trainingMode":"WALKING","airPressure":990.349365,"temperature":35.04375}
{"deviceid":"b81e905908354542","eventtype":"barometer","timestamp":1456248246954,"userid":"vincent.planat@hpe.com","trainingMode":"WALKING","airPressure":990.343018,"temperature":34.964583}
{"deviceid":"b81e905908354542","eventtype":"barometer","timestamp":1456248239606,"userid":"vincent.planat@hpe.com","trainingMode":"WALKING","airPressure":990.298096,"temperature":35.0}
{"deviceid":"b81e905908354542","eventtype":"barometer","timestamp":1456248232895,"userid":"vincent.planat@hpe.com","trainingMode":"WALKING","airPressure":990.279053,"temperature":35.020833}
{"deviceid":"b81e905908354542","eventtype":"barometer","timestamp":1456248213296,"userid":"vincent.planat@hpe.com","trainingMode":"WALKING","airPressure":990.338867,"temperature":35.085417}
{"deviceid":"b81e905908354542","eventtype":"barometer","timestamp":1456248246125,"userid":"vincent.planat@hpe.com","trainingMode":"WALKING","airPressure":990.336426,"temperature":34.975}
{"deviceid":"b81e905908354542","eventtype":"barometer","timestamp":1456248223899,"userid":"vincent.planat@hpe.com","trainingMode":"WALKING","airPressure":990.317383,"temperature":35.054167}
{"deviceid":"b81e905908354542","eventtype":"barometer","timestamp":1456248242159,"userid":"vincent.planat@hpe.com","trainingMode":"WALKING","airPressure":990.299072,"temperature":34.991667}
{"deviceid":"b81e905908354542","eventtype":"barometer","timestamp":1456248244871,"userid":"vincent.planat@hpe.com","trainingMode":"WALKING","airPressure":990.320312,"temperature":34.983333}
{"deviceid":"b81e905908354542","eventtype":"barometer","timestamp":1456248218015,"userid":"vincent.planat@hpe.com","trainingMode":"WALKING","airPressure":990.335938,"temperature":35.070833}
{"deviceid":"b81e905908354542","eventtype":"barometer","timestamp":1456248247915,"userid":"vincent.planat@hpe.com","trainingMode":"WALKING","airPressure":990.322998,"temperature":34.964583}
{"deviceid":"b81e905908354542","eventtype":"barometer","timestamp":1456248227385,"userid":"vincent.planat@hpe.com","trainingMode":"WALKING","airPressure":990.349365,"temperature":35.04375}
{"deviceid":"b81e905908354542","eventtype":"barometer","timestamp":1456248221885,"userid":"vincent.planat@hpe.com","trainingMode":"WALKING","airPressure":990.285156,"temperature":35.05625}
{"deviceid":"b81e905908354542","eventtype":"barometer","timestamp":1456248229066,"userid":"vincent.planat@hpe.com","trainingMode":"WALKING","airPressure":990.308105,"temperature":35.035417}
{"deviceid":"b81e905908354542","eventtype":"barometer","timestamp":1456248236853,"userid":"vincent.planat@hpe.com","trainingMode":"WALKING","airPressure":990.291504,"temperature":35.00625}
{"deviceid":"b81e905908354542","eventtype":"barometer","timestamp":1456248218001,"userid":"vincent.planat@hpe.com","trainingMode":"WALKING","airPressure":990.335938,"temperature":35.070833}
{"deviceid":"b81e905908354542","eventtype":"barometer","timestamp":1456248228277,"userid":"vincent.planat@hpe.com","trainingMode":"WALKING","airPressure":990.275879,"temperature":35.035417}
{"deviceid":"b81e905908354542","eventtype":"barometer","timestamp":1456248211644,"userid":"vincent.planat@hpe.com","trainingMode":"WALKING","airPressure":990.293701,"temperature":35.0875}
{"deviceid":"b81e905908354542","eventtype":"barometer","timestamp":1456248241336,"userid":"vincent.planat@hpe.com","trainingMode":"WALKING","airPressure":990.23999,"temperature":34.997917}
{"deviceid":"b81e905908354542","eventtype":"barometer","timestamp":1456248234862,"userid":"vincent.planat@hpe.com","trainingMode":"WALKING","airPressure":990.303955,"temperature":35.010417}
{"deviceid":"b81e905908354542","eventtype":"barometer","timestamp":1456248218907,"userid":"vincent.planat@hpe.com","trainingMode":"WALKING","airPressure":990.300537,"temperature":35.064583}
{"deviceid":"b81e905908354542","eventtype":"barometer","timestamp":1456248221007,"userid":"vincent.planat@hpe.com","trainingMode":"WALKING","airPressure":990.301514,"temperature":35.058333}
{"deviceid":"b81e905908354542","eventtype":"barometer","timestamp":1456248219866,"userid":"vincent.planat@hpe.com","trainingMode":"WALKING","airPressure":990.303955,"temperature":35.0625}
{"deviceid":"b81e905908354542","eventtype":"barometer","timestamp":1456248221908,"userid":"vincent.planat@hpe.com","trainingMode":"WALKING","airPressure":990.285156,"temperature":35.05625}
{"deviceid":"b81e905908354542","eventtype":"barometer","timestamp":1456248214995,"userid":"vincent.planat@hpe.com","trainingMode":"WALKING","airPressure":990.269043,"temperature":35.079167}
{"deviceid":"b81e905908354542","eventtype":"barometer","timestamp":1456248214106,"userid":"vincent.planat@hpe.com","trainingMode":"WALKING","airPressure":990.307373,"temperature":35.079167}
{"deviceid":"b81e905908354542","eventtype":"barometer","timestamp":1456248243885,"userid":"vincent.planat@hpe.com","trainingMode":"WALKING","airPressure":990.322998,"temperature":34.985417}
{"deviceid":"b81e905908354542","eventtype":"barometer","timestamp":1456248247896,"userid":"vincent.planat@hpe.com","trainingMode":"WALKING","airPressure":990.322998,"temperature":34.964583}
{"deviceid":"b81e905908354542","eventtype":"barometer","timestamp":1456248225016,"userid":"vincent.planat@hpe.com","trainingMode":"WALKING","airPressure":990.300781,"temperature":35.047917}
{"deviceid":"b81e905908354542","eventtype":"barometer","timestamp":1456248225002,"userid":"vincent.planat@hpe.com","trainingMode":"WALKING","airPressure":990.300781,"temperature":35.047917}
{"deviceid":"b81e905908354542","eventtype":"barometer","timestamp":1456248234075,"userid":"vincent.planat@hpe.com","trainingMode":"WALKING","airPressure":990.290527,"temperature":35.016667}
{"deviceid":"b81e905908354542","eventtype":"barometer","timestamp":1456248222908,"userid":"vincent.planat@hpe.com","trainingMode":"WALKING","airPressure":990.339111,"temperature":35.054167}
{"deviceid":"b81e905908354542","eventtype":"barometer","timestamp":1456248241355,"userid":"vincent.planat@hpe.com","trainingMode":"WALKING","airPressure":990.23999,"temperature":34.997917}
{"deviceid":"b81e905908354542","eventtype":"barometer","timestamp":1456248242914,"userid":"vincent.planat@hpe.com","trainingMode":"WALKING","airPressure":990.328369,"temperature":34.989583}
{"deviceid":"b81e905908354542","eventtype":"barometer","timestamp":1456248230952,"userid":"vincent.planat@hpe.com","trainingMode":"WALKING","airPressure":990.318848,"temperature":35.029167}
{"deviceid":"b81e905908354542","eventtype":"barometer","timestamp":1456248228291,"userid":"vincent.planat@hpe.com","trainingMode":"WALKING","airPressure":990.275879,"temperature":35.035417}
{"deviceid":"b81e905908354542","eventtype":"barometer","timestamp":1456248237932,"userid":"vincent.planat@hpe.com","trainingMode":"WALKING","airPressure":990.314941,"temperature":34.997917}
{"deviceid":"b81e905908354542","eventtype":"barometer","timestamp":1456248211629,"userid":"vincent.planat@hpe.com","trainingMode":"WALKING","airPressure":990.293701,"temperature":35.0875}
{"deviceid":"b81e905908354542","eventtype":"barometer","timestamp":1456248235866,"userid":"vincent.planat@hpe.com","trainingMode":"WALKING","airPressure":990.287598,"temperature":35.010417}
{"deviceid":"b81e905908354542","eventtype":"barometer","timestamp":1456248216971,"userid":"vincent.planat@hpe.com","trainingMode":"WALKING","airPressure":990.30249,"temperature":35.072917}
{"deviceid":"b81e905908354542","eventtype":"barometer","timestamp":1456248226524,"userid":"vincent.planat@hpe.com","trainingMode":"WALKING","airPressure":990.262695,"temperature":35.041667}
{"deviceid":"b81e905908354542","eventtype":"barometer","timestamp":1456248244873,"userid":"vincent.planat@hpe.com","trainingMode":"WALKING","airPressure":990.320312,"temperature":34.983333}
{"deviceid":"b81e905908354542","eventtype":"barometer","timestamp":1456248240508,"userid":"vincent.planat@hpe.com","trainingMode":"WALKING","airPressure":990.23999,"temperature":34.997917}
{"deviceid":"b81e905908354542","eventtype":"barometer","timestamp":1456248213280,"userid":"vincent.planat@hpe.com","trainingMode":"WALKING","airPressure":990.338867,"temperature":35.085417}
{"deviceid":"b81e905908354542","eventtype":"barometer","timestamp":1456248237917,"userid":"vincent.planat@hpe.com","trainingMode":"WALKING","airPressure":990.314941,"temperature":34.997917}
{"deviceid":"b81e905908354542","eventtype":"barometer","timestamp":1456248221024,"userid":"vincent.planat@hpe.com","trainingMode":"WALKING","airPressure":990.301514,"temperature":35.058333}
{"deviceid":"b81e905908354542","eventtype":"barometer","timestamp":1456248222921,"userid":"vincent.planat@hpe.com","trainingMode":"WALKING","airPressure":990.339111,"temperature":35.054167}
{"deviceid":"b81e905908354542","eventtype":"barometer","timestamp":1456248232000,"userid":"vincent.planat@hpe.com","trainingMode":"WALKING","airPressure":990.30249,"temperature":35.027083}
{"deviceid":"b81e905908354542","eventtype":"barometer","timestamp":1456248229881,"userid":"vincent.planat@hpe.com","trainingMode":"WALKING","airPressure":990.331055,"temperature":35.03125}
{"deviceid":"b81e905908354542","eventtype":"barometer","timestamp":1456248219882,"userid":"vincent.planat@hpe.com","trainingMode":"WALKING","airPressure":990.303955,"temperature":35.0625}
{"deviceid":"b81e905908354542","eventtype":"barometer","timestamp":1456248216957,"userid":"vincent.planat@hpe.com","trainingMode":"WALKING","airPressure":990.30249,"temperature":35.072917}
{"deviceid":"b81e905908354542","eventtype":"barometer","timestamp":1456248240524,"userid":"vincent.planat@hpe.com","trainingMode":"WALKING","airPressure":990.23999,"temperature":34.997917}
{"deviceid":"b81e905908354542","eventtype":"barometer","timestamp":1456248216092,"userid":"vincent.planat@hpe.com","trainingMode":"WALKING","airPressure":990.320068,"temperature":35.079167}
{"deviceid":"b81e905908354542","eventtype":"barometer","timestamp":1456248229901,"userid":"vincent.planat@hpe.com","trainingMode":"WALKING","airPressure":990.331055,"temperature":35.03125}
{"deviceid":"b81e905908354542","eventtype":"barometer","timestamp":1456248235863,"userid":"vincent.planat@hpe.com","trainingMode":"WALKING","airPressure":990.287598,"temperature":35.010417}
{"deviceid":"b81e905908354542","eventtype":"barometer","timestamp":1456248215011,"userid":"vincent.planat@hpe.com","trainingMode":"WALKING","airPressure":990.269043,"temperature":35.079167}
{"deviceid":"b81e905908354542","eventtype":"barometer","timestamp":1456248210769,"userid":"vincent.planat@hpe.com","trainingMode":"WALKING","airPressure":990.265381,"temperature":35.091667}
{"deviceid":"b81e905908354542","eventtype":"barometer","timestamp":1456248216108,"userid":"vincent.planat@hpe.com","trainingMode":"WALKING","airPressure":990.320068,"temperature":35.079167}
{"deviceid":"b81e905908354542","eventtype":"barometer","timestamp":1456248210735,"userid":"vincent.planat@hpe.com","trainingMode":"WALKING","airPressure":990.265381,"temperature":35.091667}
{"deviceid":"b81e905908354542","eventtype":"barometer","timestamp":1456248209808,"userid":"vincent.planat@hpe.com","trainingMode":"WALKING","airPressure":990.282715,"temperature":35.097917}
{"deviceid":"b81e905908354542","eventtype":"barometer","timestamp":1456248232876,"userid":"vincent.planat@hpe.com","trainingMode":"WALKING","airPressure":990.279053,"temperature":35.020833}
{"deviceid":"b81e905908354542","eventtype":"barometer","timestamp":1456248230974,"userid":"vincent.planat@hpe.com","trainingMode":"WALKING","airPressure":990.318848,"temperature":35.029167}
{"deviceid":"b81e905908354542","eventtype":"barometer","timestamp":1456248243901,"userid":"vincent.planat@hpe.com","trainingMode":"WALKING","airPressure":990.322998,"temperature":34.985417}
{"deviceid":"b81e905908354542","eventtype":"barometer","timestamp":1456248212435,"userid":"vincent.planat@hpe.com","trainingMode":"WALKING","airPressure":990.266846,"temperature":35.089583}
{"deviceid":"b81e905908354542","eventtype":"barometer","timestamp":1456248234859,"userid":"vincent.planat@hpe.com","trainingMode":"WALKING","airPressure":990.303955,"temperature":35.010417}
{"deviceid":"b81e905908354542","eventtype":"barometer","timestamp":1456248242141,"userid":"vincent.planat@hpe.com","trainingMode":"WALKING","airPressure":990.299072,"temperature":34.991667}
{"deviceid":"b81e905908354542","eventtype":"barometer","timestamp":1456248223913,"userid":"vincent.planat@hpe.com","trainingMode":"WALKING","airPressure":990.317383,"temperature":35.054167}
{"deviceid":"b81e905908354542","eventtype":"barometer","timestamp":1456248229070,"userid":"vincent.planat@hpe.com","trainingMode":"WALKING","airPressure":990.308105,"temperature":35.035417}
{"deviceid":"b81e905908354542","eventtype":"barometer","timestamp":1456248214127,"userid":"vincent.planat@hpe.com","trainingMode":"WALKING","airPressure":990.307373,"temperature":35.079167}
{"deviceid":"b81e905908354542","eventtype":"barometer","timestamp":1456248212449,"userid":"vincent.planat@hpe.com","trainingMode":"WALKING","airPressure":990.266846,"temperature":35.089583}
{"deviceid":"b81e905908354542","eventtype":"barometer","timestamp":1456248218880,"userid":"vincent.planat@hpe.com","trainingMode":"WALKING","airPressure":990.300537,"temperature":35.064583}
{"deviceid":"b81e905908354542","eventtype":"barometer","timestamp":1456248234042,"userid":"vincent.planat@hpe.com","trainingMode":"WALKING","airPressure":990.290527,"temperature":35.016667}
