{"deviceid":"b81e905908354542","eventtype":"barometer","timestamp":1456247930840,"userid":"vincent.planat@hpe.com","trainingMode":"NONE","airPressure":990.449707,"temperature":35.752083}
{"deviceid":"b81e905908354542","eventtype":"barometer","timestamp":1456247922847,"userid":"vincent.planat@hpe.com","trainingMode":"NONE","airPressure":990.468018,"temperature":35.754167}
{"deviceid":"b81e905908354542","eventtype":"barometer","timestamp":1456247910840,"userid":"vincent.planat@hpe.com","trainingMode":"NONE","airPressure":990.45459,"temperature":35.7625}
{"deviceid":"b81e905908354542","eventtype":"barometer","timestamp":1456247909311,"userid":"vincent.planat@hpe.com","trainingMode":"NONE","airPressure":990.554443,"temperature":35.7625}
{"deviceid":"b81e905908354542","eventtype":"barometer","timestamp":1456247918853,"userid":"vincent.planat@hpe.com","trainingMode":"NONE","airPressure":990.455078,"temperature":35.75625}
{"deviceid":"b81e905908354542","eventtype":"barometer","timestamp":1456247923858,"userid":"vincent.planat@hpe.com","trainingMode":"NONE","airPressure":990.478516,"temperature":35.754167}
{"deviceid":"b81e905908354542","eventtype":"barometer","timestamp":1456247920865,"userid":"vincent.planat@hpe.com","trainingMode":"NONE","airPressure":990.474854,"temperature":35.758333}
{"deviceid":"b81e905908354542","eventtype":"barometer","timestamp":1456247940127,"userid":"vincent.planat@hpe.com","trainingMode":"NONE","airPressure":990.47583,"temperature":35.741667}
{"deviceid":"b81e905908354542","eventtype":"barometer","timestamp":1456247914822,"userid":"vincent.planat@hpe.com","trainingMode":"NONE","airPressure":990.486816,"temperature":35.764583}
{"deviceid":"b81e905908354542","eventtype":"barometer","timestamp":1456247941877,"userid":"vincent.planat@hpe.com","trainingMode":"NONE","airPressure":990.575195,"temperature":35.741667}
{"deviceid":"b81e905908354542","eventtype":"barometer","timestamp":1456247937815,"userid":"vincent.planat@hpe.com","trainingMode":"NONE","airPressure":990.498047,"temperature":35.745833}
{"deviceid":"b81e905908354542","eventtype":"barometer","timestamp":1456247928853,"userid":"vincent.planat@hpe.com","trainingMode":"NONE","airPressure":990.498535,"temperature":35.75625}
{"deviceid":"b81e905908354542","eventtype":"barometer","timestamp":1456247943821,"userid":"vincent.planat@hpe.com","trainingMode":"NONE","airPressure":990.487305,"temperature":35.741667}
{"deviceid":"b81e905908354542","eventtype":"barometer","timestamp":1456247956285,"userid":"vincent.planat@hpe.com","trainingMode":"NONE","airPressure":990.467773,"temperature":35.752083}
{"deviceid":"b81e905908354542","eventtype":"barometer","timestamp":1456247957839,"userid":"vincent.planat@hpe.com","trainingMode":"NONE","airPressure":990.416992,"temperature":35.752083}
{"deviceid":"b81e905908354542","eventtype":"barometer","timestamp":1456247934845,"userid":"vincent.planat@hpe.com","trainingMode":"NONE","airPressure":990.448242,"temperature":35.754167}
{"deviceid":"b81e905908354542","eventtype":"barometer","timestamp":1456247927832,"userid":"vincent.planat@hpe.com","trainingMode":"NONE","airPressure":990.498535,"temperature":35.75625}
{"deviceid":"b81e905908354542","eventtype":"barometer","timestamp":1456247953860,"userid":"vincent.planat@hpe.com","trainingMode":"NONE","airPressure":990.407715,"temperature":35.747917}
{"deviceid":"b81e905908354542","eventtype":"barometer","timestamp":1456247936905,"userid":"vincent.planat@hpe.com","trainingMode":"NONE","airPressure":990.524902,"temperature":35.754167}
{"deviceid":"b81e905908354542","eventtype":"barometer","timestamp":1456247912853,"userid":"vincent.planat@hpe.com","trainingMode":"NONE","airPressure":990.456543,"temperature":35.758333}
{"deviceid":"b81e905908354542","eventtype":"barometer","timestamp":1456247919941,"userid":"vincent.planat@hpe.com","trainingMode":"NONE","airPressure":990.522705,"temperature":35.760417}
{"deviceid":"b81e905908354542","eventtype":"barometer","timestamp":1456247925862,"userid":"vincent.planat@hpe.com","trainingMode":"NONE","airPressure":990.519287,"temperature":35.758333}
{"deviceid":"b81e905908354542","eventtype":"barometer","timestamp":1456247954885,"userid":"vincent.planat@hpe.com","trainingMode":"NONE","airPressure":990.470215,"temperature":35.752083}
{"deviceid":"b81e905908354542","eventtype":"barometer","timestamp":1456247913827,"userid":"vincent.planat@hpe.com","trainingMode":"NONE","airPressure":990.491455,"temperature":35.764583}
{"deviceid":"b81e905908354542","eventtype":"barometer","timestamp":1456247915851,"userid":"vincent.planat@hpe.com","trainingMode":"NONE","airPressure":990.499512,"temperature":35.75625}
{"deviceid":"b81e905908354542","eventtype":"barometer","timestamp":1456247952850,"userid":"vincent.planat@hpe.com","trainingMode":"NONE","airPressure":990.491699,"temperature":35.747917}
{"deviceid":"b81e905908354542","eventtype":"barometer","timestamp":1456247958842,"userid":"vincent.planat@hpe.com","trainingMode":"NONE","airPressure":990.44043,"temperature":35.752083}
{"deviceid":"b81e905908354542","eventtype":"barometer","timestamp":1456247956933,"userid":"vincent.planat@hpe.com","trainingMode":"NONE","airPressure":990.469727,"temperature":35.752083}
{"deviceid":"b81e905908354542","eventtype":"barometer","timestamp":1456247940826,"userid":"vincent.planat@hpe.com","trainingMode":"NONE","airPressure":990.478271,"temperature":35.74375}
{"deviceid":"b81e905908354542","eventtype":"barometer","timestamp":1456247907871,"userid":"vincent.planat@hpe.com","trainingMode":"NONE","airPressure":990.512451,"temperature":35.760417}
{"deviceid":"b81e905908354542","eventtype":"barometer","timestamp":1456247951820,"userid":"vincent.planat@hpe.com","trainingMode":"NONE","airPressure":990.452393,"temperature":35.752083}
{"deviceid":"b81e905908354542","eventtype":"barometer","timestamp":1456247929866,"userid":"vincent.planat@hpe.com","trainingMode":"NONE","airPressure":990.508789,"temperature":35.752083}
{"deviceid":"b81e905908354542","eventtype":"barometer","timestamp":1456247911879,"userid":"vincent.planat@hpe.com","trainingMode":"NONE","airPressure":990.439453,"temperature":35.7625}
{"deviceid":"b81e905908354542","eventtype":"barometer","timestamp":1456247932843,"userid":"vincent.planat@hpe.com","trainingMode":"NONE","airPressure":990.474854,"temperature":35.75}
{"deviceid":"b81e905908354542","eventtype":"barometer","timestamp":1456247921825,"userid":"vincent.planat@hpe.com","trainingMode":"NONE","airPressure":990.492188,"temperature":35.760417}
{"deviceid":"b81e905908354542","eventtype":"barometer","timestamp":1456247949993,"userid":"vincent.planat@hpe.com","trainingMode":"NONE","airPressure":990.421875,"temperature":35.747917}
{"deviceid":"b81e905908354542","eventtype":"barometer","timestamp":1456247946871,"userid":"vincent.planat@hpe.com","trainingMode":"NONE","airPressure":990.46582,"temperature":35.745833}
{"deviceid":"b81e905908354542","eventtype":"barometer","timestamp":1456247916874,"userid":"vincent.planat@hpe.com","trainingMode":"NONE","airPressure":990.478516,"temperature":35.75625}
{"deviceid":"b81e905908354542","eventtype":"barometer","timestamp":1456247948826,"userid":"vincent.planat@hpe.com","trainingMode":"NONE","airPressure":990.459717,"temperature":35.745833}
{"deviceid":"b81e905908354542","eventtype":"barometer","timestamp":1456247942833,"userid":"vincent.planat@hpe.com","trainingMode":"NONE","airPressure":990.554199,"temperature":35.745833}
{"deviceid":"b81e905908354542","eventtype":"barometer","timestamp":1456247917822,"userid":"vincent.planat@hpe.com","trainingMode":"NONE","airPressure":990.504639,"temperature":35.7625}
{"deviceid":"b81e905908354542","eventtype":"barometer","timestamp":1456247931934,"userid":"vincent.planat@hpe.com","trainingMode":"NONE","airPressure":990.432861,"temperature":35.752083}
{"deviceid":"b81e905908354542","eventtype":"barometer","timestamp":1456247945836,"userid":"vincent.planat@hpe.com","trainingMode":"NONE","airPressure":990.511963,"temperature":35.747917}
{"deviceid":"b81e905908354542","eventtype":"barometer","timestamp":1456247959854,"userid":"vincent.planat@hpe.com","trainingMode":"NONE","airPressure":990.44043,"temperature":35.752083}
{"deviceid":"b81e905908354542","eventtype":"barometer","timestamp":1456247944866,"userid":"vincent.planat@hpe.com","trainingMode":"NONE","airPressure":990.487793,"temperature":35.741667}
{"deviceid":"b81e905908354542","eventtype":"barometer","timestamp":1456247947830,"userid":"vincent.planat@hpe.com","trainingMode":"NONE","airPressure":990.480713,"temperature":35.74375}
{"deviceid":"b81e905908354542","eventtype":"barometer","timestamp":1456247938837,"userid":"vincent.planat@hpe.com","trainingMode":"NONE","airPressure":990.494873,"temperature":35.745833}
{"deviceid":"b81e905908354542","eventtype":"barometer","timestamp":1456247950815,"userid":"vincent.planat@hpe.com","trainingMode":"NONE","airPressure":990.411621,"temperature":35.747917}
{"deviceid":"b81e905908354542","eventtype":"barometer","timestamp":1456247926866,"userid":"vincent.planat@hpe.com","trainingMode":"NONE","airPressure":990.496338,"temperature":35.754167}
{"deviceid":"b81e905908354542","eventtype":"barometer","timestamp":1456247910115,"userid":"vincent.planat@hpe.com","trainingMode":"NONE","airPressure":990.499512,"temperature":35.7625}
{"deviceid":"b81e905908354542","eventtype":"barometer","timestamp":1456247935815,"userid":"vincent.planat@hpe.com","trainingMode":"NONE","airPressure":990.486328,"temperature":35.75}
{"deviceid":"b81e905908354542","eventtype":"barometer","timestamp":1456247933838,"userid":"vincent.planat@hpe.com","trainingMode":"NONE","airPressure":990.412109,"temperature":35.745833}
{"deviceid":"b81e905908354542","eventtype":"barometer","timestamp":1456247924911,"userid":"vincent.planat@hpe.com","trainingMode":"NONE","airPressure":990.469971,"temperature":35.754167}
